"trainer/global_step","pretraining - train_loss","pretraining - train_loss__MIN","pretraining - train_loss__MAX","pretraining - _step","pretraining - _step__MIN","pretraining - _step__MAX"
"9","490.21453857421875","490.21453857421875","490.21453857421875","0","0","0"
"39","91.8610610961914","91.8610610961914","91.8610610961914","3","3","3"
"49","100.62569427490234","100.62569427490234","100.62569427490234","4","4","4"
"59","74.63839721679688","74.63839721679688","74.63839721679688","5","5","5"
"99","72.58196258544922","72.58196258544922","72.58196258544922","9","9","9"
"119","83.71945190429688","83.71945190429688","83.71945190429688","11","11","11"
"149","110.11881256103516","110.11881256103516","110.11881256103516","14","14","14"
"169","86.50595092773438","86.50595092773438","86.50595092773438","16","16","16"
"179","151.9051971435547","151.9051971435547","151.9051971435547","17","17","17"
"189","68.5978012084961","68.5978012084961","68.5978012084961","18","18","18"
"199","101.76631164550781","101.76631164550781","101.76631164550781","19","19","19"
"219","81.09739685058594","81.09739685058594","81.09739685058594","21","21","21"
"259","55.081817626953125","55.081817626953125","55.081817626953125","25","25","25"
"269","52.08824157714844","52.08824157714844","52.08824157714844","26","26","26"
"339","86.60362243652344","86.60362243652344","86.60362243652344","33","33","33"
"349","49.32024383544922","49.32024383544922","49.32024383544922","34","34","34"
"359","46.74980926513672","46.74980926513672","46.74980926513672","35","35","35"
"369","34.05607986450195","34.05607986450195","34.05607986450195","36","36","36"
"399","66.55796813964844","66.55796813964844","66.55796813964844","39","39","39"
"429","133.76666259765625","133.76666259765625","133.76666259765625","42","42","42"
"449","66.98789978027344","66.98789978027344","66.98789978027344","44","44","44"
"459","38.04895782470703","38.04895782470703","38.04895782470703","45","45","45"
"469","118.8704833984375","118.8704833984375","118.8704833984375","46","46","46"
"489","73.35322570800781","73.35322570800781","73.35322570800781","48","48","48"
"509","64.65615844726562","64.65615844726562","64.65615844726562","50","50","50"
"519","53.50906753540039","53.50906753540039","53.50906753540039","51","51","51"
"529","34.74385452270508","34.74385452270508","34.74385452270508","52","52","52"
"569","67.65308380126953","67.65308380126953","67.65308380126953","56","56","56"
"579","76.04227447509766","76.04227447509766","76.04227447509766","57","57","57"
"589","45.395633697509766","45.395633697509766","45.395633697509766","58","58","58"
"599","79.24400329589844","79.24400329589844","79.24400329589844","59","59","59"
"629","123.88761901855469","123.88761901855469","123.88761901855469","62","62","62"
"639","41.285282135009766","41.285282135009766","41.285282135009766","63","63","63"
"669","114.681640625","114.681640625","114.681640625","66","66","66"
"689","71.6478042602539","71.6478042602539","71.6478042602539","68","68","68"
"709","131.11270141601562","131.11270141601562","131.11270141601562","70","70","70"
"719","131.98162841796875","131.98162841796875","131.98162841796875","71","71","71"
"729","52.70790481567383","52.70790481567383","52.70790481567383","72","72","72"
"739","81.75001525878906","81.75001525878906","81.75001525878906","73","73","73"
"749","97.83609008789062","97.83609008789062","97.83609008789062","74","74","74"
"769","88.24845123291016","88.24845123291016","88.24845123291016","76","76","76"
"779","66.8049087524414","66.8049087524414","66.8049087524414","77","77","77"
"799","45.29374694824219","45.29374694824219","45.29374694824219","79","79","79"
"829","72.89218139648438","72.89218139648438","72.89218139648438","82","82","82"
"839","36.7881965637207","36.7881965637207","36.7881965637207","83","83","83"
"879","65.03207397460938","65.03207397460938","65.03207397460938","87","87","87"
"889","83.11323547363281","83.11323547363281","83.11323547363281","88","88","88"
"919","76.67638397216797","76.67638397216797","76.67638397216797","91","91","91"
"939","115.23704528808594","115.23704528808594","115.23704528808594","93","93","93"
"949","68.33995056152344","68.33995056152344","68.33995056152344","94","94","94"
"969","67.30191802978516","67.30191802978516","67.30191802978516","96","96","96"
"999","59.05680847167969","59.05680847167969","59.05680847167969","99","99","99"
"1009","72.79747009277344","72.79747009277344","72.79747009277344","100","100","100"
"1029","74.52266693115234","74.52266693115234","74.52266693115234","102","102","102"
"1059","124.7240982055664","124.7240982055664","124.7240982055664","105","105","105"
"1079","36.54230499267578","36.54230499267578","36.54230499267578","107","107","107"
"1089","79.69549560546875","79.69549560546875","79.69549560546875","108","108","108"
"1179","40.90625762939453","40.90625762939453","40.90625762939453","117","117","117"
"1189","49.37294006347656","49.37294006347656","49.37294006347656","118","118","118"
"1219","60.64685821533203","60.64685821533203","60.64685821533203","121","121","121"
"1239","59.56532669067383","59.56532669067383","59.56532669067383","123","123","123"
"1259","103.22793579101562","103.22793579101562","103.22793579101562","125","125","125"
"1279","114.91059875488281","114.91059875488281","114.91059875488281","127","127","127"
"1359","52.40336608886719","52.40336608886719","52.40336608886719","135","135","135"
"1369","96.77043914794922","96.77043914794922","96.77043914794922","136","136","136"
"1389","51.82380676269531","51.82380676269531","51.82380676269531","138","138","138"
"1399","64.76305389404297","64.76305389404297","64.76305389404297","139","139","139"
"1429","145.54901123046875","145.54901123046875","145.54901123046875","142","142","142"
"1439","433.0338134765625","433.0338134765625","433.0338134765625","143","143","143"
"1459","74.96124267578125","74.96124267578125","74.96124267578125","145","145","145"
"1469","59.924503326416016","59.924503326416016","59.924503326416016","146","146","146"
"1489","44.247459411621094","44.247459411621094","44.247459411621094","148","148","148"
"1499","80.44078063964844","80.44078063964844","80.44078063964844","149","149","149"
"1509","99.55072021484375","99.55072021484375","99.55072021484375","150","150","150"
"1529","40.808170318603516","40.808170318603516","40.808170318603516","152","152","152"
"1539","114.22225189208984","114.22225189208984","114.22225189208984","153","153","153"
"1549","111.15888977050781","111.15888977050781","111.15888977050781","154","154","154"
"1569","34.28947830200195","34.28947830200195","34.28947830200195","156","156","156"
"1579","91.01994323730469","91.01994323730469","91.01994323730469","157","157","157"
"1599","77.72944641113281","77.72944641113281","77.72944641113281","159","159","159"
"1629","74.38381958007812","74.38381958007812","74.38381958007812","162","162","162"
"1639","52.09507369995117","52.09507369995117","52.09507369995117","163","163","163"
"1669","45.997962951660156","45.997962951660156","45.997962951660156","166","166","166"
"1679","65.0267562866211","65.0267562866211","65.0267562866211","167","167","167"
"1699","53.42719268798828","53.42719268798828","53.42719268798828","169","169","169"
"1709","36.90568542480469","36.90568542480469","36.90568542480469","170","170","170"
"1719","66.34959411621094","66.34959411621094","66.34959411621094","171","171","171"
"1729","54.45787811279297","54.45787811279297","54.45787811279297","172","172","172"
"1739","325.5623474121094","325.5623474121094","325.5623474121094","173","173","173"
"1749","61.25898361206055","61.25898361206055","61.25898361206055","174","174","174"
"1759","44.387901306152344","44.387901306152344","44.387901306152344","175","175","175"
"1779","31.058307647705078","31.058307647705078","31.058307647705078","177","177","177"
"1849","124.34797668457031","124.34797668457031","124.34797668457031","184","184","184"
"1859","42.14554977416992","42.14554977416992","42.14554977416992","185","185","185"
"1879","94.22163391113281","94.22163391113281","94.22163391113281","187","187","187"
"1899","63.883026123046875","63.883026123046875","63.883026123046875","189","189","189"
"1929","83.77497863769531","83.77497863769531","83.77497863769531","192","192","192"
"1949","38.554771423339844","38.554771423339844","38.554771423339844","194","194","194"
"1969","38.793785095214844","38.793785095214844","38.793785095214844","196","196","196"
"1979","58.27850341796875","58.27850341796875","58.27850341796875","197","197","197"
"2099","39.64125442504883","39.64125442504883","39.64125442504883","209","209","209"
"2119","67.46533203125","67.46533203125","67.46533203125","211","211","211"
"2139","90.41111755371094","90.41111755371094","90.41111755371094","213","213","213"
"2219","89.24163055419922","89.24163055419922","89.24163055419922","221","221","221"
"2229","33.39841079711914","33.39841079711914","33.39841079711914","222","222","222"
"2239","63.35715103149414","63.35715103149414","63.35715103149414","223","223","223"
"2249","63.03713607788086","63.03713607788086","63.03713607788086","224","224","224"
"2259","50.8062744140625","50.8062744140625","50.8062744140625","225","225","225"
"2269","75.42276763916016","75.42276763916016","75.42276763916016","226","226","226"
"2279","85.92607116699219","85.92607116699219","85.92607116699219","227","227","227"
"2299","50.83934783935547","50.83934783935547","50.83934783935547","229","229","229"
"2309","98.80382537841797","98.80382537841797","98.80382537841797","230","230","230"
"2339","85.33773803710938","85.33773803710938","85.33773803710938","233","233","233"
"2349","132.82565307617188","132.82565307617188","132.82565307617188","234","234","234"
"2359","196.39566040039062","196.39566040039062","196.39566040039062","235","235","235"
"2409","51.17072677612305","51.17072677612305","51.17072677612305","240","240","240"
"2439","124.59710693359375","124.59710693359375","124.59710693359375","243","243","243"
"2449","99.15274047851562","99.15274047851562","99.15274047851562","244","244","244"
"2469","208.3427276611328","208.3427276611328","208.3427276611328","246","246","246"
"2479","39.7932243347168","39.7932243347168","39.7932243347168","247","247","247"
"2499","37.46508026123047","37.46508026123047","37.46508026123047","249","249","249"
"2539","77.7743911743164","77.7743911743164","77.7743911743164","253","253","253"
"2549","48.939659118652344","48.939659118652344","48.939659118652344","254","254","254"
"2569","80.51659393310547","80.51659393310547","80.51659393310547","256","256","256"
"2589","79.34082794189453","79.34082794189453","79.34082794189453","258","258","258"
"2659","38.0938606262207","38.0938606262207","38.0938606262207","265","265","265"
"2679","131.58050537109375","131.58050537109375","131.58050537109375","267","267","267"
"2699","59.375972747802734","59.375972747802734","59.375972747802734","269","269","269"
"2729","40.678955078125","40.678955078125","40.678955078125","272","272","272"
"2739","111.85418701171875","111.85418701171875","111.85418701171875","273","273","273"
"2769","47.51521301269531","47.51521301269531","47.51521301269531","276","276","276"
"2779","164.8697052001953","164.8697052001953","164.8697052001953","277","277","277"
"2799","49.835514068603516","49.835514068603516","49.835514068603516","279","279","279"
"2809","168.9246063232422","168.9246063232422","168.9246063232422","280","280","280"
"2839","47.61606979370117","47.61606979370117","47.61606979370117","283","283","283"
"2869","163.5769805908203","163.5769805908203","163.5769805908203","286","286","286"
"2899","96.22879028320312","96.22879028320312","96.22879028320312","289","289","289"
"2919","60.051673889160156","60.051673889160156","60.051673889160156","291","291","291"
"2949","71.9095458984375","71.9095458984375","71.9095458984375","294","294","294"
"3009","35.957725524902344","35.957725524902344","35.957725524902344","300","300","300"
"3029","35.2642707824707","35.2642707824707","35.2642707824707","302","302","302"
"3039","63.10078811645508","63.10078811645508","63.10078811645508","303","303","303"
"3049","108.98368072509766","108.98368072509766","108.98368072509766","304","304","304"
"3059","50.20658874511719","50.20658874511719","50.20658874511719","305","305","305"
"3089","105.03690338134766","105.03690338134766","105.03690338134766","308","308","308"
"3099","96.14240264892578","96.14240264892578","96.14240264892578","309","309","309"
"3139","57.05106735229492","57.05106735229492","57.05106735229492","313","313","313"
"3149","72.88566589355469","72.88566589355469","72.88566589355469","314","314","314"
"3169","87.163330078125","87.163330078125","87.163330078125","316","316","316"
"3179","36.120819091796875","36.120819091796875","36.120819091796875","317","317","317"
"3199","137.74842834472656","137.74842834472656","137.74842834472656","319","319","319"
"3249","128.3939971923828","128.3939971923828","128.3939971923828","324","324","324"
"3259","120.77275085449219","120.77275085449219","120.77275085449219","325","325","325"
"3309","44.9160041809082","44.9160041809082","44.9160041809082","330","330","330"
"3319","86.6023178100586","86.6023178100586","86.6023178100586","331","331","331"
"3359","172.23550415039062","172.23550415039062","172.23550415039062","335","335","335"
"3369","46.51982498168945","46.51982498168945","46.51982498168945","336","336","336"
"3379","89.64678955078125","89.64678955078125","89.64678955078125","337","337","337"
"3439","136.7591552734375","136.7591552734375","136.7591552734375","343","343","343"
"3469","115.9289321899414","115.9289321899414","115.9289321899414","346","346","346"
"3489","54.05821228027344","54.05821228027344","54.05821228027344","348","348","348"
"3509","60.708770751953125","60.708770751953125","60.708770751953125","350","350","350"
"3529","48.643524169921875","48.643524169921875","48.643524169921875","352","352","352"
"3559","55.16999053955078","55.16999053955078","55.16999053955078","355","355","355"
"3609","64.96956634521484","64.96956634521484","64.96956634521484","360","360","360"
"3619","53.80232620239258","53.80232620239258","53.80232620239258","361","361","361"
"3649","87.145751953125","87.145751953125","87.145751953125","364","364","364"
"3669","64.67489624023438","64.67489624023438","64.67489624023438","366","366","366"
"3679","64.55953216552734","64.55953216552734","64.55953216552734","367","367","367"
"3699","52.54637145996094","52.54637145996094","52.54637145996094","369","369","369"
"3719","62.65088653564453","62.65088653564453","62.65088653564453","371","371","371"
"3769","54.14493179321289","54.14493179321289","54.14493179321289","376","376","376"
"3779","39.37060546875","39.37060546875","39.37060546875","377","377","377"
"3819","67.5430679321289","67.5430679321289","67.5430679321289","381","381","381"
"3889","82.54875946044922","82.54875946044922","82.54875946044922","388","388","388"
"3899","89.23248291015625","89.23248291015625","89.23248291015625","389","389","389"
"3919","150.65142822265625","150.65142822265625","150.65142822265625","391","391","391"
"3929","48.89862060546875","48.89862060546875","48.89862060546875","392","392","392"
"3949","57.89198303222656","57.89198303222656","57.89198303222656","394","394","394"
"3969","124.29945373535156","124.29945373535156","124.29945373535156","396","396","396"
"4009","84.11126708984375","84.11126708984375","84.11126708984375","400","400","400"
"4049","51.395694732666016","51.395694732666016","51.395694732666016","404","404","404"
"4059","96.6402587890625","96.6402587890625","96.6402587890625","405","405","405"
"4069","162.06727600097656","162.06727600097656","162.06727600097656","406","406","406"
"4099","186.34326171875","186.34326171875","186.34326171875","409","409","409"
"4139","79.75450134277344","79.75450134277344","79.75450134277344","413","413","413"
"4249","35.10918045043945","35.10918045043945","35.10918045043945","424","424","424"
"4259","57.22804260253906","57.22804260253906","57.22804260253906","425","425","425"
"4269","101.12071228027344","101.12071228027344","101.12071228027344","426","426","426"
"4279","192.5263214111328","192.5263214111328","192.5263214111328","427","427","427"
"4299","64.52354431152344","64.52354431152344","64.52354431152344","429","429","429"
"4349","83.87627410888672","83.87627410888672","83.87627410888672","434","434","434"
"4409","88.86051940917969","88.86051940917969","88.86051940917969","440","440","440"
"4419","41.1163444519043","41.1163444519043","41.1163444519043","441","441","441"
"4469","60.26141357421875","60.26141357421875","60.26141357421875","446","446","446"
"4509","118.8406753540039","118.8406753540039","118.8406753540039","450","450","450"
"4539","119.32830047607422","119.32830047607422","119.32830047607422","453","453","453"
"4549","59.55754089355469","59.55754089355469","59.55754089355469","454","454","454"
"4559","63.001678466796875","63.001678466796875","63.001678466796875","455","455","455"
"4569","44.360233306884766","44.360233306884766","44.360233306884766","456","456","456"
"4579","87.11835479736328","87.11835479736328","87.11835479736328","457","457","457"
"4599","85.35832977294922","85.35832977294922","85.35832977294922","459","459","459"
"4609","56.90016174316406","56.90016174316406","56.90016174316406","460","460","460"
"4619","45.70024490356445","45.70024490356445","45.70024490356445","461","461","461"
"4629","68.0906982421875","68.0906982421875","68.0906982421875","462","462","462"
"4649","138.62872314453125","138.62872314453125","138.62872314453125","464","464","464"
"4679","55.216835021972656","55.216835021972656","55.216835021972656","467","467","467"
"4699","204.58547973632812","204.58547973632812","204.58547973632812","469","469","469"
"4719","85.13516998291016","85.13516998291016","85.13516998291016","471","471","471"
"4749","105.79191589355469","105.79191589355469","105.79191589355469","474","474","474"
"4769","115.06629943847656","115.06629943847656","115.06629943847656","476","476","476"
"4819","103.97128295898438","103.97128295898438","103.97128295898438","481","481","481"
"4829","48.06022644042969","48.06022644042969","48.06022644042969","482","482","482"
"4879","51.11544418334961","51.11544418334961","51.11544418334961","487","487","487"
"4889","108.73675537109375","108.73675537109375","108.73675537109375","488","488","488"
"4899","38.95656967163086","38.95656967163086","38.95656967163086","489","489","489"
"4939","80.63319396972656","80.63319396972656","80.63319396972656","493","493","493"
"4949","88.51438903808594","88.51438903808594","88.51438903808594","494","494","494"
"4959","61.871429443359375","61.871429443359375","61.871429443359375","495","495","495"
"4969","151.0213623046875","151.0213623046875","151.0213623046875","496","496","496"
"4979","73.94747924804688","73.94747924804688","73.94747924804688","497","497","497"
"4989","44.54307174682617","44.54307174682617","44.54307174682617","498","498","498"
"5009","41.31949234008789","41.31949234008789","41.31949234008789","500","500","500"
"5019","81.80169677734375","81.80169677734375","81.80169677734375","501","501","501"
"5029","58.345096588134766","58.345096588134766","58.345096588134766","502","502","502"
"5059","78.82884979248047","78.82884979248047","78.82884979248047","505","505","505"
"5109","53.6879768371582","53.6879768371582","53.6879768371582","510","510","510"
"5119","39.7756233215332","39.7756233215332","39.7756233215332","511","511","511"
"5129","86.73524475097656","86.73524475097656","86.73524475097656","512","512","512"
"5139","50.438072204589844","50.438072204589844","50.438072204589844","513","513","513"
"5149","78.57345581054688","78.57345581054688","78.57345581054688","514","514","514"
"5169","61.54582214355469","61.54582214355469","61.54582214355469","516","516","516"
"5189","69.43695831298828","69.43695831298828","69.43695831298828","518","518","518"
"5259","216.5034637451172","216.5034637451172","216.5034637451172","525","525","525"
"5269","114.77008819580078","114.77008819580078","114.77008819580078","526","526","526"
"5319","48.12054443359375","48.12054443359375","48.12054443359375","531","531","531"
"5339","79.66817474365234","79.66817474365234","79.66817474365234","533","533","533"
"5369","78.52445220947266","78.52445220947266","78.52445220947266","536","536","536"
"5419","41.62644958496094","41.62644958496094","41.62644958496094","541","541","541"
"5429","36.94742965698242","36.94742965698242","36.94742965698242","542","542","542"
"5449","89.23210144042969","89.23210144042969","89.23210144042969","544","544","544"
"5489","57.99903869628906","57.99903869628906","57.99903869628906","548","548","548"
"5499","99.0245132446289","99.0245132446289","99.0245132446289","549","549","549"
"5509","42.84128189086914","42.84128189086914","42.84128189086914","550","550","550"
"5519","82.98599243164062","82.98599243164062","82.98599243164062","551","551","551"
"5599","76.37342834472656","76.37342834472656","76.37342834472656","559","559","559"
"5639","61.57881164550781","61.57881164550781","61.57881164550781","563","563","563"
"5649","151.84912109375","151.84912109375","151.84912109375","564","564","564"
"5679","40.40911865234375","40.40911865234375","40.40911865234375","567","567","567"
"5699","80.32974243164062","80.32974243164062","80.32974243164062","569","569","569"
"5739","55.568904876708984","55.568904876708984","55.568904876708984","573","573","573"
"5749","63.76160430908203","63.76160430908203","63.76160430908203","574","574","574"
"5759","41.82718276977539","41.82718276977539","41.82718276977539","575","575","575"
"5769","76.13583374023438","76.13583374023438","76.13583374023438","576","576","576"
"5779","133.7349853515625","133.7349853515625","133.7349853515625","577","577","577"
"5809","86.12171936035156","86.12171936035156","86.12171936035156","580","580","580"
"5819","48.625144958496094","48.625144958496094","48.625144958496094","581","581","581"
"5829","83.84568786621094","83.84568786621094","83.84568786621094","582","582","582"
"5839","56.910099029541016","56.910099029541016","56.910099029541016","583","583","583"
"5849","114.89056396484375","114.89056396484375","114.89056396484375","584","584","584"
"5859","65.14338684082031","65.14338684082031","65.14338684082031","585","585","585"
"5869","100.3987045288086","100.3987045288086","100.3987045288086","586","586","586"
"5889","122.51585388183594","122.51585388183594","122.51585388183594","588","588","588"
"5909","82.17977905273438","82.17977905273438","82.17977905273438","590","590","590"
"5919","59.20502471923828","59.20502471923828","59.20502471923828","591","591","591"
"5929","171.9372100830078","171.9372100830078","171.9372100830078","592","592","592"
"5949","49.707481384277344","49.707481384277344","49.707481384277344","594","594","594"
"5959","131.2022247314453","131.2022247314453","131.2022247314453","595","595","595"
"5969","46.030242919921875","46.030242919921875","46.030242919921875","596","596","596"
"5979","51.733360290527344","51.733360290527344","51.733360290527344","597","597","597"
"5989","74.32450866699219","74.32450866699219","74.32450866699219","598","598","598"
"6019","43.93574142456055","43.93574142456055","43.93574142456055","601","601","601"
"6039","86.64309692382812","86.64309692382812","86.64309692382812","603","603","603"
"6059","48.06354904174805","48.06354904174805","48.06354904174805","605","605","605"
"6079","72.84861755371094","72.84861755371094","72.84861755371094","607","607","607"
"6089","52.73451232910156","52.73451232910156","52.73451232910156","608","608","608"
"6129","68.91252899169922","68.91252899169922","68.91252899169922","612","612","612"
"6139","87.45423889160156","87.45423889160156","87.45423889160156","613","613","613"
"6159","89.67472839355469","89.67472839355469","89.67472839355469","615","615","615"
"6169","58.68535614013672","58.68535614013672","58.68535614013672","616","616","616"
"6189","122.7081298828125","122.7081298828125","122.7081298828125","618","618","618"
"6219","98.2829818725586","98.2829818725586","98.2829818725586","621","621","621"
"6229","75.53473663330078","75.53473663330078","75.53473663330078","622","622","622"
"6249","116.34981536865234","116.34981536865234","116.34981536865234","624","624","624"
"6259","61.88041305541992","61.88041305541992","61.88041305541992","625","625","625"
"6279","122.6016845703125","122.6016845703125","122.6016845703125","627","627","627"
"6319","40.808563232421875","40.808563232421875","40.808563232421875","631","631","631"
"6339","68.77513885498047","68.77513885498047","68.77513885498047","633","633","633"
"6349","138.23464965820312","138.23464965820312","138.23464965820312","634","634","634"
"6359","35.38581466674805","35.38581466674805","35.38581466674805","635","635","635"
"6429","45.31644821166992","45.31644821166992","45.31644821166992","642","642","642"
"6439","141.74169921875","141.74169921875","141.74169921875","643","643","643"
"6449","45.614505767822266","45.614505767822266","45.614505767822266","644","644","644"
"6459","82.7818374633789","82.7818374633789","82.7818374633789","645","645","645"
"6469","66.96070861816406","66.96070861816406","66.96070861816406","646","646","646"
"6479","310.7352600097656","310.7352600097656","310.7352600097656","647","647","647"
"6489","92.53204345703125","92.53204345703125","92.53204345703125","648","648","648"
"6499","123.4585189819336","123.4585189819336","123.4585189819336","649","649","649"
"6509","72.41803741455078","72.41803741455078","72.41803741455078","650","650","650"
"6519","82.01541900634766","82.01541900634766","82.01541900634766","651","651","651"
"6529","34.8887939453125","34.8887939453125","34.8887939453125","652","652","652"
"6619","61.40936279296875","61.40936279296875","61.40936279296875","661","661","661"
"6629","78.03355407714844","78.03355407714844","78.03355407714844","662","662","662"
"6669","49.258399963378906","49.258399963378906","49.258399963378906","666","666","666"
"6679","50.76716995239258","50.76716995239258","50.76716995239258","667","667","667"
"6709","62.897029876708984","62.897029876708984","62.897029876708984","670","670","670"
"6749","61.442909240722656","61.442909240722656","61.442909240722656","674","674","674"
"6759","41.33087921142578","41.33087921142578","41.33087921142578","675","675","675"
"6809","58.089515686035156","58.089515686035156","58.089515686035156","680","680","680"
"6829","45.96501159667969","45.96501159667969","45.96501159667969","682","682","682"
"6859","81.05891418457031","81.05891418457031","81.05891418457031","685","685","685"
"6879","78.34418487548828","78.34418487548828","78.34418487548828","687","687","687"
"6909","56.40469741821289","56.40469741821289","56.40469741821289","690","690","690"
"6919","41.881629943847656","41.881629943847656","41.881629943847656","691","691","691"
"6929","40.40062713623047","40.40062713623047","40.40062713623047","692","692","692"
"6949","82.53421020507812","82.53421020507812","82.53421020507812","694","694","694"
"6969","65.22113800048828","65.22113800048828","65.22113800048828","696","696","696"
"6999","77.74369049072266","77.74369049072266","77.74369049072266","699","699","699"
"7019","93.386962890625","93.386962890625","93.386962890625","701","701","701"
"7029","91.15235900878906","91.15235900878906","91.15235900878906","702","702","702"
"7129","83.3856430053711","83.3856430053711","83.3856430053711","712","712","712"
"7149","89.09634399414062","89.09634399414062","89.09634399414062","714","714","714"
"7189","64.85751342773438","64.85751342773438","64.85751342773438","718","718","718"
"7199","147.00021362304688","147.00021362304688","147.00021362304688","719","719","719"
"7219","58.04166030883789","58.04166030883789","58.04166030883789","721","721","721"
"7239","59.155574798583984","59.155574798583984","59.155574798583984","723","723","723"
"7259","124.12606811523438","124.12606811523438","124.12606811523438","725","725","725"
"7269","49.252445220947266","49.252445220947266","49.252445220947266","726","726","726"
"7289","87.68417358398438","87.68417358398438","87.68417358398438","728","728","728"
"7309","98.3097915649414","98.3097915649414","98.3097915649414","730","730","730"
"7339","51.7006950378418","51.7006950378418","51.7006950378418","733","733","733"
"7449","160.99192810058594","160.99192810058594","160.99192810058594","744","744","744"
"7459","48.27751541137695","48.27751541137695","48.27751541137695","745","745","745"
"7509","63.63512420654297","63.63512420654297","63.63512420654297","750","750","750"
"7519","57.666439056396484","57.666439056396484","57.666439056396484","751","751","751"
"7539","128.5448760986328","128.5448760986328","128.5448760986328","753","753","753"
"7549","79.85173797607422","79.85173797607422","79.85173797607422","754","754","754"
"7579","53.56936264038086","53.56936264038086","53.56936264038086","757","757","757"
"7589","46.59446716308594","46.59446716308594","46.59446716308594","758","758","758"
"7599","48.35508728027344","48.35508728027344","48.35508728027344","759","759","759"
"7609","99.99163055419922","99.99163055419922","99.99163055419922","760","760","760"
"7629","73.61165618896484","73.61165618896484","73.61165618896484","762","762","762"
"7639","51.66856384277344","51.66856384277344","51.66856384277344","763","763","763"
"7689","54.86039352416992","54.86039352416992","54.86039352416992","768","768","768"
"7699","82.22437286376953","82.22437286376953","82.22437286376953","769","769","769"
"7729","54.63310241699219","54.63310241699219","54.63310241699219","772","772","772"
"7739","40.528297424316406","40.528297424316406","40.528297424316406","773","773","773"
"7759","89.31441497802734","89.31441497802734","89.31441497802734","775","775","775"
"7819","43.29315948486328","43.29315948486328","43.29315948486328","781","781","781"
"7829","39.82184982299805","39.82184982299805","39.82184982299805","782","782","782"
"7839","182.36416625976562","182.36416625976562","182.36416625976562","783","783","783"
"7849","59.10629653930664","59.10629653930664","59.10629653930664","784","784","784"
"7889","94.90486145019531","94.90486145019531","94.90486145019531","788","788","788"
"7899","154.14663696289062","154.14663696289062","154.14663696289062","789","789","789"
"7909","45.814453125","45.814453125","45.814453125","790","790","790"
"7949","34.716468811035156","34.716468811035156","34.716468811035156","794","794","794"
"8019","48.69615173339844","48.69615173339844","48.69615173339844","801","801","801"
"8049","72.92212677001953","72.92212677001953","72.92212677001953","804","804","804"
"8069","53.05226135253906","53.05226135253906","53.05226135253906","806","806","806"
"8079","65.27423858642578","65.27423858642578","65.27423858642578","807","807","807"
"8129","46.561031341552734","46.561031341552734","46.561031341552734","812","812","812"
"8179","114.99728393554688","114.99728393554688","114.99728393554688","817","817","817"
"8269","148.17535400390625","148.17535400390625","148.17535400390625","826","826","826"
"8279","113.14982604980469","113.14982604980469","113.14982604980469","827","827","827"
"8329","73.10635375976562","73.10635375976562","73.10635375976562","832","832","832"
"8379","42.2910270690918","42.2910270690918","42.2910270690918","837","837","837"
"8389","51.74397659301758","51.74397659301758","51.74397659301758","838","838","838"
"8399","53.088443756103516","53.088443756103516","53.088443756103516","839","839","839"
"8489","53.27323913574219","53.27323913574219","53.27323913574219","848","848","848"
"8539","174.57870483398438","174.57870483398438","174.57870483398438","853","853","853"
"8549","64.76615905761719","64.76615905761719","64.76615905761719","854","854","854"
"8579","65.94194030761719","65.94194030761719","65.94194030761719","857","857","857"
"8619","68.27409362792969","68.27409362792969","68.27409362792969","861","861","861"
"8639","117.21435546875","117.21435546875","117.21435546875","863","863","863"
"8679","44.91949462890625","44.91949462890625","44.91949462890625","867","867","867"
"8709","41.535545349121094","41.535545349121094","41.535545349121094","870","870","870"
"8729","83.8277587890625","83.8277587890625","83.8277587890625","872","872","872"
"8739","43.3713264465332","43.3713264465332","43.3713264465332","873","873","873"
"8759","57.10511016845703","57.10511016845703","57.10511016845703","875","875","875"
"8779","87.64682006835938","87.64682006835938","87.64682006835938","877","877","877"
"8789","84.0590591430664","84.0590591430664","84.0590591430664","878","878","878"
"8819","87.83114624023438","87.83114624023438","87.83114624023438","881","881","881"
"8829","69.66565704345703","69.66565704345703","69.66565704345703","882","882","882"
"8849","55.61919403076172","55.61919403076172","55.61919403076172","884","884","884"
"8859","37.57141876220703","37.57141876220703","37.57141876220703","885","885","885"
"8889","102.17158508300781","102.17158508300781","102.17158508300781","888","888","888"
"8919","87.66001892089844","87.66001892089844","87.66001892089844","891","891","891"
"8959","67.82353210449219","67.82353210449219","67.82353210449219","895","895","895"
"8989","67.4116439819336","67.4116439819336","67.4116439819336","898","898","898"
"9009","42.347633361816406","42.347633361816406","42.347633361816406","900","900","900"
"9039","82.57437896728516","82.57437896728516","82.57437896728516","903","903","903"
"9059","50.863731384277344","50.863731384277344","50.863731384277344","905","905","905"
"9069","114.67877197265625","114.67877197265625","114.67877197265625","906","906","906"
"9099","59.289878845214844","59.289878845214844","59.289878845214844","909","909","909"
"9129","127.74747467041016","127.74747467041016","127.74747467041016","912","912","912"
"9139","111.1301040649414","111.1301040649414","111.1301040649414","913","913","913"
"9169","43.490943908691406","43.490943908691406","43.490943908691406","916","916","916"
"9199","62.63582992553711","62.63582992553711","62.63582992553711","919","919","919"
"9209","58.57209014892578","58.57209014892578","58.57209014892578","920","920","920"
"9219","42.971763610839844","42.971763610839844","42.971763610839844","921","921","921"
"9249","151.5470733642578","151.5470733642578","151.5470733642578","924","924","924"
"9259","92.6383285522461","92.6383285522461","92.6383285522461","925","925","925"
"9279","110.05339050292969","110.05339050292969","110.05339050292969","927","927","927"
"9319","47.877288818359375","47.877288818359375","47.877288818359375","931","931","931"
"9379","63.935142517089844","63.935142517089844","63.935142517089844","937","937","937"
"9389","40.562747955322266","40.562747955322266","40.562747955322266","938","938","938"
"9399","40.8857307434082","40.8857307434082","40.8857307434082","939","939","939"
"9439","71.4073715209961","71.4073715209961","71.4073715209961","943","943","943"
"9459","79.51947021484375","79.51947021484375","79.51947021484375","945","945","945"
"9469","42.678199768066406","42.678199768066406","42.678199768066406","946","946","946"
"9479","51.669898986816406","51.669898986816406","51.669898986816406","947","947","947"
"9489","32.83722686767578","32.83722686767578","32.83722686767578","948","948","948"
"9499","120.1375732421875","120.1375732421875","120.1375732421875","949","949","949"
"9539","100.18931579589844","100.18931579589844","100.18931579589844","953","953","953"
"9549","62.118202209472656","62.118202209472656","62.118202209472656","954","954","954"
"9559","108.5467758178711","108.5467758178711","108.5467758178711","955","955","955"
"9569","51.44347381591797","51.44347381591797","51.44347381591797","956","956","956"
"9589","57.33019256591797","57.33019256591797","57.33019256591797","958","958","958"
"9619","55.038909912109375","55.038909912109375","55.038909912109375","961","961","961"
"9629","132.3216094970703","132.3216094970703","132.3216094970703","962","962","962"
"9649","47.25676727294922","47.25676727294922","47.25676727294922","964","964","964"
"9699","95.03401184082031","95.03401184082031","95.03401184082031","969","969","969"
"9719","67.44818878173828","67.44818878173828","67.44818878173828","971","971","971"
"9739","93.87944030761719","93.87944030761719","93.87944030761719","973","973","973"
"9759","71.00491333007812","71.00491333007812","71.00491333007812","975","975","975"
"9779","44.645687103271484","44.645687103271484","44.645687103271484","977","977","977"
"9809","68.60511779785156","68.60511779785156","68.60511779785156","980","980","980"
"9849","58.087059020996094","58.087059020996094","58.087059020996094","984","984","984"
"9889","54.09855651855469","54.09855651855469","54.09855651855469","988","988","988"
"9899","70.70179748535156","70.70179748535156","70.70179748535156","989","989","989"
"9909","87.44863891601562","87.44863891601562","87.44863891601562","990","990","990"
"9939","114.05330657958984","114.05330657958984","114.05330657958984","993","993","993"
"9969","104.0830078125","104.0830078125","104.0830078125","996","996","996"
"9979","53.51851272583008","53.51851272583008","53.51851272583008","997","997","997"
"9989","97.39046478271484","97.39046478271484","97.39046478271484","998","998","998"
"10009","40.32981872558594","40.32981872558594","40.32981872558594","1000","1000","1000"
"10019","42.23998260498047","42.23998260498047","42.23998260498047","1001","1001","1001"
"10029","71.54178619384766","71.54178619384766","71.54178619384766","1002","1002","1002"
"10049","93.95512390136719","93.95512390136719","93.95512390136719","1004","1004","1004"
"10079","133.58900451660156","133.58900451660156","133.58900451660156","1007","1007","1007"
"10089","39.35881805419922","39.35881805419922","39.35881805419922","1008","1008","1008"
"10099","62.67220687866211","62.67220687866211","62.67220687866211","1009","1009","1009"
"10109","70.46978759765625","70.46978759765625","70.46978759765625","1010","1010","1010"
"10119","96.64736938476562","96.64736938476562","96.64736938476562","1011","1011","1011"
"10129","59.47124099731445","59.47124099731445","59.47124099731445","1012","1012","1012"
"10149","75.44970703125","75.44970703125","75.44970703125","1014","1014","1014"
"10189","58.53380584716797","58.53380584716797","58.53380584716797","1018","1018","1018"
"10199","44.57714080810547","44.57714080810547","44.57714080810547","1019","1019","1019"
"10209","115.815673828125","115.815673828125","115.815673828125","1020","1020","1020"
"10229","157.02328491210938","157.02328491210938","157.02328491210938","1022","1022","1022"
"10249","65.0751953125","65.0751953125","65.0751953125","1024","1024","1024"
"10259","61.971946716308594","61.971946716308594","61.971946716308594","1025","1025","1025"
"10269","114.80309295654297","114.80309295654297","114.80309295654297","1026","1026","1026"
"10279","189.22926330566406","189.22926330566406","189.22926330566406","1027","1027","1027"
"10289","123.05863952636719","123.05863952636719","123.05863952636719","1028","1028","1028"
"10309","60.684391021728516","60.684391021728516","60.684391021728516","1030","1030","1030"
"10319","250.5086669921875","250.5086669921875","250.5086669921875","1031","1031","1031"
"10389","98.77438354492188","98.77438354492188","98.77438354492188","1038","1038","1038"
"10409","60.799217224121094","60.799217224121094","60.799217224121094","1040","1040","1040"
"10419","133.86297607421875","133.86297607421875","133.86297607421875","1041","1041","1041"
"10429","127.35346221923828","127.35346221923828","127.35346221923828","1042","1042","1042"
"10449","129.2223663330078","129.2223663330078","129.2223663330078","1044","1044","1044"
"10459","57.884464263916016","57.884464263916016","57.884464263916016","1045","1045","1045"
"10489","58.622520446777344","58.622520446777344","58.622520446777344","1048","1048","1048"
"10499","100.6775131225586","100.6775131225586","100.6775131225586","1049","1049","1049"
"10539","365.9410400390625","365.9410400390625","365.9410400390625","1053","1053","1053"
"10549","56.60485076904297","56.60485076904297","56.60485076904297","1054","1054","1054"
"10559","54.1871223449707","54.1871223449707","54.1871223449707","1055","1055","1055"
"10569","97.09982299804688","97.09982299804688","97.09982299804688","1056","1056","1056"
"10589","114.89894104003906","114.89894104003906","114.89894104003906","1058","1058","1058"
"10609","94.33763885498047","94.33763885498047","94.33763885498047","1060","1060","1060"
"10619","76.79177856445312","76.79177856445312","76.79177856445312","1061","1061","1061"
"10629","73.01374053955078","73.01374053955078","73.01374053955078","1062","1062","1062"
"10649","53.246551513671875","53.246551513671875","53.246551513671875","1064","1064","1064"
"10659","54.90060043334961","54.90060043334961","54.90060043334961","1065","1065","1065"
"10669","61.37068176269531","61.37068176269531","61.37068176269531","1066","1066","1066"
"10709","100.02761840820312","100.02761840820312","100.02761840820312","1070","1070","1070"
"10739","39.837921142578125","39.837921142578125","39.837921142578125","1073","1073","1073"
"10749","131.1377716064453","131.1377716064453","131.1377716064453","1074","1074","1074"
"10789","107.77630615234375","107.77630615234375","107.77630615234375","1078","1078","1078"
"10819","103.04643249511719","103.04643249511719","103.04643249511719","1081","1081","1081"
"10849","66.02850341796875","66.02850341796875","66.02850341796875","1084","1084","1084"
"10859","108.1303482055664","108.1303482055664","108.1303482055664","1085","1085","1085"
"10879","44.45543670654297","44.45543670654297","44.45543670654297","1087","1087","1087"
"10909","92.52734375","92.52734375","92.52734375","1090","1090","1090"
"10919","61.555755615234375","61.555755615234375","61.555755615234375","1091","1091","1091"
"10959","79.0082778930664","79.0082778930664","79.0082778930664","1095","1095","1095"
"10969","44.096527099609375","44.096527099609375","44.096527099609375","1096","1096","1096"
"10979","40.11302185058594","40.11302185058594","40.11302185058594","1097","1097","1097"
"11019","90.75825500488281","90.75825500488281","90.75825500488281","1101","1101","1101"
"11039","61.94507598876953","61.94507598876953","61.94507598876953","1103","1103","1103"
"11059","46.07513427734375","46.07513427734375","46.07513427734375","1105","1105","1105"
"11079","64.57928466796875","64.57928466796875","64.57928466796875","1107","1107","1107"
"11129","101.216796875","101.216796875","101.216796875","1112","1112","1112"
"11139","104.41527557373047","104.41527557373047","104.41527557373047","1113","1113","1113"
"11149","83.52955627441406","83.52955627441406","83.52955627441406","1114","1114","1114"
"11169","56.72957992553711","56.72957992553711","56.72957992553711","1116","1116","1116"
"11209","81.41568756103516","81.41568756103516","81.41568756103516","1120","1120","1120"
"11249","63.05953598022461","63.05953598022461","63.05953598022461","1124","1124","1124"
"11279","42.81684875488281","42.81684875488281","42.81684875488281","1127","1127","1127"
"11289","70.8696060180664","70.8696060180664","70.8696060180664","1128","1128","1128"
"11299","45.159549713134766","45.159549713134766","45.159549713134766","1129","1129","1129"
"11309","80.21865844726562","80.21865844726562","80.21865844726562","1130","1130","1130"
"11319","79.3708724975586","79.3708724975586","79.3708724975586","1131","1131","1131"
"11329","114.57284545898438","114.57284545898438","114.57284545898438","1132","1132","1132"
"11359","71.41727447509766","71.41727447509766","71.41727447509766","1135","1135","1135"
"11369","64.21370697021484","64.21370697021484","64.21370697021484","1136","1136","1136"
"11379","69.88162231445312","69.88162231445312","69.88162231445312","1137","1137","1137"
"11409","46.13846206665039","46.13846206665039","46.13846206665039","1140","1140","1140"
"11429","41.542152404785156","41.542152404785156","41.542152404785156","1142","1142","1142"
"11449","54.806060791015625","54.806060791015625","54.806060791015625","1144","1144","1144"
"11459","44.95176315307617","44.95176315307617","44.95176315307617","1145","1145","1145"
"11479","74.01878356933594","74.01878356933594","74.01878356933594","1147","1147","1147"
"11499","63.28205108642578","63.28205108642578","63.28205108642578","1149","1149","1149"
"11539","91.24725341796875","91.24725341796875","91.24725341796875","1153","1153","1153"
"11549","116.78691101074219","116.78691101074219","116.78691101074219","1154","1154","1154"
"11559","37.746402740478516","37.746402740478516","37.746402740478516","1155","1155","1155"
"11589","88.56239318847656","88.56239318847656","88.56239318847656","1158","1158","1158"
"11599","78.96551513671875","78.96551513671875","78.96551513671875","1159","1159","1159"
"11639","47.230934143066406","47.230934143066406","47.230934143066406","1163","1163","1163"
"11649","54.073585510253906","54.073585510253906","54.073585510253906","1164","1164","1164"
"11659","147.22714233398438","147.22714233398438","147.22714233398438","1165","1165","1165"
"11669","54.586544036865234","54.586544036865234","54.586544036865234","1166","1166","1166"
"11679","153.82455444335938","153.82455444335938","153.82455444335938","1167","1167","1167"
"11729","52.44024658203125","52.44024658203125","52.44024658203125","1172","1172","1172"
"11739","50.35855484008789","50.35855484008789","50.35855484008789","1173","1173","1173"
"11779","131.7293243408203","131.7293243408203","131.7293243408203","1177","1177","1177"
"11809","63.25586700439453","63.25586700439453","63.25586700439453","1180","1180","1180"
"11829","113.83861541748047","113.83861541748047","113.83861541748047","1182","1182","1182"
"11839","76.25846862792969","76.25846862792969","76.25846862792969","1183","1183","1183"
"11869","73.95318603515625","73.95318603515625","73.95318603515625","1186","1186","1186"
"11919","52.286460876464844","52.286460876464844","52.286460876464844","1191","1191","1191"
"11939","65.12193298339844","65.12193298339844","65.12193298339844","1193","1193","1193"
"11949","111.31969451904297","111.31969451904297","111.31969451904297","1194","1194","1194"
"11989","47.306785583496094","47.306785583496094","47.306785583496094","1198","1198","1198"
"12009","55.851932525634766","55.851932525634766","55.851932525634766","1200","1200","1200"
"12029","54.043548583984375","54.043548583984375","54.043548583984375","1202","1202","1202"
"12049","47.848236083984375","47.848236083984375","47.848236083984375","1204","1204","1204"
"12079","136.0545654296875","136.0545654296875","136.0545654296875","1207","1207","1207"
"12099","65.63485717773438","65.63485717773438","65.63485717773438","1209","1209","1209"
"12119","125.96936798095703","125.96936798095703","125.96936798095703","1211","1211","1211"
"12129","48.60715103149414","48.60715103149414","48.60715103149414","1212","1212","1212"
"12169","43.40141296386719","43.40141296386719","43.40141296386719","1216","1216","1216"
"12189","76.30984497070312","76.30984497070312","76.30984497070312","1218","1218","1218"
"12199","49.598487854003906","49.598487854003906","49.598487854003906","1219","1219","1219"
"12229","65.26848602294922","65.26848602294922","65.26848602294922","1222","1222","1222"
"12249","115.51071166992188","115.51071166992188","115.51071166992188","1224","1224","1224"
"12259","75.94140625","75.94140625","75.94140625","1225","1225","1225"
"12289","122.99476623535156","122.99476623535156","122.99476623535156","1228","1228","1228"
"12299","67.01956939697266","67.01956939697266","67.01956939697266","1229","1229","1229"
"12309","53.98163986206055","53.98163986206055","53.98163986206055","1230","1230","1230"
"12319","45.38600158691406","45.38600158691406","45.38600158691406","1231","1231","1231"
"12329","43.565738677978516","43.565738677978516","43.565738677978516","1232","1232","1232"
"12339","112.85970306396484","112.85970306396484","112.85970306396484","1233","1233","1233"
"12349","63.96076583862305","63.96076583862305","63.96076583862305","1234","1234","1234"
"12359","139.1322021484375","139.1322021484375","139.1322021484375","1235","1235","1235"
"12369","69.73799133300781","69.73799133300781","69.73799133300781","1236","1236","1236"
"12389","99.43465423583984","99.43465423583984","99.43465423583984","1238","1238","1238"
"12399","65.13056182861328","65.13056182861328","65.13056182861328","1239","1239","1239"
"12469","88.52041625976562","88.52041625976562","88.52041625976562","1246","1246","1246"
"12479","37.74131393432617","37.74131393432617","37.74131393432617","1247","1247","1247"
"12519","77.05966186523438","77.05966186523438","77.05966186523438","1251","1251","1251"
"12529","47.558868408203125","47.558868408203125","47.558868408203125","1252","1252","1252"
"12559","58.2249641418457","58.2249641418457","58.2249641418457","1255","1255","1255"
"12589","53.105247497558594","53.105247497558594","53.105247497558594","1258","1258","1258"
"12599","85.705810546875","85.705810546875","85.705810546875","1259","1259","1259"
"12619","46.91645050048828","46.91645050048828","46.91645050048828","1261","1261","1261"
"12629","49.83397674560547","49.83397674560547","49.83397674560547","1262","1262","1262"
"12659","78.36447143554688","78.36447143554688","78.36447143554688","1265","1265","1265"
"12689","433.86138916015625","433.86138916015625","433.86138916015625","1268","1268","1268"
"12699","60.45790100097656","60.45790100097656","60.45790100097656","1269","1269","1269"
"12719","91.72307586669922","91.72307586669922","91.72307586669922","1271","1271","1271"
"12739","57.49306869506836","57.49306869506836","57.49306869506836","1273","1273","1273"
"12789","46.473819732666016","46.473819732666016","46.473819732666016","1278","1278","1278"
"12799","95.30287170410156","95.30287170410156","95.30287170410156","1279","1279","1279"
"12809","53.685264587402344","53.685264587402344","53.685264587402344","1280","1280","1280"
"12839","41.367958068847656","41.367958068847656","41.367958068847656","1283","1283","1283"
"12859","136.433349609375","136.433349609375","136.433349609375","1285","1285","1285"
"12869","70.44715118408203","70.44715118408203","70.44715118408203","1286","1286","1286"
"12879","84.82536315917969","84.82536315917969","84.82536315917969","1287","1287","1287"
"12889","70.0057601928711","70.0057601928711","70.0057601928711","1288","1288","1288"
"12919","75.53152465820312","75.53152465820312","75.53152465820312","1291","1291","1291"
"12939","54.49774932861328","54.49774932861328","54.49774932861328","1293","1293","1293"
"12949","76.10672760009766","76.10672760009766","76.10672760009766","1294","1294","1294"
"12989","59.46953582763672","59.46953582763672","59.46953582763672","1298","1298","1298"
"13019","104.1474609375","104.1474609375","104.1474609375","1301","1301","1301"
"13049","100.72279357910156","100.72279357910156","100.72279357910156","1304","1304","1304"
"13059","64.20875549316406","64.20875549316406","64.20875549316406","1305","1305","1305"
"13109","63.81320571899414","63.81320571899414","63.81320571899414","1310","1310","1310"
"13119","66.83417510986328","66.83417510986328","66.83417510986328","1311","1311","1311"
"13129","78.88839721679688","78.88839721679688","78.88839721679688","1312","1312","1312"
"13139","54.16533660888672","54.16533660888672","54.16533660888672","1313","1313","1313"
"13159","84.37258911132812","84.37258911132812","84.37258911132812","1315","1315","1315"
"13209","90.1698989868164","90.1698989868164","90.1698989868164","1320","1320","1320"
"13229","51.72712707519531","51.72712707519531","51.72712707519531","1322","1322","1322"
"13249","675.1080322265625","675.1080322265625","675.1080322265625","1324","1324","1324"
"13259","53.291927337646484","53.291927337646484","53.291927337646484","1325","1325","1325"
"13269","43.166419982910156","43.166419982910156","43.166419982910156","1326","1326","1326"
"13279","40.76030731201172","40.76030731201172","40.76030731201172","1327","1327","1327"
"13309","53.662139892578125","53.662139892578125","53.662139892578125","1330","1330","1330"
"13329","47.306549072265625","47.306549072265625","47.306549072265625","1332","1332","1332"
"13339","75.23281860351562","75.23281860351562","75.23281860351562","1333","1333","1333"
"13409","101.29739379882812","101.29739379882812","101.29739379882812","1340","1340","1340"
"13429","64.20646667480469","64.20646667480469","64.20646667480469","1342","1342","1342"
"13439","41.8221321105957","41.8221321105957","41.8221321105957","1343","1343","1343"
"13469","55.449729919433594","55.449729919433594","55.449729919433594","1346","1346","1346"
"13489","132.61007690429688","132.61007690429688","132.61007690429688","1348","1348","1348"
"13499","108.9152603149414","108.9152603149414","108.9152603149414","1349","1349","1349"
"13509","62.021427154541016","62.021427154541016","62.021427154541016","1350","1350","1350"
"13519","45.206451416015625","45.206451416015625","45.206451416015625","1351","1351","1351"
"13529","40.94646453857422","40.94646453857422","40.94646453857422","1352","1352","1352"
"13599","88.7105712890625","88.7105712890625","88.7105712890625","1359","1359","1359"
"13609","85.89724731445312","85.89724731445312","85.89724731445312","1360","1360","1360"
"13629","45.769649505615234","45.769649505615234","45.769649505615234","1362","1362","1362"
"13639","57.80472183227539","57.80472183227539","57.80472183227539","1363","1363","1363"
"13649","46.89651870727539","46.89651870727539","46.89651870727539","1364","1364","1364"
"13669","120.81057739257812","120.81057739257812","120.81057739257812","1366","1366","1366"
"13679","54.96360778808594","54.96360778808594","54.96360778808594","1367","1367","1367"
"13699","61.65220642089844","61.65220642089844","61.65220642089844","1369","1369","1369"
"13709","111.59654235839844","111.59654235839844","111.59654235839844","1370","1370","1370"
"13739","56.78752136230469","56.78752136230469","56.78752136230469","1373","1373","1373"
"13779","41.104007720947266","41.104007720947266","41.104007720947266","1377","1377","1377"
"13789","45.238338470458984","45.238338470458984","45.238338470458984","1378","1378","1378"
"13859","131.13638305664062","131.13638305664062","131.13638305664062","1385","1385","1385"
"13869","51.244049072265625","51.244049072265625","51.244049072265625","1386","1386","1386"
"13919","48.29239273071289","48.29239273071289","48.29239273071289","1391","1391","1391"
"13929","51.598087310791016","51.598087310791016","51.598087310791016","1392","1392","1392"
"13949","59.11157989501953","59.11157989501953","59.11157989501953","1394","1394","1394"
"13959","57.212554931640625","57.212554931640625","57.212554931640625","1395","1395","1395"
"13969","52.93059539794922","52.93059539794922","52.93059539794922","1396","1396","1396"
"13979","45.94126892089844","45.94126892089844","45.94126892089844","1397","1397","1397"
"13989","96.64080810546875","96.64080810546875","96.64080810546875","1398","1398","1398"
"14039","161.2437286376953","161.2437286376953","161.2437286376953","1403","1403","1403"
"14049","93.17547607421875","93.17547607421875","93.17547607421875","1404","1404","1404"
"14059","77.04723358154297","77.04723358154297","77.04723358154297","1405","1405","1405"
"14069","69.85133361816406","69.85133361816406","69.85133361816406","1406","1406","1406"
"14089","53.2038688659668","53.2038688659668","53.2038688659668","1408","1408","1408"
"14109","43.619049072265625","43.619049072265625","43.619049072265625","1410","1410","1410"
"14139","46.04323959350586","46.04323959350586","46.04323959350586","1413","1413","1413"
"14179","90.78688049316406","90.78688049316406","90.78688049316406","1417","1417","1417"
"14189","44.190120697021484","44.190120697021484","44.190120697021484","1418","1418","1418"
"14209","91.49419403076172","91.49419403076172","91.49419403076172","1420","1420","1420"
"14249","71.69477081298828","71.69477081298828","71.69477081298828","1424","1424","1424"
"14289","60.38561248779297","60.38561248779297","60.38561248779297","1428","1428","1428"
"14339","80.47789764404297","80.47789764404297","80.47789764404297","1433","1433","1433"
"14359","58.299564361572266","58.299564361572266","58.299564361572266","1435","1435","1435"
"14369","49.90013885498047","49.90013885498047","49.90013885498047","1436","1436","1436"
"14409","73.830078125","73.830078125","73.830078125","1440","1440","1440"
"14419","61.75850296020508","61.75850296020508","61.75850296020508","1441","1441","1441"
"14449","40.577754974365234","40.577754974365234","40.577754974365234","1444","1444","1444"
"14469","88.46135711669922","88.46135711669922","88.46135711669922","1446","1446","1446"
"14479","64.33235931396484","64.33235931396484","64.33235931396484","1447","1447","1447"
"14489","61.58742904663086","61.58742904663086","61.58742904663086","1448","1448","1448"
"14499","51.24721145629883","51.24721145629883","51.24721145629883","1449","1449","1449"
"14529","44.17601013183594","44.17601013183594","44.17601013183594","1452","1452","1452"
"14579","65.87561798095703","65.87561798095703","65.87561798095703","1457","1457","1457"
"14589","68.86395263671875","68.86395263671875","68.86395263671875","1458","1458","1458"
"14599","65.28072357177734","65.28072357177734","65.28072357177734","1459","1459","1459"
"14619","44.98569869995117","44.98569869995117","44.98569869995117","1461","1461","1461"
"14649","87.6080322265625","87.6080322265625","87.6080322265625","1464","1464","1464"
"14659","80.8037338256836","80.8037338256836","80.8037338256836","1465","1465","1465"
"14689","41.515865325927734","41.515865325927734","41.515865325927734","1468","1468","1468"
"14709","52.23931884765625","52.23931884765625","52.23931884765625","1470","1470","1470"
"14729","47.57411575317383","47.57411575317383","47.57411575317383","1472","1472","1472"
"14749","37.93362808227539","37.93362808227539","37.93362808227539","1474","1474","1474"
"14799","52.23475646972656","52.23475646972656","52.23475646972656","1479","1479","1479"
"14809","93.64991760253906","93.64991760253906","93.64991760253906","1480","1480","1480"
"14859","52.44676971435547","52.44676971435547","52.44676971435547","1485","1485","1485"
"14869","86.0162353515625","86.0162353515625","86.0162353515625","1486","1486","1486"
"14879","45.47502136230469","45.47502136230469","45.47502136230469","1487","1487","1487"
"14889","79.80867767333984","79.80867767333984","79.80867767333984","1488","1488","1488"
"14909","78.23319244384766","78.23319244384766","78.23319244384766","1490","1490","1490"
"14949","77.87115478515625","77.87115478515625","77.87115478515625","1494","1494","1494"
"15009","55.743125915527344","55.743125915527344","55.743125915527344","1500","1500","1500"
"15019","51.87800598144531","51.87800598144531","51.87800598144531","1501","1501","1501"
"15059","128.4130859375","128.4130859375","128.4130859375","1505","1505","1505"
"15079","82.45819091796875","82.45819091796875","82.45819091796875","1507","1507","1507"
"15089","75.05743408203125","75.05743408203125","75.05743408203125","1508","1508","1508"
"15119","63.496070861816406","63.496070861816406","63.496070861816406","1511","1511","1511"
"15129","200.90228271484375","200.90228271484375","200.90228271484375","1512","1512","1512"
"15189","53.14219284057617","53.14219284057617","53.14219284057617","1518","1518","1518"
"15259","48.34541320800781","48.34541320800781","48.34541320800781","1525","1525","1525"
"15299","74.22335815429688","74.22335815429688","74.22335815429688","1529","1529","1529"
"15319","56.66551208496094","56.66551208496094","56.66551208496094","1531","1531","1531"
"15329","84.16793823242188","84.16793823242188","84.16793823242188","1532","1532","1532"
"15359","101.44310760498047","101.44310760498047","101.44310760498047","1535","1535","1535"
"15379","46.89744567871094","46.89744567871094","46.89744567871094","1537","1537","1537"
"15399","100.27922058105469","100.27922058105469","100.27922058105469","1539","1539","1539"
"15409","107.72677612304688","107.72677612304688","107.72677612304688","1540","1540","1540"
"15419","54.003211975097656","54.003211975097656","54.003211975097656","1541","1541","1541"
"15469","105.97590637207031","105.97590637207031","105.97590637207031","1546","1546","1546"
"15479","100.57704162597656","100.57704162597656","100.57704162597656","1547","1547","1547"
"15489","44.013771057128906","44.013771057128906","44.013771057128906","1548","1548","1548"
"15499","119.21408081054688","119.21408081054688","119.21408081054688","1549","1549","1549"
"15509","53.81957244873047","53.81957244873047","53.81957244873047","1550","1550","1550"
"15519","92.19529724121094","92.19529724121094","92.19529724121094","1551","1551","1551"
"15529","65.76567077636719","65.76567077636719","65.76567077636719","1552","1552","1552"
"15559","170.36395263671875","170.36395263671875","170.36395263671875","1555","1555","1555"
"15569","58.21582794189453","58.21582794189453","58.21582794189453","1556","1556","1556"
"15589","84.85923767089844","84.85923767089844","84.85923767089844","1558","1558","1558"
"15609","58.19523620605469","58.19523620605469","58.19523620605469","1560","1560","1560"
"15619","63.757511138916016","63.757511138916016","63.757511138916016","1561","1561","1561"
"15639","57.4291877746582","57.4291877746582","57.4291877746582","1563","1563","1563"
"15659","47.25588607788086","47.25588607788086","47.25588607788086","1565","1565","1565"
"15689","53.480594635009766","53.480594635009766","53.480594635009766","1568","1568","1568"
"15699","72.56290435791016","72.56290435791016","72.56290435791016","1569","1569","1569"
"15729","84.31246948242188","84.31246948242188","84.31246948242188","1572","1572","1572"
"15749","55.0440673828125","55.0440673828125","55.0440673828125","1574","1574","1574"
"15759","48.319557189941406","48.319557189941406","48.319557189941406","1575","1575","1575"
"15769","83.8053207397461","83.8053207397461","83.8053207397461","1576","1576","1576"
"15779","83.05049896240234","83.05049896240234","83.05049896240234","1577","1577","1577"
"15859","41.63979721069336","41.63979721069336","41.63979721069336","1585","1585","1585"
"15889","68.1050796508789","68.1050796508789","68.1050796508789","1588","1588","1588"
"15899","54.6075439453125","54.6075439453125","54.6075439453125","1589","1589","1589"
"15929","60.75162887573242","60.75162887573242","60.75162887573242","1592","1592","1592"
"15969","35.65332794189453","35.65332794189453","35.65332794189453","1596","1596","1596"
"15989","82.6382827758789","82.6382827758789","82.6382827758789","1598","1598","1598"
"16009","48.54487991333008","48.54487991333008","48.54487991333008","1600","1600","1600"
"16039","47.438514709472656","47.438514709472656","47.438514709472656","1603","1603","1603"
"16049","78.52567291259766","78.52567291259766","78.52567291259766","1604","1604","1604"
"16079","45.839500427246094","45.839500427246094","45.839500427246094","1607","1607","1607"
"16089","64.14837646484375","64.14837646484375","64.14837646484375","1608","1608","1608"
"16109","218.97267150878906","218.97267150878906","218.97267150878906","1610","1610","1610"
"16139","78.6038589477539","78.6038589477539","78.6038589477539","1613","1613","1613"
"16159","84.94841766357422","84.94841766357422","84.94841766357422","1615","1615","1615"
"16169","84.34706115722656","84.34706115722656","84.34706115722656","1616","1616","1616"
"16179","51.10352325439453","51.10352325439453","51.10352325439453","1617","1617","1617"
"16189","115.3941650390625","115.3941650390625","115.3941650390625","1618","1618","1618"
"16209","74.21327209472656","74.21327209472656","74.21327209472656","1620","1620","1620"
"16229","101.59379577636719","101.59379577636719","101.59379577636719","1622","1622","1622"
"16239","244.0867156982422","244.0867156982422","244.0867156982422","1623","1623","1623"
"16279","87.64242553710938","87.64242553710938","87.64242553710938","1627","1627","1627"
"16289","90.83723449707031","90.83723449707031","90.83723449707031","1628","1628","1628"
"16309","58.01462936401367","58.01462936401367","58.01462936401367","1630","1630","1630"
"16319","46.57362365722656","46.57362365722656","46.57362365722656","1631","1631","1631"
"16329","97.46255493164062","97.46255493164062","97.46255493164062","1632","1632","1632"
"16339","56.46236038208008","56.46236038208008","56.46236038208008","1633","1633","1633"
"16359","45.171592712402344","45.171592712402344","45.171592712402344","1635","1635","1635"
"16369","71.39500427246094","71.39500427246094","71.39500427246094","1636","1636","1636"
"16379","78.91917419433594","78.91917419433594","78.91917419433594","1637","1637","1637"
"16419","71.03146362304688","71.03146362304688","71.03146362304688","1641","1641","1641"
"16429","50.48760986328125","50.48760986328125","50.48760986328125","1642","1642","1642"
"16439","57.43048095703125","57.43048095703125","57.43048095703125","1643","1643","1643"
"16449","46.77526092529297","46.77526092529297","46.77526092529297","1644","1644","1644"
"16469","52.855682373046875","52.855682373046875","52.855682373046875","1646","1646","1646"
"16479","102.00048828125","102.00048828125","102.00048828125","1647","1647","1647"
"16489","39.82136535644531","39.82136535644531","39.82136535644531","1648","1648","1648"
"16509","70.893310546875","70.893310546875","70.893310546875","1650","1650","1650"
"16529","50.10533142089844","50.10533142089844","50.10533142089844","1652","1652","1652"
"16579","52.53511047363281","52.53511047363281","52.53511047363281","1657","1657","1657"
"16589","66.57721710205078","66.57721710205078","66.57721710205078","1658","1658","1658"
"16659","52.85915756225586","52.85915756225586","52.85915756225586","1665","1665","1665"
"16709","35.08769226074219","35.08769226074219","35.08769226074219","1670","1670","1670"
"16729","56.298370361328125","56.298370361328125","56.298370361328125","1672","1672","1672"
"16739","80.05103302001953","80.05103302001953","80.05103302001953","1673","1673","1673"
"16759","59.64173889160156","59.64173889160156","59.64173889160156","1675","1675","1675"
"16779","55.142189025878906","55.142189025878906","55.142189025878906","1677","1677","1677"
"16799","69.63922882080078","69.63922882080078","69.63922882080078","1679","1679","1679"
"16809","49.560298919677734","49.560298919677734","49.560298919677734","1680","1680","1680"
"16829","126.08338165283203","126.08338165283203","126.08338165283203","1682","1682","1682"
"16849","68.11527252197266","68.11527252197266","68.11527252197266","1684","1684","1684"
"16869","75.2719955444336","75.2719955444336","75.2719955444336","1686","1686","1686"
"16909","363.21490478515625","363.21490478515625","363.21490478515625","1690","1690","1690"
"16919","59.21503448486328","59.21503448486328","59.21503448486328","1691","1691","1691"
"16929","90.85551452636719","90.85551452636719","90.85551452636719","1692","1692","1692"
"16939","57.32625198364258","57.32625198364258","57.32625198364258","1693","1693","1693"
"16989","89.32096099853516","89.32096099853516","89.32096099853516","1698","1698","1698"
"17009","58.76397705078125","58.76397705078125","58.76397705078125","1700","1700","1700"
"17029","40.29737854003906","40.29737854003906","40.29737854003906","1702","1702","1702"
"17039","74.39840698242188","74.39840698242188","74.39840698242188","1703","1703","1703"
"17059","70.01456451416016","70.01456451416016","70.01456451416016","1705","1705","1705"
"17079","108.48027801513672","108.48027801513672","108.48027801513672","1707","1707","1707"
"17099","41.573482513427734","41.573482513427734","41.573482513427734","1709","1709","1709"
"17119","79.50418090820312","79.50418090820312","79.50418090820312","1711","1711","1711"
"17129","60.15888214111328","60.15888214111328","60.15888214111328","1712","1712","1712"
"17139","62.19468307495117","62.19468307495117","62.19468307495117","1713","1713","1713"
"17149","69.62423706054688","69.62423706054688","69.62423706054688","1714","1714","1714"
"17169","44.38163757324219","44.38163757324219","44.38163757324219","1716","1716","1716"
"17189","82.480712890625","82.480712890625","82.480712890625","1718","1718","1718"
"17209","72.30044555664062","72.30044555664062","72.30044555664062","1720","1720","1720"
"17229","64.7659912109375","64.7659912109375","64.7659912109375","1722","1722","1722"
"17249","40.33012771606445","40.33012771606445","40.33012771606445","1724","1724","1724"
"17259","42.96028137207031","42.96028137207031","42.96028137207031","1725","1725","1725"
"17269","97.9671859741211","97.9671859741211","97.9671859741211","1726","1726","1726"
"17279","41.37972640991211","41.37972640991211","41.37972640991211","1727","1727","1727"
"17309","45.987266540527344","45.987266540527344","45.987266540527344","1730","1730","1730"
"17329","47.858009338378906","47.858009338378906","47.858009338378906","1732","1732","1732"
"17349","79.4244613647461","79.4244613647461","79.4244613647461","1734","1734","1734"
"17379","38.005760192871094","38.005760192871094","38.005760192871094","1737","1737","1737"
"17389","73.2945785522461","73.2945785522461","73.2945785522461","1738","1738","1738"
"17419","67.61888885498047","67.61888885498047","67.61888885498047","1741","1741","1741"
"17509","34.6778564453125","34.6778564453125","34.6778564453125","1750","1750","1750"
"17529","82.24424743652344","82.24424743652344","82.24424743652344","1752","1752","1752"
"17539","40.53377914428711","40.53377914428711","40.53377914428711","1753","1753","1753"
"17549","46.416175842285156","46.416175842285156","46.416175842285156","1754","1754","1754"
"17609","101.8402328491211","101.8402328491211","101.8402328491211","1760","1760","1760"
"17619","128.64112854003906","128.64112854003906","128.64112854003906","1761","1761","1761"
"17629","42.31889343261719","42.31889343261719","42.31889343261719","1762","1762","1762"
"17639","86.54541015625","86.54541015625","86.54541015625","1763","1763","1763"
"17689","42.25592041015625","42.25592041015625","42.25592041015625","1768","1768","1768"
"17699","45.40617370605469","45.40617370605469","45.40617370605469","1769","1769","1769"
"17709","49.98914337158203","49.98914337158203","49.98914337158203","1770","1770","1770"
"17739","77.62960815429688","77.62960815429688","77.62960815429688","1773","1773","1773"
"17799","111.1781005859375","111.1781005859375","111.1781005859375","1779","1779","1779"
"17809","114.41226959228516","114.41226959228516","114.41226959228516","1780","1780","1780"
"17819","88.70323944091797","88.70323944091797","88.70323944091797","1781","1781","1781"
"17829","41.482940673828125","41.482940673828125","41.482940673828125","1782","1782","1782"
"17839","69.36965942382812","69.36965942382812","69.36965942382812","1783","1783","1783"
"17859","50.93414306640625","50.93414306640625","50.93414306640625","1785","1785","1785"
"17889","43.50567626953125","43.50567626953125","43.50567626953125","1788","1788","1788"
"17909","42.990760803222656","42.990760803222656","42.990760803222656","1790","1790","1790"
"17919","68.2130355834961","68.2130355834961","68.2130355834961","1791","1791","1791"
"17929","49.01858901977539","49.01858901977539","49.01858901977539","1792","1792","1792"
"17939","78.88655090332031","78.88655090332031","78.88655090332031","1793","1793","1793"
"17949","64.7031021118164","64.7031021118164","64.7031021118164","1794","1794","1794"
"17969","56.32036209106445","56.32036209106445","56.32036209106445","1796","1796","1796"
"17989","64.07215881347656","64.07215881347656","64.07215881347656","1798","1798","1798"
"18009","112.11322784423828","112.11322784423828","112.11322784423828","1800","1800","1800"
"18019","70.07671356201172","70.07671356201172","70.07671356201172","1801","1801","1801"
"18029","33.745330810546875","33.745330810546875","33.745330810546875","1802","1802","1802"
"18039","103.578857421875","103.578857421875","103.578857421875","1803","1803","1803"
"18049","112.9243392944336","112.9243392944336","112.9243392944336","1804","1804","1804"
"18059","56.8152961730957","56.8152961730957","56.8152961730957","1805","1805","1805"
"18069","45.1141471862793","45.1141471862793","45.1141471862793","1806","1806","1806"
"18089","44.960182189941406","44.960182189941406","44.960182189941406","1808","1808","1808"
"18099","79.43086242675781","79.43086242675781","79.43086242675781","1809","1809","1809"
"18109","44.812496185302734","44.812496185302734","44.812496185302734","1810","1810","1810"
"18129","50.349952697753906","50.349952697753906","50.349952697753906","1812","1812","1812"
"18139","162.8787078857422","162.8787078857422","162.8787078857422","1813","1813","1813"
"18149","38.253028869628906","38.253028869628906","38.253028869628906","1814","1814","1814"
"18199","131.8004913330078","131.8004913330078","131.8004913330078","1819","1819","1819"
"18209","103.03102111816406","103.03102111816406","103.03102111816406","1820","1820","1820"
"18219","49.50386047363281","49.50386047363281","49.50386047363281","1821","1821","1821"
"18229","47.481502532958984","47.481502532958984","47.481502532958984","1822","1822","1822"
"18239","71.66923522949219","71.66923522949219","71.66923522949219","1823","1823","1823"
"18249","47.09946823120117","47.09946823120117","47.09946823120117","1824","1824","1824"
"18289","51.63263702392578","51.63263702392578","51.63263702392578","1828","1828","1828"
"18309","42.86233901977539","42.86233901977539","42.86233901977539","1830","1830","1830"
"18329","54.10547637939453","54.10547637939453","54.10547637939453","1832","1832","1832"
"18339","61.2486686706543","61.2486686706543","61.2486686706543","1833","1833","1833"
"18349","80.47757720947266","80.47757720947266","80.47757720947266","1834","1834","1834"
"18369","85.3721923828125","85.3721923828125","85.3721923828125","1836","1836","1836"
"18389","200.13992309570312","200.13992309570312","200.13992309570312","1838","1838","1838"
"18409","38.09957504272461","38.09957504272461","38.09957504272461","1840","1840","1840"
"18439","60.40925598144531","60.40925598144531","60.40925598144531","1843","1843","1843"
"18459","42.86208724975586","42.86208724975586","42.86208724975586","1845","1845","1845"
"18469","63.07664489746094","63.07664489746094","63.07664489746094","1846","1846","1846"
"18569","88.52798461914062","88.52798461914062","88.52798461914062","1856","1856","1856"
"18599","100.80836486816406","100.80836486816406","100.80836486816406","1859","1859","1859"
"18619","96.13847351074219","96.13847351074219","96.13847351074219","1861","1861","1861"
"18629","49.660972595214844","49.660972595214844","49.660972595214844","1862","1862","1862"
"18659","58.38734817504883","58.38734817504883","58.38734817504883","1865","1865","1865"
"18679","72.72795104980469","72.72795104980469","72.72795104980469","1867","1867","1867"
"18699","188.35980224609375","188.35980224609375","188.35980224609375","1869","1869","1869"
"18749","76.27584838867188","76.27584838867188","76.27584838867188","1874","1874","1874"
"18759","65.65370178222656","65.65370178222656","65.65370178222656","1875","1875","1875"
"18779","89.80714416503906","89.80714416503906","89.80714416503906","1877","1877","1877"
"18789","85.02326202392578","85.02326202392578","85.02326202392578","1878","1878","1878"
"18829","82.13417053222656","82.13417053222656","82.13417053222656","1882","1882","1882"
"18839","67.77326202392578","67.77326202392578","67.77326202392578","1883","1883","1883"
"18889","51.511409759521484","51.511409759521484","51.511409759521484","1888","1888","1888"
"18899","67.13511657714844","67.13511657714844","67.13511657714844","1889","1889","1889"
"18929","72.91203308105469","72.91203308105469","72.91203308105469","1892","1892","1892"
"18939","82.8587875366211","82.8587875366211","82.8587875366211","1893","1893","1893"
"18979","44.90749740600586","44.90749740600586","44.90749740600586","1897","1897","1897"
"18999","72.93679809570312","72.93679809570312","72.93679809570312","1899","1899","1899"
"19039","110.10804748535156","110.10804748535156","110.10804748535156","1903","1903","1903"
"19059","114.81344604492188","114.81344604492188","114.81344604492188","1905","1905","1905"
"19089","96.10591125488281","96.10591125488281","96.10591125488281","1908","1908","1908"
"19109","82.64787292480469","82.64787292480469","82.64787292480469","1910","1910","1910"
"19259","86.7452392578125","86.7452392578125","86.7452392578125","1925","1925","1925"
"19279","55.53508758544922","55.53508758544922","55.53508758544922","1927","1927","1927"
"19289","114.02815246582031","114.02815246582031","114.02815246582031","1928","1928","1928"
"19299","89.58480072021484","89.58480072021484","89.58480072021484","1929","1929","1929"
"19339","111.54586029052734","111.54586029052734","111.54586029052734","1933","1933","1933"
"19399","62.209197998046875","62.209197998046875","62.209197998046875","1939","1939","1939"
"19419","68.7922592163086","68.7922592163086","68.7922592163086","1941","1941","1941"
"19449","66.00875091552734","66.00875091552734","66.00875091552734","1944","1944","1944"
"19459","74.78395080566406","74.78395080566406","74.78395080566406","1945","1945","1945"
"19479","60.17205047607422","60.17205047607422","60.17205047607422","1947","1947","1947"
"19489","68.44145202636719","68.44145202636719","68.44145202636719","1948","1948","1948"
"19499","39.71492385864258","39.71492385864258","39.71492385864258","1949","1949","1949"
"19519","110.95938110351562","110.95938110351562","110.95938110351562","1951","1951","1951"
"19549","43.524383544921875","43.524383544921875","43.524383544921875","1954","1954","1954"
"19569","72.69123840332031","72.69123840332031","72.69123840332031","1956","1956","1956"
"19599","62.755027770996094","62.755027770996094","62.755027770996094","1959","1959","1959"
"19609","38.170433044433594","38.170433044433594","38.170433044433594","1960","1960","1960"
"19669","64.40692901611328","64.40692901611328","64.40692901611328","1966","1966","1966"
"19729","74.19535064697266","74.19535064697266","74.19535064697266","1972","1972","1972"
"19759","45.73591613769531","45.73591613769531","45.73591613769531","1975","1975","1975"
"19779","197.5524444580078","197.5524444580078","197.5524444580078","1977","1977","1977"
"19799","45.70862579345703","45.70862579345703","45.70862579345703","1979","1979","1979"
"19829","105.11168670654297","105.11168670654297","105.11168670654297","1982","1982","1982"
"19839","43.38436508178711","43.38436508178711","43.38436508178711","1983","1983","1983"
"19859","41.412071228027344","41.412071228027344","41.412071228027344","1985","1985","1985"
"19919","69.97662353515625","69.97662353515625","69.97662353515625","1991","1991","1991"
"19949","51.70671844482422","51.70671844482422","51.70671844482422","1994","1994","1994"
"19979","82.26434326171875","82.26434326171875","82.26434326171875","1997","1997","1997"
"19999","83.08775329589844","83.08775329589844","83.08775329589844","1999","1999","1999"
"20009","43.12327194213867","43.12327194213867","43.12327194213867","2000","2000","2000"
"20029","96.7757797241211","96.7757797241211","96.7757797241211","2002","2002","2002"
"20059","72.50189971923828","72.50189971923828","72.50189971923828","2005","2005","2005"
"20069","34.95347213745117","34.95347213745117","34.95347213745117","2006","2006","2006"
"20089","66.65911865234375","66.65911865234375","66.65911865234375","2008","2008","2008"
"20109","199.97525024414062","199.97525024414062","199.97525024414062","2010","2010","2010"
"20119","56.918174743652344","56.918174743652344","56.918174743652344","2011","2011","2011"
"20129","99.70703125","99.70703125","99.70703125","2012","2012","2012"
"20149","41.30815887451172","41.30815887451172","41.30815887451172","2014","2014","2014"
"20169","98.35502624511719","98.35502624511719","98.35502624511719","2016","2016","2016"
"20219","135.6312255859375","135.6312255859375","135.6312255859375","2021","2021","2021"
"20249","67.33598327636719","67.33598327636719","67.33598327636719","2024","2024","2024"
"20259","64.39742279052734","64.39742279052734","64.39742279052734","2025","2025","2025"
"20269","55.48625183105469","55.48625183105469","55.48625183105469","2026","2026","2026"
"20289","92.077880859375","92.077880859375","92.077880859375","2028","2028","2028"
"20309","64.54627990722656","64.54627990722656","64.54627990722656","2030","2030","2030"
"20339","51.09192657470703","51.09192657470703","51.09192657470703","2033","2033","2033"
"20349","83.32757568359375","83.32757568359375","83.32757568359375","2034","2034","2034"
"20359","38.17139434814453","38.17139434814453","38.17139434814453","2035","2035","2035"
"20379","47.76177978515625","47.76177978515625","47.76177978515625","2037","2037","2037"
"20399","55.86358642578125","55.86358642578125","55.86358642578125","2039","2039","2039"
"20419","57.643951416015625","57.643951416015625","57.643951416015625","2041","2041","2041"
"20429","89.2854232788086","89.2854232788086","89.2854232788086","2042","2042","2042"
"20469","75.12921142578125","75.12921142578125","75.12921142578125","2046","2046","2046"
"20479","66.38470458984375","66.38470458984375","66.38470458984375","2047","2047","2047"
"20489","37.994361877441406","37.994361877441406","37.994361877441406","2048","2048","2048"
"20499","75.24169921875","75.24169921875","75.24169921875","2049","2049","2049"
"20559","62.528297424316406","62.528297424316406","62.528297424316406","2055","2055","2055"
"20609","89.5818099975586","89.5818099975586","89.5818099975586","2060","2060","2060"
"20639","42.81068420410156","42.81068420410156","42.81068420410156","2063","2063","2063"
"20679","56.351661682128906","56.351661682128906","56.351661682128906","2067","2067","2067"
"20689","78.85655212402344","78.85655212402344","78.85655212402344","2068","2068","2068"
"20709","49.67237854003906","49.67237854003906","49.67237854003906","2070","2070","2070"
"20739","46.96104431152344","46.96104431152344","46.96104431152344","2073","2073","2073"
"20749","51.7269401550293","51.7269401550293","51.7269401550293","2074","2074","2074"
"20769","60.359352111816406","60.359352111816406","60.359352111816406","2076","2076","2076"
"20779","115.29852294921875","115.29852294921875","115.29852294921875","2077","2077","2077"
"20809","283.2297668457031","283.2297668457031","283.2297668457031","2080","2080","2080"
"20829","48.619041442871094","48.619041442871094","48.619041442871094","2082","2082","2082"
"20859","175.5450439453125","175.5450439453125","175.5450439453125","2085","2085","2085"
"20889","55.5577278137207","55.5577278137207","55.5577278137207","2088","2088","2088"
"20899","62.81501770019531","62.81501770019531","62.81501770019531","2089","2089","2089"
"20909","47.08599090576172","47.08599090576172","47.08599090576172","2090","2090","2090"
"20929","60.89025115966797","60.89025115966797","60.89025115966797","2092","2092","2092"
"20939","45.83526611328125","45.83526611328125","45.83526611328125","2093","2093","2093"
"20969","100.82466125488281","100.82466125488281","100.82466125488281","2096","2096","2096"
"20989","86.7932357788086","86.7932357788086","86.7932357788086","2098","2098","2098"
"21009","68.22066497802734","68.22066497802734","68.22066497802734","2100","2100","2100"
"21019","132.9111328125","132.9111328125","132.9111328125","2101","2101","2101"
"21029","60.58406066894531","60.58406066894531","60.58406066894531","2102","2102","2102"
"21049","60.2116813659668","60.2116813659668","60.2116813659668","2104","2104","2104"
"21059","54.58787536621094","54.58787536621094","54.58787536621094","2105","2105","2105"
"21069","55.091583251953125","55.091583251953125","55.091583251953125","2106","2106","2106"
"21109","36.050193786621094","36.050193786621094","36.050193786621094","2110","2110","2110"
"21119","63.05915069580078","63.05915069580078","63.05915069580078","2111","2111","2111"
"21129","37.00602722167969","37.00602722167969","37.00602722167969","2112","2112","2112"
"21179","65.60552215576172","65.60552215576172","65.60552215576172","2117","2117","2117"
"21209","69.67539978027344","69.67539978027344","69.67539978027344","2120","2120","2120"
"21219","43.36330032348633","43.36330032348633","43.36330032348633","2121","2121","2121"
"21249","37.326026916503906","37.326026916503906","37.326026916503906","2124","2124","2124"
"21309","40.29093933105469","40.29093933105469","40.29093933105469","2130","2130","2130"
"21319","43.31535339355469","43.31535339355469","43.31535339355469","2131","2131","2131"
"21339","91.04591369628906","91.04591369628906","91.04591369628906","2133","2133","2133"
"21349","50.941734313964844","50.941734313964844","50.941734313964844","2134","2134","2134"
"21359","53.12095260620117","53.12095260620117","53.12095260620117","2135","2135","2135"
"21369","97.90149688720703","97.90149688720703","97.90149688720703","2136","2136","2136"
"21379","70.02627563476562","70.02627563476562","70.02627563476562","2137","2137","2137"
"21389","67.17236328125","67.17236328125","67.17236328125","2138","2138","2138"
"21419","39.232601165771484","39.232601165771484","39.232601165771484","2141","2141","2141"
"21439","49.95454788208008","49.95454788208008","49.95454788208008","2143","2143","2143"
"21449","79.33903503417969","79.33903503417969","79.33903503417969","2144","2144","2144"
"21469","40.216854095458984","40.216854095458984","40.216854095458984","2146","2146","2146"
"21509","44.52477264404297","44.52477264404297","44.52477264404297","2150","2150","2150"
"21529","57.34959030151367","57.34959030151367","57.34959030151367","2152","2152","2152"
"21539","62.58431625366211","62.58431625366211","62.58431625366211","2153","2153","2153"
"21569","48.342323303222656","48.342323303222656","48.342323303222656","2156","2156","2156"
"21589","48.006614685058594","48.006614685058594","48.006614685058594","2158","2158","2158"
"21599","80.02212524414062","80.02212524414062","80.02212524414062","2159","2159","2159"
"21629","111.00289916992188","111.00289916992188","111.00289916992188","2162","2162","2162"
"21649","84.03311157226562","84.03311157226562","84.03311157226562","2164","2164","2164"
"21659","49.81173324584961","49.81173324584961","49.81173324584961","2165","2165","2165"
"21669","81.25691223144531","81.25691223144531","81.25691223144531","2166","2166","2166"
"21689","63.60460662841797","63.60460662841797","63.60460662841797","2168","2168","2168"
"21719","62.512699127197266","62.512699127197266","62.512699127197266","2171","2171","2171"
"21739","82.78767395019531","82.78767395019531","82.78767395019531","2173","2173","2173"
"21789","46.149070739746094","46.149070739746094","46.149070739746094","2178","2178","2178"
"21809","66.73637390136719","66.73637390136719","66.73637390136719","2180","2180","2180"
"21829","66.17764282226562","66.17764282226562","66.17764282226562","2182","2182","2182"
"21849","44.27617263793945","44.27617263793945","44.27617263793945","2184","2184","2184"
"21859","86.28466796875","86.28466796875","86.28466796875","2185","2185","2185"
"21879","88.88502502441406","88.88502502441406","88.88502502441406","2187","2187","2187"
"21889","86.109130859375","86.109130859375","86.109130859375","2188","2188","2188"
"21899","122.99234771728516","122.99234771728516","122.99234771728516","2189","2189","2189"
"21929","98.96453857421875","98.96453857421875","98.96453857421875","2192","2192","2192"
"21939","63.4666862487793","63.4666862487793","63.4666862487793","2193","2193","2193"
"21949","40.137413024902344","40.137413024902344","40.137413024902344","2194","2194","2194"
"21979","84.93026733398438","84.93026733398438","84.93026733398438","2197","2197","2197"
"21989","50.723915100097656","50.723915100097656","50.723915100097656","2198","2198","2198"
"21999","89.92440795898438","89.92440795898438","89.92440795898438","2199","2199","2199"
"22009","36.39314270019531","36.39314270019531","36.39314270019531","2200","2200","2200"
"22019","42.49128723144531","42.49128723144531","42.49128723144531","2201","2201","2201"
"22039","55.87678527832031","55.87678527832031","55.87678527832031","2203","2203","2203"
"22079","161.5473175048828","161.5473175048828","161.5473175048828","2207","2207","2207"
"22089","73.94957733154297","73.94957733154297","73.94957733154297","2208","2208","2208"
"22099","42.40386199951172","42.40386199951172","42.40386199951172","2209","2209","2209"
"22129","47.42707061767578","47.42707061767578","47.42707061767578","2212","2212","2212"
"22139","44.74833679199219","44.74833679199219","44.74833679199219","2213","2213","2213"
"22179","78.10292053222656","78.10292053222656","78.10292053222656","2217","2217","2217"
"22199","72.4810562133789","72.4810562133789","72.4810562133789","2219","2219","2219"
"22209","64.24610900878906","64.24610900878906","64.24610900878906","2220","2220","2220"
"22239","58.45014190673828","58.45014190673828","58.45014190673828","2223","2223","2223"
"22329","50.179481506347656","50.179481506347656","50.179481506347656","2232","2232","2232"
"22339","76.07801818847656","76.07801818847656","76.07801818847656","2233","2233","2233"
"22439","51.81008529663086","51.81008529663086","51.81008529663086","2243","2243","2243"
"22479","68.09281921386719","68.09281921386719","68.09281921386719","2247","2247","2247"
"22489","103.30670928955078","103.30670928955078","103.30670928955078","2248","2248","2248"
"22499","81.72450256347656","81.72450256347656","81.72450256347656","2249","2249","2249"
"22529","74.43724060058594","74.43724060058594","74.43724060058594","2252","2252","2252"
"22579","65.04349517822266","65.04349517822266","65.04349517822266","2257","2257","2257"
"22589","52.91457748413086","52.91457748413086","52.91457748413086","2258","2258","2258"
"22609","89.91220092773438","89.91220092773438","89.91220092773438","2260","2260","2260"
"22619","93.39750671386719","93.39750671386719","93.39750671386719","2261","2261","2261"
"22639","69.23045349121094","69.23045349121094","69.23045349121094","2263","2263","2263"
"22649","49.48448944091797","49.48448944091797","49.48448944091797","2264","2264","2264"
"22659","54.46977233886719","54.46977233886719","54.46977233886719","2265","2265","2265"
"22669","79.34929656982422","79.34929656982422","79.34929656982422","2266","2266","2266"
"22699","93.50594329833984","93.50594329833984","93.50594329833984","2269","2269","2269"
"22719","45.2944450378418","45.2944450378418","45.2944450378418","2271","2271","2271"
"22729","52.64389419555664","52.64389419555664","52.64389419555664","2272","2272","2272"
"22739","60.5328254699707","60.5328254699707","60.5328254699707","2273","2273","2273"
"22759","49.37028503417969","49.37028503417969","49.37028503417969","2275","2275","2275"
"22769","58.71356964111328","58.71356964111328","58.71356964111328","2276","2276","2276"
"22809","92.66563415527344","92.66563415527344","92.66563415527344","2280","2280","2280"
"22829","64.54082489013672","64.54082489013672","64.54082489013672","2282","2282","2282"
"22839","68.78482055664062","68.78482055664062","68.78482055664062","2283","2283","2283"
"22849","47.65338897705078","47.65338897705078","47.65338897705078","2284","2284","2284"
"22889","56.15290069580078","56.15290069580078","56.15290069580078","2288","2288","2288"
"22899","41.02973556518555","41.02973556518555","41.02973556518555","2289","2289","2289"
"22909","52.785011291503906","52.785011291503906","52.785011291503906","2290","2290","2290"
"22929","66.49432373046875","66.49432373046875","66.49432373046875","2292","2292","2292"
"22959","47.44072723388672","47.44072723388672","47.44072723388672","2295","2295","2295"
"22969","142.57838439941406","142.57838439941406","142.57838439941406","2296","2296","2296"
"23029","57.71527099609375","57.71527099609375","57.71527099609375","2302","2302","2302"
"23039","71.78999328613281","71.78999328613281","71.78999328613281","2303","2303","2303"
"23119","134.79397583007812","134.79397583007812","134.79397583007812","2311","2311","2311"
"23189","99.57374572753906","99.57374572753906","99.57374572753906","2318","2318","2318"
"23209","60.16947555541992","60.16947555541992","60.16947555541992","2320","2320","2320"
"23219","53.249717712402344","53.249717712402344","53.249717712402344","2321","2321","2321"
"23259","47.87837219238281","47.87837219238281","47.87837219238281","2325","2325","2325"
"23269","56.511749267578125","56.511749267578125","56.511749267578125","2326","2326","2326"
"23289","173.97494506835938","173.97494506835938","173.97494506835938","2328","2328","2328"
"23349","105.17805480957031","105.17805480957031","105.17805480957031","2334","2334","2334"
"23369","84.35176086425781","84.35176086425781","84.35176086425781","2336","2336","2336"
"23389","126.27545166015625","126.27545166015625","126.27545166015625","2338","2338","2338"
"23409","95.19738006591797","95.19738006591797","95.19738006591797","2340","2340","2340"
"23439","37.67155456542969","37.67155456542969","37.67155456542969","2343","2343","2343"
"23469","53.68244171142578","53.68244171142578","53.68244171142578","2346","2346","2346"
"23489","52.60935974121094","52.60935974121094","52.60935974121094","2348","2348","2348"
"23499","47.579612731933594","47.579612731933594","47.579612731933594","2349","2349","2349"
"23529","52.789859771728516","52.789859771728516","52.789859771728516","2352","2352","2352"
"23549","64.35649108886719","64.35649108886719","64.35649108886719","2354","2354","2354"
"23569","80.54981994628906","80.54981994628906","80.54981994628906","2356","2356","2356"
"23579","53.27146911621094","53.27146911621094","53.27146911621094","2357","2357","2357"
"23599","85.0601806640625","85.0601806640625","85.0601806640625","2359","2359","2359"
"23639","38.48365783691406","38.48365783691406","38.48365783691406","2363","2363","2363"
"23719","73.92283630371094","73.92283630371094","73.92283630371094","2371","2371","2371"
"23739","40.308048248291016","40.308048248291016","40.308048248291016","2373","2373","2373"
"23749","39.765167236328125","39.765167236328125","39.765167236328125","2374","2374","2374"
"23759","59.029571533203125","59.029571533203125","59.029571533203125","2375","2375","2375"
"23779","40.855953216552734","40.855953216552734","40.855953216552734","2377","2377","2377"
"23789","48.38109588623047","48.38109588623047","48.38109588623047","2378","2378","2378"
"23809","51.11056900024414","51.11056900024414","51.11056900024414","2380","2380","2380"
"23819","135.7290496826172","135.7290496826172","135.7290496826172","2381","2381","2381"
"23829","43.11543273925781","43.11543273925781","43.11543273925781","2382","2382","2382"
"23839","75.62189483642578","75.62189483642578","75.62189483642578","2383","2383","2383"
"23849","40.562294006347656","40.562294006347656","40.562294006347656","2384","2384","2384"
"23879","69.63372802734375","69.63372802734375","69.63372802734375","2387","2387","2387"
"23889","36.75214385986328","36.75214385986328","36.75214385986328","2388","2388","2388"
"23909","90.15428924560547","90.15428924560547","90.15428924560547","2390","2390","2390"
"23939","60.87055587768555","60.87055587768555","60.87055587768555","2393","2393","2393"
"23949","57.368125915527344","57.368125915527344","57.368125915527344","2394","2394","2394"
"23959","63.42972946166992","63.42972946166992","63.42972946166992","2395","2395","2395"
"23969","68.54443359375","68.54443359375","68.54443359375","2396","2396","2396"
"23989","59.456321716308594","59.456321716308594","59.456321716308594","2398","2398","2398"
"24009","154.89794921875","154.89794921875","154.89794921875","2400","2400","2400"
"24049","48.18385314941406","48.18385314941406","48.18385314941406","2404","2404","2404"
"24059","47.35818862915039","47.35818862915039","47.35818862915039","2405","2405","2405"
"24069","41.30373001098633","41.30373001098633","41.30373001098633","2406","2406","2406"
"24109","76.50186920166016","76.50186920166016","76.50186920166016","2410","2410","2410"
"24119","85.3134765625","85.3134765625","85.3134765625","2411","2411","2411"
"24159","67.15821838378906","67.15821838378906","67.15821838378906","2415","2415","2415"
"24179","64.97334289550781","64.97334289550781","64.97334289550781","2417","2417","2417"
"24189","87.55186462402344","87.55186462402344","87.55186462402344","2418","2418","2418"
"24199","57.20677947998047","57.20677947998047","57.20677947998047","2419","2419","2419"
"24209","46.82997512817383","46.82997512817383","46.82997512817383","2420","2420","2420"
"24219","43.00959777832031","43.00959777832031","43.00959777832031","2421","2421","2421"
"24229","54.27875518798828","54.27875518798828","54.27875518798828","2422","2422","2422"
"24249","80.54412078857422","80.54412078857422","80.54412078857422","2424","2424","2424"
"24259","102.9920883178711","102.9920883178711","102.9920883178711","2425","2425","2425"
"24269","52.47932815551758","52.47932815551758","52.47932815551758","2426","2426","2426"
"24279","51.197837829589844","51.197837829589844","51.197837829589844","2427","2427","2427"
"24289","54.752811431884766","54.752811431884766","54.752811431884766","2428","2428","2428"
"24299","60.336395263671875","60.336395263671875","60.336395263671875","2429","2429","2429"
"24319","104.45936584472656","104.45936584472656","104.45936584472656","2431","2431","2431"
"24369","73.121826171875","73.121826171875","73.121826171875","2436","2436","2436"
"24409","81.23091125488281","81.23091125488281","81.23091125488281","2440","2440","2440"
"24429","37.55986022949219","37.55986022949219","37.55986022949219","2442","2442","2442"
"24489","56.70991897583008","56.70991897583008","56.70991897583008","2448","2448","2448"
"24529","40.27700424194336","40.27700424194336","40.27700424194336","2452","2452","2452"
"24539","134.42694091796875","134.42694091796875","134.42694091796875","2453","2453","2453"
"24549","63.111122131347656","63.111122131347656","63.111122131347656","2454","2454","2454"
"24579","56.261444091796875","56.261444091796875","56.261444091796875","2457","2457","2457"
"24599","57.10615158081055","57.10615158081055","57.10615158081055","2459","2459","2459"
"24609","85.43035888671875","85.43035888671875","85.43035888671875","2460","2460","2460"
"24639","72.71331024169922","72.71331024169922","72.71331024169922","2463","2463","2463"
"24669","98.9708251953125","98.9708251953125","98.9708251953125","2466","2466","2466"
"24679","65.67385864257812","65.67385864257812","65.67385864257812","2467","2467","2467"
"24699","44.61266326904297","44.61266326904297","44.61266326904297","2469","2469","2469"
"24729","52.11164093017578","52.11164093017578","52.11164093017578","2472","2472","2472"
"24739","63.096824645996094","63.096824645996094","63.096824645996094","2473","2473","2473"
"24779","57.98352813720703","57.98352813720703","57.98352813720703","2477","2477","2477"
"24799","57.33631896972656","57.33631896972656","57.33631896972656","2479","2479","2479"
"24809","43.52656555175781","43.52656555175781","43.52656555175781","2480","2480","2480"
"24819","75.67098999023438","75.67098999023438","75.67098999023438","2481","2481","2481"
"24859","58.26475524902344","58.26475524902344","58.26475524902344","2485","2485","2485"
"24879","53.456153869628906","53.456153869628906","53.456153869628906","2487","2487","2487"
"24889","64.04096221923828","64.04096221923828","64.04096221923828","2488","2488","2488"
"24919","49.292236328125","49.292236328125","49.292236328125","2491","2491","2491"
"24939","45.22467041015625","45.22467041015625","45.22467041015625","2493","2493","2493"
"24999","104.19448852539062","104.19448852539062","104.19448852539062","2499","2499","2499"
"25009","36.022377014160156","36.022377014160156","36.022377014160156","2500","2500","2500"
"25019","91.59636688232422","91.59636688232422","91.59636688232422","2501","2501","2501"
"25059","56.89458465576172","56.89458465576172","56.89458465576172","2505","2505","2505"
"25089","72.09959411621094","72.09959411621094","72.09959411621094","2508","2508","2508"
"25109","54.97905731201172","54.97905731201172","54.97905731201172","2510","2510","2510"
"25119","66.22798156738281","66.22798156738281","66.22798156738281","2511","2511","2511"
"25189","48.56987380981445","48.56987380981445","48.56987380981445","2518","2518","2518"
"25209","33.715789794921875","33.715789794921875","33.715789794921875","2520","2520","2520"
"25219","45.01570129394531","45.01570129394531","45.01570129394531","2521","2521","2521"
"25229","36.44799041748047","36.44799041748047","36.44799041748047","2522","2522","2522"
"25269","45.529808044433594","45.529808044433594","45.529808044433594","2526","2526","2526"
"25279","52.3806266784668","52.3806266784668","52.3806266784668","2527","2527","2527"
"25299","55.000083923339844","55.000083923339844","55.000083923339844","2529","2529","2529"
"25309","49.14725112915039","49.14725112915039","49.14725112915039","2530","2530","2530"
"25319","68.21864318847656","68.21864318847656","68.21864318847656","2531","2531","2531"
"25339","53.813682556152344","53.813682556152344","53.813682556152344","2533","2533","2533"
"25349","58.87767028808594","58.87767028808594","58.87767028808594","2534","2534","2534"
"25379","106.09426879882812","106.09426879882812","106.09426879882812","2537","2537","2537"
"25389","98.1015625","98.1015625","98.1015625","2538","2538","2538"
"25399","58.511207580566406","58.511207580566406","58.511207580566406","2539","2539","2539"
"25409","71.17637634277344","71.17637634277344","71.17637634277344","2540","2540","2540"
"25419","36.36759948730469","36.36759948730469","36.36759948730469","2541","2541","2541"
"25429","83.87405395507812","83.87405395507812","83.87405395507812","2542","2542","2542"
"25449","45.94554901123047","45.94554901123047","45.94554901123047","2544","2544","2544"
"25489","47.938575744628906","47.938575744628906","47.938575744628906","2548","2548","2548"
"25499","76.45414733886719","76.45414733886719","76.45414733886719","2549","2549","2549"
"25519","48.08716583251953","48.08716583251953","48.08716583251953","2551","2551","2551"
"25559","85.35968017578125","85.35968017578125","85.35968017578125","2555","2555","2555"
"25569","46.880245208740234","46.880245208740234","46.880245208740234","2556","2556","2556"
"25579","47.7575569152832","47.7575569152832","47.7575569152832","2557","2557","2557"
"25609","47.1491584777832","47.1491584777832","47.1491584777832","2560","2560","2560"
"25619","69.8245620727539","69.8245620727539","69.8245620727539","2561","2561","2561"
"25629","60.00420379638672","60.00420379638672","60.00420379638672","2562","2562","2562"
"25639","92.18541717529297","92.18541717529297","92.18541717529297","2563","2563","2563"
"25659","85.37520599365234","85.37520599365234","85.37520599365234","2565","2565","2565"
"25689","57.52326202392578","57.52326202392578","57.52326202392578","2568","2568","2568"
"25729","61.85418701171875","61.85418701171875","61.85418701171875","2572","2572","2572"
"25739","44.31217575073242","44.31217575073242","44.31217575073242","2573","2573","2573"
"25749","78.35604095458984","78.35604095458984","78.35604095458984","2574","2574","2574"
"25769","40.193115234375","40.193115234375","40.193115234375","2576","2576","2576"
"25789","66.56462860107422","66.56462860107422","66.56462860107422","2578","2578","2578"
"25809","33.718482971191406","33.718482971191406","33.718482971191406","2580","2580","2580"
"25819","81.18196105957031","81.18196105957031","81.18196105957031","2581","2581","2581"
"25829","67.25041198730469","67.25041198730469","67.25041198730469","2582","2582","2582"
"25839","86.81497192382812","86.81497192382812","86.81497192382812","2583","2583","2583"
"25849","42.50261306762695","42.50261306762695","42.50261306762695","2584","2584","2584"
"25859","40.63704299926758","40.63704299926758","40.63704299926758","2585","2585","2585"
"25869","65.39646911621094","65.39646911621094","65.39646911621094","2586","2586","2586"
"25879","56.786067962646484","56.786067962646484","56.786067962646484","2587","2587","2587"
"25909","75.97344207763672","75.97344207763672","75.97344207763672","2590","2590","2590"
"25929","68.65186309814453","68.65186309814453","68.65186309814453","2592","2592","2592"
"25939","53.77021789550781","53.77021789550781","53.77021789550781","2593","2593","2593"
"25949","51.6998291015625","51.6998291015625","51.6998291015625","2594","2594","2594"
"25999","75.96068572998047","75.96068572998047","75.96068572998047","2599","2599","2599"
"26009","63.00126266479492","63.00126266479492","63.00126266479492","2600","2600","2600"
"26039","37.059017181396484","37.059017181396484","37.059017181396484","2603","2603","2603"
"26069","38.00173568725586","38.00173568725586","38.00173568725586","2606","2606","2606"
"26129","49.264556884765625","49.264556884765625","49.264556884765625","2612","2612","2612"
"26159","48.25473403930664","48.25473403930664","48.25473403930664","2615","2615","2615"
"26169","51.19140625","51.19140625","51.19140625","2616","2616","2616"
"26219","77.85044860839844","77.85044860839844","77.85044860839844","2621","2621","2621"
"26249","80.55928802490234","80.55928802490234","80.55928802490234","2624","2624","2624"
"26299","90.59122467041016","90.59122467041016","90.59122467041016","2629","2629","2629"
"26319","64.55943298339844","64.55943298339844","64.55943298339844","2631","2631","2631"
"26329","72.09841918945312","72.09841918945312","72.09841918945312","2632","2632","2632"
"26419","69.66846466064453","69.66846466064453","69.66846466064453","2641","2641","2641"
"26469","51.59099578857422","51.59099578857422","51.59099578857422","2646","2646","2646"
"26479","38.698326110839844","38.698326110839844","38.698326110839844","2647","2647","2647"
"26499","39.67717361450195","39.67717361450195","39.67717361450195","2649","2649","2649"
"26559","76.5285415649414","76.5285415649414","76.5285415649414","2655","2655","2655"
"26569","44.56641387939453","44.56641387939453","44.56641387939453","2656","2656","2656"
"26589","59.05664825439453","59.05664825439453","59.05664825439453","2658","2658","2658"
"26609","55.75537109375","55.75537109375","55.75537109375","2660","2660","2660"
"26629","105.35181427001953","105.35181427001953","105.35181427001953","2662","2662","2662"
"26639","55.87311553955078","55.87311553955078","55.87311553955078","2663","2663","2663"
"26679","84.29441833496094","84.29441833496094","84.29441833496094","2667","2667","2667"
"26709","45.71316909790039","45.71316909790039","45.71316909790039","2670","2670","2670"
"26719","59.90404510498047","59.90404510498047","59.90404510498047","2671","2671","2671"
"26729","41.782047271728516","41.782047271728516","41.782047271728516","2672","2672","2672"
"26739","70.4753189086914","70.4753189086914","70.4753189086914","2673","2673","2673"
"26769","66.19587707519531","66.19587707519531","66.19587707519531","2676","2676","2676"
"26809","64.48528289794922","64.48528289794922","64.48528289794922","2680","2680","2680"
"26819","111.5064697265625","111.5064697265625","111.5064697265625","2681","2681","2681"
"26839","64.53067016601562","64.53067016601562","64.53067016601562","2683","2683","2683"
"26849","71.02579498291016","71.02579498291016","71.02579498291016","2684","2684","2684"
"26889","56.107421875","56.107421875","56.107421875","2688","2688","2688"
"26999","50.20901870727539","50.20901870727539","50.20901870727539","2699","2699","2699"
"27009","55.28739547729492","55.28739547729492","55.28739547729492","2700","2700","2700"
"27029","41.4473762512207","41.4473762512207","41.4473762512207","2702","2702","2702"
"27049","74.05083465576172","74.05083465576172","74.05083465576172","2704","2704","2704"
"27059","54.8929443359375","54.8929443359375","54.8929443359375","2705","2705","2705"
"27079","55.83241653442383","55.83241653442383","55.83241653442383","2707","2707","2707"
"27099","91.39907836914062","91.39907836914062","91.39907836914062","2709","2709","2709"
"27109","47.984737396240234","47.984737396240234","47.984737396240234","2710","2710","2710"
"27129","41.119476318359375","41.119476318359375","41.119476318359375","2712","2712","2712"
"27149","78.06651306152344","78.06651306152344","78.06651306152344","2714","2714","2714"
"27169","61.69868850708008","61.69868850708008","61.69868850708008","2716","2716","2716"
"27179","66.79009246826172","66.79009246826172","66.79009246826172","2717","2717","2717"
"27189","41.25221252441406","41.25221252441406","41.25221252441406","2718","2718","2718"
"27199","43.85584259033203","43.85584259033203","43.85584259033203","2719","2719","2719"
"27209","42.673038482666016","42.673038482666016","42.673038482666016","2720","2720","2720"
"27239","56.369354248046875","56.369354248046875","56.369354248046875","2723","2723","2723"
"27259","59.46537780761719","59.46537780761719","59.46537780761719","2725","2725","2725"
"27299","134.11856079101562","134.11856079101562","134.11856079101562","2729","2729","2729"
"27329","48.31273651123047","48.31273651123047","48.31273651123047","2732","2732","2732"
"27339","46.111392974853516","46.111392974853516","46.111392974853516","2733","2733","2733"
"27359","37.42460632324219","37.42460632324219","37.42460632324219","2735","2735","2735"
"27389","43.63200759887695","43.63200759887695","43.63200759887695","2738","2738","2738"
"27399","47.01848602294922","47.01848602294922","47.01848602294922","2739","2739","2739"
"27419","41.499046325683594","41.499046325683594","41.499046325683594","2741","2741","2741"
"27429","71.58425903320312","71.58425903320312","71.58425903320312","2742","2742","2742"
"27439","89.7705078125","89.7705078125","89.7705078125","2743","2743","2743"
"27509","55.52769088745117","55.52769088745117","55.52769088745117","2750","2750","2750"
"27519","49.09364318847656","49.09364318847656","49.09364318847656","2751","2751","2751"
"27529","150.0808563232422","150.0808563232422","150.0808563232422","2752","2752","2752"
"27629","41.358924865722656","41.358924865722656","41.358924865722656","2762","2762","2762"
"27679","43.98125076293945","43.98125076293945","43.98125076293945","2767","2767","2767"
"27689","72.96858215332031","72.96858215332031","72.96858215332031","2768","2768","2768"
"27699","178.7354736328125","178.7354736328125","178.7354736328125","2769","2769","2769"
"27709","86.98074340820312","86.98074340820312","86.98074340820312","2770","2770","2770"
"27739","69.93795013427734","69.93795013427734","69.93795013427734","2773","2773","2773"
"27819","72.88365173339844","72.88365173339844","72.88365173339844","2781","2781","2781"
"27859","57.55706024169922","57.55706024169922","57.55706024169922","2785","2785","2785"
"27909","55.152610778808594","55.152610778808594","55.152610778808594","2790","2790","2790"
"27919","43.905399322509766","43.905399322509766","43.905399322509766","2791","2791","2791"
"27929","65.17413330078125","65.17413330078125","65.17413330078125","2792","2792","2792"
"27939","80.9356918334961","80.9356918334961","80.9356918334961","2793","2793","2793"
"27949","66.27073669433594","66.27073669433594","66.27073669433594","2794","2794","2794"
"27979","56.75383377075195","56.75383377075195","56.75383377075195","2797","2797","2797"
"27989","47.34019088745117","47.34019088745117","47.34019088745117","2798","2798","2798"
"27999","56.04801559448242","56.04801559448242","56.04801559448242","2799","2799","2799"
"28009","37.41040802001953","37.41040802001953","37.41040802001953","2800","2800","2800"
"28029","66.13915252685547","66.13915252685547","66.13915252685547","2802","2802","2802"
"28049","45.70234298706055","45.70234298706055","45.70234298706055","2804","2804","2804"
"28069","36.67300796508789","36.67300796508789","36.67300796508789","2806","2806","2806"
"28109","64.28962707519531","64.28962707519531","64.28962707519531","2810","2810","2810"
"28159","42.348567962646484","42.348567962646484","42.348567962646484","2815","2815","2815"
"28169","39.00898742675781","39.00898742675781","39.00898742675781","2816","2816","2816"
"28199","35.213809967041016","35.213809967041016","35.213809967041016","2819","2819","2819"
"28219","44.47565460205078","44.47565460205078","44.47565460205078","2821","2821","2821"
"28259","62.515525817871094","62.515525817871094","62.515525817871094","2825","2825","2825"
"28309","92.17135620117188","92.17135620117188","92.17135620117188","2830","2830","2830"
"28329","69.80599975585938","69.80599975585938","69.80599975585938","2832","2832","2832"
"28339","34.47055435180664","34.47055435180664","34.47055435180664","2833","2833","2833"
"28349","69.97917175292969","69.97917175292969","69.97917175292969","2834","2834","2834"
"28369","114.61029052734375","114.61029052734375","114.61029052734375","2836","2836","2836"
"28389","48.50389099121094","48.50389099121094","48.50389099121094","2838","2838","2838"
"28399","64.66246032714844","64.66246032714844","64.66246032714844","2839","2839","2839"
"28419","65.67549133300781","65.67549133300781","65.67549133300781","2841","2841","2841"
"28429","55.330589294433594","55.330589294433594","55.330589294433594","2842","2842","2842"
"28449","54.728355407714844","54.728355407714844","54.728355407714844","2844","2844","2844"
"28479","59.72987747192383","59.72987747192383","59.72987747192383","2847","2847","2847"
"28499","71.43843841552734","71.43843841552734","71.43843841552734","2849","2849","2849"
"28509","40.212135314941406","40.212135314941406","40.212135314941406","2850","2850","2850"
"28519","41.170249938964844","41.170249938964844","41.170249938964844","2851","2851","2851"
"28539","52.57379913330078","52.57379913330078","52.57379913330078","2853","2853","2853"
"28569","42.25425720214844","42.25425720214844","42.25425720214844","2856","2856","2856"
"28599","50.2955322265625","50.2955322265625","50.2955322265625","2859","2859","2859"
"28609","42.590171813964844","42.590171813964844","42.590171813964844","2860","2860","2860"
"28629","94.63243865966797","94.63243865966797","94.63243865966797","2862","2862","2862"
"28639","42.56049728393555","42.56049728393555","42.56049728393555","2863","2863","2863"
"28659","41.0217399597168","41.0217399597168","41.0217399597168","2865","2865","2865"
"28689","43.87354278564453","43.87354278564453","43.87354278564453","2868","2868","2868"
"28699","72.44603729248047","72.44603729248047","72.44603729248047","2869","2869","2869"
"28719","58.613243103027344","58.613243103027344","58.613243103027344","2871","2871","2871"
"28749","91.55423736572266","91.55423736572266","91.55423736572266","2874","2874","2874"
"28779","57.31892776489258","57.31892776489258","57.31892776489258","2877","2877","2877"
"28799","44.000831604003906","44.000831604003906","44.000831604003906","2879","2879","2879"
"28829","52.43818283081055","52.43818283081055","52.43818283081055","2882","2882","2882"
"28849","38.592315673828125","38.592315673828125","38.592315673828125","2884","2884","2884"
"28859","42.331825256347656","42.331825256347656","42.331825256347656","2885","2885","2885"
"28929","61.02452087402344","61.02452087402344","61.02452087402344","2892","2892","2892"
"28939","51.99282455444336","51.99282455444336","51.99282455444336","2893","2893","2893"
"28949","51.3698616027832","51.3698616027832","51.3698616027832","2894","2894","2894"
"28959","90.58221435546875","90.58221435546875","90.58221435546875","2895","2895","2895"
"28969","44.977821350097656","44.977821350097656","44.977821350097656","2896","2896","2896"
"29029","54.17749786376953","54.17749786376953","54.17749786376953","2902","2902","2902"
"29049","45.78851318359375","45.78851318359375","45.78851318359375","2904","2904","2904"
"29069","44.66276168823242","44.66276168823242","44.66276168823242","2906","2906","2906"
"29099","80.02508544921875","80.02508544921875","80.02508544921875","2909","2909","2909"
"29119","87.43013763427734","87.43013763427734","87.43013763427734","2911","2911","2911"
"29169","38.93109130859375","38.93109130859375","38.93109130859375","2916","2916","2916"
"29179","40.957218170166016","40.957218170166016","40.957218170166016","2917","2917","2917"
"29189","68.60150909423828","68.60150909423828","68.60150909423828","2918","2918","2918"
"29219","49.835777282714844","49.835777282714844","49.835777282714844","2921","2921","2921"
"29249","60.714271545410156","60.714271545410156","60.714271545410156","2924","2924","2924"
"29269","47.01185989379883","47.01185989379883","47.01185989379883","2926","2926","2926"
"29279","53.093406677246094","53.093406677246094","53.093406677246094","2927","2927","2927"
"29289","71.49354553222656","71.49354553222656","71.49354553222656","2928","2928","2928"
"29299","36.82410430908203","36.82410430908203","36.82410430908203","2929","2929","2929"
"29309","84.90617370605469","84.90617370605469","84.90617370605469","2930","2930","2930"
"29319","118.28609466552734","118.28609466552734","118.28609466552734","2931","2931","2931"
"29389","37.21350860595703","37.21350860595703","37.21350860595703","2938","2938","2938"
"29399","47.755760192871094","47.755760192871094","47.755760192871094","2939","2939","2939"
"29419","40.62596893310547","40.62596893310547","40.62596893310547","2941","2941","2941"
"29469","106.92109680175781","106.92109680175781","106.92109680175781","2946","2946","2946"
"29509","54.95021438598633","54.95021438598633","54.95021438598633","2950","2950","2950"
"29539","67.96771240234375","67.96771240234375","67.96771240234375","2953","2953","2953"
"29549","41.555599212646484","41.555599212646484","41.555599212646484","2954","2954","2954"
"29559","68.49432373046875","68.49432373046875","68.49432373046875","2955","2955","2955"
"29589","77.89527893066406","77.89527893066406","77.89527893066406","2958","2958","2958"
"29639","41.11899948120117","41.11899948120117","41.11899948120117","2963","2963","2963"
"29649","80.4864273071289","80.4864273071289","80.4864273071289","2964","2964","2964"
"29669","65.5433578491211","65.5433578491211","65.5433578491211","2966","2966","2966"
"29689","67.24591064453125","67.24591064453125","67.24591064453125","2968","2968","2968"
"29719","86.14810180664062","86.14810180664062","86.14810180664062","2971","2971","2971"
"29739","40.14628601074219","40.14628601074219","40.14628601074219","2973","2973","2973"
"29759","67.21003723144531","67.21003723144531","67.21003723144531","2975","2975","2975"
"29779","59.82782745361328","59.82782745361328","59.82782745361328","2977","2977","2977"
"29819","95.32210540771484","95.32210540771484","95.32210540771484","2981","2981","2981"
"29839","48.94554901123047","48.94554901123047","48.94554901123047","2983","2983","2983"
"29889","40.38370895385742","40.38370895385742","40.38370895385742","2988","2988","2988"
"29899","37.7459602355957","37.7459602355957","37.7459602355957","2989","2989","2989"
"29919","42.03999710083008","42.03999710083008","42.03999710083008","2991","2991","2991"
"29929","40.38786315917969","40.38786315917969","40.38786315917969","2992","2992","2992"
"29969","61.302249908447266","61.302249908447266","61.302249908447266","2996","2996","2996"
"30039","69.41728973388672","69.41728973388672","69.41728973388672","3003","3003","3003"
"30059","78.58509063720703","78.58509063720703","78.58509063720703","3005","3005","3005"
"30099","46.396995544433594","46.396995544433594","46.396995544433594","3009","3009","3009"
"30109","124.405029296875","124.405029296875","124.405029296875","3010","3010","3010"
"30169","71.02896118164062","71.02896118164062","71.02896118164062","3016","3016","3016"
"30179","52.334373474121094","52.334373474121094","52.334373474121094","3017","3017","3017"
"30189","83.5635986328125","83.5635986328125","83.5635986328125","3018","3018","3018"
"30199","41.88313674926758","41.88313674926758","41.88313674926758","3019","3019","3019"
"30239","94.77818298339844","94.77818298339844","94.77818298339844","3023","3023","3023"
"30249","70.81248474121094","70.81248474121094","70.81248474121094","3024","3024","3024"
"30279","44.93566131591797","44.93566131591797","44.93566131591797","3027","3027","3027"
"30299","126.31737518310547","126.31737518310547","126.31737518310547","3029","3029","3029"
"30309","70.76982116699219","70.76982116699219","70.76982116699219","3030","3030","3030"
"30319","77.27421569824219","77.27421569824219","77.27421569824219","3031","3031","3031"
"30329","43.39580535888672","43.39580535888672","43.39580535888672","3032","3032","3032"
"30349","36.4447021484375","36.4447021484375","36.4447021484375","3034","3034","3034"
"30359","42.305580139160156","42.305580139160156","42.305580139160156","3035","3035","3035"
"30389","40.6237907409668","40.6237907409668","40.6237907409668","3038","3038","3038"
"30409","96.9053955078125","96.9053955078125","96.9053955078125","3040","3040","3040"
"30429","39.514244079589844","39.514244079589844","39.514244079589844","3042","3042","3042"
"30439","105.6055679321289","105.6055679321289","105.6055679321289","3043","3043","3043"
"30449","105.3592529296875","105.3592529296875","105.3592529296875","3044","3044","3044"
"30469","59.81821823120117","59.81821823120117","59.81821823120117","3046","3046","3046"
"30529","82.61129760742188","82.61129760742188","82.61129760742188","3052","3052","3052"
"30579","53.98699951171875","53.98699951171875","53.98699951171875","3057","3057","3057"
"30599","43.61939239501953","43.61939239501953","43.61939239501953","3059","3059","3059"
"30609","40.115169525146484","40.115169525146484","40.115169525146484","3060","3060","3060"
"30619","89.7061767578125","89.7061767578125","89.7061767578125","3061","3061","3061"
"30629","48.34574508666992","48.34574508666992","48.34574508666992","3062","3062","3062"
"30649","68.36453247070312","68.36453247070312","68.36453247070312","3064","3064","3064"
"30669","43.87476348876953","43.87476348876953","43.87476348876953","3066","3066","3066"
"30689","29.96682357788086","29.96682357788086","29.96682357788086","3068","3068","3068"
"30699","38.207366943359375","38.207366943359375","38.207366943359375","3069","3069","3069"
"30709","37.662925720214844","37.662925720214844","37.662925720214844","3070","3070","3070"
"30739","57.254024505615234","57.254024505615234","57.254024505615234","3073","3073","3073"
"30749","170.51113891601562","170.51113891601562","170.51113891601562","3074","3074","3074"
"30819","97.59909057617188","97.59909057617188","97.59909057617188","3081","3081","3081"
"30839","46.40154266357422","46.40154266357422","46.40154266357422","3083","3083","3083"
"30849","41.69524383544922","41.69524383544922","41.69524383544922","3084","3084","3084"
"30859","78.83613586425781","78.83613586425781","78.83613586425781","3085","3085","3085"
"30919","67.65184020996094","67.65184020996094","67.65184020996094","3091","3091","3091"
"30939","48.575469970703125","48.575469970703125","48.575469970703125","3093","3093","3093"
"30969","39.37434768676758","39.37434768676758","39.37434768676758","3096","3096","3096"
"30979","48.57783889770508","48.57783889770508","48.57783889770508","3097","3097","3097"
"30989","182.8587646484375","182.8587646484375","182.8587646484375","3098","3098","3098"
"31009","83.7437515258789","83.7437515258789","83.7437515258789","3100","3100","3100"
"31029","67.01374816894531","67.01374816894531","67.01374816894531","3102","3102","3102"
"31039","77.6655044555664","77.6655044555664","77.6655044555664","3103","3103","3103"
"31089","73.52426147460938","73.52426147460938","73.52426147460938","3108","3108","3108"
"31119","159.17965698242188","159.17965698242188","159.17965698242188","3111","3111","3111"
"31149","43.918861389160156","43.918861389160156","43.918861389160156","3114","3114","3114"
"31179","87.68682861328125","87.68682861328125","87.68682861328125","3117","3117","3117"
"31209","60.461910247802734","60.461910247802734","60.461910247802734","3120","3120","3120"
"31219","38.147254943847656","38.147254943847656","38.147254943847656","3121","3121","3121"
"31229","49.77864074707031","49.77864074707031","49.77864074707031","3122","3122","3122"
"31249","79.39386749267578","79.39386749267578","79.39386749267578","3124","3124","3124"
"31259","131.49166870117188","131.49166870117188","131.49166870117188","3125","3125","3125"
"31309","44.152042388916016","44.152042388916016","44.152042388916016","3130","3130","3130"
"31329","49.17894744873047","49.17894744873047","49.17894744873047","3132","3132","3132"
"31349","201.84059143066406","201.84059143066406","201.84059143066406","3134","3134","3134"
"31359","63.0732536315918","63.0732536315918","63.0732536315918","3135","3135","3135"
"31389","73.22728729248047","73.22728729248047","73.22728729248047","3138","3138","3138"
"31419","31.770862579345703","31.770862579345703","31.770862579345703","3141","3141","3141"
"31459","34.689125061035156","34.689125061035156","34.689125061035156","3145","3145","3145"
"31499","36.74127197265625","36.74127197265625","36.74127197265625","3149","3149","3149"
"31509","67.93519592285156","67.93519592285156","67.93519592285156","3150","3150","3150"
"31539","99.09033203125","99.09033203125","99.09033203125","3153","3153","3153"
"31559","77.83255004882812","77.83255004882812","77.83255004882812","3155","3155","3155"
"31569","77.77273559570312","77.77273559570312","77.77273559570312","3156","3156","3156"
"31579","41.999168395996094","41.999168395996094","41.999168395996094","3157","3157","3157"
"31619","46.582664489746094","46.582664489746094","46.582664489746094","3161","3161","3161"
"31639","58.90970230102539","58.90970230102539","58.90970230102539","3163","3163","3163"
"31679","69.92074584960938","69.92074584960938","69.92074584960938","3167","3167","3167"
"31719","80.55146789550781","80.55146789550781","80.55146789550781","3171","3171","3171"
"31739","44.693031311035156","44.693031311035156","44.693031311035156","3173","3173","3173"
"31769","55.71375274658203","55.71375274658203","55.71375274658203","3176","3176","3176"
"31779","59.18614196777344","59.18614196777344","59.18614196777344","3177","3177","3177"
"31809","38.61090087890625","38.61090087890625","38.61090087890625","3180","3180","3180"
"31889","55.20733642578125","55.20733642578125","55.20733642578125","3188","3188","3188"
"31919","43.0713996887207","43.0713996887207","43.0713996887207","3191","3191","3191"
"31999","40.80274963378906","40.80274963378906","40.80274963378906","3199","3199","3199"
"32019","39.23417282104492","39.23417282104492","39.23417282104492","3201","3201","3201"
"32029","68.09925079345703","68.09925079345703","68.09925079345703","3202","3202","3202"
"32039","39.457454681396484","39.457454681396484","39.457454681396484","3203","3203","3203"
"32069","139.19786071777344","139.19786071777344","139.19786071777344","3206","3206","3206"
"32079","42.99034118652344","42.99034118652344","42.99034118652344","3207","3207","3207"
"32089","91.85646057128906","91.85646057128906","91.85646057128906","3208","3208","3208"
"32099","59.785797119140625","59.785797119140625","59.785797119140625","3209","3209","3209"
"32129","89.29795837402344","89.29795837402344","89.29795837402344","3212","3212","3212"
"32139","51.47043228149414","51.47043228149414","51.47043228149414","3213","3213","3213"
"32149","43.32166290283203","43.32166290283203","43.32166290283203","3214","3214","3214"
"32159","56.33843231201172","56.33843231201172","56.33843231201172","3215","3215","3215"
"32179","47.00261306762695","47.00261306762695","47.00261306762695","3217","3217","3217"
"32219","47.44091033935547","47.44091033935547","47.44091033935547","3221","3221","3221"
"32239","40.7313232421875","40.7313232421875","40.7313232421875","3223","3223","3223"
"32249","44.58526611328125","44.58526611328125","44.58526611328125","3224","3224","3224"
"32299","46.83660125732422","46.83660125732422","46.83660125732422","3229","3229","3229"
"32309","46.41508483886719","46.41508483886719","46.41508483886719","3230","3230","3230"
"32319","57.31355667114258","57.31355667114258","57.31355667114258","3231","3231","3231"
"32379","105.69586181640625","105.69586181640625","105.69586181640625","3237","3237","3237"
"32389","47.75453567504883","47.75453567504883","47.75453567504883","3238","3238","3238"
"32399","45.58524703979492","45.58524703979492","45.58524703979492","3239","3239","3239"
"32419","52.57891845703125","52.57891845703125","52.57891845703125","3241","3241","3241"
"32469","57.71120834350586","57.71120834350586","57.71120834350586","3246","3246","3246"
"32479","33.77873992919922","33.77873992919922","33.77873992919922","3247","3247","3247"
"32489","86.28179168701172","86.28179168701172","86.28179168701172","3248","3248","3248"
"32509","115.0085678100586","115.0085678100586","115.0085678100586","3250","3250","3250"
"32519","69.66490173339844","69.66490173339844","69.66490173339844","3251","3251","3251"
"32559","44.100502014160156","44.100502014160156","44.100502014160156","3255","3255","3255"
"32589","60.80376434326172","60.80376434326172","60.80376434326172","3258","3258","3258"
"32629","41.8685302734375","41.8685302734375","41.8685302734375","3262","3262","3262"
"32639","37.15045928955078","37.15045928955078","37.15045928955078","3263","3263","3263"
"32659","65.73379516601562","65.73379516601562","65.73379516601562","3265","3265","3265"
"32739","53.3402099609375","53.3402099609375","53.3402099609375","3273","3273","3273"
"32749","45.568267822265625","45.568267822265625","45.568267822265625","3274","3274","3274"
"32769","50.10908508300781","50.10908508300781","50.10908508300781","3276","3276","3276"
"32779","45.88104248046875","45.88104248046875","45.88104248046875","3277","3277","3277"
"32809","74.14176940917969","74.14176940917969","74.14176940917969","3280","3280","3280"
"32819","44.79979705810547","44.79979705810547","44.79979705810547","3281","3281","3281"
"32829","37.496437072753906","37.496437072753906","37.496437072753906","3282","3282","3282"
"32859","63.42843246459961","63.42843246459961","63.42843246459961","3285","3285","3285"
"32899","103.23890686035156","103.23890686035156","103.23890686035156","3289","3289","3289"
"32929","48.57292556762695","48.57292556762695","48.57292556762695","3292","3292","3292"
"32939","42.756290435791016","42.756290435791016","42.756290435791016","3293","3293","3293"
"32969","70.06216430664062","70.06216430664062","70.06216430664062","3296","3296","3296"
"32979","126.42253112792969","126.42253112792969","126.42253112792969","3297","3297","3297"
"32989","49.461204528808594","49.461204528808594","49.461204528808594","3298","3298","3298"
"33019","125.61605834960938","125.61605834960938","125.61605834960938","3301","3301","3301"
"33049","68.33602905273438","68.33602905273438","68.33602905273438","3304","3304","3304"
"33069","107.95557403564453","107.95557403564453","107.95557403564453","3306","3306","3306"
"33079","44.719261169433594","44.719261169433594","44.719261169433594","3307","3307","3307"
"33099","300.92108154296875","300.92108154296875","300.92108154296875","3309","3309","3309"
"33109","66.16095733642578","66.16095733642578","66.16095733642578","3310","3310","3310"
"33129","37.84101867675781","37.84101867675781","37.84101867675781","3312","3312","3312"
"33169","44.05839920043945","44.05839920043945","44.05839920043945","3316","3316","3316"
"33189","76.48129272460938","76.48129272460938","76.48129272460938","3318","3318","3318"
"33199","59.55522155761719","59.55522155761719","59.55522155761719","3319","3319","3319"
"33219","97.69413757324219","97.69413757324219","97.69413757324219","3321","3321","3321"
"33229","46.72304153442383","46.72304153442383","46.72304153442383","3322","3322","3322"
"33289","38.30312728881836","38.30312728881836","38.30312728881836","3328","3328","3328"
"33329","76.59033203125","76.59033203125","76.59033203125","3332","3332","3332"
"33359","46.1249885559082","46.1249885559082","46.1249885559082","3335","3335","3335"
"33369","91.42749786376953","91.42749786376953","91.42749786376953","3336","3336","3336"
"33379","60.80681610107422","60.80681610107422","60.80681610107422","3337","3337","3337"
"33409","78.85414123535156","78.85414123535156","78.85414123535156","3340","3340","3340"
"33419","75.89053344726562","75.89053344726562","75.89053344726562","3341","3341","3341"
"33439","59.06729507446289","59.06729507446289","59.06729507446289","3343","3343","3343"
"33469","39.48539352416992","39.48539352416992","39.48539352416992","3346","3346","3346"
"33499","62.74760818481445","62.74760818481445","62.74760818481445","3349","3349","3349"
"33539","86.37220764160156","86.37220764160156","86.37220764160156","3353","3353","3353"
"33569","77.75699615478516","77.75699615478516","77.75699615478516","3356","3356","3356"
"33579","64.25111389160156","64.25111389160156","64.25111389160156","3357","3357","3357"
"33599","48.556541442871094","48.556541442871094","48.556541442871094","3359","3359","3359"
"33609","56.90895080566406","56.90895080566406","56.90895080566406","3360","3360","3360"
"33649","51.44306945800781","51.44306945800781","51.44306945800781","3364","3364","3364"
"33659","50.190921783447266","50.190921783447266","50.190921783447266","3365","3365","3365"
"33669","55.89133071899414","55.89133071899414","55.89133071899414","3366","3366","3366"
"33679","39.49469757080078","39.49469757080078","39.49469757080078","3367","3367","3367"
"33699","63.724727630615234","63.724727630615234","63.724727630615234","3369","3369","3369"
"33709","50.69789123535156","50.69789123535156","50.69789123535156","3370","3370","3370"
"33729","68.4496078491211","68.4496078491211","68.4496078491211","3372","3372","3372"
"33739","44.75401306152344","44.75401306152344","44.75401306152344","3373","3373","3373"
"33749","45.019718170166016","45.019718170166016","45.019718170166016","3374","3374","3374"
"33759","59.028770446777344","59.028770446777344","59.028770446777344","3375","3375","3375"
"33769","36.046173095703125","36.046173095703125","36.046173095703125","3376","3376","3376"
"33829","35.29043960571289","35.29043960571289","35.29043960571289","3382","3382","3382"
"33839","58.29307174682617","58.29307174682617","58.29307174682617","3383","3383","3383"
"33859","131.69625854492188","131.69625854492188","131.69625854492188","3385","3385","3385"
"33879","58.03472137451172","58.03472137451172","58.03472137451172","3387","3387","3387"
"33919","67.55564880371094","67.55564880371094","67.55564880371094","3391","3391","3391"
"33929","86.2088851928711","86.2088851928711","86.2088851928711","3392","3392","3392"
"33939","76.02668762207031","76.02668762207031","76.02668762207031","3393","3393","3393"
"33979","40.74510192871094","40.74510192871094","40.74510192871094","3397","3397","3397"
"33989","54.513668060302734","54.513668060302734","54.513668060302734","3398","3398","3398"
"33999","126.45248413085938","126.45248413085938","126.45248413085938","3399","3399","3399"
"34009","50.186973571777344","50.186973571777344","50.186973571777344","3400","3400","3400"
"34019","60.054893493652344","60.054893493652344","60.054893493652344","3401","3401","3401"
"34039","49.16847229003906","49.16847229003906","49.16847229003906","3403","3403","3403"
"34089","110.88309478759766","110.88309478759766","110.88309478759766","3408","3408","3408"
"34169","102.94358825683594","102.94358825683594","102.94358825683594","3416","3416","3416"
"34179","82.44621276855469","82.44621276855469","82.44621276855469","3417","3417","3417"
"34199","76.52552032470703","76.52552032470703","76.52552032470703","3419","3419","3419"
"34219","44.33503723144531","44.33503723144531","44.33503723144531","3421","3421","3421"
"34229","138.99874877929688","138.99874877929688","138.99874877929688","3422","3422","3422"
"34239","95.19628143310547","95.19628143310547","95.19628143310547","3423","3423","3423"
"34259","63.67662811279297","63.67662811279297","63.67662811279297","3425","3425","3425"
"34279","75.91230773925781","75.91230773925781","75.91230773925781","3427","3427","3427"
"34289","47.13302993774414","47.13302993774414","47.13302993774414","3428","3428","3428"
"34299","135.37547302246094","135.37547302246094","135.37547302246094","3429","3429","3429"
"34309","81.08668518066406","81.08668518066406","81.08668518066406","3430","3430","3430"
"34359","78.11211395263672","78.11211395263672","78.11211395263672","3435","3435","3435"
"34399","35.94261169433594","35.94261169433594","35.94261169433594","3439","3439","3439"
"34409","46.2359504699707","46.2359504699707","46.2359504699707","3440","3440","3440"
"34419","62.04389190673828","62.04389190673828","62.04389190673828","3441","3441","3441"
"34429","56.30911636352539","56.30911636352539","56.30911636352539","3442","3442","3442"
"34449","38.4713249206543","38.4713249206543","38.4713249206543","3444","3444","3444"
"34469","40.35118103027344","40.35118103027344","40.35118103027344","3446","3446","3446"
"34519","61.67224884033203","61.67224884033203","61.67224884033203","3451","3451","3451"
"34529","140.8881072998047","140.8881072998047","140.8881072998047","3452","3452","3452"
"34579","135.5561065673828","135.5561065673828","135.5561065673828","3457","3457","3457"
"34589","39.138336181640625","39.138336181640625","39.138336181640625","3458","3458","3458"
"34659","50.534523010253906","50.534523010253906","50.534523010253906","3465","3465","3465"
"34719","44.51191711425781","44.51191711425781","44.51191711425781","3471","3471","3471"
"34729","55.62567138671875","55.62567138671875","55.62567138671875","3472","3472","3472"
"34759","61.74900817871094","61.74900817871094","61.74900817871094","3475","3475","3475"
"34769","56.43000793457031","56.43000793457031","56.43000793457031","3476","3476","3476"
"34799","46.40007019042969","46.40007019042969","46.40007019042969","3479","3479","3479"
"34839","73.49234008789062","73.49234008789062","73.49234008789062","3483","3483","3483"
"34849","82.57920837402344","82.57920837402344","82.57920837402344","3484","3484","3484"
"34859","63.33510971069336","63.33510971069336","63.33510971069336","3485","3485","3485"
"34869","57.673885345458984","57.673885345458984","57.673885345458984","3486","3486","3486"
"34899","62.380653381347656","62.380653381347656","62.380653381347656","3489","3489","3489"
"34929","67.3532485961914","67.3532485961914","67.3532485961914","3492","3492","3492"
"34939","51.7211799621582","51.7211799621582","51.7211799621582","3493","3493","3493"
"34949","40.04303741455078","40.04303741455078","40.04303741455078","3494","3494","3494"
"34959","45.683128356933594","45.683128356933594","45.683128356933594","3495","3495","3495"
"34969","90.6323471069336","90.6323471069336","90.6323471069336","3496","3496","3496"
"34979","237.48878479003906","237.48878479003906","237.48878479003906","3497","3497","3497"
"35009","46.55221939086914","46.55221939086914","46.55221939086914","3500","3500","3500"
"35039","43.29999542236328","43.29999542236328","43.29999542236328","3503","3503","3503"
"35049","38.891021728515625","38.891021728515625","38.891021728515625","3504","3504","3504"
"35069","42.287235260009766","42.287235260009766","42.287235260009766","3506","3506","3506"
"35089","55.26383972167969","55.26383972167969","55.26383972167969","3508","3508","3508"
"35109","78.55549621582031","78.55549621582031","78.55549621582031","3510","3510","3510"
"35119","40.87922668457031","40.87922668457031","40.87922668457031","3511","3511","3511"
"35129","67.52285766601562","67.52285766601562","67.52285766601562","3512","3512","3512"
"35149","42.12657165527344","42.12657165527344","42.12657165527344","3514","3514","3514"
"35159","36.5545654296875","36.5545654296875","36.5545654296875","3515","3515","3515"
"35189","38.6804084777832","38.6804084777832","38.6804084777832","3518","3518","3518"
"35209","37.53528594970703","37.53528594970703","37.53528594970703","3520","3520","3520"
"35239","101.60853576660156","101.60853576660156","101.60853576660156","3523","3523","3523"
"35259","54.920467376708984","54.920467376708984","54.920467376708984","3525","3525","3525"
"35289","70.02374267578125","70.02374267578125","70.02374267578125","3528","3528","3528"
"35299","47.76557922363281","47.76557922363281","47.76557922363281","3529","3529","3529"
"35309","33.882843017578125","33.882843017578125","33.882843017578125","3530","3530","3530"
"35339","94.93357849121094","94.93357849121094","94.93357849121094","3533","3533","3533"
"35359","94.92792510986328","94.92792510986328","94.92792510986328","3535","3535","3535"
"35369","64.85311889648438","64.85311889648438","64.85311889648438","3536","3536","3536"
"35399","69.31023406982422","69.31023406982422","69.31023406982422","3539","3539","3539"
"35439","56.86753845214844","56.86753845214844","56.86753845214844","3543","3543","3543"
"35469","55.13880920410156","55.13880920410156","55.13880920410156","3546","3546","3546"
"35479","51.95829391479492","51.95829391479492","51.95829391479492","3547","3547","3547"
"35509","81.20132446289062","81.20132446289062","81.20132446289062","3550","3550","3550"
"35579","39.05288314819336","39.05288314819336","39.05288314819336","3557","3557","3557"
"35629","47.973079681396484","47.973079681396484","47.973079681396484","3562","3562","3562"
"35639","58.06858825683594","58.06858825683594","58.06858825683594","3563","3563","3563"
"35649","48.57899856567383","48.57899856567383","48.57899856567383","3564","3564","3564"
"35669","93.66304016113281","93.66304016113281","93.66304016113281","3566","3566","3566"
"35679","66.46327209472656","66.46327209472656","66.46327209472656","3567","3567","3567"
"35699","52.84074783325195","52.84074783325195","52.84074783325195","3569","3569","3569"
"35719","50.63450622558594","50.63450622558594","50.63450622558594","3571","3571","3571"
"35749","310.2475891113281","310.2475891113281","310.2475891113281","3574","3574","3574"
"35759","74.63157653808594","74.63157653808594","74.63157653808594","3575","3575","3575"
"35779","44.528602600097656","44.528602600097656","44.528602600097656","3577","3577","3577"
"35789","133.1162109375","133.1162109375","133.1162109375","3578","3578","3578"
"35829","45.37289810180664","45.37289810180664","45.37289810180664","3582","3582","3582"
"35839","54.07707214355469","54.07707214355469","54.07707214355469","3583","3583","3583"
"35849","36.6755256652832","36.6755256652832","36.6755256652832","3584","3584","3584"
"35869","70.10653686523438","70.10653686523438","70.10653686523438","3586","3586","3586"
"35879","41.31550979614258","41.31550979614258","41.31550979614258","3587","3587","3587"
"35889","50.29199981689453","50.29199981689453","50.29199981689453","3588","3588","3588"
"35899","30.51993179321289","30.51993179321289","30.51993179321289","3589","3589","3589"
"35919","55.6954231262207","55.6954231262207","55.6954231262207","3591","3591","3591"
"35949","36.528255462646484","36.528255462646484","36.528255462646484","3594","3594","3594"
"35959","49.03923416137695","49.03923416137695","49.03923416137695","3595","3595","3595"
"35979","67.27244567871094","67.27244567871094","67.27244567871094","3597","3597","3597"
"35999","56.84916687011719","56.84916687011719","56.84916687011719","3599","3599","3599"
"36009","53.385623931884766","53.385623931884766","53.385623931884766","3600","3600","3600"
"36019","50.81433868408203","50.81433868408203","50.81433868408203","3601","3601","3601"
"36029","57.076812744140625","57.076812744140625","57.076812744140625","3602","3602","3602"
"36049","42.52530288696289","42.52530288696289","42.52530288696289","3604","3604","3604"
"36059","46.7585334777832","46.7585334777832","46.7585334777832","3605","3605","3605"
"36089","61.94577407836914","61.94577407836914","61.94577407836914","3608","3608","3608"
"36109","72.22252655029297","72.22252655029297","72.22252655029297","3610","3610","3610"
"36139","46.37119674682617","46.37119674682617","46.37119674682617","3613","3613","3613"
"36159","46.133541107177734","46.133541107177734","46.133541107177734","3615","3615","3615"
"36189","67.44783020019531","67.44783020019531","67.44783020019531","3618","3618","3618"
"36199","87.04225158691406","87.04225158691406","87.04225158691406","3619","3619","3619"
"36239","69.03559112548828","69.03559112548828","69.03559112548828","3623","3623","3623"
"36249","52.880069732666016","52.880069732666016","52.880069732666016","3624","3624","3624"
"36289","67.0738296508789","67.0738296508789","67.0738296508789","3628","3628","3628"
"36299","114.92119598388672","114.92119598388672","114.92119598388672","3629","3629","3629"
"36319","42.269752502441406","42.269752502441406","42.269752502441406","3631","3631","3631"
"36339","95.94911193847656","95.94911193847656","95.94911193847656","3633","3633","3633"
"36369","93.17814636230469","93.17814636230469","93.17814636230469","3636","3636","3636"
"36409","58.031822204589844","58.031822204589844","58.031822204589844","3640","3640","3640"
"36429","77.08673858642578","77.08673858642578","77.08673858642578","3642","3642","3642"
"36449","54.26445007324219","54.26445007324219","54.26445007324219","3644","3644","3644"
"36469","84.0362777709961","84.0362777709961","84.0362777709961","3646","3646","3646"
"36489","82.93685913085938","82.93685913085938","82.93685913085938","3648","3648","3648"
"36499","38.116153717041016","38.116153717041016","38.116153717041016","3649","3649","3649"
"36529","49.56434631347656","49.56434631347656","49.56434631347656","3652","3652","3652"
"36539","54.09817886352539","54.09817886352539","54.09817886352539","3653","3653","3653"
"36559","123.51432800292969","123.51432800292969","123.51432800292969","3655","3655","3655"
"36569","39.98288345336914","39.98288345336914","39.98288345336914","3656","3656","3656"
"36589","72.70851135253906","72.70851135253906","72.70851135253906","3658","3658","3658"
"36609","54.936283111572266","54.936283111572266","54.936283111572266","3660","3660","3660"
"36639","49.78316116333008","49.78316116333008","49.78316116333008","3663","3663","3663"
"36679","98.829345703125","98.829345703125","98.829345703125","3667","3667","3667"
"36739","43.868553161621094","43.868553161621094","43.868553161621094","3673","3673","3673"
"36749","42.47614288330078","42.47614288330078","42.47614288330078","3674","3674","3674"
"36759","65.9074935913086","65.9074935913086","65.9074935913086","3675","3675","3675"
"36769","37.44511413574219","37.44511413574219","37.44511413574219","3676","3676","3676"
"36779","47.137733459472656","47.137733459472656","47.137733459472656","3677","3677","3677"
"36789","42.4736328125","42.4736328125","42.4736328125","3678","3678","3678"
"36799","47.908992767333984","47.908992767333984","47.908992767333984","3679","3679","3679"
"36809","42.11616134643555","42.11616134643555","42.11616134643555","3680","3680","3680"
"36839","34.86964416503906","34.86964416503906","34.86964416503906","3683","3683","3683"
"36869","75.06211853027344","75.06211853027344","75.06211853027344","3686","3686","3686"
"36899","79.9599838256836","79.9599838256836","79.9599838256836","3689","3689","3689"
"36979","77.12506103515625","77.12506103515625","77.12506103515625","3697","3697","3697"
"36999","43.01228332519531","43.01228332519531","43.01228332519531","3699","3699","3699"
"37019","46.65409851074219","46.65409851074219","46.65409851074219","3701","3701","3701"
"37069","104.53851318359375","104.53851318359375","104.53851318359375","3706","3706","3706"
"37099","63.52128219604492","63.52128219604492","63.52128219604492","3709","3709","3709"
"37139","53.718223571777344","53.718223571777344","53.718223571777344","3713","3713","3713"
"37149","62.349884033203125","62.349884033203125","62.349884033203125","3714","3714","3714"
"37199","55.463096618652344","55.463096618652344","55.463096618652344","3719","3719","3719"
"37209","96.70948028564453","96.70948028564453","96.70948028564453","3720","3720","3720"
"37239","58.70612335205078","58.70612335205078","58.70612335205078","3723","3723","3723"
"37279","53.15781021118164","53.15781021118164","53.15781021118164","3727","3727","3727"
"37299","98.1712417602539","98.1712417602539","98.1712417602539","3729","3729","3729"
"37309","85.15765380859375","85.15765380859375","85.15765380859375","3730","3730","3730"
"37329","55.19554138183594","55.19554138183594","55.19554138183594","3732","3732","3732"
"37339","52.42082214355469","52.42082214355469","52.42082214355469","3733","3733","3733"
"37349","57.326629638671875","57.326629638671875","57.326629638671875","3734","3734","3734"
"37359","45.30793380737305","45.30793380737305","45.30793380737305","3735","3735","3735"
"37379","53.47549819946289","53.47549819946289","53.47549819946289","3737","3737","3737"
"37409","48.836769104003906","48.836769104003906","48.836769104003906","3740","3740","3740"
"37419","70.01750183105469","70.01750183105469","70.01750183105469","3741","3741","3741"
"37429","48.01192855834961","48.01192855834961","48.01192855834961","3742","3742","3742"
"37449","42.83984375","42.83984375","42.83984375","3744","3744","3744"
"37469","45.593994140625","45.593994140625","45.593994140625","3746","3746","3746"
"37489","57.11272048950195","57.11272048950195","57.11272048950195","3748","3748","3748"
"37499","67.66145324707031","67.66145324707031","67.66145324707031","3749","3749","3749"
"37509","52.2154541015625","52.2154541015625","52.2154541015625","3750","3750","3750"
"37549","68.57637023925781","68.57637023925781","68.57637023925781","3754","3754","3754"
"37569","48.461936950683594","48.461936950683594","48.461936950683594","3756","3756","3756"
"37579","41.675537109375","41.675537109375","41.675537109375","3757","3757","3757"
"37589","64.8901138305664","64.8901138305664","64.8901138305664","3758","3758","3758"
"37609","67.78018188476562","67.78018188476562","67.78018188476562","3760","3760","3760"
"37649","37.710941314697266","37.710941314697266","37.710941314697266","3764","3764","3764"
"37659","75.74612426757812","75.74612426757812","75.74612426757812","3765","3765","3765"
"37669","54.2701301574707","54.2701301574707","54.2701301574707","3766","3766","3766"
"37679","50.94135284423828","50.94135284423828","50.94135284423828","3767","3767","3767"
"37689","60.302581787109375","60.302581787109375","60.302581787109375","3768","3768","3768"
"37699","48.80988693237305","48.80988693237305","48.80988693237305","3769","3769","3769"
"37709","47.551536560058594","47.551536560058594","47.551536560058594","3770","3770","3770"
"37719","63.007667541503906","63.007667541503906","63.007667541503906","3771","3771","3771"
"37739","41.45924377441406","41.45924377441406","41.45924377441406","3773","3773","3773"
"37749","46.332000732421875","46.332000732421875","46.332000732421875","3774","3774","3774"
"37769","89.18466186523438","89.18466186523438","89.18466186523438","3776","3776","3776"
"37839","46.877227783203125","46.877227783203125","46.877227783203125","3783","3783","3783"
"37879","51.94347381591797","51.94347381591797","51.94347381591797","3787","3787","3787"
"37899","56.49555206298828","56.49555206298828","56.49555206298828","3789","3789","3789"
"37909","39.987335205078125","39.987335205078125","39.987335205078125","3790","3790","3790"
"37919","41.331642150878906","41.331642150878906","41.331642150878906","3791","3791","3791"
"37949","59.491249084472656","59.491249084472656","59.491249084472656","3794","3794","3794"
"37989","40.41101837158203","40.41101837158203","40.41101837158203","3798","3798","3798"
"38009","90.31021118164062","90.31021118164062","90.31021118164062","3800","3800","3800"
"38039","56.844886779785156","56.844886779785156","56.844886779785156","3803","3803","3803"
"38119","60.4666748046875","60.4666748046875","60.4666748046875","3811","3811","3811"
"38129","69.78924560546875","69.78924560546875","69.78924560546875","3812","3812","3812"
"38149","49.46807098388672","49.46807098388672","49.46807098388672","3814","3814","3814"
"38159","37.42713165283203","37.42713165283203","37.42713165283203","3815","3815","3815"
"38189","43.538761138916016","43.538761138916016","43.538761138916016","3818","3818","3818"
"38219","69.5495376586914","69.5495376586914","69.5495376586914","3821","3821","3821"
"38239","44.24089050292969","44.24089050292969","44.24089050292969","3823","3823","3823"
"38249","64.56430053710938","64.56430053710938","64.56430053710938","3824","3824","3824"
"38269","81.9239501953125","81.9239501953125","81.9239501953125","3826","3826","3826"
"38299","47.34819412231445","47.34819412231445","47.34819412231445","3829","3829","3829"
"38309","96.67204284667969","96.67204284667969","96.67204284667969","3830","3830","3830"
"38329","118.67294311523438","118.67294311523438","118.67294311523438","3832","3832","3832"
"38339","74.81127166748047","74.81127166748047","74.81127166748047","3833","3833","3833"
"38359","53.13228225708008","53.13228225708008","53.13228225708008","3835","3835","3835"
"38369","54.765281677246094","54.765281677246094","54.765281677246094","3836","3836","3836"
"38389","71.18717193603516","71.18717193603516","71.18717193603516","3838","3838","3838"
"38409","38.70625686645508","38.70625686645508","38.70625686645508","3840","3840","3840"
"38499","80.19558715820312","80.19558715820312","80.19558715820312","3849","3849","3849"
"38509","56.850990295410156","56.850990295410156","56.850990295410156","3850","3850","3850"
"38539","51.41970443725586","51.41970443725586","51.41970443725586","3853","3853","3853"
"38559","48.28529739379883","48.28529739379883","48.28529739379883","3855","3855","3855"
"38579","61.674461364746094","61.674461364746094","61.674461364746094","3857","3857","3857"
"38609","43.90380096435547","43.90380096435547","43.90380096435547","3860","3860","3860"
"38619","40.818843841552734","40.818843841552734","40.818843841552734","3861","3861","3861"
"38629","44.23028564453125","44.23028564453125","44.23028564453125","3862","3862","3862"
"38639","55.74832534790039","55.74832534790039","55.74832534790039","3863","3863","3863"
"38689","41.70644760131836","41.70644760131836","41.70644760131836","3868","3868","3868"
"38709","56.02157211303711","56.02157211303711","56.02157211303711","3870","3870","3870"
"38719","69.5095443725586","69.5095443725586","69.5095443725586","3871","3871","3871"
"38779","35.19316101074219","35.19316101074219","35.19316101074219","3877","3877","3877"
"38789","55.389034271240234","55.389034271240234","55.389034271240234","3878","3878","3878"
"38799","60.072147369384766","60.072147369384766","60.072147369384766","3879","3879","3879"
"38819","57.86957550048828","57.86957550048828","57.86957550048828","3881","3881","3881"
"38839","79.2825927734375","79.2825927734375","79.2825927734375","3883","3883","3883"
"38859","70.534912109375","70.534912109375","70.534912109375","3885","3885","3885"
"38879","35.01230239868164","35.01230239868164","35.01230239868164","3887","3887","3887"
"38899","53.96143341064453","53.96143341064453","53.96143341064453","3889","3889","3889"
"38929","49.428524017333984","49.428524017333984","49.428524017333984","3892","3892","3892"
"38939","115.86992645263672","115.86992645263672","115.86992645263672","3893","3893","3893"
"38949","71.01248931884766","71.01248931884766","71.01248931884766","3894","3894","3894"
"38959","74.42897033691406","74.42897033691406","74.42897033691406","3895","3895","3895"
"38979","49.20215606689453","49.20215606689453","49.20215606689453","3897","3897","3897"
"38999","37.816951751708984","37.816951751708984","37.816951751708984","3899","3899","3899"
"39019","66.76238250732422","66.76238250732422","66.76238250732422","3901","3901","3901"
"39049","58.14948654174805","58.14948654174805","58.14948654174805","3904","3904","3904"
"39089","59.62592697143555","59.62592697143555","59.62592697143555","3908","3908","3908"
"39109","98.14030456542969","98.14030456542969","98.14030456542969","3910","3910","3910"
"39129","43.364044189453125","43.364044189453125","43.364044189453125","3912","3912","3912"
"39149","97.42264556884766","97.42264556884766","97.42264556884766","3914","3914","3914"
"39179","48.097450256347656","48.097450256347656","48.097450256347656","3917","3917","3917"
"39199","57.023048400878906","57.023048400878906","57.023048400878906","3919","3919","3919"
"39209","152.06040954589844","152.06040954589844","152.06040954589844","3920","3920","3920"
"39219","90.15865325927734","90.15865325927734","90.15865325927734","3921","3921","3921"
"39239","110.11244201660156","110.11244201660156","110.11244201660156","3923","3923","3923"
"39259","45.56454086303711","45.56454086303711","45.56454086303711","3925","3925","3925"
"39319","76.0988540649414","76.0988540649414","76.0988540649414","3931","3931","3931"
"39329","85.9074478149414","85.9074478149414","85.9074478149414","3932","3932","3932"
"39339","99.39513397216797","99.39513397216797","99.39513397216797","3933","3933","3933"
"39349","53.96818542480469","53.96818542480469","53.96818542480469","3934","3934","3934"
"39379","57.97945785522461","57.97945785522461","57.97945785522461","3937","3937","3937"
"39389","48.99778366088867","48.99778366088867","48.99778366088867","3938","3938","3938"
"39419","51.427513122558594","51.427513122558594","51.427513122558594","3941","3941","3941"
"39429","87.91481018066406","87.91481018066406","87.91481018066406","3942","3942","3942"
"39439","47.41300964355469","47.41300964355469","47.41300964355469","3943","3943","3943"
"39449","51.29558563232422","51.29558563232422","51.29558563232422","3944","3944","3944"
"39469","36.411800384521484","36.411800384521484","36.411800384521484","3946","3946","3946"
"39509","34.840694427490234","34.840694427490234","34.840694427490234","3950","3950","3950"
"39519","59.55485916137695","59.55485916137695","59.55485916137695","3951","3951","3951"
"39539","46.913536071777344","46.913536071777344","46.913536071777344","3953","3953","3953"
"39559","60.88163375854492","60.88163375854492","60.88163375854492","3955","3955","3955"
"39569","44.06853485107422","44.06853485107422","44.06853485107422","3956","3956","3956"
"39589","58.78946304321289","58.78946304321289","58.78946304321289","3958","3958","3958"
"39599","71.64592742919922","71.64592742919922","71.64592742919922","3959","3959","3959"
"39609","110.79763793945312","110.79763793945312","110.79763793945312","3960","3960","3960"
"39619","70.73358154296875","70.73358154296875","70.73358154296875","3961","3961","3961"
"39669","104.16331481933594","104.16331481933594","104.16331481933594","3966","3966","3966"
"39689","63.796810150146484","63.796810150146484","63.796810150146484","3968","3968","3968"
"39709","57.03107452392578","57.03107452392578","57.03107452392578","3970","3970","3970"
"39729","41.0936279296875","41.0936279296875","41.0936279296875","3972","3972","3972"
"39749","45.022891998291016","45.022891998291016","45.022891998291016","3974","3974","3974"
"39759","74.84046936035156","74.84046936035156","74.84046936035156","3975","3975","3975"
"39769","97.59353637695312","97.59353637695312","97.59353637695312","3976","3976","3976"
"39789","74.9612045288086","74.9612045288086","74.9612045288086","3978","3978","3978"
"39799","103.02137756347656","103.02137756347656","103.02137756347656","3979","3979","3979"
"39819","61.278717041015625","61.278717041015625","61.278717041015625","3981","3981","3981"
"39899","64.92423248291016","64.92423248291016","64.92423248291016","3989","3989","3989"
"39909","54.12257385253906","54.12257385253906","54.12257385253906","3990","3990","3990"
"39919","80.45442199707031","80.45442199707031","80.45442199707031","3991","3991","3991"
"39939","76.06339263916016","76.06339263916016","76.06339263916016","3993","3993","3993"
"39989","140.65670776367188","140.65670776367188","140.65670776367188","3998","3998","3998"
"40009","75.74956512451172","75.74956512451172","75.74956512451172","4000","4000","4000"
"40019","59.69966125488281","59.69966125488281","59.69966125488281","4001","4001","4001"
"40029","72.06074523925781","72.06074523925781","72.06074523925781","4002","4002","4002"
"40089","59.88181686401367","59.88181686401367","59.88181686401367","4008","4008","4008"
"40099","41.06071472167969","41.06071472167969","41.06071472167969","4009","4009","4009"
"40129","63.70491027832031","63.70491027832031","63.70491027832031","4012","4012","4012"
"40149","57.8076286315918","57.8076286315918","57.8076286315918","4014","4014","4014"
"40169","49.695125579833984","49.695125579833984","49.695125579833984","4016","4016","4016"
"40179","65.60389709472656","65.60389709472656","65.60389709472656","4017","4017","4017"
"40219","39.56888961791992","39.56888961791992","39.56888961791992","4021","4021","4021"
"40249","38.99711990356445","38.99711990356445","38.99711990356445","4024","4024","4024"
"40259","116.62295532226562","116.62295532226562","116.62295532226562","4025","4025","4025"
"40299","66.015869140625","66.015869140625","66.015869140625","4029","4029","4029"
"40329","36.51272964477539","36.51272964477539","36.51272964477539","4032","4032","4032"
"40399","57.76537322998047","57.76537322998047","57.76537322998047","4039","4039","4039"
"40409","37.25789260864258","37.25789260864258","37.25789260864258","4040","4040","4040"
"40439","48.59474563598633","48.59474563598633","48.59474563598633","4043","4043","4043"
"40539","108.91120910644531","108.91120910644531","108.91120910644531","4053","4053","4053"
"40549","45.14677810668945","45.14677810668945","45.14677810668945","4054","4054","4054"
"40559","39.604156494140625","39.604156494140625","39.604156494140625","4055","4055","4055"
"40599","52.540157318115234","52.540157318115234","52.540157318115234","4059","4059","4059"
"40609","39.1397819519043","39.1397819519043","39.1397819519043","4060","4060","4060"
"40649","45.75886917114258","45.75886917114258","45.75886917114258","4064","4064","4064"
"40669","92.3067855834961","92.3067855834961","92.3067855834961","4066","4066","4066"
"40729","65.41165924072266","65.41165924072266","65.41165924072266","4072","4072","4072"
"40749","51.90523147583008","51.90523147583008","51.90523147583008","4074","4074","4074"
"40819","42.96398162841797","42.96398162841797","42.96398162841797","4081","4081","4081"
"40859","39.06103515625","39.06103515625","39.06103515625","4085","4085","4085"
"40879","43.77866744995117","43.77866744995117","43.77866744995117","4087","4087","4087"
"40899","86.78409576416016","86.78409576416016","86.78409576416016","4089","4089","4089"
"40909","53.79716491699219","53.79716491699219","53.79716491699219","4090","4090","4090"
"40919","56.398597717285156","56.398597717285156","56.398597717285156","4091","4091","4091"
"40929","37.30305862426758","37.30305862426758","37.30305862426758","4092","4092","4092"
"40969","95.46595764160156","95.46595764160156","95.46595764160156","4096","4096","4096"
"40979","59.883323669433594","59.883323669433594","59.883323669433594","4097","4097","4097"
"41009","85.33209228515625","85.33209228515625","85.33209228515625","4100","4100","4100"
"41019","50.6378173828125","50.6378173828125","50.6378173828125","4101","4101","4101"
"41029","64.46697235107422","64.46697235107422","64.46697235107422","4102","4102","4102"
"41049","47.235774993896484","47.235774993896484","47.235774993896484","4104","4104","4104"
"41059","40.63523483276367","40.63523483276367","40.63523483276367","4105","4105","4105"
"41089","91.0697250366211","91.0697250366211","91.0697250366211","4108","4108","4108"
"41139","45.44192886352539","45.44192886352539","45.44192886352539","4113","4113","4113"
"41149","109.11518859863281","109.11518859863281","109.11518859863281","4114","4114","4114"
"41159","74.11517333984375","74.11517333984375","74.11517333984375","4115","4115","4115"
"41169","53.569671630859375","53.569671630859375","53.569671630859375","4116","4116","4116"
"41179","107.28617095947266","107.28617095947266","107.28617095947266","4117","4117","4117"
"41199","40.399253845214844","40.399253845214844","40.399253845214844","4119","4119","4119"
"41269","40.728057861328125","40.728057861328125","40.728057861328125","4126","4126","4126"
"41309","68.53917694091797","68.53917694091797","68.53917694091797","4130","4130","4130"
"41319","41.288963317871094","41.288963317871094","41.288963317871094","4131","4131","4131"
"41409","108.12397766113281","108.12397766113281","108.12397766113281","4140","4140","4140"
"41419","116.69651794433594","116.69651794433594","116.69651794433594","4141","4141","4141"
"41429","76.80941009521484","76.80941009521484","76.80941009521484","4142","4142","4142"
"41439","64.46944427490234","64.46944427490234","64.46944427490234","4143","4143","4143"
"41449","36.509368896484375","36.509368896484375","36.509368896484375","4144","4144","4144"
"41459","54.79903793334961","54.79903793334961","54.79903793334961","4145","4145","4145"
"41479","86.99588775634766","86.99588775634766","86.99588775634766","4147","4147","4147"
"41489","51.562313079833984","51.562313079833984","51.562313079833984","4148","4148","4148"
"41499","65.76010131835938","65.76010131835938","65.76010131835938","4149","4149","4149"
"41509","51.827056884765625","51.827056884765625","51.827056884765625","4150","4150","4150"
"41519","83.16146087646484","83.16146087646484","83.16146087646484","4151","4151","4151"
"41529","106.73468017578125","106.73468017578125","106.73468017578125","4152","4152","4152"
"41599","40.03022384643555","40.03022384643555","40.03022384643555","4159","4159","4159"
"41629","75.0353012084961","75.0353012084961","75.0353012084961","4162","4162","4162"
"41639","83.13289642333984","83.13289642333984","83.13289642333984","4163","4163","4163"
"41659","88.49876403808594","88.49876403808594","88.49876403808594","4165","4165","4165"
"41709","79.66709899902344","79.66709899902344","79.66709899902344","4170","4170","4170"
"41759","99.07882690429688","99.07882690429688","99.07882690429688","4175","4175","4175"
"41779","42.20390319824219","42.20390319824219","42.20390319824219","4177","4177","4177"
"41809","55.902000427246094","55.902000427246094","55.902000427246094","4180","4180","4180"
"41819","41.69214630126953","41.69214630126953","41.69214630126953","4181","4181","4181"
"41849","58.91987609863281","58.91987609863281","58.91987609863281","4184","4184","4184"
"41869","79.49520874023438","79.49520874023438","79.49520874023438","4186","4186","4186"
"41889","59.40876770019531","59.40876770019531","59.40876770019531","4188","4188","4188"
"41979","52.16091537475586","52.16091537475586","52.16091537475586","4197","4197","4197"
"41989","43.06671142578125","43.06671142578125","43.06671142578125","4198","4198","4198"
"41999","57.88330078125","57.88330078125","57.88330078125","4199","4199","4199"
"42029","42.85401916503906","42.85401916503906","42.85401916503906","4202","4202","4202"
"42039","61.97541809082031","61.97541809082031","61.97541809082031","4203","4203","4203"
"42069","42.61292266845703","42.61292266845703","42.61292266845703","4206","4206","4206"
"42109","61.119632720947266","61.119632720947266","61.119632720947266","4210","4210","4210"
"42129","56.506351470947266","56.506351470947266","56.506351470947266","4212","4212","4212"
"42139","39.89692687988281","39.89692687988281","39.89692687988281","4213","4213","4213"
"42229","72.09578704833984","72.09578704833984","72.09578704833984","4222","4222","4222"
"42249","48.8856315612793","48.8856315612793","48.8856315612793","4224","4224","4224"
"42259","46.077857971191406","46.077857971191406","46.077857971191406","4225","4225","4225"
"42269","108.26411437988281","108.26411437988281","108.26411437988281","4226","4226","4226"
"42279","78.00079345703125","78.00079345703125","78.00079345703125","4227","4227","4227"
"42289","52.54670333862305","52.54670333862305","52.54670333862305","4228","4228","4228"
"42299","74.21881103515625","74.21881103515625","74.21881103515625","4229","4229","4229"
"42309","48.07276153564453","48.07276153564453","48.07276153564453","4230","4230","4230"
"42319","39.204559326171875","39.204559326171875","39.204559326171875","4231","4231","4231"
"42339","40.74787139892578","40.74787139892578","40.74787139892578","4233","4233","4233"
"42389","92.05061340332031","92.05061340332031","92.05061340332031","4238","4238","4238"
"42409","51.407413482666016","51.407413482666016","51.407413482666016","4240","4240","4240"
"42429","41.92035675048828","41.92035675048828","41.92035675048828","4242","4242","4242"
"42449","64.68727111816406","64.68727111816406","64.68727111816406","4244","4244","4244"
"42479","70.23890686035156","70.23890686035156","70.23890686035156","4247","4247","4247"
"42509","51.163787841796875","51.163787841796875","51.163787841796875","4250","4250","4250"
"42519","42.971099853515625","42.971099853515625","42.971099853515625","4251","4251","4251"
"42579","67.01898193359375","67.01898193359375","67.01898193359375","4257","4257","4257"
"42629","68.7085952758789","68.7085952758789","68.7085952758789","4262","4262","4262"
"42689","41.23887252807617","41.23887252807617","41.23887252807617","4268","4268","4268"
"42699","136.85186767578125","136.85186767578125","136.85186767578125","4269","4269","4269"
"42709","73.24591064453125","73.24591064453125","73.24591064453125","4270","4270","4270"
"42729","77.23204040527344","77.23204040527344","77.23204040527344","4272","4272","4272"
"42749","53.08163833618164","53.08163833618164","53.08163833618164","4274","4274","4274"
"42759","63.50981903076172","63.50981903076172","63.50981903076172","4275","4275","4275"
"42779","58.07341003417969","58.07341003417969","58.07341003417969","4277","4277","4277"
"42789","82.51949310302734","82.51949310302734","82.51949310302734","4278","4278","4278"
"42809","78.07564544677734","78.07564544677734","78.07564544677734","4280","4280","4280"
"42819","42.53614807128906","42.53614807128906","42.53614807128906","4281","4281","4281"
"42889","51.24326705932617","51.24326705932617","51.24326705932617","4288","4288","4288"
"42959","92.20272827148438","92.20272827148438","92.20272827148438","4295","4295","4295"
"42979","48.392234802246094","48.392234802246094","48.392234802246094","4297","4297","4297"
"42989","81.35932922363281","81.35932922363281","81.35932922363281","4298","4298","4298"
"43049","77.93633270263672","77.93633270263672","77.93633270263672","4304","4304","4304"
"43089","48.97368621826172","48.97368621826172","48.97368621826172","4308","4308","4308"
"43129","57.56737518310547","57.56737518310547","57.56737518310547","4312","4312","4312"
"43139","127.86807250976562","127.86807250976562","127.86807250976562","4313","4313","4313"
"43149","84.44855499267578","84.44855499267578","84.44855499267578","4314","4314","4314"
"43189","69.74623107910156","69.74623107910156","69.74623107910156","4318","4318","4318"
"43199","54.27101135253906","54.27101135253906","54.27101135253906","4319","4319","4319"
"43219","77.20323944091797","77.20323944091797","77.20323944091797","4321","4321","4321"
"43269","72.94087219238281","72.94087219238281","72.94087219238281","4326","4326","4326"
"43289","40.27898025512695","40.27898025512695","40.27898025512695","4328","4328","4328"
"43299","92.15846252441406","92.15846252441406","92.15846252441406","4329","4329","4329"
"43349","76.7498779296875","76.7498779296875","76.7498779296875","4334","4334","4334"
"43359","73.81232452392578","73.81232452392578","73.81232452392578","4335","4335","4335"
"43379","70.80760192871094","70.80760192871094","70.80760192871094","4337","4337","4337"
"43389","76.36767578125","76.36767578125","76.36767578125","4338","4338","4338"
"43409","101.5779800415039","101.5779800415039","101.5779800415039","4340","4340","4340"
"43419","64.89339447021484","64.89339447021484","64.89339447021484","4341","4341","4341"
"43449","47.82503890991211","47.82503890991211","47.82503890991211","4344","4344","4344"
"43459","60.082252502441406","60.082252502441406","60.082252502441406","4345","4345","4345"
"43469","58.713077545166016","58.713077545166016","58.713077545166016","4346","4346","4346"
"43489","51.116764068603516","51.116764068603516","51.116764068603516","4348","4348","4348"
"43499","59.338714599609375","59.338714599609375","59.338714599609375","4349","4349","4349"
"43509","52.760128021240234","52.760128021240234","52.760128021240234","4350","4350","4350"
"43519","55.59264373779297","55.59264373779297","55.59264373779297","4351","4351","4351"
"43529","63.14408874511719","63.14408874511719","63.14408874511719","4352","4352","4352"
"43549","37.13042449951172","37.13042449951172","37.13042449951172","4354","4354","4354"
"43589","111.5692138671875","111.5692138671875","111.5692138671875","4358","4358","4358"
"43599","46.084617614746094","46.084617614746094","46.084617614746094","4359","4359","4359"
"43639","54.78713607788086","54.78713607788086","54.78713607788086","4363","4363","4363"
"43699","77.97386169433594","77.97386169433594","77.97386169433594","4369","4369","4369"
"43719","47.42340850830078","47.42340850830078","47.42340850830078","4371","4371","4371"
"43739","43.40363311767578","43.40363311767578","43.40363311767578","4373","4373","4373"
"43749","71.88237762451172","71.88237762451172","71.88237762451172","4374","4374","4374"
"43759","59.14065170288086","59.14065170288086","59.14065170288086","4375","4375","4375"
"43769","53.18289566040039","53.18289566040039","53.18289566040039","4376","4376","4376"
"43779","76.1901626586914","76.1901626586914","76.1901626586914","4377","4377","4377"
"43799","43.297119140625","43.297119140625","43.297119140625","4379","4379","4379"
"43819","37.679039001464844","37.679039001464844","37.679039001464844","4381","4381","4381"
"43829","94.11231231689453","94.11231231689453","94.11231231689453","4382","4382","4382"
"43849","67.32958984375","67.32958984375","67.32958984375","4384","4384","4384"
"43869","50.771240234375","50.771240234375","50.771240234375","4386","4386","4386"
"43909","47.646949768066406","47.646949768066406","47.646949768066406","4390","4390","4390"
"43919","47.52826690673828","47.52826690673828","47.52826690673828","4391","4391","4391"
"43929","54.60831069946289","54.60831069946289","54.60831069946289","4392","4392","4392"
"44009","67.75048065185547","67.75048065185547","67.75048065185547","4400","4400","4400"
"44029","46.00823974609375","46.00823974609375","46.00823974609375","4402","4402","4402"
"44049","113.92910766601562","113.92910766601562","113.92910766601562","4404","4404","4404"
"44059","59.47968673706055","59.47968673706055","59.47968673706055","4405","4405","4405"
"44069","100.66114044189453","100.66114044189453","100.66114044189453","4406","4406","4406"
"44089","71.99954223632812","71.99954223632812","71.99954223632812","4408","4408","4408"
"44109","76.32125854492188","76.32125854492188","76.32125854492188","4410","4410","4410"
"44119","116.19379425048828","116.19379425048828","116.19379425048828","4411","4411","4411"
"44129","42.870155334472656","42.870155334472656","42.870155334472656","4412","4412","4412"
"44139","58.14655303955078","58.14655303955078","58.14655303955078","4413","4413","4413"
"44159","41.34947967529297","41.34947967529297","41.34947967529297","4415","4415","4415"
"44189","48.359901428222656","48.359901428222656","48.359901428222656","4418","4418","4418"
"44199","60.750579833984375","60.750579833984375","60.750579833984375","4419","4419","4419"
"44209","46.1176872253418","46.1176872253418","46.1176872253418","4420","4420","4420"
"44219","73.36813354492188","73.36813354492188","73.36813354492188","4421","4421","4421"
"44249","59.033302307128906","59.033302307128906","59.033302307128906","4424","4424","4424"
"44259","41.34364318847656","41.34364318847656","41.34364318847656","4425","4425","4425"
"44279","45.17011642456055","45.17011642456055","45.17011642456055","4427","4427","4427"
"44299","56.306549072265625","56.306549072265625","56.306549072265625","4429","4429","4429"
"44329","49.122196197509766","49.122196197509766","49.122196197509766","4432","4432","4432"
"44379","45.566768646240234","45.566768646240234","45.566768646240234","4437","4437","4437"
"44399","61.35948181152344","61.35948181152344","61.35948181152344","4439","4439","4439"
"44429","57.80145263671875","57.80145263671875","57.80145263671875","4442","4442","4442"
"44439","92.26032257080078","92.26032257080078","92.26032257080078","4443","4443","4443"
"44459","48.0181884765625","48.0181884765625","48.0181884765625","4445","4445","4445"
"44479","72.2020492553711","72.2020492553711","72.2020492553711","4447","4447","4447"
"44489","71.04610443115234","71.04610443115234","71.04610443115234","4448","4448","4448"
"44539","42.92184829711914","42.92184829711914","42.92184829711914","4453","4453","4453"
"44589","42.14789581298828","42.14789581298828","42.14789581298828","4458","4458","4458"
"44659","38.870872497558594","38.870872497558594","38.870872497558594","4465","4465","4465"
"44689","47.83306121826172","47.83306121826172","47.83306121826172","4468","4468","4468"
"44709","63.7730712890625","63.7730712890625","63.7730712890625","4470","4470","4470"
"44719","61.670799255371094","61.670799255371094","61.670799255371094","4471","4471","4471"
"44769","42.95922088623047","42.95922088623047","42.95922088623047","4476","4476","4476"
"44789","78.77023315429688","78.77023315429688","78.77023315429688","4478","4478","4478"
"44809","104.6125717163086","104.6125717163086","104.6125717163086","4480","4480","4480"
"44819","52.27446746826172","52.27446746826172","52.27446746826172","4481","4481","4481"
"44869","96.85958862304688","96.85958862304688","96.85958862304688","4486","4486","4486"
"44879","52.05762481689453","52.05762481689453","52.05762481689453","4487","4487","4487"
"44899","61.64666748046875","61.64666748046875","61.64666748046875","4489","4489","4489"
"44919","48.84018325805664","48.84018325805664","48.84018325805664","4491","4491","4491"
"44929","55.580284118652344","55.580284118652344","55.580284118652344","4492","4492","4492"
"44939","70.92254638671875","70.92254638671875","70.92254638671875","4493","4493","4493"
"44949","40.44309997558594","40.44309997558594","40.44309997558594","4494","4494","4494"
"44969","64.2388687133789","64.2388687133789","64.2388687133789","4496","4496","4496"
"45029","71.82264709472656","71.82264709472656","71.82264709472656","4502","4502","4502"
"45039","50.357215881347656","50.357215881347656","50.357215881347656","4503","4503","4503"
"45059","50.40453338623047","50.40453338623047","50.40453338623047","4505","4505","4505"
"45079","97.52454376220703","97.52454376220703","97.52454376220703","4507","4507","4507"
"45109","38.889347076416016","38.889347076416016","38.889347076416016","4510","4510","4510"
"45119","85.15007019042969","85.15007019042969","85.15007019042969","4511","4511","4511"
"45129","72.30873107910156","72.30873107910156","72.30873107910156","4512","4512","4512"
"45199","60.71654510498047","60.71654510498047","60.71654510498047","4519","4519","4519"
"45209","59.091915130615234","59.091915130615234","59.091915130615234","4520","4520","4520"
"45219","50.1265869140625","50.1265869140625","50.1265869140625","4521","4521","4521"
"45229","37.6821174621582","37.6821174621582","37.6821174621582","4522","4522","4522"
"45239","76.03575897216797","76.03575897216797","76.03575897216797","4523","4523","4523"
"45269","36.76768112182617","36.76768112182617","36.76768112182617","4526","4526","4526"
"45279","70.848876953125","70.848876953125","70.848876953125","4527","4527","4527"
"45309","49.21796417236328","49.21796417236328","49.21796417236328","4530","4530","4530"
"45329","65.06341552734375","65.06341552734375","65.06341552734375","4532","4532","4532"
"45349","63.44783020019531","63.44783020019531","63.44783020019531","4534","4534","4534"
"45399","31.431241989135742","31.431241989135742","31.431241989135742","4539","4539","4539"
"45419","46.616355895996094","46.616355895996094","46.616355895996094","4541","4541","4541"
"45429","50.43853759765625","50.43853759765625","50.43853759765625","4542","4542","4542"
"45439","46.534278869628906","46.534278869628906","46.534278869628906","4543","4543","4543"
"45479","78.31272888183594","78.31272888183594","78.31272888183594","4547","4547","4547"
"45499","43.57933807373047","43.57933807373047","43.57933807373047","4549","4549","4549"
"45539","67.86407470703125","67.86407470703125","67.86407470703125","4553","4553","4553"
"45559","62.08424758911133","62.08424758911133","62.08424758911133","4555","4555","4555"
"45589","58.763389587402344","58.763389587402344","58.763389587402344","4558","4558","4558"
"45599","97.14640045166016","97.14640045166016","97.14640045166016","4559","4559","4559"
"45609","82.93714904785156","82.93714904785156","82.93714904785156","4560","4560","4560"
"45639","53.931697845458984","53.931697845458984","53.931697845458984","4563","4563","4563"
"45649","119.5684814453125","119.5684814453125","119.5684814453125","4564","4564","4564"
"45659","41.592994689941406","41.592994689941406","41.592994689941406","4565","4565","4565"
"45669","73.26023864746094","73.26023864746094","73.26023864746094","4566","4566","4566"
"45679","89.81230163574219","89.81230163574219","89.81230163574219","4567","4567","4567"
"45709","79.42655181884766","79.42655181884766","79.42655181884766","4570","4570","4570"
"45739","83.41746520996094","83.41746520996094","83.41746520996094","4573","4573","4573"
"45759","56.96514129638672","56.96514129638672","56.96514129638672","4575","4575","4575"
"45769","172.3843536376953","172.3843536376953","172.3843536376953","4576","4576","4576"
"45779","64.09825134277344","64.09825134277344","64.09825134277344","4577","4577","4577"
"45789","37.30827331542969","37.30827331542969","37.30827331542969","4578","4578","4578"
"45799","64.16710662841797","64.16710662841797","64.16710662841797","4579","4579","4579"
"45819","81.52397155761719","81.52397155761719","81.52397155761719","4581","4581","4581"
"45829","48.19641876220703","48.19641876220703","48.19641876220703","4582","4582","4582"
"45869","58.760231018066406","58.760231018066406","58.760231018066406","4586","4586","4586"
"45879","90.5767822265625","90.5767822265625","90.5767822265625","4587","4587","4587"
"45919","60.03025436401367","60.03025436401367","60.03025436401367","4591","4591","4591"
"45959","80.33736419677734","80.33736419677734","80.33736419677734","4595","4595","4595"
"45969","41.83029556274414","41.83029556274414","41.83029556274414","4596","4596","4596"
"46029","44.3604621887207","44.3604621887207","44.3604621887207","4602","4602","4602"
"46049","105.4479751586914","105.4479751586914","105.4479751586914","4604","4604","4604"
"46069","39.62369155883789","39.62369155883789","39.62369155883789","4606","4606","4606"
"46079","46.30078887939453","46.30078887939453","46.30078887939453","4607","4607","4607"
"46089","43.277931213378906","43.277931213378906","43.277931213378906","4608","4608","4608"
"46099","87.39448547363281","87.39448547363281","87.39448547363281","4609","4609","4609"
"46169","81.40401458740234","81.40401458740234","81.40401458740234","4616","4616","4616"
"46189","59.99810791015625","59.99810791015625","59.99810791015625","4618","4618","4618"
"46199","54.827842712402344","54.827842712402344","54.827842712402344","4619","4619","4619"
"46219","92.89251708984375","92.89251708984375","92.89251708984375","4621","4621","4621"
"46259","61.496028900146484","61.496028900146484","61.496028900146484","4625","4625","4625"
"46269","46.36185073852539","46.36185073852539","46.36185073852539","4626","4626","4626"
"46279","35.00291442871094","35.00291442871094","35.00291442871094","4627","4627","4627"
"46289","51.284603118896484","51.284603118896484","51.284603118896484","4628","4628","4628"
"46309","51.99151611328125","51.99151611328125","51.99151611328125","4630","4630","4630"
"46319","34.54752731323242","34.54752731323242","34.54752731323242","4631","4631","4631"
"46339","90.80062103271484","90.80062103271484","90.80062103271484","4633","4633","4633"
"46359","59.57148361206055","59.57148361206055","59.57148361206055","4635","4635","4635"
"46379","53.63203048706055","53.63203048706055","53.63203048706055","4637","4637","4637"
"46399","64.46527099609375","64.46527099609375","64.46527099609375","4639","4639","4639"
"46429","84.10062408447266","84.10062408447266","84.10062408447266","4642","4642","4642"
"46449","44.7585563659668","44.7585563659668","44.7585563659668","4644","4644","4644"
"46479","185.67098999023438","185.67098999023438","185.67098999023438","4647","4647","4647"
"46489","59.82438659667969","59.82438659667969","59.82438659667969","4648","4648","4648"
"46509","40.9745979309082","40.9745979309082","40.9745979309082","4650","4650","4650"
"46519","42.21315002441406","42.21315002441406","42.21315002441406","4651","4651","4651"
"46539","68.26045227050781","68.26045227050781","68.26045227050781","4653","4653","4653"
"46559","49.92085647583008","49.92085647583008","49.92085647583008","4655","4655","4655"
"46589","70.24588012695312","70.24588012695312","70.24588012695312","4658","4658","4658"
"46599","72.34405517578125","72.34405517578125","72.34405517578125","4659","4659","4659"
"46619","102.19644165039062","102.19644165039062","102.19644165039062","4661","4661","4661"
"46659","60.97023010253906","60.97023010253906","60.97023010253906","4665","4665","4665"
"46669","58.10869216918945","58.10869216918945","58.10869216918945","4666","4666","4666"
"46709","52.29296112060547","52.29296112060547","52.29296112060547","4670","4670","4670"
"46729","122.28475952148438","122.28475952148438","122.28475952148438","4672","4672","4672"
"46739","49.39581298828125","49.39581298828125","49.39581298828125","4673","4673","4673"
"46749","70.15875244140625","70.15875244140625","70.15875244140625","4674","4674","4674"
"46769","40.31350326538086","40.31350326538086","40.31350326538086","4676","4676","4676"
"46779","55.11971664428711","55.11971664428711","55.11971664428711","4677","4677","4677"
"46809","36.768497467041016","36.768497467041016","36.768497467041016","4680","4680","4680"
"46819","51.55795669555664","51.55795669555664","51.55795669555664","4681","4681","4681"
"46889","57.37628936767578","57.37628936767578","57.37628936767578","4688","4688","4688"
"46899","41.434776306152344","41.434776306152344","41.434776306152344","4689","4689","4689"
"46949","41.637638092041016","41.637638092041016","41.637638092041016","4694","4694","4694"
"46969","60.09418487548828","60.09418487548828","60.09418487548828","4696","4696","4696"
"46989","103.0868148803711","103.0868148803711","103.0868148803711","4698","4698","4698"
"47049","87.59156799316406","87.59156799316406","87.59156799316406","4704","4704","4704"
"47059","57.77798080444336","57.77798080444336","57.77798080444336","4705","4705","4705"
"47079","61.084190368652344","61.084190368652344","61.084190368652344","4707","4707","4707"
"47089","62.83160400390625","62.83160400390625","62.83160400390625","4708","4708","4708"
"47109","63.912540435791016","63.912540435791016","63.912540435791016","4710","4710","4710"
"47129","40.625709533691406","40.625709533691406","40.625709533691406","4712","4712","4712"
"47139","42.196224212646484","42.196224212646484","42.196224212646484","4713","4713","4713"
"47159","39.29234313964844","39.29234313964844","39.29234313964844","4715","4715","4715"
"47199","72.75054931640625","72.75054931640625","72.75054931640625","4719","4719","4719"
"47209","54.81620407104492","54.81620407104492","54.81620407104492","4720","4720","4720"
"47269","72.2549057006836","72.2549057006836","72.2549057006836","4726","4726","4726"
"47279","78.31575012207031","78.31575012207031","78.31575012207031","4727","4727","4727"
"47299","51.49859619140625","51.49859619140625","51.49859619140625","4729","4729","4729"
"47319","105.50169372558594","105.50169372558594","105.50169372558594","4731","4731","4731"
"47339","53.332481384277344","53.332481384277344","53.332481384277344","4733","4733","4733"
"47349","45.739723205566406","45.739723205566406","45.739723205566406","4734","4734","4734"
"47359","60.16630172729492","60.16630172729492","60.16630172729492","4735","4735","4735"
"47369","71.5132827758789","71.5132827758789","71.5132827758789","4736","4736","4736"
"47429","46.43211364746094","46.43211364746094","46.43211364746094","4742","4742","4742"
"47509","59.781673431396484","59.781673431396484","59.781673431396484","4750","4750","4750"
"47519","44.862701416015625","44.862701416015625","44.862701416015625","4751","4751","4751"
"47529","50.00944519042969","50.00944519042969","50.00944519042969","4752","4752","4752"
"47539","68.88978576660156","68.88978576660156","68.88978576660156","4753","4753","4753"
"47569","68.51657104492188","68.51657104492188","68.51657104492188","4756","4756","4756"
"47589","65.06141662597656","65.06141662597656","65.06141662597656","4758","4758","4758"
"47599","65.6451644897461","65.6451644897461","65.6451644897461","4759","4759","4759"
"47629","77.41295623779297","77.41295623779297","77.41295623779297","4762","4762","4762"
"47639","39.32309341430664","39.32309341430664","39.32309341430664","4763","4763","4763"
"47719","43.690757751464844","43.690757751464844","43.690757751464844","4771","4771","4771"
"47729","55.884544372558594","55.884544372558594","55.884544372558594","4772","4772","4772"
"47739","40.32942581176758","40.32942581176758","40.32942581176758","4773","4773","4773"
"47749","53.361656188964844","53.361656188964844","53.361656188964844","4774","4774","4774"
"47759","80.17622375488281","80.17622375488281","80.17622375488281","4775","4775","4775"
"47789","42.478240966796875","42.478240966796875","42.478240966796875","4778","4778","4778"
"47799","70.45436096191406","70.45436096191406","70.45436096191406","4779","4779","4779"
"47809","51.884925842285156","51.884925842285156","51.884925842285156","4780","4780","4780"
"47839","100.4886703491211","100.4886703491211","100.4886703491211","4783","4783","4783"
"47849","42.34265899658203","42.34265899658203","42.34265899658203","4784","4784","4784"
"47859","44.267921447753906","44.267921447753906","44.267921447753906","4785","4785","4785"
"47899","62.91310119628906","62.91310119628906","62.91310119628906","4789","4789","4789"
"47909","106.98527526855469","106.98527526855469","106.98527526855469","4790","4790","4790"
"47929","60.76930236816406","60.76930236816406","60.76930236816406","4792","4792","4792"
"47959","61.859130859375","61.859130859375","61.859130859375","4795","4795","4795"
"47999","50.80955505371094","50.80955505371094","50.80955505371094","4799","4799","4799"
"48009","83.6287612915039","83.6287612915039","83.6287612915039","4800","4800","4800"
"48049","57.05858612060547","57.05858612060547","57.05858612060547","4804","4804","4804"
"48069","48.60237121582031","48.60237121582031","48.60237121582031","4806","4806","4806"
"48089","51.468631744384766","51.468631744384766","51.468631744384766","4808","4808","4808"
"48099","47.79872131347656","47.79872131347656","47.79872131347656","4809","4809","4809"
"48129","44.77732467651367","44.77732467651367","44.77732467651367","4812","4812","4812"
"48169","42.31934356689453","42.31934356689453","42.31934356689453","4816","4816","4816"
"48189","64.2494125366211","64.2494125366211","64.2494125366211","4818","4818","4818"
"48199","70.6783447265625","70.6783447265625","70.6783447265625","4819","4819","4819"
"48229","46.24241638183594","46.24241638183594","46.24241638183594","4822","4822","4822"
"48239","45.07099151611328","45.07099151611328","45.07099151611328","4823","4823","4823"
"48249","53.42857360839844","53.42857360839844","53.42857360839844","4824","4824","4824"
"48269","74.62183380126953","74.62183380126953","74.62183380126953","4826","4826","4826"
"48299","65.07842254638672","65.07842254638672","65.07842254638672","4829","4829","4829"
"48319","119.12336730957031","119.12336730957031","119.12336730957031","4831","4831","4831"
"48389","60.64985275268555","60.64985275268555","60.64985275268555","4838","4838","4838"
"48399","41.823448181152344","41.823448181152344","41.823448181152344","4839","4839","4839"
"48439","49.630279541015625","49.630279541015625","49.630279541015625","4843","4843","4843"
"48459","40.59593963623047","40.59593963623047","40.59593963623047","4845","4845","4845"
"48519","49.9444694519043","49.9444694519043","49.9444694519043","4851","4851","4851"
"48529","66.99923706054688","66.99923706054688","66.99923706054688","4852","4852","4852"
"48609","50.35308837890625","50.35308837890625","50.35308837890625","4860","4860","4860"
"48619","60.50193405151367","60.50193405151367","60.50193405151367","4861","4861","4861"
"48629","85.37651824951172","85.37651824951172","85.37651824951172","4862","4862","4862"
"48709","68.2848892211914","68.2848892211914","68.2848892211914","4870","4870","4870"
"48759","55.3425178527832","55.3425178527832","55.3425178527832","4875","4875","4875"
"48789","42.02772521972656","42.02772521972656","42.02772521972656","4878","4878","4878"
"48799","85.4843521118164","85.4843521118164","85.4843521118164","4879","4879","4879"
"48869","39.51689529418945","39.51689529418945","39.51689529418945","4886","4886","4886"
"48889","44.33633804321289","44.33633804321289","44.33633804321289","4888","4888","4888"
"48909","74.11931610107422","74.11931610107422","74.11931610107422","4890","4890","4890"
"48939","53.83824920654297","53.83824920654297","53.83824920654297","4893","4893","4893"
"48969","34.633331298828125","34.633331298828125","34.633331298828125","4896","4896","4896"
"49019","67.21136474609375","67.21136474609375","67.21136474609375","4901","4901","4901"
"49029","132.76431274414062","132.76431274414062","132.76431274414062","4902","4902","4902"
"49069","53.47434997558594","53.47434997558594","53.47434997558594","4906","4906","4906"
"49099","82.04139709472656","82.04139709472656","82.04139709472656","4909","4909","4909"
"49119","57.987586975097656","57.987586975097656","57.987586975097656","4911","4911","4911"
"49139","67.63626098632812","67.63626098632812","67.63626098632812","4913","4913","4913"
"49149","41.60664367675781","41.60664367675781","41.60664367675781","4914","4914","4914"
"49169","61.32868194580078","61.32868194580078","61.32868194580078","4916","4916","4916"
"49179","60.884254455566406","60.884254455566406","60.884254455566406","4917","4917","4917"
"49189","57.68888473510742","57.68888473510742","57.68888473510742","4918","4918","4918"
"49199","41.698951721191406","41.698951721191406","41.698951721191406","4919","4919","4919"
"49219","43.571495056152344","43.571495056152344","43.571495056152344","4921","4921","4921"
"49239","54.80262756347656","54.80262756347656","54.80262756347656","4923","4923","4923"
"49259","44.96148681640625","44.96148681640625","44.96148681640625","4925","4925","4925"
"49299","41.524742126464844","41.524742126464844","41.524742126464844","4929","4929","4929"
"49309","50.27132034301758","50.27132034301758","50.27132034301758","4930","4930","4930"
"49359","47.816246032714844","47.816246032714844","47.816246032714844","4935","4935","4935"
"49379","38.71091079711914","38.71091079711914","38.71091079711914","4937","4937","4937"
"49409","39.91067123413086","39.91067123413086","39.91067123413086","4940","4940","4940"
"49429","60.07272720336914","60.07272720336914","60.07272720336914","4942","4942","4942"
"49439","56.860267639160156","56.860267639160156","56.860267639160156","4943","4943","4943"
"49449","61.09547805786133","61.09547805786133","61.09547805786133","4944","4944","4944"
"49469","74.20540618896484","74.20540618896484","74.20540618896484","4946","4946","4946"
"49509","59.29338836669922","59.29338836669922","59.29338836669922","4950","4950","4950"
"49519","45.90093231201172","45.90093231201172","45.90093231201172","4951","4951","4951"
"49579","41.428977966308594","41.428977966308594","41.428977966308594","4957","4957","4957"
"49599","34.23511505126953","34.23511505126953","34.23511505126953","4959","4959","4959"
"49629","49.890316009521484","49.890316009521484","49.890316009521484","4962","4962","4962"
"49639","45.09257888793945","45.09257888793945","45.09257888793945","4963","4963","4963"
"49649","84.84844207763672","84.84844207763672","84.84844207763672","4964","4964","4964"
"49659","389.1952819824219","389.1952819824219","389.1952819824219","4965","4965","4965"
"49679","58.02753448486328","58.02753448486328","58.02753448486328","4967","4967","4967"
"49689","41.26762771606445","41.26762771606445","41.26762771606445","4968","4968","4968"
"49749","46.502235412597656","46.502235412597656","46.502235412597656","4974","4974","4974"
"49789","72.03204345703125","72.03204345703125","72.03204345703125","4978","4978","4978"
"49799","42.46530532836914","42.46530532836914","42.46530532836914","4979","4979","4979"
"49839","133.22604370117188","133.22604370117188","133.22604370117188","4983","4983","4983"
"49909","85.26105499267578","85.26105499267578","85.26105499267578","4990","4990","4990"
"49919","67.36138153076172","67.36138153076172","67.36138153076172","4991","4991","4991"
"49929","86.78089904785156","86.78089904785156","86.78089904785156","4992","4992","4992"
"49949","113.36225128173828","113.36225128173828","113.36225128173828","4994","4994","4994"
"49989","49.7004280090332","49.7004280090332","49.7004280090332","4998","4998","4998"
"49999","93.72411346435547","93.72411346435547","93.72411346435547","4999","4999","4999"
"50009","45.97108459472656","45.97108459472656","45.97108459472656","5000","5000","5000"
"50049","50.67169189453125","50.67169189453125","50.67169189453125","5004","5004","5004"
"50079","88.69439697265625","88.69439697265625","88.69439697265625","5007","5007","5007"
"50099","75.69203186035156","75.69203186035156","75.69203186035156","5009","5009","5009"
"50119","90.17748260498047","90.17748260498047","90.17748260498047","5011","5011","5011"
"50159","78.47381591796875","78.47381591796875","78.47381591796875","5015","5015","5015"
"50169","38.22684860229492","38.22684860229492","38.22684860229492","5016","5016","5016"
"50189","54.655731201171875","54.655731201171875","54.655731201171875","5018","5018","5018"
"50199","57.96307373046875","57.96307373046875","57.96307373046875","5019","5019","5019"
"50219","63.33104705810547","63.33104705810547","63.33104705810547","5021","5021","5021"
"50239","55.551795959472656","55.551795959472656","55.551795959472656","5023","5023","5023"
"50249","56.67100524902344","56.67100524902344","56.67100524902344","5024","5024","5024"
"50309","64.75119018554688","64.75119018554688","64.75119018554688","5030","5030","5030"
"50349","49.812774658203125","49.812774658203125","49.812774658203125","5034","5034","5034"
"50359","38.29725646972656","38.29725646972656","38.29725646972656","5035","5035","5035"
"50379","50.98638916015625","50.98638916015625","50.98638916015625","5037","5037","5037"
"50389","46.084495544433594","46.084495544433594","46.084495544433594","5038","5038","5038"
"50409","44.648536682128906","44.648536682128906","44.648536682128906","5040","5040","5040"
"50419","66.20166778564453","66.20166778564453","66.20166778564453","5041","5041","5041"
"50449","92.63813781738281","92.63813781738281","92.63813781738281","5044","5044","5044"
"50469","61.436981201171875","61.436981201171875","61.436981201171875","5046","5046","5046"
"50489","45.005550384521484","45.005550384521484","45.005550384521484","5048","5048","5048"
"50509","35.976654052734375","35.976654052734375","35.976654052734375","5050","5050","5050"
"50519","87.13785552978516","87.13785552978516","87.13785552978516","5051","5051","5051"
"50539","102.4517593383789","102.4517593383789","102.4517593383789","5053","5053","5053"
"50549","49.35744857788086","49.35744857788086","49.35744857788086","5054","5054","5054"
"50569","48.33428192138672","48.33428192138672","48.33428192138672","5056","5056","5056"
"50589","95.34529876708984","95.34529876708984","95.34529876708984","5058","5058","5058"
"50609","72.48338317871094","72.48338317871094","72.48338317871094","5060","5060","5060"
"50619","56.97323226928711","56.97323226928711","56.97323226928711","5061","5061","5061"
"50629","98.20545959472656","98.20545959472656","98.20545959472656","5062","5062","5062"
"50659","98.58140563964844","98.58140563964844","98.58140563964844","5065","5065","5065"
"50669","40.352577209472656","40.352577209472656","40.352577209472656","5066","5066","5066"
"50679","67.00666046142578","67.00666046142578","67.00666046142578","5067","5067","5067"
"50699","48.955318450927734","48.955318450927734","48.955318450927734","5069","5069","5069"
"50719","55.2611083984375","55.2611083984375","55.2611083984375","5071","5071","5071"
"50749","57.0640869140625","57.0640869140625","57.0640869140625","5074","5074","5074"
"50769","71.30611419677734","71.30611419677734","71.30611419677734","5076","5076","5076"
"50789","53.67607879638672","53.67607879638672","53.67607879638672","5078","5078","5078"
"50809","101.29292297363281","101.29292297363281","101.29292297363281","5080","5080","5080"
"50869","425.50714111328125","425.50714111328125","425.50714111328125","5086","5086","5086"
"50899","100.65914916992188","100.65914916992188","100.65914916992188","5089","5089","5089"
"50919","126.95049285888672","126.95049285888672","126.95049285888672","5091","5091","5091"
"50939","56.940887451171875","56.940887451171875","56.940887451171875","5093","5093","5093"
"51009","55.21533203125","55.21533203125","55.21533203125","5100","5100","5100"
"51019","71.05606842041016","71.05606842041016","71.05606842041016","5101","5101","5101"
"51049","45.711116790771484","45.711116790771484","45.711116790771484","5104","5104","5104"
"51059","46.168521881103516","46.168521881103516","46.168521881103516","5105","5105","5105"
"51089","46.06299591064453","46.06299591064453","46.06299591064453","5108","5108","5108"
"51109","74.5376205444336","74.5376205444336","74.5376205444336","5110","5110","5110"
"51139","48.33808517456055","48.33808517456055","48.33808517456055","5113","5113","5113"
"51179","48.493560791015625","48.493560791015625","48.493560791015625","5117","5117","5117"
"51199","43.49869155883789","43.49869155883789","43.49869155883789","5119","5119","5119"
"51209","44.44078063964844","44.44078063964844","44.44078063964844","5120","5120","5120"
"51239","84.76304626464844","84.76304626464844","84.76304626464844","5123","5123","5123"
"51259","68.25859069824219","68.25859069824219","68.25859069824219","5125","5125","5125"
"51289","64.61277770996094","64.61277770996094","64.61277770996094","5128","5128","5128"
"51309","61.85698318481445","61.85698318481445","61.85698318481445","5130","5130","5130"
"51319","48.4099235534668","48.4099235534668","48.4099235534668","5131","5131","5131"
"51349","41.297752380371094","41.297752380371094","41.297752380371094","5134","5134","5134"
"51369","55.872947692871094","55.872947692871094","55.872947692871094","5136","5136","5136"
"51409","43.36995315551758","43.36995315551758","43.36995315551758","5140","5140","5140"
"51429","65.78231048583984","65.78231048583984","65.78231048583984","5142","5142","5142"
"51439","111.33161163330078","111.33161163330078","111.33161163330078","5143","5143","5143"
"51459","55.908050537109375","55.908050537109375","55.908050537109375","5145","5145","5145"
"51489","61.67240905761719","61.67240905761719","61.67240905761719","5148","5148","5148"
"51509","40.87543487548828","40.87543487548828","40.87543487548828","5150","5150","5150"
"51569","77.42709350585938","77.42709350585938","77.42709350585938","5156","5156","5156"
"51589","88.0477294921875","88.0477294921875","88.0477294921875","5158","5158","5158"
"51599","44.09615707397461","44.09615707397461","44.09615707397461","5159","5159","5159"
"51619","54.35026550292969","54.35026550292969","54.35026550292969","5161","5161","5161"
"51649","38.30149459838867","38.30149459838867","38.30149459838867","5164","5164","5164"
"51659","35.145999908447266","35.145999908447266","35.145999908447266","5165","5165","5165"
"51679","51.9595947265625","51.9595947265625","51.9595947265625","5167","5167","5167"
"51689","99.08753967285156","99.08753967285156","99.08753967285156","5168","5168","5168"
"51709","76.55146789550781","76.55146789550781","76.55146789550781","5170","5170","5170"
"51729","43.42776870727539","43.42776870727539","43.42776870727539","5172","5172","5172"
"51739","180.39462280273438","180.39462280273438","180.39462280273438","5173","5173","5173"
"51779","91.03041076660156","91.03041076660156","91.03041076660156","5177","5177","5177"
"51799","69.48020935058594","69.48020935058594","69.48020935058594","5179","5179","5179"
"51809","40.187522888183594","40.187522888183594","40.187522888183594","5180","5180","5180"
"51819","119.69978332519531","119.69978332519531","119.69978332519531","5181","5181","5181"
"51829","58.27994155883789","58.27994155883789","58.27994155883789","5182","5182","5182"
"51839","48.86641311645508","48.86641311645508","48.86641311645508","5183","5183","5183"
"51869","80.59880828857422","80.59880828857422","80.59880828857422","5186","5186","5186"
"51919","42.238460540771484","42.238460540771484","42.238460540771484","5191","5191","5191"
"51939","60.26084518432617","60.26084518432617","60.26084518432617","5193","5193","5193"
"51949","46.55078887939453","46.55078887939453","46.55078887939453","5194","5194","5194"
"51959","44.86192321777344","44.86192321777344","44.86192321777344","5195","5195","5195"
"51999","41.676055908203125","41.676055908203125","41.676055908203125","5199","5199","5199"
"52009","65.31596374511719","65.31596374511719","65.31596374511719","5200","5200","5200"
"52019","40.319515228271484","40.319515228271484","40.319515228271484","5201","5201","5201"
"52029","56.075435638427734","56.075435638427734","56.075435638427734","5202","5202","5202"
"52039","56.20246887207031","56.20246887207031","56.20246887207031","5203","5203","5203"
"52049","70.72454071044922","70.72454071044922","70.72454071044922","5204","5204","5204"
"52059","129.58001708984375","129.58001708984375","129.58001708984375","5205","5205","5205"
"52079","42.55329132080078","42.55329132080078","42.55329132080078","5207","5207","5207"
"52109","79.78367614746094","79.78367614746094","79.78367614746094","5210","5210","5210"
"52119","52.615753173828125","52.615753173828125","52.615753173828125","5211","5211","5211"
"52129","59.125545501708984","59.125545501708984","59.125545501708984","5212","5212","5212"
"52159","48.739322662353516","48.739322662353516","48.739322662353516","5215","5215","5215"
"52169","38.46940612792969","38.46940612792969","38.46940612792969","5216","5216","5216"
"52189","52.09758758544922","52.09758758544922","52.09758758544922","5218","5218","5218"
"52229","34.41448974609375","34.41448974609375","34.41448974609375","5222","5222","5222"
"52249","115.02953338623047","115.02953338623047","115.02953338623047","5224","5224","5224"
"52269","93.73218536376953","93.73218536376953","93.73218536376953","5226","5226","5226"
"52279","62.36363983154297","62.36363983154297","62.36363983154297","5227","5227","5227"
"52299","86.90740203857422","86.90740203857422","86.90740203857422","5229","5229","5229"
"52319","63.71508026123047","63.71508026123047","63.71508026123047","5231","5231","5231"
"52339","47.95915603637695","47.95915603637695","47.95915603637695","5233","5233","5233"
"52349","44.802833557128906","44.802833557128906","44.802833557128906","5234","5234","5234"
"52399","67.67874908447266","67.67874908447266","67.67874908447266","5239","5239","5239"
"52409","78.31895446777344","78.31895446777344","78.31895446777344","5240","5240","5240"
"52419","58.70301818847656","58.70301818847656","58.70301818847656","5241","5241","5241"
"52429","51.38731002807617","51.38731002807617","51.38731002807617","5242","5242","5242"
"52489","43.24325942993164","43.24325942993164","43.24325942993164","5248","5248","5248"
"52499","46.85440444946289","46.85440444946289","46.85440444946289","5249","5249","5249"
"52509","63.91740417480469","63.91740417480469","63.91740417480469","5250","5250","5250"
"52559","111.83895874023438","111.83895874023438","111.83895874023438","5255","5255","5255"
"52589","57.1622200012207","57.1622200012207","57.1622200012207","5258","5258","5258"
"52599","68.25020599365234","68.25020599365234","68.25020599365234","5259","5259","5259"
"52609","47.7668342590332","47.7668342590332","47.7668342590332","5260","5260","5260"
"52619","42.3478889465332","42.3478889465332","42.3478889465332","5261","5261","5261"
"52629","42.209232330322266","42.209232330322266","42.209232330322266","5262","5262","5262"
"52659","70.86898040771484","70.86898040771484","70.86898040771484","5265","5265","5265"
"52669","66.08206176757812","66.08206176757812","66.08206176757812","5266","5266","5266"
"52679","69.07384490966797","69.07384490966797","69.07384490966797","5267","5267","5267"
"52689","48.95454406738281","48.95454406738281","48.95454406738281","5268","5268","5268"
"52729","35.881446838378906","35.881446838378906","35.881446838378906","5272","5272","5272"
"52739","66.51790618896484","66.51790618896484","66.51790618896484","5273","5273","5273"
"52749","75.02400207519531","75.02400207519531","75.02400207519531","5274","5274","5274"
"52779","63.395469665527344","63.395469665527344","63.395469665527344","5277","5277","5277"
"52819","57.917213439941406","57.917213439941406","57.917213439941406","5281","5281","5281"
"52849","42.431617736816406","42.431617736816406","42.431617736816406","5284","5284","5284"
"52859","68.28885650634766","68.28885650634766","68.28885650634766","5285","5285","5285"
"52869","43.312164306640625","43.312164306640625","43.312164306640625","5286","5286","5286"
"52879","49.160701751708984","49.160701751708984","49.160701751708984","5287","5287","5287"
"52949","37.8726921081543","37.8726921081543","37.8726921081543","5294","5294","5294"
"52969","55.430320739746094","55.430320739746094","55.430320739746094","5296","5296","5296"
"52979","60.978065490722656","60.978065490722656","60.978065490722656","5297","5297","5297"
"52999","51.442474365234375","51.442474365234375","51.442474365234375","5299","5299","5299"
"53019","41.139373779296875","41.139373779296875","41.139373779296875","5301","5301","5301"
"53029","63.866416931152344","63.866416931152344","63.866416931152344","5302","5302","5302"
"53049","46.423606872558594","46.423606872558594","46.423606872558594","5304","5304","5304"
"53059","49.56308364868164","49.56308364868164","49.56308364868164","5305","5305","5305"
"53139","46.69115447998047","46.69115447998047","46.69115447998047","5313","5313","5313"
"53159","41.60002899169922","41.60002899169922","41.60002899169922","5315","5315","5315"
"53189","50.43799591064453","50.43799591064453","50.43799591064453","5318","5318","5318"
"53199","40.11071014404297","40.11071014404297","40.11071014404297","5319","5319","5319"
"53229","58.44505310058594","58.44505310058594","58.44505310058594","5322","5322","5322"
"53279","36.15388488769531","36.15388488769531","36.15388488769531","5327","5327","5327"
"53299","85.62307739257812","85.62307739257812","85.62307739257812","5329","5329","5329"
"53319","75.4940414428711","75.4940414428711","75.4940414428711","5331","5331","5331"
"53329","42.818912506103516","42.818912506103516","42.818912506103516","5332","5332","5332"
"53339","53.541412353515625","53.541412353515625","53.541412353515625","5333","5333","5333"
"53349","34.12083053588867","34.12083053588867","34.12083053588867","5334","5334","5334"
"53359","77.36872100830078","77.36872100830078","77.36872100830078","5335","5335","5335"
"53369","46.1611442565918","46.1611442565918","46.1611442565918","5336","5336","5336"
"53379","71.18720245361328","71.18720245361328","71.18720245361328","5337","5337","5337"
"53409","61.31145477294922","61.31145477294922","61.31145477294922","5340","5340","5340"
"53429","74.05231475830078","74.05231475830078","74.05231475830078","5342","5342","5342"
"53439","41.105979919433594","41.105979919433594","41.105979919433594","5343","5343","5343"
"53469","54.40928649902344","54.40928649902344","54.40928649902344","5346","5346","5346"
"53489","54.02061462402344","54.02061462402344","54.02061462402344","5348","5348","5348"
"53499","41.89185333251953","41.89185333251953","41.89185333251953","5349","5349","5349"
"53509","68.03201293945312","68.03201293945312","68.03201293945312","5350","5350","5350"
"53529","45.379642486572266","45.379642486572266","45.379642486572266","5352","5352","5352"
"53559","93.05308532714844","93.05308532714844","93.05308532714844","5355","5355","5355"
"53569","75.84719848632812","75.84719848632812","75.84719848632812","5356","5356","5356"
"53589","53.664039611816406","53.664039611816406","53.664039611816406","5358","5358","5358"
"53609","81.9519271850586","81.9519271850586","81.9519271850586","5360","5360","5360"
"53619","65.8289794921875","65.8289794921875","65.8289794921875","5361","5361","5361"
"53699","57.303165435791016","57.303165435791016","57.303165435791016","5369","5369","5369"
"53729","63.39581298828125","63.39581298828125","63.39581298828125","5372","5372","5372"
"53769","53.76853561401367","53.76853561401367","53.76853561401367","5376","5376","5376"
"53799","111.82994842529297","111.82994842529297","111.82994842529297","5379","5379","5379"
"53829","51.56035614013672","51.56035614013672","51.56035614013672","5382","5382","5382"
"53839","46.499847412109375","46.499847412109375","46.499847412109375","5383","5383","5383"
"53849","109.65106201171875","109.65106201171875","109.65106201171875","5384","5384","5384"
"53889","70.6025390625","70.6025390625","70.6025390625","5388","5388","5388"
"53899","49.317569732666016","49.317569732666016","49.317569732666016","5389","5389","5389"
"53909","52.790428161621094","52.790428161621094","52.790428161621094","5390","5390","5390"
"53929","59.337162017822266","59.337162017822266","59.337162017822266","5392","5392","5392"
"53939","55.51055908203125","55.51055908203125","55.51055908203125","5393","5393","5393"
"53949","62.191001892089844","62.191001892089844","62.191001892089844","5394","5394","5394"
"53959","47.735801696777344","47.735801696777344","47.735801696777344","5395","5395","5395"
"53969","70.93705749511719","70.93705749511719","70.93705749511719","5396","5396","5396"
"53979","40.825748443603516","40.825748443603516","40.825748443603516","5397","5397","5397"
"53989","39.54620361328125","39.54620361328125","39.54620361328125","5398","5398","5398"
"53999","54.79881286621094","54.79881286621094","54.79881286621094","5399","5399","5399"
"54019","76.96820068359375","76.96820068359375","76.96820068359375","5401","5401","5401"
"54039","56.558738708496094","56.558738708496094","56.558738708496094","5403","5403","5403"
"54059","69.93844604492188","69.93844604492188","69.93844604492188","5405","5405","5405"
"54069","54.24060821533203","54.24060821533203","54.24060821533203","5406","5406","5406"
"54129","65.23152923583984","65.23152923583984","65.23152923583984","5412","5412","5412"
"54169","121.62841796875","121.62841796875","121.62841796875","5416","5416","5416"
"54199","99.14314270019531","99.14314270019531","99.14314270019531","5419","5419","5419"
"54219","40.45654296875","40.45654296875","40.45654296875","5421","5421","5421"
"54239","43.94355010986328","43.94355010986328","43.94355010986328","5423","5423","5423"
"54269","40.82427978515625","40.82427978515625","40.82427978515625","5426","5426","5426"
"54279","45.96607971191406","45.96607971191406","45.96607971191406","5427","5427","5427"
"54289","54.15105438232422","54.15105438232422","54.15105438232422","5428","5428","5428"
"54319","48.00702667236328","48.00702667236328","48.00702667236328","5431","5431","5431"
"54349","71.34429931640625","71.34429931640625","71.34429931640625","5434","5434","5434"
"54359","49.38668441772461","49.38668441772461","49.38668441772461","5435","5435","5435"
"54379","62.65876388549805","62.65876388549805","62.65876388549805","5437","5437","5437"
"54389","83.23905181884766","83.23905181884766","83.23905181884766","5438","5438","5438"
"54399","52.205413818359375","52.205413818359375","52.205413818359375","5439","5439","5439"
"54419","53.23918151855469","53.23918151855469","53.23918151855469","5441","5441","5441"
"54439","81.766845703125","81.766845703125","81.766845703125","5443","5443","5443"
"54449","59.81560134887695","59.81560134887695","59.81560134887695","5444","5444","5444"
"54459","63.32467269897461","63.32467269897461","63.32467269897461","5445","5445","5445"
"54469","36.86388397216797","36.86388397216797","36.86388397216797","5446","5446","5446"
"54489","56.777305603027344","56.777305603027344","56.777305603027344","5448","5448","5448"
"54499","100.84552764892578","100.84552764892578","100.84552764892578","5449","5449","5449"
"54549","69.5895004272461","69.5895004272461","69.5895004272461","5454","5454","5454"
"54569","56.005348205566406","56.005348205566406","56.005348205566406","5456","5456","5456"
"54589","57.017669677734375","57.017669677734375","57.017669677734375","5458","5458","5458"
"54599","49.0145263671875","49.0145263671875","49.0145263671875","5459","5459","5459"
"54629","45.77751541137695","45.77751541137695","45.77751541137695","5462","5462","5462"
"54639","48.48160934448242","48.48160934448242","48.48160934448242","5463","5463","5463"
"54659","45.92220687866211","45.92220687866211","45.92220687866211","5465","5465","5465"
"54679","57.49108123779297","57.49108123779297","57.49108123779297","5467","5467","5467"
"54689","53.87595748901367","53.87595748901367","53.87595748901367","5468","5468","5468"
"54699","59.69036865234375","59.69036865234375","59.69036865234375","5469","5469","5469"
"54739","46.6814079284668","46.6814079284668","46.6814079284668","5473","5473","5473"
"54819","41.25802230834961","41.25802230834961","41.25802230834961","5481","5481","5481"
"54839","61.34648895263672","61.34648895263672","61.34648895263672","5483","5483","5483"
"54859","39.3985595703125","39.3985595703125","39.3985595703125","5485","5485","5485"
"54869","41.5987663269043","41.5987663269043","41.5987663269043","5486","5486","5486"
"54939","45.36198806762695","45.36198806762695","45.36198806762695","5493","5493","5493"
"54949","31.4345645904541","31.4345645904541","31.4345645904541","5494","5494","5494"
"54979","60.4622802734375","60.4622802734375","60.4622802734375","5497","5497","5497"
"54989","88.97797393798828","88.97797393798828","88.97797393798828","5498","5498","5498"
"54999","68.76747131347656","68.76747131347656","68.76747131347656","5499","5499","5499"
"55009","65.47986602783203","65.47986602783203","65.47986602783203","5500","5500","5500"
"55109","101.16159057617188","101.16159057617188","101.16159057617188","5510","5510","5510"
"55149","48.55942916870117","48.55942916870117","48.55942916870117","5514","5514","5514"
"55169","72.21220397949219","72.21220397949219","72.21220397949219","5516","5516","5516"
"55179","65.87081909179688","65.87081909179688","65.87081909179688","5517","5517","5517"
"55209","185.8529052734375","185.8529052734375","185.8529052734375","5520","5520","5520"
"55239","72.64076232910156","72.64076232910156","72.64076232910156","5523","5523","5523"
"55259","46.13843536376953","46.13843536376953","46.13843536376953","5525","5525","5525"
"55299","66.80229187011719","66.80229187011719","66.80229187011719","5529","5529","5529"
"55339","101.4594955444336","101.4594955444336","101.4594955444336","5533","5533","5533"
"55359","142.00091552734375","142.00091552734375","142.00091552734375","5535","5535","5535"
"55449","71.60086822509766","71.60086822509766","71.60086822509766","5544","5544","5544"
"55459","63.936805725097656","63.936805725097656","63.936805725097656","5545","5545","5545"
"55479","63.299171447753906","63.299171447753906","63.299171447753906","5547","5547","5547"
"55489","47.156005859375","47.156005859375","47.156005859375","5548","5548","5548"
"55519","56.73947525024414","56.73947525024414","56.73947525024414","5551","5551","5551"
"55579","31.422069549560547","31.422069549560547","31.422069549560547","5557","5557","5557"
"55599","42.17730712890625","42.17730712890625","42.17730712890625","5559","5559","5559"
"55619","40.167625427246094","40.167625427246094","40.167625427246094","5561","5561","5561"
"55659","76.0561294555664","76.0561294555664","76.0561294555664","5565","5565","5565"
"55669","129.15892028808594","129.15892028808594","129.15892028808594","5566","5566","5566"
"55709","131.95909118652344","131.95909118652344","131.95909118652344","5570","5570","5570"
"55739","78.64102935791016","78.64102935791016","78.64102935791016","5573","5573","5573"
"55819","56.11328887939453","56.11328887939453","56.11328887939453","5581","5581","5581"
"55839","45.410736083984375","45.410736083984375","45.410736083984375","5583","5583","5583"
"55879","53.20341873168945","53.20341873168945","53.20341873168945","5587","5587","5587"
"55889","38.48851013183594","38.48851013183594","38.48851013183594","5588","5588","5588"
"55929","72.0493392944336","72.0493392944336","72.0493392944336","5592","5592","5592"
"55939","77.81036376953125","77.81036376953125","77.81036376953125","5593","5593","5593"
"55969","35.64289474487305","35.64289474487305","35.64289474487305","5596","5596","5596"
"55989","32.417747497558594","32.417747497558594","32.417747497558594","5598","5598","5598"
"55999","90.75949096679688","90.75949096679688","90.75949096679688","5599","5599","5599"
"56029","64.58256530761719","64.58256530761719","64.58256530761719","5602","5602","5602"
"56049","61.087188720703125","61.087188720703125","61.087188720703125","5604","5604","5604"
"56079","42.50126647949219","42.50126647949219","42.50126647949219","5607","5607","5607"
"56089","36.262813568115234","36.262813568115234","36.262813568115234","5608","5608","5608"
"56109","53.81277847290039","53.81277847290039","53.81277847290039","5610","5610","5610"
"56139","54.018287658691406","54.018287658691406","54.018287658691406","5613","5613","5613"
"56149","52.68681335449219","52.68681335449219","52.68681335449219","5614","5614","5614"
"56169","57.70531463623047","57.70531463623047","57.70531463623047","5616","5616","5616"
"56179","50.68196105957031","50.68196105957031","50.68196105957031","5617","5617","5617"
"56189","53.429500579833984","53.429500579833984","53.429500579833984","5618","5618","5618"
"56209","42.69606018066406","42.69606018066406","42.69606018066406","5620","5620","5620"
"56219","40.528892517089844","40.528892517089844","40.528892517089844","5621","5621","5621"
"56239","58.386802673339844","58.386802673339844","58.386802673339844","5623","5623","5623"
"56249","64.2936782836914","64.2936782836914","64.2936782836914","5624","5624","5624"
"56259","95.09530639648438","95.09530639648438","95.09530639648438","5625","5625","5625"
"56289","105.14654541015625","105.14654541015625","105.14654541015625","5628","5628","5628"
"56299","45.013023376464844","45.013023376464844","45.013023376464844","5629","5629","5629"
"56319","40.436370849609375","40.436370849609375","40.436370849609375","5631","5631","5631"
"56339","65.946044921875","65.946044921875","65.946044921875","5633","5633","5633"
"56349","36.20624923706055","36.20624923706055","36.20624923706055","5634","5634","5634"
"56409","52.20409393310547","52.20409393310547","52.20409393310547","5640","5640","5640"
"56429","37.482357025146484","37.482357025146484","37.482357025146484","5642","5642","5642"
"56449","58.25908279418945","58.25908279418945","58.25908279418945","5644","5644","5644"
"56459","43.739288330078125","43.739288330078125","43.739288330078125","5645","5645","5645"
"56479","50.37296676635742","50.37296676635742","50.37296676635742","5647","5647","5647"
"56489","42.71867752075195","42.71867752075195","42.71867752075195","5648","5648","5648"
"56499","298.69293212890625","298.69293212890625","298.69293212890625","5649","5649","5649"
"56519","49.7388801574707","49.7388801574707","49.7388801574707","5651","5651","5651"
"56539","82.74337768554688","82.74337768554688","82.74337768554688","5653","5653","5653"
"56559","51.87870788574219","51.87870788574219","51.87870788574219","5655","5655","5655"
"56589","99.18418884277344","99.18418884277344","99.18418884277344","5658","5658","5658"
"56599","39.90041732788086","39.90041732788086","39.90041732788086","5659","5659","5659"
"56619","38.10209274291992","38.10209274291992","38.10209274291992","5661","5661","5661"
"56629","44.58494567871094","44.58494567871094","44.58494567871094","5662","5662","5662"
"56639","49.929115295410156","49.929115295410156","49.929115295410156","5663","5663","5663"
"56649","40.4958381652832","40.4958381652832","40.4958381652832","5664","5664","5664"
"56669","46.834651947021484","46.834651947021484","46.834651947021484","5666","5666","5666"
"56709","41.043128967285156","41.043128967285156","41.043128967285156","5670","5670","5670"
"56739","63.408241271972656","63.408241271972656","63.408241271972656","5673","5673","5673"
"56749","63.375972747802734","63.375972747802734","63.375972747802734","5674","5674","5674"
"56819","36.77555465698242","36.77555465698242","36.77555465698242","5681","5681","5681"
"56839","62.493431091308594","62.493431091308594","62.493431091308594","5683","5683","5683"
"56859","65.76055908203125","65.76055908203125","65.76055908203125","5685","5685","5685"
"56879","69.1415786743164","69.1415786743164","69.1415786743164","5687","5687","5687"
"56919","50.371971130371094","50.371971130371094","50.371971130371094","5691","5691","5691"
"56949","40.47621536254883","40.47621536254883","40.47621536254883","5694","5694","5694"
"57019","82.36320495605469","82.36320495605469","82.36320495605469","5701","5701","5701"
"57049","67.95088958740234","67.95088958740234","67.95088958740234","5704","5704","5704"
"57069","50.948604583740234","50.948604583740234","50.948604583740234","5706","5706","5706"
"57089","63.86129379272461","63.86129379272461","63.86129379272461","5708","5708","5708"
"57109","61.12178039550781","61.12178039550781","61.12178039550781","5710","5710","5710"
"57149","60.21003341674805","60.21003341674805","60.21003341674805","5714","5714","5714"
"57189","56.921470642089844","56.921470642089844","56.921470642089844","5718","5718","5718"
"57209","58.0992431640625","58.0992431640625","58.0992431640625","5720","5720","5720"
"57219","45.26287841796875","45.26287841796875","45.26287841796875","5721","5721","5721"
"57249","49.25322341918945","49.25322341918945","49.25322341918945","5724","5724","5724"
"57279","47.750850677490234","47.750850677490234","47.750850677490234","5727","5727","5727"
"57299","53.961090087890625","53.961090087890625","53.961090087890625","5729","5729","5729"
"57339","88.41844177246094","88.41844177246094","88.41844177246094","5733","5733","5733"
"57359","41.53886413574219","41.53886413574219","41.53886413574219","5735","5735","5735"
"57419","76.54661560058594","76.54661560058594","76.54661560058594","5741","5741","5741"
"57449","53.59783172607422","53.59783172607422","53.59783172607422","5744","5744","5744"
"57479","46.82140350341797","46.82140350341797","46.82140350341797","5747","5747","5747"
"57519","46.652557373046875","46.652557373046875","46.652557373046875","5751","5751","5751"
"57529","52.192840576171875","52.192840576171875","52.192840576171875","5752","5752","5752"
"57539","69.38195037841797","69.38195037841797","69.38195037841797","5753","5753","5753"
"57549","61.979454040527344","61.979454040527344","61.979454040527344","5754","5754","5754"
"57559","55.098594665527344","55.098594665527344","55.098594665527344","5755","5755","5755"
"57569","36.90618896484375","36.90618896484375","36.90618896484375","5756","5756","5756"
"57579","43.15496826171875","43.15496826171875","43.15496826171875","5757","5757","5757"
"57609","36.728782653808594","36.728782653808594","36.728782653808594","5760","5760","5760"
"57619","52.80937957763672","52.80937957763672","52.80937957763672","5761","5761","5761"
"57649","77.80862426757812","77.80862426757812","77.80862426757812","5764","5764","5764"
"57659","85.91219329833984","85.91219329833984","85.91219329833984","5765","5765","5765"
"57699","80.83940124511719","80.83940124511719","80.83940124511719","5769","5769","5769"
"57729","50.40674591064453","50.40674591064453","50.40674591064453","5772","5772","5772"
"57739","43.73100662231445","43.73100662231445","43.73100662231445","5773","5773","5773"
"57759","81.07527160644531","81.07527160644531","81.07527160644531","5775","5775","5775"
"57769","80.03582763671875","80.03582763671875","80.03582763671875","5776","5776","5776"
"57779","79.10038757324219","79.10038757324219","79.10038757324219","5777","5777","5777"
"57789","45.723411560058594","45.723411560058594","45.723411560058594","5778","5778","5778"
"57859","62.234886169433594","62.234886169433594","62.234886169433594","5785","5785","5785"
"57909","51.11870193481445","51.11870193481445","51.11870193481445","5790","5790","5790"
"57959","82.1753158569336","82.1753158569336","82.1753158569336","5795","5795","5795"
"57969","40.40409469604492","40.40409469604492","40.40409469604492","5796","5796","5796"
"57979","71.27450561523438","71.27450561523438","71.27450561523438","5797","5797","5797"
"58009","68.09164428710938","68.09164428710938","68.09164428710938","5800","5800","5800"
"58019","42.36076736450195","42.36076736450195","42.36076736450195","5801","5801","5801"
"58029","46.220664978027344","46.220664978027344","46.220664978027344","5802","5802","5802"
"58049","93.66983795166016","93.66983795166016","93.66983795166016","5804","5804","5804"
"58059","62.88279342651367","62.88279342651367","62.88279342651367","5805","5805","5805"
"58079","42.87636184692383","42.87636184692383","42.87636184692383","5807","5807","5807"
"58089","63.29185485839844","63.29185485839844","63.29185485839844","5808","5808","5808"
"58179","131.83807373046875","131.83807373046875","131.83807373046875","5817","5817","5817"
"58189","77.07103729248047","77.07103729248047","77.07103729248047","5818","5818","5818"
"58199","81.0616226196289","81.0616226196289","81.0616226196289","5819","5819","5819"
"58219","82.38211059570312","82.38211059570312","82.38211059570312","5821","5821","5821"
"58229","60.059669494628906","60.059669494628906","60.059669494628906","5822","5822","5822"
"58249","49.883506774902344","49.883506774902344","49.883506774902344","5824","5824","5824"
"58309","38.09342956542969","38.09342956542969","38.09342956542969","5830","5830","5830"
"58319","50.53343963623047","50.53343963623047","50.53343963623047","5831","5831","5831"
"58339","55.0594367980957","55.0594367980957","55.0594367980957","5833","5833","5833"
"58349","64.02630615234375","64.02630615234375","64.02630615234375","5834","5834","5834"
"58359","54.35460662841797","54.35460662841797","54.35460662841797","5835","5835","5835"
"58369","55.294586181640625","55.294586181640625","55.294586181640625","5836","5836","5836"
"58409","88.68695831298828","88.68695831298828","88.68695831298828","5840","5840","5840"
"58469","66.3193588256836","66.3193588256836","66.3193588256836","5846","5846","5846"
"58479","62.384857177734375","62.384857177734375","62.384857177734375","5847","5847","5847"
"58489","36.0179443359375","36.0179443359375","36.0179443359375","5848","5848","5848"
"58509","51.10776901245117","51.10776901245117","51.10776901245117","5850","5850","5850"
"58529","39.82769775390625","39.82769775390625","39.82769775390625","5852","5852","5852"
"58559","67.3681869506836","67.3681869506836","67.3681869506836","5855","5855","5855"
"58569","50.70216369628906","50.70216369628906","50.70216369628906","5856","5856","5856"
"58579","70.09952545166016","70.09952545166016","70.09952545166016","5857","5857","5857"
"58599","63.11305236816406","63.11305236816406","63.11305236816406","5859","5859","5859"
"58609","38.491058349609375","38.491058349609375","38.491058349609375","5860","5860","5860"
"58629","54.37944793701172","54.37944793701172","54.37944793701172","5862","5862","5862"
"58639","101.50222778320312","101.50222778320312","101.50222778320312","5863","5863","5863"
"58649","48.94408416748047","48.94408416748047","48.94408416748047","5864","5864","5864"
"58669","74.3623275756836","74.3623275756836","74.3623275756836","5866","5866","5866"
"58679","46.73763656616211","46.73763656616211","46.73763656616211","5867","5867","5867"
"58699","55.616294860839844","55.616294860839844","55.616294860839844","5869","5869","5869"
"58749","82.83622741699219","82.83622741699219","82.83622741699219","5874","5874","5874"
"58759","46.024635314941406","46.024635314941406","46.024635314941406","5875","5875","5875"
"58769","43.44819641113281","43.44819641113281","43.44819641113281","5876","5876","5876"
"58789","45.21180725097656","45.21180725097656","45.21180725097656","5878","5878","5878"
"58799","62.13442611694336","62.13442611694336","62.13442611694336","5879","5879","5879"
"58819","63.09556579589844","63.09556579589844","63.09556579589844","5881","5881","5881"
"58839","45.19728469848633","45.19728469848633","45.19728469848633","5883","5883","5883"
"58869","59.91051483154297","59.91051483154297","59.91051483154297","5886","5886","5886"
"58899","76.47232818603516","76.47232818603516","76.47232818603516","5889","5889","5889"
"58909","77.3426513671875","77.3426513671875","77.3426513671875","5890","5890","5890"
"58959","52.19294738769531","52.19294738769531","52.19294738769531","5895","5895","5895"
"59019","60.90148162841797","60.90148162841797","60.90148162841797","5901","5901","5901"
"59049","49.9623908996582","49.9623908996582","49.9623908996582","5904","5904","5904"
"59089","47.80509948730469","47.80509948730469","47.80509948730469","5908","5908","5908"
"59099","48.68201446533203","48.68201446533203","48.68201446533203","5909","5909","5909"
"59109","39.492835998535156","39.492835998535156","39.492835998535156","5910","5910","5910"
"59139","69.8374252319336","69.8374252319336","69.8374252319336","5913","5913","5913"
"59159","60.79110336303711","60.79110336303711","60.79110336303711","5915","5915","5915"
"59199","48.56818389892578","48.56818389892578","48.56818389892578","5919","5919","5919"
"59209","76.6549301147461","76.6549301147461","76.6549301147461","5920","5920","5920"
"59219","373.53466796875","373.53466796875","373.53466796875","5921","5921","5921"
"59229","76.58722686767578","76.58722686767578","76.58722686767578","5922","5922","5922"
"59249","61.30377960205078","61.30377960205078","61.30377960205078","5924","5924","5924"
"59279","65.22699737548828","65.22699737548828","65.22699737548828","5927","5927","5927"
"59309","43.21385192871094","43.21385192871094","43.21385192871094","5930","5930","5930"
"59329","56.36129379272461","56.36129379272461","56.36129379272461","5932","5932","5932"
"59339","62.27031707763672","62.27031707763672","62.27031707763672","5933","5933","5933"
"59369","48.12294006347656","48.12294006347656","48.12294006347656","5936","5936","5936"
"59379","274.5266418457031","274.5266418457031","274.5266418457031","5937","5937","5937"
"59399","41.71852493286133","41.71852493286133","41.71852493286133","5939","5939","5939"
"59409","45.05134963989258","45.05134963989258","45.05134963989258","5940","5940","5940"
"59419","59.97334289550781","59.97334289550781","59.97334289550781","5941","5941","5941"
"59429","52.86878967285156","52.86878967285156","52.86878967285156","5942","5942","5942"
"59449","77.4969253540039","77.4969253540039","77.4969253540039","5944","5944","5944"
"59459","44.432411193847656","44.432411193847656","44.432411193847656","5945","5945","5945"
"59469","43.623069763183594","43.623069763183594","43.623069763183594","5946","5946","5946"
"59479","62.45661926269531","62.45661926269531","62.45661926269531","5947","5947","5947"
"59509","43.23758316040039","43.23758316040039","43.23758316040039","5950","5950","5950"
"59529","60.06679916381836","60.06679916381836","60.06679916381836","5952","5952","5952"
"59549","46.47882843017578","46.47882843017578","46.47882843017578","5954","5954","5954"
"59559","49.20191955566406","49.20191955566406","49.20191955566406","5955","5955","5955"
"59569","87.25926208496094","87.25926208496094","87.25926208496094","5956","5956","5956"
"59599","61.716896057128906","61.716896057128906","61.716896057128906","5959","5959","5959"
"59609","44.491676330566406","44.491676330566406","44.491676330566406","5960","5960","5960"
"59619","61.66838073730469","61.66838073730469","61.66838073730469","5961","5961","5961"
"59669","92.82917022705078","92.82917022705078","92.82917022705078","5966","5966","5966"
"59689","51.046348571777344","51.046348571777344","51.046348571777344","5968","5968","5968"
"59699","53.71703338623047","53.71703338623047","53.71703338623047","5969","5969","5969"
"59719","70.81919860839844","70.81919860839844","70.81919860839844","5971","5971","5971"
"59729","72.51559448242188","72.51559448242188","72.51559448242188","5972","5972","5972"
"59759","56.35383987426758","56.35383987426758","56.35383987426758","5975","5975","5975"
"59779","58.153228759765625","58.153228759765625","58.153228759765625","5977","5977","5977"
"59789","59.37805938720703","59.37805938720703","59.37805938720703","5978","5978","5978"
"59799","60.86805725097656","60.86805725097656","60.86805725097656","5979","5979","5979"
"59809","40.48407745361328","40.48407745361328","40.48407745361328","5980","5980","5980"
"59849","54.4603385925293","54.4603385925293","54.4603385925293","5984","5984","5984"
"59909","35.10182189941406","35.10182189941406","35.10182189941406","5990","5990","5990"
"59959","49.120662689208984","49.120662689208984","49.120662689208984","5995","5995","5995"
"59969","42.33852767944336","42.33852767944336","42.33852767944336","5996","5996","5996"
"59999","52.18937301635742","52.18937301635742","52.18937301635742","5999","5999","5999"
"60009","78.89315032958984","78.89315032958984","78.89315032958984","6000","6000","6000"
"60079","36.5008659362793","36.5008659362793","36.5008659362793","6007","6007","6007"
"60099","42.150211334228516","42.150211334228516","42.150211334228516","6009","6009","6009"
"60119","52.953189849853516","52.953189849853516","52.953189849853516","6011","6011","6011"
"60149","59.024681091308594","59.024681091308594","59.024681091308594","6014","6014","6014"
"60159","39.21837615966797","39.21837615966797","39.21837615966797","6015","6015","6015"
"60189","52.46116638183594","52.46116638183594","52.46116638183594","6018","6018","6018"
"60219","43.86241149902344","43.86241149902344","43.86241149902344","6021","6021","6021"
"60229","53.22003173828125","53.22003173828125","53.22003173828125","6022","6022","6022"
"60239","70.84890747070312","70.84890747070312","70.84890747070312","6023","6023","6023"
"60249","40.0574836730957","40.0574836730957","40.0574836730957","6024","6024","6024"
"60269","42.174346923828125","42.174346923828125","42.174346923828125","6026","6026","6026"
"60289","47.07951354980469","47.07951354980469","47.07951354980469","6028","6028","6028"
"60319","40.259010314941406","40.259010314941406","40.259010314941406","6031","6031","6031"
"60329","72.18798828125","72.18798828125","72.18798828125","6032","6032","6032"
"60369","45.244998931884766","45.244998931884766","45.244998931884766","6036","6036","6036"
"60429","48.425010681152344","48.425010681152344","48.425010681152344","6042","6042","6042"
"60439","45.27141189575195","45.27141189575195","45.27141189575195","6043","6043","6043"
"60549","51.493892669677734","51.493892669677734","51.493892669677734","6054","6054","6054"
"60579","38.807586669921875","38.807586669921875","38.807586669921875","6057","6057","6057"
"60599","51.40754318237305","51.40754318237305","51.40754318237305","6059","6059","6059"
"60609","44.007625579833984","44.007625579833984","44.007625579833984","6060","6060","6060"
"60639","54.23280334472656","54.23280334472656","54.23280334472656","6063","6063","6063"
"60689","34.45392990112305","34.45392990112305","34.45392990112305","6068","6068","6068"
"60699","70.94485473632812","70.94485473632812","70.94485473632812","6069","6069","6069"
"60709","49.50751876831055","49.50751876831055","49.50751876831055","6070","6070","6070"
"60729","89.86492156982422","89.86492156982422","89.86492156982422","6072","6072","6072"
"60769","56.13508224487305","56.13508224487305","56.13508224487305","6076","6076","6076"
"60779","81.89228820800781","81.89228820800781","81.89228820800781","6077","6077","6077"
"60789","42.57483673095703","42.57483673095703","42.57483673095703","6078","6078","6078"
"60799","70.12517547607422","70.12517547607422","70.12517547607422","6079","6079","6079"
"60819","47.1246452331543","47.1246452331543","47.1246452331543","6081","6081","6081"
"60829","82.02664947509766","82.02664947509766","82.02664947509766","6082","6082","6082"
"60869","48.70261001586914","48.70261001586914","48.70261001586914","6086","6086","6086"
"60879","49.89787292480469","49.89787292480469","49.89787292480469","6087","6087","6087"
"60899","43.97753143310547","43.97753143310547","43.97753143310547","6089","6089","6089"
"60939","69.43875122070312","69.43875122070312","69.43875122070312","6093","6093","6093"
"60969","74.10041809082031","74.10041809082031","74.10041809082031","6096","6096","6096"
"60989","99.49082946777344","99.49082946777344","99.49082946777344","6098","6098","6098"
"61019","36.26188659667969","36.26188659667969","36.26188659667969","6101","6101","6101"
"61039","66.16114807128906","66.16114807128906","66.16114807128906","6103","6103","6103"
"61049","74.41832733154297","74.41832733154297","74.41832733154297","6104","6104","6104"
"61069","62.421871185302734","62.421871185302734","62.421871185302734","6106","6106","6106"
"61149","50.388275146484375","50.388275146484375","50.388275146484375","6114","6114","6114"
"61159","73.01736450195312","73.01736450195312","73.01736450195312","6115","6115","6115"
"61179","326.6183776855469","326.6183776855469","326.6183776855469","6117","6117","6117"
"61209","61.77492141723633","61.77492141723633","61.77492141723633","6120","6120","6120"
"61229","41.43475341796875","41.43475341796875","41.43475341796875","6122","6122","6122"
"61259","111.69361114501953","111.69361114501953","111.69361114501953","6125","6125","6125"
"61339","63.465171813964844","63.465171813964844","63.465171813964844","6133","6133","6133"
"61349","46.105186462402344","46.105186462402344","46.105186462402344","6134","6134","6134"
"61379","36.96390914916992","36.96390914916992","36.96390914916992","6137","6137","6137"
"61399","51.72376251220703","51.72376251220703","51.72376251220703","6139","6139","6139"
"61429","83.96697998046875","83.96697998046875","83.96697998046875","6142","6142","6142"
"61439","78.38414764404297","78.38414764404297","78.38414764404297","6143","6143","6143"
"61469","52.69719696044922","52.69719696044922","52.69719696044922","6146","6146","6146"
"61479","38.15296936035156","38.15296936035156","38.15296936035156","6147","6147","6147"
"61509","41.43534469604492","41.43534469604492","41.43534469604492","6150","6150","6150"
"61519","63.80776596069336","63.80776596069336","63.80776596069336","6151","6151","6151"
"61529","41.109474182128906","41.109474182128906","41.109474182128906","6152","6152","6152"
"61619","51.60786056518555","51.60786056518555","51.60786056518555","6161","6161","6161"
"61679","39.41241455078125","39.41241455078125","39.41241455078125","6167","6167","6167"
"61709","59.59342956542969","59.59342956542969","59.59342956542969","6170","6170","6170"
"61799","50.23947525024414","50.23947525024414","50.23947525024414","6179","6179","6179"
"61809","43.92729187011719","43.92729187011719","43.92729187011719","6180","6180","6180"
"61829","36.51756286621094","36.51756286621094","36.51756286621094","6182","6182","6182"
"61839","34.96615219116211","34.96615219116211","34.96615219116211","6183","6183","6183"
"61869","52.14171600341797","52.14171600341797","52.14171600341797","6186","6186","6186"
"61879","43.71466827392578","43.71466827392578","43.71466827392578","6187","6187","6187"
"61899","33.86466598510742","33.86466598510742","33.86466598510742","6189","6189","6189"
"61929","80.6463851928711","80.6463851928711","80.6463851928711","6192","6192","6192"
"61939","55.165714263916016","55.165714263916016","55.165714263916016","6193","6193","6193"
"61969","51.38921356201172","51.38921356201172","51.38921356201172","6196","6196","6196"
"62009","44.87672424316406","44.87672424316406","44.87672424316406","6200","6200","6200"
"62019","37.51479721069336","37.51479721069336","37.51479721069336","6201","6201","6201"
"62029","53.8680419921875","53.8680419921875","53.8680419921875","6202","6202","6202"
"62059","74.0636978149414","74.0636978149414","74.0636978149414","6205","6205","6205"
"62069","129.92697143554688","129.92697143554688","129.92697143554688","6206","6206","6206"
"62079","38.84629821777344","38.84629821777344","38.84629821777344","6207","6207","6207"
"62089","74.54022979736328","74.54022979736328","74.54022979736328","6208","6208","6208"
"62119","46.78186798095703","46.78186798095703","46.78186798095703","6211","6211","6211"
"62129","73.18341064453125","73.18341064453125","73.18341064453125","6212","6212","6212"
"62149","47.47821044921875","47.47821044921875","47.47821044921875","6214","6214","6214"
"62169","73.57780456542969","73.57780456542969","73.57780456542969","6216","6216","6216"
"62189","43.9505500793457","43.9505500793457","43.9505500793457","6218","6218","6218"
"62199","45.32384490966797","45.32384490966797","45.32384490966797","6219","6219","6219"
"62219","136.97410583496094","136.97410583496094","136.97410583496094","6221","6221","6221"
"62259","41.39906311035156","41.39906311035156","41.39906311035156","6225","6225","6225"
"62319","40.389041900634766","40.389041900634766","40.389041900634766","6231","6231","6231"
"62329","45.94951629638672","45.94951629638672","45.94951629638672","6232","6232","6232"
"62369","94.68130493164062","94.68130493164062","94.68130493164062","6236","6236","6236"
"62409","64.1716537475586","64.1716537475586","64.1716537475586","6240","6240","6240"
"62419","49.6013069152832","49.6013069152832","49.6013069152832","6241","6241","6241"
"62439","43.06108856201172","43.06108856201172","43.06108856201172","6243","6243","6243"
"62459","46.682518005371094","46.682518005371094","46.682518005371094","6245","6245","6245"
"62499","45.02769470214844","45.02769470214844","45.02769470214844","6249","6249","6249"
"62559","36.447242736816406","36.447242736816406","36.447242736816406","6255","6255","6255"
"62589","42.49082946777344","42.49082946777344","42.49082946777344","6258","6258","6258"
"62599","60.24480438232422","60.24480438232422","60.24480438232422","6259","6259","6259"
"62619","43.856597900390625","43.856597900390625","43.856597900390625","6261","6261","6261"
"62659","36.632991790771484","36.632991790771484","36.632991790771484","6265","6265","6265"
"62689","46.161346435546875","46.161346435546875","46.161346435546875","6268","6268","6268"
"62699","42.501556396484375","42.501556396484375","42.501556396484375","6269","6269","6269"
"62709","41.14237594604492","41.14237594604492","41.14237594604492","6270","6270","6270"
"62769","49.454044342041016","49.454044342041016","49.454044342041016","6276","6276","6276"
"62809","47.39938735961914","47.39938735961914","47.39938735961914","6280","6280","6280"
"62819","47.54016876220703","47.54016876220703","47.54016876220703","6281","6281","6281"
"62829","73.05398559570312","73.05398559570312","73.05398559570312","6282","6282","6282"
"62839","55.52976989746094","55.52976989746094","55.52976989746094","6283","6283","6283"
"62849","61.37073516845703","61.37073516845703","61.37073516845703","6284","6284","6284"
"62899","101.1968994140625","101.1968994140625","101.1968994140625","6289","6289","6289"
"62919","68.97097778320312","68.97097778320312","68.97097778320312","6291","6291","6291"
"62939","42.67552185058594","42.67552185058594","42.67552185058594","6293","6293","6293"
"62949","62.98857879638672","62.98857879638672","62.98857879638672","6294","6294","6294"
"62959","89.5042724609375","89.5042724609375","89.5042724609375","6295","6295","6295"
"62979","54.72060775756836","54.72060775756836","54.72060775756836","6297","6297","6297"
"63059","53.27862548828125","53.27862548828125","53.27862548828125","6305","6305","6305"
"63069","44.791473388671875","44.791473388671875","44.791473388671875","6306","6306","6306"
"63079","75.5675277709961","75.5675277709961","75.5675277709961","6307","6307","6307"
"63099","42.124908447265625","42.124908447265625","42.124908447265625","6309","6309","6309"
"63109","93.82862854003906","93.82862854003906","93.82862854003906","6310","6310","6310"
"63129","67.85713195800781","67.85713195800781","67.85713195800781","6312","6312","6312"
"63169","86.86994934082031","86.86994934082031","86.86994934082031","6316","6316","6316"
"63189","42.057228088378906","42.057228088378906","42.057228088378906","6318","6318","6318"
"63229","46.21843338012695","46.21843338012695","46.21843338012695","6322","6322","6322"
"63279","36.977630615234375","36.977630615234375","36.977630615234375","6327","6327","6327"
"63289","59.95634078979492","59.95634078979492","59.95634078979492","6328","6328","6328"
"63349","99.62947082519531","99.62947082519531","99.62947082519531","6334","6334","6334"
"63379","58.01145935058594","58.01145935058594","58.01145935058594","6337","6337","6337"
"63409","63.45382308959961","63.45382308959961","63.45382308959961","6340","6340","6340"
"63419","35.12957000732422","35.12957000732422","35.12957000732422","6341","6341","6341"
"63429","92.00177001953125","92.00177001953125","92.00177001953125","6342","6342","6342"
"63439","84.69607543945312","84.69607543945312","84.69607543945312","6343","6343","6343"
"63449","52.68065643310547","52.68065643310547","52.68065643310547","6344","6344","6344"
"63489","48.13428497314453","48.13428497314453","48.13428497314453","6348","6348","6348"
"63499","79.39260864257812","79.39260864257812","79.39260864257812","6349","6349","6349"
"63519","108.15933990478516","108.15933990478516","108.15933990478516","6351","6351","6351"
"63579","39.20728302001953","39.20728302001953","39.20728302001953","6357","6357","6357"
"63629","55.11713409423828","55.11713409423828","55.11713409423828","6362","6362","6362"
"63709","47.82176208496094","47.82176208496094","47.82176208496094","6370","6370","6370"
"63719","39.7220573425293","39.7220573425293","39.7220573425293","6371","6371","6371"
"63759","146.53717041015625","146.53717041015625","146.53717041015625","6375","6375","6375"
"63779","80.21281433105469","80.21281433105469","80.21281433105469","6377","6377","6377"
"63789","42.45768356323242","42.45768356323242","42.45768356323242","6378","6378","6378"
"63809","68.75750732421875","68.75750732421875","68.75750732421875","6380","6380","6380"
"63829","79.35670471191406","79.35670471191406","79.35670471191406","6382","6382","6382"
"63839","63.2853889465332","63.2853889465332","63.2853889465332","6383","6383","6383"
"63859","59.120880126953125","59.120880126953125","59.120880126953125","6385","6385","6385"
"63869","53.61463928222656","53.61463928222656","53.61463928222656","6386","6386","6386"
"63879","43.8646240234375","43.8646240234375","43.8646240234375","6387","6387","6387"
"63959","58.82617950439453","58.82617950439453","58.82617950439453","6395","6395","6395"
"63969","54.170475006103516","54.170475006103516","54.170475006103516","6396","6396","6396"
"63999","57.682212829589844","57.682212829589844","57.682212829589844","6399","6399","6399"
"64019","37.72919845581055","37.72919845581055","37.72919845581055","6401","6401","6401"
"64029","98.7247085571289","98.7247085571289","98.7247085571289","6402","6402","6402"
"64059","45.19993209838867","45.19993209838867","45.19993209838867","6405","6405","6405"
"64089","55.29860305786133","55.29860305786133","55.29860305786133","6408","6408","6408"
"64129","66.2630386352539","66.2630386352539","66.2630386352539","6412","6412","6412"
"64149","43.118934631347656","43.118934631347656","43.118934631347656","6414","6414","6414"
"64159","38.101524353027344","38.101524353027344","38.101524353027344","6415","6415","6415"
"64169","103.42237854003906","103.42237854003906","103.42237854003906","6416","6416","6416"
"64179","43.80965042114258","43.80965042114258","43.80965042114258","6417","6417","6417"
"64229","90.15879821777344","90.15879821777344","90.15879821777344","6422","6422","6422"
"64239","46.5367431640625","46.5367431640625","46.5367431640625","6423","6423","6423"
"64249","48.16012954711914","48.16012954711914","48.16012954711914","6424","6424","6424"
"64269","71.04364013671875","71.04364013671875","71.04364013671875","6426","6426","6426"
"64309","66.01779174804688","66.01779174804688","66.01779174804688","6430","6430","6430"
"64319","40.637542724609375","40.637542724609375","40.637542724609375","6431","6431","6431"
"64329","36.20816421508789","36.20816421508789","36.20816421508789","6432","6432","6432"
"64389","66.65837860107422","66.65837860107422","66.65837860107422","6438","6438","6438"
"64399","71.6539306640625","71.6539306640625","71.6539306640625","6439","6439","6439"
"64409","79.16596984863281","79.16596984863281","79.16596984863281","6440","6440","6440"
"64429","46.781070709228516","46.781070709228516","46.781070709228516","6442","6442","6442"
"64469","51.872215270996094","51.872215270996094","51.872215270996094","6446","6446","6446"
"64479","68.95858764648438","68.95858764648438","68.95858764648438","6447","6447","6447"
"64509","50.09891128540039","50.09891128540039","50.09891128540039","6450","6450","6450"
"64539","38.267730712890625","38.267730712890625","38.267730712890625","6453","6453","6453"
"64549","57.36480712890625","57.36480712890625","57.36480712890625","6454","6454","6454"
"64559","78.42635345458984","78.42635345458984","78.42635345458984","6455","6455","6455"
"64599","55.503211975097656","55.503211975097656","55.503211975097656","6459","6459","6459"
"64639","35.21757125854492","35.21757125854492","35.21757125854492","6463","6463","6463"
"64659","63.998268127441406","63.998268127441406","63.998268127441406","6465","6465","6465"
"64689","53.615867614746094","53.615867614746094","53.615867614746094","6468","6468","6468"
"64699","55.23423385620117","55.23423385620117","55.23423385620117","6469","6469","6469"
"64709","65.79291534423828","65.79291534423828","65.79291534423828","6470","6470","6470"
"64719","40.59549331665039","40.59549331665039","40.59549331665039","6471","6471","6471"
"64739","542.6058349609375","542.6058349609375","542.6058349609375","6473","6473","6473"
"64749","61.282962799072266","61.282962799072266","61.282962799072266","6474","6474","6474"
"64779","44.16807556152344","44.16807556152344","44.16807556152344","6477","6477","6477"
"64809","39.083133697509766","39.083133697509766","39.083133697509766","6480","6480","6480"
"64849","39.576881408691406","39.576881408691406","39.576881408691406","6484","6484","6484"
"64869","44.41841125488281","44.41841125488281","44.41841125488281","6486","6486","6486"
"64909","43.691551208496094","43.691551208496094","43.691551208496094","6490","6490","6490"
"64929","98.94918823242188","98.94918823242188","98.94918823242188","6492","6492","6492"
"64949","56.88983917236328","56.88983917236328","56.88983917236328","6494","6494","6494"
"64959","42.420135498046875","42.420135498046875","42.420135498046875","6495","6495","6495"
"64969","44.06489944458008","44.06489944458008","44.06489944458008","6496","6496","6496"
"65059","46.16644287109375","46.16644287109375","46.16644287109375","6505","6505","6505"
"65079","32.84784698486328","32.84784698486328","32.84784698486328","6507","6507","6507"
"65109","49.887901306152344","49.887901306152344","49.887901306152344","6510","6510","6510"
"65119","85.28370666503906","85.28370666503906","85.28370666503906","6511","6511","6511"
"65149","64.53501892089844","64.53501892089844","64.53501892089844","6514","6514","6514"
"65159","40.79454803466797","40.79454803466797","40.79454803466797","6515","6515","6515"
"65189","82.67579650878906","82.67579650878906","82.67579650878906","6518","6518","6518"
"65209","54.6580810546875","54.6580810546875","54.6580810546875","6520","6520","6520"
"65229","61.45214080810547","61.45214080810547","61.45214080810547","6522","6522","6522"
"65259","50.00897216796875","50.00897216796875","50.00897216796875","6525","6525","6525"
"65269","45.579933166503906","45.579933166503906","45.579933166503906","6526","6526","6526"
"65289","65.90165710449219","65.90165710449219","65.90165710449219","6528","6528","6528"
"65309","49.17704772949219","49.17704772949219","49.17704772949219","6530","6530","6530"
"65349","50.238304138183594","50.238304138183594","50.238304138183594","6534","6534","6534"
"65359","39.78034973144531","39.78034973144531","39.78034973144531","6535","6535","6535"
"65369","56.95623779296875","56.95623779296875","56.95623779296875","6536","6536","6536"
"65379","61.76866149902344","61.76866149902344","61.76866149902344","6537","6537","6537"
"65389","42.703643798828125","42.703643798828125","42.703643798828125","6538","6538","6538"
"65399","53.35091018676758","53.35091018676758","53.35091018676758","6539","6539","6539"
"65429","56.01373291015625","56.01373291015625","56.01373291015625","6542","6542","6542"
"65449","117.91698455810547","117.91698455810547","117.91698455810547","6544","6544","6544"
"65459","44.59186935424805","44.59186935424805","44.59186935424805","6545","6545","6545"
"65519","39.2781982421875","39.2781982421875","39.2781982421875","6551","6551","6551"
"65529","49.24138641357422","49.24138641357422","49.24138641357422","6552","6552","6552"
"65559","36.729427337646484","36.729427337646484","36.729427337646484","6555","6555","6555"
"65569","35.82603073120117","35.82603073120117","35.82603073120117","6556","6556","6556"
"65579","56.612892150878906","56.612892150878906","56.612892150878906","6557","6557","6557"
"65599","53.461158752441406","53.461158752441406","53.461158752441406","6559","6559","6559"
"65629","106.0747299194336","106.0747299194336","106.0747299194336","6562","6562","6562"
"65659","73.95915985107422","73.95915985107422","73.95915985107422","6565","6565","6565"
"65689","41.94632339477539","41.94632339477539","41.94632339477539","6568","6568","6568"
"65699","69.71234893798828","69.71234893798828","69.71234893798828","6569","6569","6569"
"65709","61.48004150390625","61.48004150390625","61.48004150390625","6570","6570","6570"
"65759","41.89189529418945","41.89189529418945","41.89189529418945","6575","6575","6575"
"65769","77.70817565917969","77.70817565917969","77.70817565917969","6576","6576","6576"
"65789","37.8575553894043","37.8575553894043","37.8575553894043","6578","6578","6578"
"65799","46.45330047607422","46.45330047607422","46.45330047607422","6579","6579","6579"
"65809","62.484962463378906","62.484962463378906","62.484962463378906","6580","6580","6580"
"65829","33.383480072021484","33.383480072021484","33.383480072021484","6582","6582","6582"
"65839","45.51377868652344","45.51377868652344","45.51377868652344","6583","6583","6583"
"65849","62.870574951171875","62.870574951171875","62.870574951171875","6584","6584","6584"
"65859","48.1792106628418","48.1792106628418","48.1792106628418","6585","6585","6585"
"65869","50.28200912475586","50.28200912475586","50.28200912475586","6586","6586","6586"
"65889","56.354705810546875","56.354705810546875","56.354705810546875","6588","6588","6588"
"65899","44.569618225097656","44.569618225097656","44.569618225097656","6589","6589","6589"
"65909","43.58749008178711","43.58749008178711","43.58749008178711","6590","6590","6590"
"65959","38.21821975708008","38.21821975708008","38.21821975708008","6595","6595","6595"
"65979","64.625244140625","64.625244140625","64.625244140625","6597","6597","6597"
"66009","40.65103530883789","40.65103530883789","40.65103530883789","6600","6600","6600"
"66029","80.52070617675781","80.52070617675781","80.52070617675781","6602","6602","6602"
"66039","95.39857482910156","95.39857482910156","95.39857482910156","6603","6603","6603"
"66059","54.040771484375","54.040771484375","54.040771484375","6605","6605","6605"
"66069","69.2025146484375","69.2025146484375","69.2025146484375","6606","6606","6606"
"66099","39.26004409790039","39.26004409790039","39.26004409790039","6609","6609","6609"
"66109","36.12925338745117","36.12925338745117","36.12925338745117","6610","6610","6610"
"66119","38.991600036621094","38.991600036621094","38.991600036621094","6611","6611","6611"
"66149","56.55989074707031","56.55989074707031","56.55989074707031","6614","6614","6614"
"66219","89.38162231445312","89.38162231445312","89.38162231445312","6621","6621","6621"
"66239","38.242401123046875","38.242401123046875","38.242401123046875","6623","6623","6623"
"66259","53.19700241088867","53.19700241088867","53.19700241088867","6625","6625","6625"
"66269","92.1430892944336","92.1430892944336","92.1430892944336","6626","6626","6626"
"66279","48.373138427734375","48.373138427734375","48.373138427734375","6627","6627","6627"
"66309","40.26818084716797","40.26818084716797","40.26818084716797","6630","6630","6630"
"66339","38.00312805175781","38.00312805175781","38.00312805175781","6633","6633","6633"
"66379","75.89215087890625","75.89215087890625","75.89215087890625","6637","6637","6637"
"66389","35.918212890625","35.918212890625","35.918212890625","6638","6638","6638"
"66439","62.46934509277344","62.46934509277344","62.46934509277344","6643","6643","6643"
"66449","45.13322448730469","45.13322448730469","45.13322448730469","6644","6644","6644"
"66459","47.347503662109375","47.347503662109375","47.347503662109375","6645","6645","6645"
"66499","55.5667724609375","55.5667724609375","55.5667724609375","6649","6649","6649"
"66509","75.20721435546875","75.20721435546875","75.20721435546875","6650","6650","6650"
"66519","48.70415496826172","48.70415496826172","48.70415496826172","6651","6651","6651"
"66559","44.07301330566406","44.07301330566406","44.07301330566406","6655","6655","6655"
"66569","49.97798156738281","49.97798156738281","49.97798156738281","6656","6656","6656"
"66599","480.69561767578125","480.69561767578125","480.69561767578125","6659","6659","6659"
"66619","45.39284133911133","45.39284133911133","45.39284133911133","6661","6661","6661"
"66639","54.80445098876953","54.80445098876953","54.80445098876953","6663","6663","6663"
"66649","52.78594207763672","52.78594207763672","52.78594207763672","6664","6664","6664"
"66709","43.45530700683594","43.45530700683594","43.45530700683594","6670","6670","6670"
"66729","108.15269470214844","108.15269470214844","108.15269470214844","6672","6672","6672"
"66739","71.0154037475586","71.0154037475586","71.0154037475586","6673","6673","6673"
"66769","30.843961715698242","30.843961715698242","30.843961715698242","6676","6676","6676"
"66789","64.94410705566406","64.94410705566406","64.94410705566406","6678","6678","6678"
"66809","55.366092681884766","55.366092681884766","55.366092681884766","6680","6680","6680"
"66819","56.00175476074219","56.00175476074219","56.00175476074219","6681","6681","6681"
"66849","102.23603820800781","102.23603820800781","102.23603820800781","6684","6684","6684"
"66859","36.059730529785156","36.059730529785156","36.059730529785156","6685","6685","6685"
"66879","40.673152923583984","40.673152923583984","40.673152923583984","6687","6687","6687"
"66889","64.121826171875","64.121826171875","64.121826171875","6688","6688","6688"
"66919","78.5701904296875","78.5701904296875","78.5701904296875","6691","6691","6691"
"66929","36.11460494995117","36.11460494995117","36.11460494995117","6692","6692","6692"
"66939","47.0485954284668","47.0485954284668","47.0485954284668","6693","6693","6693"
"66949","46.088661193847656","46.088661193847656","46.088661193847656","6694","6694","6694"
"66959","44.745723724365234","44.745723724365234","44.745723724365234","6695","6695","6695"
"66969","53.275108337402344","53.275108337402344","53.275108337402344","6696","6696","6696"
"67009","57.4453010559082","57.4453010559082","57.4453010559082","6700","6700","6700"
"67049","56.9339714050293","56.9339714050293","56.9339714050293","6704","6704","6704"
"67069","56.52081298828125","56.52081298828125","56.52081298828125","6706","6706","6706"
"67079","42.50155258178711","42.50155258178711","42.50155258178711","6707","6707","6707"
"67099","56.045875549316406","56.045875549316406","56.045875549316406","6709","6709","6709"
"67119","53.75704574584961","53.75704574584961","53.75704574584961","6711","6711","6711"
"67149","54.755340576171875","54.755340576171875","54.755340576171875","6714","6714","6714"
"67159","48.30776596069336","48.30776596069336","48.30776596069336","6715","6715","6715"
"67169","48.13576126098633","48.13576126098633","48.13576126098633","6716","6716","6716"
"67179","48.93616485595703","48.93616485595703","48.93616485595703","6717","6717","6717"
"67189","43.384056091308594","43.384056091308594","43.384056091308594","6718","6718","6718"
"67199","41.611793518066406","41.611793518066406","41.611793518066406","6719","6719","6719"
"67229","42.5670166015625","42.5670166015625","42.5670166015625","6722","6722","6722"
"67279","34.31566619873047","34.31566619873047","34.31566619873047","6727","6727","6727"
"67299","49.966697692871094","49.966697692871094","49.966697692871094","6729","6729","6729"
"67339","69.64874267578125","69.64874267578125","69.64874267578125","6733","6733","6733"
"67369","57.149436950683594","57.149436950683594","57.149436950683594","6736","6736","6736"
"67379","91.76414489746094","91.76414489746094","91.76414489746094","6737","6737","6737"
"67429","64.7864990234375","64.7864990234375","64.7864990234375","6742","6742","6742"
"67439","34.93642044067383","34.93642044067383","34.93642044067383","6743","6743","6743"
"67469","69.46192932128906","69.46192932128906","69.46192932128906","6746","6746","6746"
"67479","78.78840637207031","78.78840637207031","78.78840637207031","6747","6747","6747"
"67499","69.03321838378906","69.03321838378906","69.03321838378906","6749","6749","6749"
"67519","55.874237060546875","55.874237060546875","55.874237060546875","6751","6751","6751"
"67569","92.06719970703125","92.06719970703125","92.06719970703125","6756","6756","6756"
"67579","59.18879318237305","59.18879318237305","59.18879318237305","6757","6757","6757"
"67599","80.7218017578125","80.7218017578125","80.7218017578125","6759","6759","6759"
"67629","53.37451171875","53.37451171875","53.37451171875","6762","6762","6762"
"67639","80.90337371826172","80.90337371826172","80.90337371826172","6763","6763","6763"
"67669","47.531314849853516","47.531314849853516","47.531314849853516","6766","6766","6766"
"67679","40.692867279052734","40.692867279052734","40.692867279052734","6767","6767","6767"
"67729","226.6481475830078","226.6481475830078","226.6481475830078","6772","6772","6772"
"67759","40.56993103027344","40.56993103027344","40.56993103027344","6775","6775","6775"
"67769","49.712974548339844","49.712974548339844","49.712974548339844","6776","6776","6776"
"67789","38.46018600463867","38.46018600463867","38.46018600463867","6778","6778","6778"
"67809","45.14513397216797","45.14513397216797","45.14513397216797","6780","6780","6780"
"67829","42.74114990234375","42.74114990234375","42.74114990234375","6782","6782","6782"
"67839","64.90592193603516","64.90592193603516","64.90592193603516","6783","6783","6783"
"67869","86.37141418457031","86.37141418457031","86.37141418457031","6786","6786","6786"
"67889","44.22860336303711","44.22860336303711","44.22860336303711","6788","6788","6788"
"67899","47.052459716796875","47.052459716796875","47.052459716796875","6789","6789","6789"
"67929","41.83654022216797","41.83654022216797","41.83654022216797","6792","6792","6792"
"67949","78.4916000366211","78.4916000366211","78.4916000366211","6794","6794","6794"
"67979","40.68800354003906","40.68800354003906","40.68800354003906","6797","6797","6797"
"68009","37.277496337890625","37.277496337890625","37.277496337890625","6800","6800","6800"
"68029","57.38749313354492","57.38749313354492","57.38749313354492","6802","6802","6802"
"68039","49.16472625732422","49.16472625732422","49.16472625732422","6803","6803","6803"
"68059","42.27886199951172","42.27886199951172","42.27886199951172","6805","6805","6805"
"68099","178.32069396972656","178.32069396972656","178.32069396972656","6809","6809","6809"
"68119","37.777408599853516","37.777408599853516","37.777408599853516","6811","6811","6811"
"68139","48.42405319213867","48.42405319213867","48.42405319213867","6813","6813","6813"
"68159","49.89401626586914","49.89401626586914","49.89401626586914","6815","6815","6815"
"68199","44.917572021484375","44.917572021484375","44.917572021484375","6819","6819","6819"
"68219","53.333763122558594","53.333763122558594","53.333763122558594","6821","6821","6821"
"68239","53.579673767089844","53.579673767089844","53.579673767089844","6823","6823","6823"
"68269","39.80239486694336","39.80239486694336","39.80239486694336","6826","6826","6826"
"68279","52.15525817871094","52.15525817871094","52.15525817871094","6827","6827","6827"
"68289","63.00548553466797","63.00548553466797","63.00548553466797","6828","6828","6828"
"68299","50.13993835449219","50.13993835449219","50.13993835449219","6829","6829","6829"
"68309","53.09619903564453","53.09619903564453","53.09619903564453","6830","6830","6830"
"68329","58.63079071044922","58.63079071044922","58.63079071044922","6832","6832","6832"
"68349","30.47783088684082","30.47783088684082","30.47783088684082","6834","6834","6834"
"68369","43.711158752441406","43.711158752441406","43.711158752441406","6836","6836","6836"
"68379","67.41898345947266","67.41898345947266","67.41898345947266","6837","6837","6837"
"68409","59.57783508300781","59.57783508300781","59.57783508300781","6840","6840","6840"
"68449","31.771787643432617","31.771787643432617","31.771787643432617","6844","6844","6844"
"68459","41.461585998535156","41.461585998535156","41.461585998535156","6845","6845","6845"
"68509","59.384986877441406","59.384986877441406","59.384986877441406","6850","6850","6850"
"68559","112.1146240234375","112.1146240234375","112.1146240234375","6855","6855","6855"
"68609","102.72872161865234","102.72872161865234","102.72872161865234","6860","6860","6860"
"68679","132.55874633789062","132.55874633789062","132.55874633789062","6867","6867","6867"
"68689","38.04108810424805","38.04108810424805","38.04108810424805","6868","6868","6868"
"68699","59.07265853881836","59.07265853881836","59.07265853881836","6869","6869","6869"
"68739","53.726234436035156","53.726234436035156","53.726234436035156","6873","6873","6873"
"68749","80.78298950195312","80.78298950195312","80.78298950195312","6874","6874","6874"
"68759","66.85574340820312","66.85574340820312","66.85574340820312","6875","6875","6875"
"68799","106.34009552001953","106.34009552001953","106.34009552001953","6879","6879","6879"
"68819","97.8205337524414","97.8205337524414","97.8205337524414","6881","6881","6881"
"68829","48.27829360961914","48.27829360961914","48.27829360961914","6882","6882","6882"
"68859","89.08740997314453","89.08740997314453","89.08740997314453","6885","6885","6885"
"68869","55.21300506591797","55.21300506591797","55.21300506591797","6886","6886","6886"
"68949","38.59408187866211","38.59408187866211","38.59408187866211","6894","6894","6894"
"68959","39.505104064941406","39.505104064941406","39.505104064941406","6895","6895","6895"
"68989","62.26406478881836","62.26406478881836","62.26406478881836","6898","6898","6898"
"68999","40.52069091796875","40.52069091796875","40.52069091796875","6899","6899","6899"
"69009","38.98558807373047","38.98558807373047","38.98558807373047","6900","6900","6900"
"69019","47.746559143066406","47.746559143066406","47.746559143066406","6901","6901","6901"
"69029","44.630828857421875","44.630828857421875","44.630828857421875","6902","6902","6902"
"69059","43.88810729980469","43.88810729980469","43.88810729980469","6905","6905","6905"
"69069","43.99485397338867","43.99485397338867","43.99485397338867","6906","6906","6906"
"69109","67.866943359375","67.866943359375","67.866943359375","6910","6910","6910"
"69129","54.80207443237305","54.80207443237305","54.80207443237305","6912","6912","6912"
"69149","61.31079864501953","61.31079864501953","61.31079864501953","6914","6914","6914"
"69169","50.120662689208984","50.120662689208984","50.120662689208984","6916","6916","6916"
"69189","79.77220153808594","79.77220153808594","79.77220153808594","6918","6918","6918"
"69199","69.79254150390625","69.79254150390625","69.79254150390625","6919","6919","6919"
"69209","56.73622131347656","56.73622131347656","56.73622131347656","6920","6920","6920"
"69219","39.22486114501953","39.22486114501953","39.22486114501953","6921","6921","6921"
"69249","39.452117919921875","39.452117919921875","39.452117919921875","6924","6924","6924"
"69319","47.300899505615234","47.300899505615234","47.300899505615234","6931","6931","6931"
"69349","49.73729705810547","49.73729705810547","49.73729705810547","6934","6934","6934"
"69359","65.15200805664062","65.15200805664062","65.15200805664062","6935","6935","6935"
"69369","60.41153335571289","60.41153335571289","60.41153335571289","6936","6936","6936"
"69399","32.38507080078125","32.38507080078125","32.38507080078125","6939","6939","6939"
"69439","80.62815856933594","80.62815856933594","80.62815856933594","6943","6943","6943"
"69449","43.17007064819336","43.17007064819336","43.17007064819336","6944","6944","6944"
"69469","78.73602294921875","78.73602294921875","78.73602294921875","6946","6946","6946"
"69479","72.30921936035156","72.30921936035156","72.30921936035156","6947","6947","6947"
"69509","46.57480239868164","46.57480239868164","46.57480239868164","6950","6950","6950"
"69549","59.652000427246094","59.652000427246094","59.652000427246094","6954","6954","6954"
"69559","73.36544799804688","73.36544799804688","73.36544799804688","6955","6955","6955"
"69589","42.44270324707031","42.44270324707031","42.44270324707031","6958","6958","6958"
"69619","45.676231384277344","45.676231384277344","45.676231384277344","6961","6961","6961"
"69649","61.282379150390625","61.282379150390625","61.282379150390625","6964","6964","6964"
"69659","54.209102630615234","54.209102630615234","54.209102630615234","6965","6965","6965"
"69669","32.782814025878906","32.782814025878906","32.782814025878906","6966","6966","6966"
"69689","277.3826904296875","277.3826904296875","277.3826904296875","6968","6968","6968"
"69719","66.53439331054688","66.53439331054688","66.53439331054688","6971","6971","6971"
"69739","59.13819885253906","59.13819885253906","59.13819885253906","6973","6973","6973"
"69759","51.97918701171875","51.97918701171875","51.97918701171875","6975","6975","6975"
"69799","58.74382781982422","58.74382781982422","58.74382781982422","6979","6979","6979"
"69809","46.79743957519531","46.79743957519531","46.79743957519531","6980","6980","6980"
"69829","77.39620971679688","77.39620971679688","77.39620971679688","6982","6982","6982"
"69849","56.940452575683594","56.940452575683594","56.940452575683594","6984","6984","6984"
"69859","43.24605941772461","43.24605941772461","43.24605941772461","6985","6985","6985"
"69879","56.89406967163086","56.89406967163086","56.89406967163086","6987","6987","6987"
"69889","39.00608444213867","39.00608444213867","39.00608444213867","6988","6988","6988"
"69899","93.62249755859375","93.62249755859375","93.62249755859375","6989","6989","6989"
"69909","59.93754196166992","59.93754196166992","59.93754196166992","6990","6990","6990"
"69949","55.024078369140625","55.024078369140625","55.024078369140625","6994","6994","6994"
"70029","54.28658676147461","54.28658676147461","54.28658676147461","7002","7002","7002"
"70039","75.52005767822266","75.52005767822266","75.52005767822266","7003","7003","7003"
"70049","52.09610366821289","52.09610366821289","52.09610366821289","7004","7004","7004"
"70059","69.79581451416016","69.79581451416016","69.79581451416016","7005","7005","7005"
"70079","72.52310180664062","72.52310180664062","72.52310180664062","7007","7007","7007"
"70109","46.67886734008789","46.67886734008789","46.67886734008789","7010","7010","7010"
"70119","64.53764343261719","64.53764343261719","64.53764343261719","7011","7011","7011"
"70139","119.34136199951172","119.34136199951172","119.34136199951172","7013","7013","7013"
"70179","53.241241455078125","53.241241455078125","53.241241455078125","7017","7017","7017"
"70189","67.40174865722656","67.40174865722656","67.40174865722656","7018","7018","7018"
"70229","49.48383331298828","49.48383331298828","49.48383331298828","7022","7022","7022"
"70239","49.77936553955078","49.77936553955078","49.77936553955078","7023","7023","7023"
"70259","48.82786560058594","48.82786560058594","48.82786560058594","7025","7025","7025"
"70299","38.046836853027344","38.046836853027344","38.046836853027344","7029","7029","7029"
"70379","64.97443389892578","64.97443389892578","64.97443389892578","7037","7037","7037"
"70399","68.7418212890625","68.7418212890625","68.7418212890625","7039","7039","7039"
"70409","45.96647262573242","45.96647262573242","45.96647262573242","7040","7040","7040"
"70419","48.46932601928711","48.46932601928711","48.46932601928711","7041","7041","7041"
"70429","48.13203430175781","48.13203430175781","48.13203430175781","7042","7042","7042"
"70489","77.23393249511719","77.23393249511719","77.23393249511719","7048","7048","7048"
"70519","108.42321014404297","108.42321014404297","108.42321014404297","7051","7051","7051"
"70529","44.71088409423828","44.71088409423828","44.71088409423828","7052","7052","7052"
"70559","43.12240982055664","43.12240982055664","43.12240982055664","7055","7055","7055"
"70569","55.691314697265625","55.691314697265625","55.691314697265625","7056","7056","7056"
"70589","47.07204818725586","47.07204818725586","47.07204818725586","7058","7058","7058"
"70599","48.38540267944336","48.38540267944336","48.38540267944336","7059","7059","7059"
"70609","44.438720703125","44.438720703125","44.438720703125","7060","7060","7060"
"70619","58.459571838378906","58.459571838378906","58.459571838378906","7061","7061","7061"
"70629","36.609397888183594","36.609397888183594","36.609397888183594","7062","7062","7062"
"70649","47.95506286621094","47.95506286621094","47.95506286621094","7064","7064","7064"
"70669","44.57200622558594","44.57200622558594","44.57200622558594","7066","7066","7066"
"70679","39.96840286254883","39.96840286254883","39.96840286254883","7067","7067","7067"
"70709","64.29054260253906","64.29054260253906","64.29054260253906","7070","7070","7070"
"70739","57.19593811035156","57.19593811035156","57.19593811035156","7073","7073","7073"
"70779","74.85649871826172","74.85649871826172","74.85649871826172","7077","7077","7077"
"70819","53.645816802978516","53.645816802978516","53.645816802978516","7081","7081","7081"
"70829","62.481605529785156","62.481605529785156","62.481605529785156","7082","7082","7082"
"70839","56.597164154052734","56.597164154052734","56.597164154052734","7083","7083","7083"
"70879","64.1741714477539","64.1741714477539","64.1741714477539","7087","7087","7087"
"70899","42.0264892578125","42.0264892578125","42.0264892578125","7089","7089","7089"
"70909","67.58195495605469","67.58195495605469","67.58195495605469","7090","7090","7090"
"70919","46.09348678588867","46.09348678588867","46.09348678588867","7091","7091","7091"
"70949","33.942073822021484","33.942073822021484","33.942073822021484","7094","7094","7094"
"70979","57.889163970947266","57.889163970947266","57.889163970947266","7097","7097","7097"
"71029","45.158592224121094","45.158592224121094","45.158592224121094","7102","7102","7102"
"71129","42.63852310180664","42.63852310180664","42.63852310180664","7112","7112","7112"
"71139","52.8656005859375","52.8656005859375","52.8656005859375","7113","7113","7113"
"71149","55.41696548461914","55.41696548461914","55.41696548461914","7114","7114","7114"
"71199","60.44798278808594","60.44798278808594","60.44798278808594","7119","7119","7119"
"71219","43.70823669433594","43.70823669433594","43.70823669433594","7121","7121","7121"
"71259","42.41963195800781","42.41963195800781","42.41963195800781","7125","7125","7125"
"71289","39.12150192260742","39.12150192260742","39.12150192260742","7128","7128","7128"
"71299","63.68050765991211","63.68050765991211","63.68050765991211","7129","7129","7129"
"71319","36.09404754638672","36.09404754638672","36.09404754638672","7131","7131","7131"
"71329","36.00978088378906","36.00978088378906","36.00978088378906","7132","7132","7132"
"71369","53.451454162597656","53.451454162597656","53.451454162597656","7136","7136","7136"
"71379","36.50267791748047","36.50267791748047","36.50267791748047","7137","7137","7137"
"71409","67.11042785644531","67.11042785644531","67.11042785644531","7140","7140","7140"
"71449","53.2409782409668","53.2409782409668","53.2409782409668","7144","7144","7144"
"71499","97.82357025146484","97.82357025146484","97.82357025146484","7149","7149","7149"
"71519","43.10253143310547","43.10253143310547","43.10253143310547","7151","7151","7151"
"71549","50.21720886230469","50.21720886230469","50.21720886230469","7154","7154","7154"
"71559","94.87052917480469","94.87052917480469","94.87052917480469","7155","7155","7155"
"71589","103.30279541015625","103.30279541015625","103.30279541015625","7158","7158","7158"
"71599","42.42850875854492","42.42850875854492","42.42850875854492","7159","7159","7159"
"71609","63.29065704345703","63.29065704345703","63.29065704345703","7160","7160","7160"
"71629","63.18597412109375","63.18597412109375","63.18597412109375","7162","7162","7162"
"71649","38.34921646118164","38.34921646118164","38.34921646118164","7164","7164","7164"
"71669","54.560306549072266","54.560306549072266","54.560306549072266","7166","7166","7166"
"71689","34.271759033203125","34.271759033203125","34.271759033203125","7168","7168","7168"
"71739","41.20009231567383","41.20009231567383","41.20009231567383","7173","7173","7173"
"71749","62.67530059814453","62.67530059814453","62.67530059814453","7174","7174","7174"
"71769","54.990047454833984","54.990047454833984","54.990047454833984","7176","7176","7176"
"71849","47.79479217529297","47.79479217529297","47.79479217529297","7184","7184","7184"
"71869","67.30928802490234","67.30928802490234","67.30928802490234","7186","7186","7186"
"71889","70.62071228027344","70.62071228027344","70.62071228027344","7188","7188","7188"
"71909","49.726524353027344","49.726524353027344","49.726524353027344","7190","7190","7190"
"71939","119.59525299072266","119.59525299072266","119.59525299072266","7193","7193","7193"
"71949","42.4658203125","42.4658203125","42.4658203125","7194","7194","7194"
"71969","31.198383331298828","31.198383331298828","31.198383331298828","7196","7196","7196"
"71989","64.49880981445312","64.49880981445312","64.49880981445312","7198","7198","7198"
"72009","57.510982513427734","57.510982513427734","57.510982513427734","7200","7200","7200"
"72029","69.30801391601562","69.30801391601562","69.30801391601562","7202","7202","7202"
"72059","69.44568634033203","69.44568634033203","69.44568634033203","7205","7205","7205"
"72069","53.25695037841797","53.25695037841797","53.25695037841797","7206","7206","7206"
"72079","63.33588790893555","63.33588790893555","63.33588790893555","7207","7207","7207"
"72089","54.60117721557617","54.60117721557617","54.60117721557617","7208","7208","7208"
"72109","48.955604553222656","48.955604553222656","48.955604553222656","7210","7210","7210"
"72129","44.118072509765625","44.118072509765625","44.118072509765625","7212","7212","7212"
"72139","53.03324890136719","53.03324890136719","53.03324890136719","7213","7213","7213"
"72149","53.87261962890625","53.87261962890625","53.87261962890625","7214","7214","7214"
"72209","43.76600646972656","43.76600646972656","43.76600646972656","7220","7220","7220"
"72259","62.136234283447266","62.136234283447266","62.136234283447266","7225","7225","7225"
"72269","38.56051254272461","38.56051254272461","38.56051254272461","7226","7226","7226"
"72299","36.746360778808594","36.746360778808594","36.746360778808594","7229","7229","7229"
"72349","59.051307678222656","59.051307678222656","59.051307678222656","7234","7234","7234"
"72359","79.22924041748047","79.22924041748047","79.22924041748047","7235","7235","7235"
"72369","59.05611038208008","59.05611038208008","59.05611038208008","7236","7236","7236"
"72389","131.42446899414062","131.42446899414062","131.42446899414062","7238","7238","7238"
"72399","49.7432861328125","49.7432861328125","49.7432861328125","7239","7239","7239"
"72409","39.83738327026367","39.83738327026367","39.83738327026367","7240","7240","7240"
"72419","40.472991943359375","40.472991943359375","40.472991943359375","7241","7241","7241"
"72429","41.533592224121094","41.533592224121094","41.533592224121094","7242","7242","7242"
"72449","31.275619506835938","31.275619506835938","31.275619506835938","7244","7244","7244"
"72459","71.26315307617188","71.26315307617188","71.26315307617188","7245","7245","7245"
"72469","41.263587951660156","41.263587951660156","41.263587951660156","7246","7246","7246"
"72479","55.94303894042969","55.94303894042969","55.94303894042969","7247","7247","7247"
"72489","71.52750396728516","71.52750396728516","71.52750396728516","7248","7248","7248"
"72499","66.10846710205078","66.10846710205078","66.10846710205078","7249","7249","7249"
"72519","43.919551849365234","43.919551849365234","43.919551849365234","7251","7251","7251"
"72539","72.92549133300781","72.92549133300781","72.92549133300781","7253","7253","7253"
"72549","62.86009216308594","62.86009216308594","62.86009216308594","7254","7254","7254"
"72569","55.40019226074219","55.40019226074219","55.40019226074219","7256","7256","7256"
"72579","39.9863166809082","39.9863166809082","39.9863166809082","7257","7257","7257"
"72609","48.67627716064453","48.67627716064453","48.67627716064453","7260","7260","7260"
"72639","47.382816314697266","47.382816314697266","47.382816314697266","7263","7263","7263"
"72649","60.10355758666992","60.10355758666992","60.10355758666992","7264","7264","7264"
"72659","50.87877655029297","50.87877655029297","50.87877655029297","7265","7265","7265"
"72679","51.02511978149414","51.02511978149414","51.02511978149414","7267","7267","7267"
"72689","46.67233657836914","46.67233657836914","46.67233657836914","7268","7268","7268"
"72699","73.02284240722656","73.02284240722656","73.02284240722656","7269","7269","7269"
"72749","49.05760192871094","49.05760192871094","49.05760192871094","7274","7274","7274"
"72759","57.994544982910156","57.994544982910156","57.994544982910156","7275","7275","7275"
"72779","37.4420166015625","37.4420166015625","37.4420166015625","7277","7277","7277"
"72789","53.64440155029297","53.64440155029297","53.64440155029297","7278","7278","7278"
"72799","66.12592315673828","66.12592315673828","66.12592315673828","7279","7279","7279"
"72809","41.06742477416992","41.06742477416992","41.06742477416992","7280","7280","7280"
"72859","46.7686767578125","46.7686767578125","46.7686767578125","7285","7285","7285"
"72869","53.32084655761719","53.32084655761719","53.32084655761719","7286","7286","7286"
"72909","39.20219039916992","39.20219039916992","39.20219039916992","7290","7290","7290"
"72919","62.03528594970703","62.03528594970703","62.03528594970703","7291","7291","7291"
"72929","42.7579345703125","42.7579345703125","42.7579345703125","7292","7292","7292"
"72939","60.370643615722656","60.370643615722656","60.370643615722656","7293","7293","7293"
"72959","47.00848388671875","47.00848388671875","47.00848388671875","7295","7295","7295"
"72969","51.794979095458984","51.794979095458984","51.794979095458984","7296","7296","7296"
"72989","62.98676681518555","62.98676681518555","62.98676681518555","7298","7298","7298"
"72999","43.87223434448242","43.87223434448242","43.87223434448242","7299","7299","7299"
"73019","58.51747512817383","58.51747512817383","58.51747512817383","7301","7301","7301"
"73049","53.24497985839844","53.24497985839844","53.24497985839844","7304","7304","7304"
"73089","78.63197326660156","78.63197326660156","78.63197326660156","7308","7308","7308"
"73099","47.21611022949219","47.21611022949219","47.21611022949219","7309","7309","7309"
"73109","54.953033447265625","54.953033447265625","54.953033447265625","7310","7310","7310"
"73139","37.2294807434082","37.2294807434082","37.2294807434082","7313","7313","7313"
"73159","69.0137939453125","69.0137939453125","69.0137939453125","7315","7315","7315"
"73249","40.41987609863281","40.41987609863281","40.41987609863281","7324","7324","7324"
"73259","33.42111587524414","33.42111587524414","33.42111587524414","7325","7325","7325"
"73289","37.982452392578125","37.982452392578125","37.982452392578125","7328","7328","7328"
"73299","59.278926849365234","59.278926849365234","59.278926849365234","7329","7329","7329"
"73309","116.83728790283203","116.83728790283203","116.83728790283203","7330","7330","7330"
"73329","41.70723342895508","41.70723342895508","41.70723342895508","7332","7332","7332"
"73369","108.8426284790039","108.8426284790039","108.8426284790039","7336","7336","7336"
"73409","53.63603973388672","53.63603973388672","53.63603973388672","7340","7340","7340"
"73429","48.18986511230469","48.18986511230469","48.18986511230469","7342","7342","7342"
"73449","35.972190856933594","35.972190856933594","35.972190856933594","7344","7344","7344"
"73459","77.5241928100586","77.5241928100586","77.5241928100586","7345","7345","7345"
"73479","93.72865295410156","93.72865295410156","93.72865295410156","7347","7347","7347"
"73489","58.19536590576172","58.19536590576172","58.19536590576172","7348","7348","7348"
"73499","82.51470184326172","82.51470184326172","82.51470184326172","7349","7349","7349"
"73559","68.62715148925781","68.62715148925781","68.62715148925781","7355","7355","7355"
"73579","49.83338928222656","49.83338928222656","49.83338928222656","7357","7357","7357"
"73589","37.535640716552734","37.535640716552734","37.535640716552734","7358","7358","7358"
"73599","36.35253143310547","36.35253143310547","36.35253143310547","7359","7359","7359"
"73609","58.98258972167969","58.98258972167969","58.98258972167969","7360","7360","7360"
"73619","57.41938400268555","57.41938400268555","57.41938400268555","7361","7361","7361"
"73649","43.00231170654297","43.00231170654297","43.00231170654297","7364","7364","7364"
"73659","74.27562713623047","74.27562713623047","74.27562713623047","7365","7365","7365"
"73679","70.28321075439453","70.28321075439453","70.28321075439453","7367","7367","7367"
"73739","48.4390869140625","48.4390869140625","48.4390869140625","7373","7373","7373"
"73789","48.828609466552734","48.828609466552734","48.828609466552734","7378","7378","7378"
"73819","49.35088348388672","49.35088348388672","49.35088348388672","7381","7381","7381"
"73839","63.83933639526367","63.83933639526367","63.83933639526367","7383","7383","7383"
"73849","57.25672149658203","57.25672149658203","57.25672149658203","7384","7384","7384"
"73869","68.57661437988281","68.57661437988281","68.57661437988281","7386","7386","7386"
"73899","87.75338745117188","87.75338745117188","87.75338745117188","7389","7389","7389"
"73909","59.68395233154297","59.68395233154297","59.68395233154297","7390","7390","7390"
"73919","36.40364456176758","36.40364456176758","36.40364456176758","7391","7391","7391"
"73979","66.43378448486328","66.43378448486328","66.43378448486328","7397","7397","7397"
"73999","43.33837890625","43.33837890625","43.33837890625","7399","7399","7399"
"74009","42.80461502075195","42.80461502075195","42.80461502075195","7400","7400","7400"
"74039","49.99784851074219","49.99784851074219","49.99784851074219","7403","7403","7403"
"74079","76.18802642822266","76.18802642822266","76.18802642822266","7407","7407","7407"
"74109","37.26609420776367","37.26609420776367","37.26609420776367","7410","7410","7410"
"74119","64.79290008544922","64.79290008544922","64.79290008544922","7411","7411","7411"
"74139","44.69602584838867","44.69602584838867","44.69602584838867","7413","7413","7413"
"74159","55.01654815673828","55.01654815673828","55.01654815673828","7415","7415","7415"
"74169","33.766597747802734","33.766597747802734","33.766597747802734","7416","7416","7416"
"74179","92.5377426147461","92.5377426147461","92.5377426147461","7417","7417","7417"
"74199","32.27168655395508","32.27168655395508","32.27168655395508","7419","7419","7419"
"74229","73.87150573730469","73.87150573730469","73.87150573730469","7422","7422","7422"
"74239","54.8002815246582","54.8002815246582","54.8002815246582","7423","7423","7423"
"74259","66.79973602294922","66.79973602294922","66.79973602294922","7425","7425","7425"
"74289","55.200706481933594","55.200706481933594","55.200706481933594","7428","7428","7428"
"74299","56.431331634521484","56.431331634521484","56.431331634521484","7429","7429","7429"
"74309","78.62444305419922","78.62444305419922","78.62444305419922","7430","7430","7430"
"74319","38.844688415527344","38.844688415527344","38.844688415527344","7431","7431","7431"
"74339","49.274017333984375","49.274017333984375","49.274017333984375","7433","7433","7433"
"74349","78.3944320678711","78.3944320678711","78.3944320678711","7434","7434","7434"
"74359","39.759986877441406","39.759986877441406","39.759986877441406","7435","7435","7435"
"74379","113.58433532714844","113.58433532714844","113.58433532714844","7437","7437","7437"
"74409","53.3314208984375","53.3314208984375","53.3314208984375","7440","7440","7440"
"74419","99.83760070800781","99.83760070800781","99.83760070800781","7441","7441","7441"
"74449","39.39916229248047","39.39916229248047","39.39916229248047","7444","7444","7444"
"74459","40.592384338378906","40.592384338378906","40.592384338378906","7445","7445","7445"
"74519","70.22883605957031","70.22883605957031","70.22883605957031","7451","7451","7451"
"74549","36.97465896606445","36.97465896606445","36.97465896606445","7454","7454","7454"
"74579","50.20457458496094","50.20457458496094","50.20457458496094","7457","7457","7457"
"74589","35.66118240356445","35.66118240356445","35.66118240356445","7458","7458","7458"
"74599","146.63584899902344","146.63584899902344","146.63584899902344","7459","7459","7459"
"74639","64.231689453125","64.231689453125","64.231689453125","7463","7463","7463"
"74649","60.16130065917969","60.16130065917969","60.16130065917969","7464","7464","7464"
"74689","57.78187561035156","57.78187561035156","57.78187561035156","7468","7468","7468"
"74709","51.83591842651367","51.83591842651367","51.83591842651367","7470","7470","7470"
"74729","104.41752624511719","104.41752624511719","104.41752624511719","7472","7472","7472"
"74789","40.738712310791016","40.738712310791016","40.738712310791016","7478","7478","7478"
"74819","64.08443450927734","64.08443450927734","64.08443450927734","7481","7481","7481"
"74829","48.08856201171875","48.08856201171875","48.08856201171875","7482","7482","7482"
"74839","83.55229187011719","83.55229187011719","83.55229187011719","7483","7483","7483"
"74889","38.7857666015625","38.7857666015625","38.7857666015625","7488","7488","7488"
"74929","45.308292388916016","45.308292388916016","45.308292388916016","7492","7492","7492"
"74969","51.41268539428711","51.41268539428711","51.41268539428711","7496","7496","7496"
"74989","59.59019470214844","59.59019470214844","59.59019470214844","7498","7498","7498"
"74999","53.1307373046875","53.1307373046875","53.1307373046875","7499","7499","7499"
"75019","43.628265380859375","43.628265380859375","43.628265380859375","7501","7501","7501"
"75069","51.339088439941406","51.339088439941406","51.339088439941406","7506","7506","7506"
"75099","119.5033187866211","119.5033187866211","119.5033187866211","7509","7509","7509"
"75109","72.73286437988281","72.73286437988281","72.73286437988281","7510","7510","7510"
"75129","73.6362533569336","73.6362533569336","73.6362533569336","7512","7512","7512"
"75149","49.464603424072266","49.464603424072266","49.464603424072266","7514","7514","7514"
"75159","92.40313720703125","92.40313720703125","92.40313720703125","7515","7515","7515"
"75169","41.69560241699219","41.69560241699219","41.69560241699219","7516","7516","7516"
"75189","74.6141586303711","74.6141586303711","74.6141586303711","7518","7518","7518"
"75209","80.41619873046875","80.41619873046875","80.41619873046875","7520","7520","7520"
"75229","41.79088592529297","41.79088592529297","41.79088592529297","7522","7522","7522"
"75239","77.9824447631836","77.9824447631836","77.9824447631836","7523","7523","7523"
"75269","49.28889083862305","49.28889083862305","49.28889083862305","7526","7526","7526"
"75289","62.174076080322266","62.174076080322266","62.174076080322266","7528","7528","7528"
"75359","65.31613159179688","65.31613159179688","65.31613159179688","7535","7535","7535"
"75369","57.937259674072266","57.937259674072266","57.937259674072266","7536","7536","7536"
"75389","48.749114990234375","48.749114990234375","48.749114990234375","7538","7538","7538"
"75399","54.76886749267578","54.76886749267578","54.76886749267578","7539","7539","7539"
"75439","198.02427673339844","198.02427673339844","198.02427673339844","7543","7543","7543"
"75479","62.18158721923828","62.18158721923828","62.18158721923828","7547","7547","7547"
"75509","44.46236038208008","44.46236038208008","44.46236038208008","7550","7550","7550"
"75529","56.22675323486328","56.22675323486328","56.22675323486328","7552","7552","7552"
"75539","43.787139892578125","43.787139892578125","43.787139892578125","7553","7553","7553"
"75569","45.337806701660156","45.337806701660156","45.337806701660156","7556","7556","7556"
"75589","52.97130584716797","52.97130584716797","52.97130584716797","7558","7558","7558"
"75599","44.147010803222656","44.147010803222656","44.147010803222656","7559","7559","7559"
"75609","44.303321838378906","44.303321838378906","44.303321838378906","7560","7560","7560"
"75639","43.98115158081055","43.98115158081055","43.98115158081055","7563","7563","7563"
"75669","46.46662139892578","46.46662139892578","46.46662139892578","7566","7566","7566"
"75679","69.53387451171875","69.53387451171875","69.53387451171875","7567","7567","7567"
"75709","55.41486358642578","55.41486358642578","55.41486358642578","7570","7570","7570"
"75729","41.1558952331543","41.1558952331543","41.1558952331543","7572","7572","7572"
"75749","51.255027770996094","51.255027770996094","51.255027770996094","7574","7574","7574"
"75759","42.52947235107422","42.52947235107422","42.52947235107422","7575","7575","7575"
"75789","65.06869506835938","65.06869506835938","65.06869506835938","7578","7578","7578"
"75849","65.3823013305664","65.3823013305664","65.3823013305664","7584","7584","7584"
"75879","41.06890106201172","41.06890106201172","41.06890106201172","7587","7587","7587"
"75899","63.816200256347656","63.816200256347656","63.816200256347656","7589","7589","7589"
"75909","78.5615234375","78.5615234375","78.5615234375","7590","7590","7590"
"75919","54.92810821533203","54.92810821533203","54.92810821533203","7591","7591","7591"
"75929","72.59806823730469","72.59806823730469","72.59806823730469","7592","7592","7592"
"75959","65.92407989501953","65.92407989501953","65.92407989501953","7595","7595","7595"
"75999","53.11171340942383","53.11171340942383","53.11171340942383","7599","7599","7599"
"76009","41.79270553588867","41.79270553588867","41.79270553588867","7600","7600","7600"
"76029","46.35204315185547","46.35204315185547","46.35204315185547","7602","7602","7602"
"76059","39.1833610534668","39.1833610534668","39.1833610534668","7605","7605","7605"
"76069","51.48443603515625","51.48443603515625","51.48443603515625","7606","7606","7606"
"76089","58.739906311035156","58.739906311035156","58.739906311035156","7608","7608","7608"
"76129","61.143184661865234","61.143184661865234","61.143184661865234","7612","7612","7612"
"76139","35.76162338256836","35.76162338256836","35.76162338256836","7613","7613","7613"
"76149","50.83488464355469","50.83488464355469","50.83488464355469","7614","7614","7614"
"76159","52.93888854980469","52.93888854980469","52.93888854980469","7615","7615","7615"
"76179","168.32589721679688","168.32589721679688","168.32589721679688","7617","7617","7617"
"76199","31.23760223388672","31.23760223388672","31.23760223388672","7619","7619","7619"
"76209","63.170143127441406","63.170143127441406","63.170143127441406","7620","7620","7620"
"76219","35.67715072631836","35.67715072631836","35.67715072631836","7621","7621","7621"
"76269","47.31564712524414","47.31564712524414","47.31564712524414","7626","7626","7626"
"76279","63.46691131591797","63.46691131591797","63.46691131591797","7627","7627","7627"
"76299","66.9652328491211","66.9652328491211","66.9652328491211","7629","7629","7629"
"76319","78.77276611328125","78.77276611328125","78.77276611328125","7631","7631","7631"
"76349","71.6379623413086","71.6379623413086","71.6379623413086","7634","7634","7634"
"76379","56.13678741455078","56.13678741455078","56.13678741455078","7637","7637","7637"
"76389","50.55501937866211","50.55501937866211","50.55501937866211","7638","7638","7638"
"76399","36.35554885864258","36.35554885864258","36.35554885864258","7639","7639","7639"
"76419","78.08988189697266","78.08988189697266","78.08988189697266","7641","7641","7641"
"76449","34.30310821533203","34.30310821533203","34.30310821533203","7644","7644","7644"
"76469","53.322113037109375","53.322113037109375","53.322113037109375","7646","7646","7646"
"76479","38.97835922241211","38.97835922241211","38.97835922241211","7647","7647","7647"
"76499","37.219669342041016","37.219669342041016","37.219669342041016","7649","7649","7649"
"76509","56.59209442138672","56.59209442138672","56.59209442138672","7650","7650","7650"
"76529","60.1451416015625","60.1451416015625","60.1451416015625","7652","7652","7652"
"76549","49.072322845458984","49.072322845458984","49.072322845458984","7654","7654","7654"
"76559","51.69309997558594","51.69309997558594","51.69309997558594","7655","7655","7655"
"76569","122.92305755615234","122.92305755615234","122.92305755615234","7656","7656","7656"
"76589","70.2352294921875","70.2352294921875","70.2352294921875","7658","7658","7658"
"76599","81.68379211425781","81.68379211425781","81.68379211425781","7659","7659","7659"
"76619","48.5645866394043","48.5645866394043","48.5645866394043","7661","7661","7661"
"76629","54.219383239746094","54.219383239746094","54.219383239746094","7662","7662","7662"
"76679","54.46331024169922","54.46331024169922","54.46331024169922","7667","7667","7667"
"76699","60.137264251708984","60.137264251708984","60.137264251708984","7669","7669","7669"
"76709","57.27263259887695","57.27263259887695","57.27263259887695","7670","7670","7670"
"76719","35.79077911376953","35.79077911376953","35.79077911376953","7671","7671","7671"
"76729","80.15711975097656","80.15711975097656","80.15711975097656","7672","7672","7672"
"76749","55.2535400390625","55.2535400390625","55.2535400390625","7674","7674","7674"
"76759","57.027889251708984","57.027889251708984","57.027889251708984","7675","7675","7675"
"76769","63.81148147583008","63.81148147583008","63.81148147583008","7676","7676","7676"
"76819","51.79789733886719","51.79789733886719","51.79789733886719","7681","7681","7681"
"76849","83.70097351074219","83.70097351074219","83.70097351074219","7684","7684","7684"
"76869","58.24125671386719","58.24125671386719","58.24125671386719","7686","7686","7686"
"76899","30.477947235107422","30.477947235107422","30.477947235107422","7689","7689","7689"
"76909","39.05830001831055","39.05830001831055","39.05830001831055","7690","7690","7690"
"76919","65.35556030273438","65.35556030273438","65.35556030273438","7691","7691","7691"
"76969","55.66345977783203","55.66345977783203","55.66345977783203","7696","7696","7696"
"77029","49.460731506347656","49.460731506347656","49.460731506347656","7702","7702","7702"
"77039","58.790916442871094","58.790916442871094","58.790916442871094","7703","7703","7703"
"77059","48.23417282104492","48.23417282104492","48.23417282104492","7705","7705","7705"
"77079","39.13885498046875","39.13885498046875","39.13885498046875","7707","7707","7707"
"77089","38.882110595703125","38.882110595703125","38.882110595703125","7708","7708","7708"
"77109","50.93476104736328","50.93476104736328","50.93476104736328","7710","7710","7710"
"77139","52.80657196044922","52.80657196044922","52.80657196044922","7713","7713","7713"
"77179","46.41457748413086","46.41457748413086","46.41457748413086","7717","7717","7717"
"77199","80.07861328125","80.07861328125","80.07861328125","7719","7719","7719"
"77209","140.2357635498047","140.2357635498047","140.2357635498047","7720","7720","7720"
"77229","38.021888732910156","38.021888732910156","38.021888732910156","7722","7722","7722"
"77249","50.917823791503906","50.917823791503906","50.917823791503906","7724","7724","7724"
"77269","52.764034271240234","52.764034271240234","52.764034271240234","7726","7726","7726"
"77279","48.32014083862305","48.32014083862305","48.32014083862305","7727","7727","7727"
"77289","51.823543548583984","51.823543548583984","51.823543548583984","7728","7728","7728"
"77319","44.54544448852539","44.54544448852539","44.54544448852539","7731","7731","7731"
"77349","52.20429992675781","52.20429992675781","52.20429992675781","7734","7734","7734"
"77379","48.415340423583984","48.415340423583984","48.415340423583984","7737","7737","7737"
"77399","66.02223205566406","66.02223205566406","66.02223205566406","7739","7739","7739"
"77409","49.08613967895508","49.08613967895508","49.08613967895508","7740","7740","7740"
"77419","73.78553009033203","73.78553009033203","73.78553009033203","7741","7741","7741"
"77519","39.675384521484375","39.675384521484375","39.675384521484375","7751","7751","7751"
"77559","68.3999252319336","68.3999252319336","68.3999252319336","7755","7755","7755"
"77609","49.791099548339844","49.791099548339844","49.791099548339844","7760","7760","7760"
"77619","52.30891799926758","52.30891799926758","52.30891799926758","7761","7761","7761"
"77629","56.91345977783203","56.91345977783203","56.91345977783203","7762","7762","7762"
"77639","64.70558166503906","64.70558166503906","64.70558166503906","7763","7763","7763"
"77649","63.91579055786133","63.91579055786133","63.91579055786133","7764","7764","7764"
"77659","41.39268493652344","41.39268493652344","41.39268493652344","7765","7765","7765"
"77719","51.3731689453125","51.3731689453125","51.3731689453125","7771","7771","7771"
"77769","73.92161560058594","73.92161560058594","73.92161560058594","7776","7776","7776"
"77779","70.14883422851562","70.14883422851562","70.14883422851562","7777","7777","7777"
"77789","75.36579895019531","75.36579895019531","75.36579895019531","7778","7778","7778"
"77799","50.8668327331543","50.8668327331543","50.8668327331543","7779","7779","7779"
"77849","79.79948425292969","79.79948425292969","79.79948425292969","7784","7784","7784"
"77859","47.43075180053711","47.43075180053711","47.43075180053711","7785","7785","7785"
"77899","61.945369720458984","61.945369720458984","61.945369720458984","7789","7789","7789"
"77929","40.71885681152344","40.71885681152344","40.71885681152344","7792","7792","7792"
"77939","68.24517822265625","68.24517822265625","68.24517822265625","7793","7793","7793"
"77949","57.65308380126953","57.65308380126953","57.65308380126953","7794","7794","7794"
"77959","45.29017639160156","45.29017639160156","45.29017639160156","7795","7795","7795"
"77979","69.84186553955078","69.84186553955078","69.84186553955078","7797","7797","7797"
"77999","43.88716506958008","43.88716506958008","43.88716506958008","7799","7799","7799"
"78009","46.06044387817383","46.06044387817383","46.06044387817383","7800","7800","7800"
"78029","42.05058670043945","42.05058670043945","42.05058670043945","7802","7802","7802"
"78039","36.99231719970703","36.99231719970703","36.99231719970703","7803","7803","7803"
"78069","50.03024673461914","50.03024673461914","50.03024673461914","7806","7806","7806"
"78079","58.933414459228516","58.933414459228516","58.933414459228516","7807","7807","7807"
"78099","45.22154235839844","45.22154235839844","45.22154235839844","7809","7809","7809"
"78109","36.60796356201172","36.60796356201172","36.60796356201172","7810","7810","7810"
"78149","47.453208923339844","47.453208923339844","47.453208923339844","7814","7814","7814"
"78169","54.98065185546875","54.98065185546875","54.98065185546875","7816","7816","7816"
"78239","51.576263427734375","51.576263427734375","51.576263427734375","7823","7823","7823"
"78249","46.3677864074707","46.3677864074707","46.3677864074707","7824","7824","7824"
"78289","39.94765853881836","39.94765853881836","39.94765853881836","7828","7828","7828"
"78329","52.206512451171875","52.206512451171875","52.206512451171875","7832","7832","7832"
"78339","55.42783737182617","55.42783737182617","55.42783737182617","7833","7833","7833"
"78359","59.2808723449707","59.2808723449707","59.2808723449707","7835","7835","7835"
"78379","84.41590881347656","84.41590881347656","84.41590881347656","7837","7837","7837"
"78389","48.043731689453125","48.043731689453125","48.043731689453125","7838","7838","7838"
"78419","38.611915588378906","38.611915588378906","38.611915588378906","7841","7841","7841"
"78439","44.69212341308594","44.69212341308594","44.69212341308594","7843","7843","7843"
"78449","57.281822204589844","57.281822204589844","57.281822204589844","7844","7844","7844"
"78489","56.38431930541992","56.38431930541992","56.38431930541992","7848","7848","7848"
"78509","64.60182189941406","64.60182189941406","64.60182189941406","7850","7850","7850"
"78519","51.619606018066406","51.619606018066406","51.619606018066406","7851","7851","7851"
"78529","48.761131286621094","48.761131286621094","48.761131286621094","7852","7852","7852"
"78539","66.15082550048828","66.15082550048828","66.15082550048828","7853","7853","7853"
"78559","45.59749221801758","45.59749221801758","45.59749221801758","7855","7855","7855"
"78579","44.70160675048828","44.70160675048828","44.70160675048828","7857","7857","7857"
"78589","71.17265319824219","71.17265319824219","71.17265319824219","7858","7858","7858"
"78639","31.934864044189453","31.934864044189453","31.934864044189453","7863","7863","7863"
"78679","43.5002555847168","43.5002555847168","43.5002555847168","7867","7867","7867"
"78699","117.84440612792969","117.84440612792969","117.84440612792969","7869","7869","7869"
"78719","35.24907684326172","35.24907684326172","35.24907684326172","7871","7871","7871"
"78749","35.45807647705078","35.45807647705078","35.45807647705078","7874","7874","7874"
"78759","35.784488677978516","35.784488677978516","35.784488677978516","7875","7875","7875"
"78779","85.2677230834961","85.2677230834961","85.2677230834961","7877","7877","7877"
"78829","47.281768798828125","47.281768798828125","47.281768798828125","7882","7882","7882"
"78839","42.31663513183594","42.31663513183594","42.31663513183594","7883","7883","7883"
"78859","37.78375244140625","37.78375244140625","37.78375244140625","7885","7885","7885"
"78869","103.57627868652344","103.57627868652344","103.57627868652344","7886","7886","7886"
"78949","42.13915252685547","42.13915252685547","42.13915252685547","7894","7894","7894"
"78979","53.797157287597656","53.797157287597656","53.797157287597656","7897","7897","7897"
"78989","50.94718933105469","50.94718933105469","50.94718933105469","7898","7898","7898"
"79009","83.1487045288086","83.1487045288086","83.1487045288086","7900","7900","7900"
"79019","62.185874938964844","62.185874938964844","62.185874938964844","7901","7901","7901"
"79049","52.40007400512695","52.40007400512695","52.40007400512695","7904","7904","7904"
"79059","41.30094909667969","41.30094909667969","41.30094909667969","7905","7905","7905"
"79089","47.62398910522461","47.62398910522461","47.62398910522461","7908","7908","7908"
"79099","38.279151916503906","38.279151916503906","38.279151916503906","7909","7909","7909"
"79129","46.33857345581055","46.33857345581055","46.33857345581055","7912","7912","7912"
"79139","54.7394905090332","54.7394905090332","54.7394905090332","7913","7913","7913"
"79149","37.258235931396484","37.258235931396484","37.258235931396484","7914","7914","7914"
"79159","105.5645523071289","105.5645523071289","105.5645523071289","7915","7915","7915"
"79179","44.03542709350586","44.03542709350586","44.03542709350586","7917","7917","7917"
"79219","80.85460662841797","80.85460662841797","80.85460662841797","7921","7921","7921"
"79249","35.18363571166992","35.18363571166992","35.18363571166992","7924","7924","7924"
"79309","45.77231979370117","45.77231979370117","45.77231979370117","7930","7930","7930"
"79339","44.55854034423828","44.55854034423828","44.55854034423828","7933","7933","7933"
"79399","49.569068908691406","49.569068908691406","49.569068908691406","7939","7939","7939"
"79419","62.21001434326172","62.21001434326172","62.21001434326172","7941","7941","7941"
"79439","36.7659912109375","36.7659912109375","36.7659912109375","7943","7943","7943"
"79459","44.826744079589844","44.826744079589844","44.826744079589844","7945","7945","7945"
"79469","49.18811798095703","49.18811798095703","49.18811798095703","7946","7946","7946"
"79479","57.49260711669922","57.49260711669922","57.49260711669922","7947","7947","7947"
"79489","42.202476501464844","42.202476501464844","42.202476501464844","7948","7948","7948"
"79509","50.47489929199219","50.47489929199219","50.47489929199219","7950","7950","7950"
"79519","69.69812774658203","69.69812774658203","69.69812774658203","7951","7951","7951"
"79539","52.458885192871094","52.458885192871094","52.458885192871094","7953","7953","7953"
"79549","57.372779846191406","57.372779846191406","57.372779846191406","7954","7954","7954"
"79559","45.34333801269531","45.34333801269531","45.34333801269531","7955","7955","7955"
"79579","39.852725982666016","39.852725982666016","39.852725982666016","7957","7957","7957"
"79629","82.55726623535156","82.55726623535156","82.55726623535156","7962","7962","7962"
"79639","39.38671112060547","39.38671112060547","39.38671112060547","7963","7963","7963"
"79659","34.223636627197266","34.223636627197266","34.223636627197266","7965","7965","7965"
"79669","49.791786193847656","49.791786193847656","49.791786193847656","7966","7966","7966"
"79679","66.8914566040039","66.8914566040039","66.8914566040039","7967","7967","7967"
"79719","59.102989196777344","59.102989196777344","59.102989196777344","7971","7971","7971"
"79729","39.746856689453125","39.746856689453125","39.746856689453125","7972","7972","7972"
"79739","80.78726959228516","80.78726959228516","80.78726959228516","7973","7973","7973"
"79889","65.73429107666016","65.73429107666016","65.73429107666016","7988","7988","7988"
"79929","55.190391540527344","55.190391540527344","55.190391540527344","7992","7992","7992"
"79949","49.12996292114258","49.12996292114258","49.12996292114258","7994","7994","7994"
"79969","59.09614181518555","59.09614181518555","59.09614181518555","7996","7996","7996"
"79999","51.168853759765625","51.168853759765625","51.168853759765625","7999","7999","7999"
"80029","46.07209777832031","46.07209777832031","46.07209777832031","8002","8002","8002"
"80039","41.18688201904297","41.18688201904297","41.18688201904297","8003","8003","8003"
"80049","45.09058380126953","45.09058380126953","45.09058380126953","8004","8004","8004"
"80079","51.80030822753906","51.80030822753906","51.80030822753906","8007","8007","8007"
"80089","71.26448822021484","71.26448822021484","71.26448822021484","8008","8008","8008"
"80099","42.1001091003418","42.1001091003418","42.1001091003418","8009","8009","8009"
"80139","34.57634735107422","34.57634735107422","34.57634735107422","8013","8013","8013"
"80149","51.78717803955078","51.78717803955078","51.78717803955078","8014","8014","8014"
"80189","65.42208862304688","65.42208862304688","65.42208862304688","8018","8018","8018"
"80229","75.29901885986328","75.29901885986328","75.29901885986328","8022","8022","8022"
"80239","87.81156158447266","87.81156158447266","87.81156158447266","8023","8023","8023"
"80279","44.60999298095703","44.60999298095703","44.60999298095703","8027","8027","8027"
"80299","44.45305252075195","44.45305252075195","44.45305252075195","8029","8029","8029"
"80329","50.63407897949219","50.63407897949219","50.63407897949219","8032","8032","8032"
"80339","35.218238830566406","35.218238830566406","35.218238830566406","8033","8033","8033"
"80359","39.70902633666992","39.70902633666992","39.70902633666992","8035","8035","8035"
"80369","67.28390502929688","67.28390502929688","67.28390502929688","8036","8036","8036"
"80429","54.5802001953125","54.5802001953125","54.5802001953125","8042","8042","8042"
"80439","45.470584869384766","45.470584869384766","45.470584869384766","8043","8043","8043"
"80459","79.36163330078125","79.36163330078125","79.36163330078125","8045","8045","8045"
"80489","72.14106750488281","72.14106750488281","72.14106750488281","8048","8048","8048"
"80509","47.425926208496094","47.425926208496094","47.425926208496094","8050","8050","8050"
"80529","36.19001770019531","36.19001770019531","36.19001770019531","8052","8052","8052"
"80559","41.47431945800781","41.47431945800781","41.47431945800781","8055","8055","8055"
"80599","33.52231216430664","33.52231216430664","33.52231216430664","8059","8059","8059"
"80609","51.777854919433594","51.777854919433594","51.777854919433594","8060","8060","8060"
"80649","42.73406219482422","42.73406219482422","42.73406219482422","8064","8064","8064"
"80669","43.82419204711914","43.82419204711914","43.82419204711914","8066","8066","8066"
"80679","48.531429290771484","48.531429290771484","48.531429290771484","8067","8067","8067"
"80739","68.56088256835938","68.56088256835938","68.56088256835938","8073","8073","8073"
"80749","33.32096862792969","33.32096862792969","33.32096862792969","8074","8074","8074"
"80759","54.94417190551758","54.94417190551758","54.94417190551758","8075","8075","8075"
"80799","60.28812026977539","60.28812026977539","60.28812026977539","8079","8079","8079"
"80819","48.185096740722656","48.185096740722656","48.185096740722656","8081","8081","8081"
"80849","42.30707550048828","42.30707550048828","42.30707550048828","8084","8084","8084"
"80859","62.81369400024414","62.81369400024414","62.81369400024414","8085","8085","8085"
"80869","36.09341049194336","36.09341049194336","36.09341049194336","8086","8086","8086"
"80889","53.65488815307617","53.65488815307617","53.65488815307617","8088","8088","8088"
"80909","40.796730041503906","40.796730041503906","40.796730041503906","8090","8090","8090"
"80919","78.4198989868164","78.4198989868164","78.4198989868164","8091","8091","8091"
"80929","83.35054779052734","83.35054779052734","83.35054779052734","8092","8092","8092"
"80959","59.718414306640625","59.718414306640625","59.718414306640625","8095","8095","8095"
"80969","41.62049865722656","41.62049865722656","41.62049865722656","8096","8096","8096"
"81019","62.55830383300781","62.55830383300781","62.55830383300781","8101","8101","8101"
"81059","66.04521179199219","66.04521179199219","66.04521179199219","8105","8105","8105"
"81069","67.42455291748047","67.42455291748047","67.42455291748047","8106","8106","8106"
"81079","73.26622009277344","73.26622009277344","73.26622009277344","8107","8107","8107"
"81089","60.16795349121094","60.16795349121094","60.16795349121094","8108","8108","8108"
"81099","82.64143371582031","82.64143371582031","82.64143371582031","8109","8109","8109"
"81119","35.46186828613281","35.46186828613281","35.46186828613281","8111","8111","8111"
"81129","53.69944763183594","53.69944763183594","53.69944763183594","8112","8112","8112"
"81149","67.9225082397461","67.9225082397461","67.9225082397461","8114","8114","8114"
"81189","40.177085876464844","40.177085876464844","40.177085876464844","8118","8118","8118"
"81199","37.80117416381836","37.80117416381836","37.80117416381836","8119","8119","8119"
"81239","61.11322784423828","61.11322784423828","61.11322784423828","8123","8123","8123"
"81299","53.878047943115234","53.878047943115234","53.878047943115234","8129","8129","8129"
"81339","36.711029052734375","36.711029052734375","36.711029052734375","8133","8133","8133"
"81359","42.2154426574707","42.2154426574707","42.2154426574707","8135","8135","8135"
"81369","42.60652542114258","42.60652542114258","42.60652542114258","8136","8136","8136"
"81399","50.107704162597656","50.107704162597656","50.107704162597656","8139","8139","8139"
"81439","84.13528442382812","84.13528442382812","84.13528442382812","8143","8143","8143"
"81449","48.759605407714844","48.759605407714844","48.759605407714844","8144","8144","8144"
"81459","46.13849639892578","46.13849639892578","46.13849639892578","8145","8145","8145"
"81479","57.22269058227539","57.22269058227539","57.22269058227539","8147","8147","8147"
"81489","42.22051239013672","42.22051239013672","42.22051239013672","8148","8148","8148"
"81499","48.528770446777344","48.528770446777344","48.528770446777344","8149","8149","8149"
"81509","65.95138549804688","65.95138549804688","65.95138549804688","8150","8150","8150"
"81519","57.9732780456543","57.9732780456543","57.9732780456543","8151","8151","8151"
"81529","85.76461029052734","85.76461029052734","85.76461029052734","8152","8152","8152"
"81539","76.37067413330078","76.37067413330078","76.37067413330078","8153","8153","8153"
"81589","48.968406677246094","48.968406677246094","48.968406677246094","8158","8158","8158"
"81609","46.10899353027344","46.10899353027344","46.10899353027344","8160","8160","8160"
"81639","36.603275299072266","36.603275299072266","36.603275299072266","8163","8163","8163"
"81669","51.843414306640625","51.843414306640625","51.843414306640625","8166","8166","8166"
"81679","74.63119506835938","74.63119506835938","74.63119506835938","8167","8167","8167"
"81749","50.807464599609375","50.807464599609375","50.807464599609375","8174","8174","8174"
"81759","62.719078063964844","62.719078063964844","62.719078063964844","8175","8175","8175"
"81789","80.98106384277344","80.98106384277344","80.98106384277344","8178","8178","8178"
"81809","48.369773864746094","48.369773864746094","48.369773864746094","8180","8180","8180"
"81839","61.947261810302734","61.947261810302734","61.947261810302734","8183","8183","8183"
"81869","35.430423736572266","35.430423736572266","35.430423736572266","8186","8186","8186"
"81889","61.52568817138672","61.52568817138672","61.52568817138672","8188","8188","8188"
"81899","52.96311950683594","52.96311950683594","52.96311950683594","8189","8189","8189"
"81919","41.3817024230957","41.3817024230957","41.3817024230957","8191","8191","8191"
"81929","49.51903533935547","49.51903533935547","49.51903533935547","8192","8192","8192"
"81959","79.19903564453125","79.19903564453125","79.19903564453125","8195","8195","8195"
"81969","40.07561492919922","40.07561492919922","40.07561492919922","8196","8196","8196"
"81979","60.31269454956055","60.31269454956055","60.31269454956055","8197","8197","8197"
"81989","70.3602523803711","70.3602523803711","70.3602523803711","8198","8198","8198"
"82029","107.55158996582031","107.55158996582031","107.55158996582031","8202","8202","8202"
"82049","78.05496978759766","78.05496978759766","78.05496978759766","8204","8204","8204"
"82059","37.438880920410156","37.438880920410156","37.438880920410156","8205","8205","8205"
"82069","47.04914093017578","47.04914093017578","47.04914093017578","8206","8206","8206"
"82079","47.431453704833984","47.431453704833984","47.431453704833984","8207","8207","8207"
"82099","68.47848510742188","68.47848510742188","68.47848510742188","8209","8209","8209"
"82129","83.99661254882812","83.99661254882812","83.99661254882812","8212","8212","8212"
"82139","41.891693115234375","41.891693115234375","41.891693115234375","8213","8213","8213"
"82149","87.72468566894531","87.72468566894531","87.72468566894531","8214","8214","8214"
"82159","55.77496337890625","55.77496337890625","55.77496337890625","8215","8215","8215"
"82179","41.181968688964844","41.181968688964844","41.181968688964844","8217","8217","8217"
"82199","130.32806396484375","130.32806396484375","130.32806396484375","8219","8219","8219"
"82209","58.757110595703125","58.757110595703125","58.757110595703125","8220","8220","8220"
"82239","76.28083801269531","76.28083801269531","76.28083801269531","8223","8223","8223"
"82259","37.09132766723633","37.09132766723633","37.09132766723633","8225","8225","8225"
"82289","46.71649169921875","46.71649169921875","46.71649169921875","8228","8228","8228"
"82299","49.11342239379883","49.11342239379883","49.11342239379883","8229","8229","8229"
"82309","78.65115356445312","78.65115356445312","78.65115356445312","8230","8230","8230"
"82319","61.8613166809082","61.8613166809082","61.8613166809082","8231","8231","8231"
"82359","83.49239349365234","83.49239349365234","83.49239349365234","8235","8235","8235"
"82389","61.6212043762207","61.6212043762207","61.6212043762207","8238","8238","8238"
"82409","53.47184753417969","53.47184753417969","53.47184753417969","8240","8240","8240"
"82469","59.29689025878906","59.29689025878906","59.29689025878906","8246","8246","8246"
"82509","59.91583251953125","59.91583251953125","59.91583251953125","8250","8250","8250"
"82519","44.32393264770508","44.32393264770508","44.32393264770508","8251","8251","8251"
"82539","39.38963317871094","39.38963317871094","39.38963317871094","8253","8253","8253"
"82559","60.32254409790039","60.32254409790039","60.32254409790039","8255","8255","8255"
"82569","195.25076293945312","195.25076293945312","195.25076293945312","8256","8256","8256"
"82599","45.48072052001953","45.48072052001953","45.48072052001953","8259","8259","8259"
"82609","65.70869445800781","65.70869445800781","65.70869445800781","8260","8260","8260"
"82629","48.3250732421875","48.3250732421875","48.3250732421875","8262","8262","8262"
"82639","84.2127914428711","84.2127914428711","84.2127914428711","8263","8263","8263"
"82649","34.63007736206055","34.63007736206055","34.63007736206055","8264","8264","8264"
"82669","67.41618347167969","67.41618347167969","67.41618347167969","8266","8266","8266"
"82679","39.85623550415039","39.85623550415039","39.85623550415039","8267","8267","8267"
"82699","64.96651458740234","64.96651458740234","64.96651458740234","8269","8269","8269"
"82709","33.91987609863281","33.91987609863281","33.91987609863281","8270","8270","8270"
"82719","51.4051628112793","51.4051628112793","51.4051628112793","8271","8271","8271"
"82749","38.781715393066406","38.781715393066406","38.781715393066406","8274","8274","8274"
"82759","51.49321365356445","51.49321365356445","51.49321365356445","8275","8275","8275"
"82769","58.74287414550781","58.74287414550781","58.74287414550781","8276","8276","8276"
"82789","55.085594177246094","55.085594177246094","55.085594177246094","8278","8278","8278"
"82799","45.900672912597656","45.900672912597656","45.900672912597656","8279","8279","8279"
"82829","56.32890701293945","56.32890701293945","56.32890701293945","8282","8282","8282"
"82849","48.928131103515625","48.928131103515625","48.928131103515625","8284","8284","8284"
"82879","47.93743896484375","47.93743896484375","47.93743896484375","8287","8287","8287"
"82899","32.89111328125","32.89111328125","32.89111328125","8289","8289","8289"
"82949","37.93252944946289","37.93252944946289","37.93252944946289","8294","8294","8294"
"82959","45.332237243652344","45.332237243652344","45.332237243652344","8295","8295","8295"
"83029","120.81083679199219","120.81083679199219","120.81083679199219","8302","8302","8302"
"83079","46.13850021362305","46.13850021362305","46.13850021362305","8307","8307","8307"
"83119","93.60525512695312","93.60525512695312","93.60525512695312","8311","8311","8311"
"83159","35.35322189331055","35.35322189331055","35.35322189331055","8315","8315","8315"
"83189","34.44843673706055","34.44843673706055","34.44843673706055","8318","8318","8318"
"83209","54.36109924316406","54.36109924316406","54.36109924316406","8320","8320","8320"
"83219","52.633792877197266","52.633792877197266","52.633792877197266","8321","8321","8321"
"83229","45.08437728881836","45.08437728881836","45.08437728881836","8322","8322","8322"
"83279","78.72633361816406","78.72633361816406","78.72633361816406","8327","8327","8327"
"83289","56.26158142089844","56.26158142089844","56.26158142089844","8328","8328","8328"
"83299","43.864585876464844","43.864585876464844","43.864585876464844","8329","8329","8329"
"83309","54.17115783691406","54.17115783691406","54.17115783691406","8330","8330","8330"
"83319","82.22467041015625","82.22467041015625","82.22467041015625","8331","8331","8331"
"83329","51.20457077026367","51.20457077026367","51.20457077026367","8332","8332","8332"
"83349","38.847530364990234","38.847530364990234","38.847530364990234","8334","8334","8334"
"83359","35.985984802246094","35.985984802246094","35.985984802246094","8335","8335","8335"
"83369","31.343402862548828","31.343402862548828","31.343402862548828","8336","8336","8336"
"83399","68.0162353515625","68.0162353515625","68.0162353515625","8339","8339","8339"
"83439","47.97824478149414","47.97824478149414","47.97824478149414","8343","8343","8343"
"83469","48.5823974609375","48.5823974609375","48.5823974609375","8346","8346","8346"
"83479","51.108177185058594","51.108177185058594","51.108177185058594","8347","8347","8347"
"83499","60.01128005981445","60.01128005981445","60.01128005981445","8349","8349","8349"
"83529","44.26979064941406","44.26979064941406","44.26979064941406","8352","8352","8352"
"83539","50.339298248291016","50.339298248291016","50.339298248291016","8353","8353","8353"
"83549","34.24974822998047","34.24974822998047","34.24974822998047","8354","8354","8354"
"83569","52.18390655517578","52.18390655517578","52.18390655517578","8356","8356","8356"
"83579","54.41620635986328","54.41620635986328","54.41620635986328","8357","8357","8357"
"83599","56.212867736816406","56.212867736816406","56.212867736816406","8359","8359","8359"
"83619","54.66242218017578","54.66242218017578","54.66242218017578","8361","8361","8361"
"83629","52.740203857421875","52.740203857421875","52.740203857421875","8362","8362","8362"
"83659","55.43728256225586","55.43728256225586","55.43728256225586","8365","8365","8365"
"83709","59.26305389404297","59.26305389404297","59.26305389404297","8370","8370","8370"
"83719","61.553306579589844","61.553306579589844","61.553306579589844","8371","8371","8371"
"83729","45.3372802734375","45.3372802734375","45.3372802734375","8372","8372","8372"
"83739","76.85052490234375","76.85052490234375","76.85052490234375","8373","8373","8373"
"83749","57.44685363769531","57.44685363769531","57.44685363769531","8374","8374","8374"
"83779","79.27465057373047","79.27465057373047","79.27465057373047","8377","8377","8377"
"83789","47.31122589111328","47.31122589111328","47.31122589111328","8378","8378","8378"
"83819","42.89067840576172","42.89067840576172","42.89067840576172","8381","8381","8381"
"83889","57.174598693847656","57.174598693847656","57.174598693847656","8388","8388","8388"
"83899","54.13572311401367","54.13572311401367","54.13572311401367","8389","8389","8389"
"83909","56.47491455078125","56.47491455078125","56.47491455078125","8390","8390","8390"
"83919","55.50761032104492","55.50761032104492","55.50761032104492","8391","8391","8391"
"83939","59.36891555786133","59.36891555786133","59.36891555786133","8393","8393","8393"
"83979","78.08438110351562","78.08438110351562","78.08438110351562","8397","8397","8397"
"83989","73.3746109008789","73.3746109008789","73.3746109008789","8398","8398","8398"
"84049","54.219844818115234","54.219844818115234","54.219844818115234","8404","8404","8404"
"84069","52.69960021972656","52.69960021972656","52.69960021972656","8406","8406","8406"
"84139","37.50389099121094","37.50389099121094","37.50389099121094","8413","8413","8413"
"84169","53.36756896972656","53.36756896972656","53.36756896972656","8416","8416","8416"
"84189","36.641197204589844","36.641197204589844","36.641197204589844","8418","8418","8418"
"84209","59.49040222167969","59.49040222167969","59.49040222167969","8420","8420","8420"
"84219","42.036590576171875","42.036590576171875","42.036590576171875","8421","8421","8421"
"84229","40.81492233276367","40.81492233276367","40.81492233276367","8422","8422","8422"
"84239","68.52299499511719","68.52299499511719","68.52299499511719","8423","8423","8423"
"84249","49.35026168823242","49.35026168823242","49.35026168823242","8424","8424","8424"
"84259","45.09271240234375","45.09271240234375","45.09271240234375","8425","8425","8425"
"84279","48.69291687011719","48.69291687011719","48.69291687011719","8427","8427","8427"
"84309","43.24732208251953","43.24732208251953","43.24732208251953","8430","8430","8430"
"84329","53.08636474609375","53.08636474609375","53.08636474609375","8432","8432","8432"
"84339","44.254920959472656","44.254920959472656","44.254920959472656","8433","8433","8433"
"84349","40.83049011230469","40.83049011230469","40.83049011230469","8434","8434","8434"
"84359","55.64710235595703","55.64710235595703","55.64710235595703","8435","8435","8435"
"84399","37.57838439941406","37.57838439941406","37.57838439941406","8439","8439","8439"
"84409","52.95774459838867","52.95774459838867","52.95774459838867","8440","8440","8440"
"84479","41.55168151855469","41.55168151855469","41.55168151855469","8447","8447","8447"
"84489","46.69355010986328","46.69355010986328","46.69355010986328","8448","8448","8448"
"84499","57.853515625","57.853515625","57.853515625","8449","8449","8449"
"84519","106.54156494140625","106.54156494140625","106.54156494140625","8451","8451","8451"
"84529","63.7353630065918","63.7353630065918","63.7353630065918","8452","8452","8452"
"84569","44.9651985168457","44.9651985168457","44.9651985168457","8456","8456","8456"
"84579","35.9844856262207","35.9844856262207","35.9844856262207","8457","8457","8457"
"84609","54.80409240722656","54.80409240722656","54.80409240722656","8460","8460","8460"
"84619","58.17755889892578","58.17755889892578","58.17755889892578","8461","8461","8461"
"84669","77.91880798339844","77.91880798339844","77.91880798339844","8466","8466","8466"
"84679","57.17346954345703","57.17346954345703","57.17346954345703","8467","8467","8467"
"84699","63.89714050292969","63.89714050292969","63.89714050292969","8469","8469","8469"
"84749","38.528907775878906","38.528907775878906","38.528907775878906","8474","8474","8474"
"84759","42.27861022949219","42.27861022949219","42.27861022949219","8475","8475","8475"
"84829","45.50852584838867","45.50852584838867","45.50852584838867","8482","8482","8482"
"84859","33.24620819091797","33.24620819091797","33.24620819091797","8485","8485","8485"
"84869","61.9864501953125","61.9864501953125","61.9864501953125","8486","8486","8486"
"84919","56.848751068115234","56.848751068115234","56.848751068115234","8491","8491","8491"
"84929","61.97801208496094","61.97801208496094","61.97801208496094","8492","8492","8492"
"84949","38.129661560058594","38.129661560058594","38.129661560058594","8494","8494","8494"
"85029","41.9447135925293","41.9447135925293","41.9447135925293","8502","8502","8502"
"85059","32.65544128417969","32.65544128417969","32.65544128417969","8505","8505","8505"
"85099","54.0676383972168","54.0676383972168","54.0676383972168","8509","8509","8509"
"85109","60.89004898071289","60.89004898071289","60.89004898071289","8510","8510","8510"
"85119","59.19659423828125","59.19659423828125","59.19659423828125","8511","8511","8511"
"85149","41.65195083618164","41.65195083618164","41.65195083618164","8514","8514","8514"
"85159","50.6114501953125","50.6114501953125","50.6114501953125","8515","8515","8515"
"85229","65.47186279296875","65.47186279296875","65.47186279296875","8522","8522","8522"
"85249","55.34077835083008","55.34077835083008","55.34077835083008","8524","8524","8524"
"85289","89.82162475585938","89.82162475585938","89.82162475585938","8528","8528","8528"
"85309","45.243446350097656","45.243446350097656","45.243446350097656","8530","8530","8530"
"85319","39.059391021728516","39.059391021728516","39.059391021728516","8531","8531","8531"
"85329","42.08544921875","42.08544921875","42.08544921875","8532","8532","8532"
"85339","53.83128356933594","53.83128356933594","53.83128356933594","8533","8533","8533"
"85349","43.818084716796875","43.818084716796875","43.818084716796875","8534","8534","8534"
"85359","60.572715759277344","60.572715759277344","60.572715759277344","8535","8535","8535"
"85379","40.021385192871094","40.021385192871094","40.021385192871094","8537","8537","8537"
"85409","51.07272720336914","51.07272720336914","51.07272720336914","8540","8540","8540"
"85419","48.50767517089844","48.50767517089844","48.50767517089844","8541","8541","8541"
"85449","52.20143508911133","52.20143508911133","52.20143508911133","8544","8544","8544"
"85479","42.309776306152344","42.309776306152344","42.309776306152344","8547","8547","8547"
"85509","42.1932373046875","42.1932373046875","42.1932373046875","8550","8550","8550"
"85519","44.05561828613281","44.05561828613281","44.05561828613281","8551","8551","8551"
"85559","70.41549682617188","70.41549682617188","70.41549682617188","8555","8555","8555"
"85609","44.57449722290039","44.57449722290039","44.57449722290039","8560","8560","8560"
"85649","41.54955291748047","41.54955291748047","41.54955291748047","8564","8564","8564"
"85689","102.10350799560547","102.10350799560547","102.10350799560547","8568","8568","8568"
"85699","40.29377365112305","40.29377365112305","40.29377365112305","8569","8569","8569"
"85739","57.530853271484375","57.530853271484375","57.530853271484375","8573","8573","8573"
"85799","37.447296142578125","37.447296142578125","37.447296142578125","8579","8579","8579"
"85839","52.40837478637695","52.40837478637695","52.40837478637695","8583","8583","8583"
"85849","74.13093566894531","74.13093566894531","74.13093566894531","8584","8584","8584"
"85899","68.54452514648438","68.54452514648438","68.54452514648438","8589","8589","8589"
"85909","38.97813415527344","38.97813415527344","38.97813415527344","8590","8590","8590"
"85919","78.42610168457031","78.42610168457031","78.42610168457031","8591","8591","8591"
"85929","39.20779037475586","39.20779037475586","39.20779037475586","8592","8592","8592"
"85979","36.00369644165039","36.00369644165039","36.00369644165039","8597","8597","8597"
"86009","39.122005462646484","39.122005462646484","39.122005462646484","8600","8600","8600"
"86049","67.82168579101562","67.82168579101562","67.82168579101562","8604","8604","8604"
"86099","53.3115234375","53.3115234375","53.3115234375","8609","8609","8609"
"86109","55.999481201171875","55.999481201171875","55.999481201171875","8610","8610","8610"
"86129","43.073482513427734","43.073482513427734","43.073482513427734","8612","8612","8612"
"86159","43.68881607055664","43.68881607055664","43.68881607055664","8615","8615","8615"
"86199","34.474117279052734","34.474117279052734","34.474117279052734","8619","8619","8619"
"86219","74.28177642822266","74.28177642822266","74.28177642822266","8621","8621","8621"
"86229","41.2812614440918","41.2812614440918","41.2812614440918","8622","8622","8622"
"86259","61.3546028137207","61.3546028137207","61.3546028137207","8625","8625","8625"
"86279","39.735084533691406","39.735084533691406","39.735084533691406","8627","8627","8627"
"86319","43.93874740600586","43.93874740600586","43.93874740600586","8631","8631","8631"
"86329","47.420372009277344","47.420372009277344","47.420372009277344","8632","8632","8632"
"86349","59.144508361816406","59.144508361816406","59.144508361816406","8634","8634","8634"
"86369","34.34012985229492","34.34012985229492","34.34012985229492","8636","8636","8636"
"86379","65.98741912841797","65.98741912841797","65.98741912841797","8637","8637","8637"
"86409","72.65995788574219","72.65995788574219","72.65995788574219","8640","8640","8640"
"86439","42.04884338378906","42.04884338378906","42.04884338378906","8643","8643","8643"
"86459","96.00276184082031","96.00276184082031","96.00276184082031","8645","8645","8645"
"86469","33.91059875488281","33.91059875488281","33.91059875488281","8646","8646","8646"
"86479","91.41856384277344","91.41856384277344","91.41856384277344","8647","8647","8647"
"86499","38.04191207885742","38.04191207885742","38.04191207885742","8649","8649","8649"
"86559","40.23420715332031","40.23420715332031","40.23420715332031","8655","8655","8655"
"86579","39.91046142578125","39.91046142578125","39.91046142578125","8657","8657","8657"
"86609","93.18956756591797","93.18956756591797","93.18956756591797","8660","8660","8660"
"86619","60.384952545166016","60.384952545166016","60.384952545166016","8661","8661","8661"
"86629","37.63639450073242","37.63639450073242","37.63639450073242","8662","8662","8662"
"86639","49.113197326660156","49.113197326660156","49.113197326660156","8663","8663","8663"
"86669","76.7248764038086","76.7248764038086","76.7248764038086","8666","8666","8666"
"86689","87.90685272216797","87.90685272216797","87.90685272216797","8668","8668","8668"
"86699","38.87903594970703","38.87903594970703","38.87903594970703","8669","8669","8669"
"86709","62.1767578125","62.1767578125","62.1767578125","8670","8670","8670"
"86729","52.18470001220703","52.18470001220703","52.18470001220703","8672","8672","8672"
"86769","49.232452392578125","49.232452392578125","49.232452392578125","8676","8676","8676"
"86779","52.82789611816406","52.82789611816406","52.82789611816406","8677","8677","8677"
"86809","54.2982063293457","54.2982063293457","54.2982063293457","8680","8680","8680"
"86829","35.2529296875","35.2529296875","35.2529296875","8682","8682","8682"
"86839","59.82026672363281","59.82026672363281","59.82026672363281","8683","8683","8683"
"86849","31.96118927001953","31.96118927001953","31.96118927001953","8684","8684","8684"
"86869","51.60077667236328","51.60077667236328","51.60077667236328","8686","8686","8686"
"86879","74.06031799316406","74.06031799316406","74.06031799316406","8687","8687","8687"
"86889","45.12566375732422","45.12566375732422","45.12566375732422","8688","8688","8688"
"86919","44.50476837158203","44.50476837158203","44.50476837158203","8691","8691","8691"
"86929","96.70527648925781","96.70527648925781","96.70527648925781","8692","8692","8692"
"86949","41.924251556396484","41.924251556396484","41.924251556396484","8694","8694","8694"
"86969","53.74916076660156","53.74916076660156","53.74916076660156","8696","8696","8696"
"86989","38.68595504760742","38.68595504760742","38.68595504760742","8698","8698","8698"
"86999","31.767887115478516","31.767887115478516","31.767887115478516","8699","8699","8699"
"87009","46.85822677612305","46.85822677612305","46.85822677612305","8700","8700","8700"
"87099","64.4484634399414","64.4484634399414","64.4484634399414","8709","8709","8709"
"87109","57.30296325683594","57.30296325683594","57.30296325683594","8710","8710","8710"
"87149","51.62677001953125","51.62677001953125","51.62677001953125","8714","8714","8714"
"87169","34.59393310546875","34.59393310546875","34.59393310546875","8716","8716","8716"
"87209","85.05634307861328","85.05634307861328","85.05634307861328","8720","8720","8720"
"87229","33.641693115234375","33.641693115234375","33.641693115234375","8722","8722","8722"
"87239","64.83390808105469","64.83390808105469","64.83390808105469","8723","8723","8723"
"87249","43.632755279541016","43.632755279541016","43.632755279541016","8724","8724","8724"
"87279","43.14959716796875","43.14959716796875","43.14959716796875","8727","8727","8727"
"87289","40.63701629638672","40.63701629638672","40.63701629638672","8728","8728","8728"
"87339","59.14665985107422","59.14665985107422","59.14665985107422","8733","8733","8733"
"87349","73.77951049804688","73.77951049804688","73.77951049804688","8734","8734","8734"
"87359","47.87567901611328","47.87567901611328","47.87567901611328","8735","8735","8735"
"87369","43.66880798339844","43.66880798339844","43.66880798339844","8736","8736","8736"
"87379","41.205909729003906","41.205909729003906","41.205909729003906","8737","8737","8737"
"87399","33.10858154296875","33.10858154296875","33.10858154296875","8739","8739","8739"
"87509","61.70503234863281","61.70503234863281","61.70503234863281","8750","8750","8750"
"87529","36.3101921081543","36.3101921081543","36.3101921081543","8752","8752","8752"
"87549","98.56692504882812","98.56692504882812","98.56692504882812","8754","8754","8754"
"87559","63.025169372558594","63.025169372558594","63.025169372558594","8755","8755","8755"
"87639","60.6215934753418","60.6215934753418","60.6215934753418","8763","8763","8763"
"87649","42.08772659301758","42.08772659301758","42.08772659301758","8764","8764","8764"
"87729","60.342262268066406","60.342262268066406","60.342262268066406","8772","8772","8772"
"87739","53.477081298828125","53.477081298828125","53.477081298828125","8773","8773","8773"
"87749","54.16651153564453","54.16651153564453","54.16651153564453","8774","8774","8774"
"87779","87.10325622558594","87.10325622558594","87.10325622558594","8777","8777","8777"
"87789","36.47580337524414","36.47580337524414","36.47580337524414","8778","8778","8778"
"87819","56.86854934692383","56.86854934692383","56.86854934692383","8781","8781","8781"
"87839","51.08763885498047","51.08763885498047","51.08763885498047","8783","8783","8783"
"87849","76.41463470458984","76.41463470458984","76.41463470458984","8784","8784","8784"
"87879","106.50680541992188","106.50680541992188","106.50680541992188","8787","8787","8787"
"87889","59.972137451171875","59.972137451171875","59.972137451171875","8788","8788","8788"
"87919","38.415584564208984","38.415584564208984","38.415584564208984","8791","8791","8791"
"87969","65.30732727050781","65.30732727050781","65.30732727050781","8796","8796","8796"
"88009","71.91809844970703","71.91809844970703","71.91809844970703","8800","8800","8800"
"88029","58.818233489990234","58.818233489990234","58.818233489990234","8802","8802","8802"
"88039","45.943912506103516","45.943912506103516","45.943912506103516","8803","8803","8803"
"88059","42.02151870727539","42.02151870727539","42.02151870727539","8805","8805","8805"
"88069","55.62091064453125","55.62091064453125","55.62091064453125","8806","8806","8806"
"88109","48.082275390625","48.082275390625","48.082275390625","8810","8810","8810"
"88129","55.24803161621094","55.24803161621094","55.24803161621094","8812","8812","8812"
"88149","42.882965087890625","42.882965087890625","42.882965087890625","8814","8814","8814"
"88159","83.10989379882812","83.10989379882812","83.10989379882812","8815","8815","8815"
"88169","56.71043014526367","56.71043014526367","56.71043014526367","8816","8816","8816"
"88229","51.177764892578125","51.177764892578125","51.177764892578125","8822","8822","8822"
"88249","37.87263107299805","37.87263107299805","37.87263107299805","8824","8824","8824"
"88259","55.19622802734375","55.19622802734375","55.19622802734375","8825","8825","8825"
"88279","92.75051879882812","92.75051879882812","92.75051879882812","8827","8827","8827"
"88289","37.2056999206543","37.2056999206543","37.2056999206543","8828","8828","8828"
"88309","44.677974700927734","44.677974700927734","44.677974700927734","8830","8830","8830"
"88349","42.70859909057617","42.70859909057617","42.70859909057617","8834","8834","8834"
"88369","38.16423034667969","38.16423034667969","38.16423034667969","8836","8836","8836"
"88399","45.068729400634766","45.068729400634766","45.068729400634766","8839","8839","8839"
"88409","42.09223937988281","42.09223937988281","42.09223937988281","8840","8840","8840"
"88439","39.025535583496094","39.025535583496094","39.025535583496094","8843","8843","8843"
"88459","42.194671630859375","42.194671630859375","42.194671630859375","8845","8845","8845"
"88469","89.39806365966797","89.39806365966797","89.39806365966797","8846","8846","8846"
"88479","51.41763687133789","51.41763687133789","51.41763687133789","8847","8847","8847"
"88499","37.99040603637695","37.99040603637695","37.99040603637695","8849","8849","8849"
"88519","80.69619750976562","80.69619750976562","80.69619750976562","8851","8851","8851"
"88559","41.065372467041016","41.065372467041016","41.065372467041016","8855","8855","8855"
"88569","52.85900115966797","52.85900115966797","52.85900115966797","8856","8856","8856"
"88609","41.992637634277344","41.992637634277344","41.992637634277344","8860","8860","8860"
"88619","60.00175476074219","60.00175476074219","60.00175476074219","8861","8861","8861"
"88639","60.7381477355957","60.7381477355957","60.7381477355957","8863","8863","8863"
"88659","47.70160675048828","47.70160675048828","47.70160675048828","8865","8865","8865"
"88699","32.475162506103516","32.475162506103516","32.475162506103516","8869","8869","8869"
"88709","45.54389572143555","45.54389572143555","45.54389572143555","8870","8870","8870"
"88719","45.53490447998047","45.53490447998047","45.53490447998047","8871","8871","8871"
"88729","58.31329345703125","58.31329345703125","58.31329345703125","8872","8872","8872"
"88739","65.96871948242188","65.96871948242188","65.96871948242188","8873","8873","8873"
"88759","48.266754150390625","48.266754150390625","48.266754150390625","8875","8875","8875"
"88789","67.998046875","67.998046875","67.998046875","8878","8878","8878"
"88819","37.79855728149414","37.79855728149414","37.79855728149414","8881","8881","8881"
"88849","31.55496597290039","31.55496597290039","31.55496597290039","8884","8884","8884"
"88869","59.590599060058594","59.590599060058594","59.590599060058594","8886","8886","8886"
"88949","56.735015869140625","56.735015869140625","56.735015869140625","8894","8894","8894"
"88959","84.66517639160156","84.66517639160156","84.66517639160156","8895","8895","8895"
"88979","49.829158782958984","49.829158782958984","49.829158782958984","8897","8897","8897"
"89009","44.322425842285156","44.322425842285156","44.322425842285156","8900","8900","8900"
"89029","55.673194885253906","55.673194885253906","55.673194885253906","8902","8902","8902"
"89049","51.521968841552734","51.521968841552734","51.521968841552734","8904","8904","8904"
"89059","100.28993225097656","100.28993225097656","100.28993225097656","8905","8905","8905"
"89069","54.210357666015625","54.210357666015625","54.210357666015625","8906","8906","8906"
"89119","41.20635986328125","41.20635986328125","41.20635986328125","8911","8911","8911"
"89149","40.786373138427734","40.786373138427734","40.786373138427734","8914","8914","8914"
"89159","45.517086029052734","45.517086029052734","45.517086029052734","8915","8915","8915"
"89169","59.13813400268555","59.13813400268555","59.13813400268555","8916","8916","8916"
"89199","38.60844421386719","38.60844421386719","38.60844421386719","8919","8919","8919"
"89209","45.42922592163086","45.42922592163086","45.42922592163086","8920","8920","8920"
"89239","69.09040832519531","69.09040832519531","69.09040832519531","8923","8923","8923"
"89249","85.59010314941406","85.59010314941406","85.59010314941406","8924","8924","8924"
"89259","78.00686645507812","78.00686645507812","78.00686645507812","8925","8925","8925"
"89269","47.16945266723633","47.16945266723633","47.16945266723633","8926","8926","8926"
"89279","58.053462982177734","58.053462982177734","58.053462982177734","8927","8927","8927"
"89289","38.16578674316406","38.16578674316406","38.16578674316406","8928","8928","8928"
"89329","38.58252716064453","38.58252716064453","38.58252716064453","8932","8932","8932"
"89399","63.22810363769531","63.22810363769531","63.22810363769531","8939","8939","8939"
"89439","79.91815185546875","79.91815185546875","79.91815185546875","8943","8943","8943"
"89459","43.86857223510742","43.86857223510742","43.86857223510742","8945","8945","8945"
"89469","64.98534393310547","64.98534393310547","64.98534393310547","8946","8946","8946"
"89479","45.66444396972656","45.66444396972656","45.66444396972656","8947","8947","8947"
"89509","58.05486297607422","58.05486297607422","58.05486297607422","8950","8950","8950"
"89539","83.36195373535156","83.36195373535156","83.36195373535156","8953","8953","8953"
"89569","45.02882385253906","45.02882385253906","45.02882385253906","8956","8956","8956"
"89599","92.66907501220703","92.66907501220703","92.66907501220703","8959","8959","8959"
"89619","40.3036994934082","40.3036994934082","40.3036994934082","8961","8961","8961"
"89629","42.87873077392578","42.87873077392578","42.87873077392578","8962","8962","8962"
"89639","35.46516036987305","35.46516036987305","35.46516036987305","8963","8963","8963"
"89669","35.808406829833984","35.808406829833984","35.808406829833984","8966","8966","8966"
"89679","61.259124755859375","61.259124755859375","61.259124755859375","8967","8967","8967"
"89699","52.75825500488281","52.75825500488281","52.75825500488281","8969","8969","8969"
"89719","105.40160369873047","105.40160369873047","105.40160369873047","8971","8971","8971"
"89749","48.18257522583008","48.18257522583008","48.18257522583008","8974","8974","8974"
"89759","80.70458221435547","80.70458221435547","80.70458221435547","8975","8975","8975"
"89769","46.16295623779297","46.16295623779297","46.16295623779297","8976","8976","8976"
"89779","90.09176635742188","90.09176635742188","90.09176635742188","8977","8977","8977"
"89789","45.49363708496094","45.49363708496094","45.49363708496094","8978","8978","8978"
"89799","59.09973907470703","59.09973907470703","59.09973907470703","8979","8979","8979"
"89819","64.47017669677734","64.47017669677734","64.47017669677734","8981","8981","8981"
"89829","55.05063247680664","55.05063247680664","55.05063247680664","8982","8982","8982"
"89839","53.06884765625","53.06884765625","53.06884765625","8983","8983","8983"
"89889","39.050498962402344","39.050498962402344","39.050498962402344","8988","8988","8988"
"89909","37.56032943725586","37.56032943725586","37.56032943725586","8990","8990","8990"
"89939","61.93309783935547","61.93309783935547","61.93309783935547","8993","8993","8993"
"89979","46.230953216552734","46.230953216552734","46.230953216552734","8997","8997","8997"
"89999","40.193946838378906","40.193946838378906","40.193946838378906","8999","8999","8999"
"90029","43.76832580566406","43.76832580566406","43.76832580566406","9002","9002","9002"
"90079","48.57004165649414","48.57004165649414","48.57004165649414","9007","9007","9007"
"90089","66.60771179199219","66.60771179199219","66.60771179199219","9008","9008","9008"
"90099","61.603084564208984","61.603084564208984","61.603084564208984","9009","9009","9009"
"90119","38.72473907470703","38.72473907470703","38.72473907470703","9011","9011","9011"
"90169","54.07257843017578","54.07257843017578","54.07257843017578","9016","9016","9016"
"90179","108.66231536865234","108.66231536865234","108.66231536865234","9017","9017","9017"
"90189","108.26119995117188","108.26119995117188","108.26119995117188","9018","9018","9018"
"90199","31.229724884033203","31.229724884033203","31.229724884033203","9019","9019","9019"
"90209","45.30141067504883","45.30141067504883","45.30141067504883","9020","9020","9020"
"90229","60.50584411621094","60.50584411621094","60.50584411621094","9022","9022","9022"
"90239","71.39867401123047","71.39867401123047","71.39867401123047","9023","9023","9023"
"90259","49.58795928955078","49.58795928955078","49.58795928955078","9025","9025","9025"
"90269","46.269126892089844","46.269126892089844","46.269126892089844","9026","9026","9026"
"90279","43.56868362426758","43.56868362426758","43.56868362426758","9027","9027","9027"
"90309","48.03538513183594","48.03538513183594","48.03538513183594","9030","9030","9030"
"90319","70.29706573486328","70.29706573486328","70.29706573486328","9031","9031","9031"
"90349","46.71957778930664","46.71957778930664","46.71957778930664","9034","9034","9034"
"90379","45.37392044067383","45.37392044067383","45.37392044067383","9037","9037","9037"
"90389","50.99090576171875","50.99090576171875","50.99090576171875","9038","9038","9038"
"90419","42.31958770751953","42.31958770751953","42.31958770751953","9041","9041","9041"
"90439","59.59111785888672","59.59111785888672","59.59111785888672","9043","9043","9043"
"90469","53.06267547607422","53.06267547607422","53.06267547607422","9046","9046","9046"
"90549","37.68285369873047","37.68285369873047","37.68285369873047","9054","9054","9054"
"90569","41.25493621826172","41.25493621826172","41.25493621826172","9056","9056","9056"
"90579","53.96759796142578","53.96759796142578","53.96759796142578","9057","9057","9057"
"90599","59.65838623046875","59.65838623046875","59.65838623046875","9059","9059","9059"
"90619","45.23358917236328","45.23358917236328","45.23358917236328","9061","9061","9061"
"90649","53.61428451538086","53.61428451538086","53.61428451538086","9064","9064","9064"
"90659","58.93836975097656","58.93836975097656","58.93836975097656","9065","9065","9065"
"90679","72.77245330810547","72.77245330810547","72.77245330810547","9067","9067","9067"
"90689","80.68779754638672","80.68779754638672","80.68779754638672","9068","9068","9068"
"90709","58.573856353759766","58.573856353759766","58.573856353759766","9070","9070","9070"
"90739","39.13301467895508","39.13301467895508","39.13301467895508","9073","9073","9073"
"90749","36.905616760253906","36.905616760253906","36.905616760253906","9074","9074","9074"
"90859","56.35393524169922","56.35393524169922","56.35393524169922","9085","9085","9085"
"90889","59.75176239013672","59.75176239013672","59.75176239013672","9088","9088","9088"
"90909","56.12605285644531","56.12605285644531","56.12605285644531","9090","9090","9090"
"90919","53.95602035522461","53.95602035522461","53.95602035522461","9091","9091","9091"
"90939","43.368892669677734","43.368892669677734","43.368892669677734","9093","9093","9093"
"90959","71.17713165283203","71.17713165283203","71.17713165283203","9095","9095","9095"
"90969","41.730289459228516","41.730289459228516","41.730289459228516","9096","9096","9096"
"91029","53.974822998046875","53.974822998046875","53.974822998046875","9102","9102","9102"
"91039","41.80747985839844","41.80747985839844","41.80747985839844","9103","9103","9103"
"91049","44.85987091064453","44.85987091064453","44.85987091064453","9104","9104","9104"
"91069","48.783424377441406","48.783424377441406","48.783424377441406","9106","9106","9106"
"91079","121.19708251953125","121.19708251953125","121.19708251953125","9107","9107","9107"
"91089","50.37747573852539","50.37747573852539","50.37747573852539","9108","9108","9108"
"91099","53.543907165527344","53.543907165527344","53.543907165527344","9109","9109","9109"
"91119","49.03165054321289","49.03165054321289","49.03165054321289","9111","9111","9111"
"91139","48.73521041870117","48.73521041870117","48.73521041870117","9113","9113","9113"
"91169","60.885162353515625","60.885162353515625","60.885162353515625","9116","9116","9116"
"91199","53.395851135253906","53.395851135253906","53.395851135253906","9119","9119","9119"
"91229","40.01698684692383","40.01698684692383","40.01698684692383","9122","9122","9122"
"91309","39.069129943847656","39.069129943847656","39.069129943847656","9130","9130","9130"
"91339","44.16519546508789","44.16519546508789","44.16519546508789","9133","9133","9133"
"91349","90.0107650756836","90.0107650756836","90.0107650756836","9134","9134","9134"
"91419","42.93888854980469","42.93888854980469","42.93888854980469","9141","9141","9141"
"91429","31.493080139160156","31.493080139160156","31.493080139160156","9142","9142","9142"
"91439","38.711936950683594","38.711936950683594","38.711936950683594","9143","9143","9143"
"91459","43.369728088378906","43.369728088378906","43.369728088378906","9145","9145","9145"
"91469","64.6272201538086","64.6272201538086","64.6272201538086","9146","9146","9146"
"91479","39.9327392578125","39.9327392578125","39.9327392578125","9147","9147","9147"
"91499","52.877193450927734","52.877193450927734","52.877193450927734","9149","9149","9149"
"91539","70.37555694580078","70.37555694580078","70.37555694580078","9153","9153","9153"
"91559","48.55044174194336","48.55044174194336","48.55044174194336","9155","9155","9155"
"91589","43.30201721191406","43.30201721191406","43.30201721191406","9158","9158","9158"
"91629","57.27492904663086","57.27492904663086","57.27492904663086","9162","9162","9162"
"91639","57.388694763183594","57.388694763183594","57.388694763183594","9163","9163","9163"
"91659","42.874549865722656","42.874549865722656","42.874549865722656","9165","9165","9165"
"91669","42.946388244628906","42.946388244628906","42.946388244628906","9166","9166","9166"
"91679","39.45097351074219","39.45097351074219","39.45097351074219","9167","9167","9167"
"91689","59.67757034301758","59.67757034301758","59.67757034301758","9168","9168","9168"
"91709","91.4871597290039","91.4871597290039","91.4871597290039","9170","9170","9170"
"91739","38.495174407958984","38.495174407958984","38.495174407958984","9173","9173","9173"
"91749","61.46726989746094","61.46726989746094","61.46726989746094","9174","9174","9174"
"91769","32.50199890136719","32.50199890136719","32.50199890136719","9176","9176","9176"
"91779","56.444732666015625","56.444732666015625","56.444732666015625","9177","9177","9177"
"91789","53.257991790771484","53.257991790771484","53.257991790771484","9178","9178","9178"
"91799","44.52969741821289","44.52969741821289","44.52969741821289","9179","9179","9179"
"91829","56.279380798339844","56.279380798339844","56.279380798339844","9182","9182","9182"
"91839","76.37405395507812","76.37405395507812","76.37405395507812","9183","9183","9183"
"91889","59.8816032409668","59.8816032409668","59.8816032409668","9188","9188","9188"
"91899","64.28242492675781","64.28242492675781","64.28242492675781","9189","9189","9189"
"91909","139.91470336914062","139.91470336914062","139.91470336914062","9190","9190","9190"
"91929","51.79166793823242","51.79166793823242","51.79166793823242","9192","9192","9192"
"91939","50.7863655090332","50.7863655090332","50.7863655090332","9193","9193","9193"
"91969","39.60344314575195","39.60344314575195","39.60344314575195","9196","9196","9196"
"91979","65.19406127929688","65.19406127929688","65.19406127929688","9197","9197","9197"
"91989","59.00117111206055","59.00117111206055","59.00117111206055","9198","9198","9198"
"92089","31.720449447631836","31.720449447631836","31.720449447631836","9208","9208","9208"
"92109","50.18578338623047","50.18578338623047","50.18578338623047","9210","9210","9210"
"92119","44.96368408203125","44.96368408203125","44.96368408203125","9211","9211","9211"
"92139","38.934818267822266","38.934818267822266","38.934818267822266","9213","9213","9213"
"92149","83.4992446899414","83.4992446899414","83.4992446899414","9214","9214","9214"
"92159","45.78804016113281","45.78804016113281","45.78804016113281","9215","9215","9215"
"92169","92.70513916015625","92.70513916015625","92.70513916015625","9216","9216","9216"
"92209","132.65859985351562","132.65859985351562","132.65859985351562","9220","9220","9220"
"92229","63.27229690551758","63.27229690551758","63.27229690551758","9222","9222","9222"
"92289","51.01984786987305","51.01984786987305","51.01984786987305","9228","9228","9228"
"92369","47.61354064941406","47.61354064941406","47.61354064941406","9236","9236","9236"
"92429","57.99320983886719","57.99320983886719","57.99320983886719","9242","9242","9242"
"92439","37.56960678100586","37.56960678100586","37.56960678100586","9243","9243","9243"
"92459","43.23163604736328","43.23163604736328","43.23163604736328","9245","9245","9245"
"92479","60.38926696777344","60.38926696777344","60.38926696777344","9247","9247","9247"
"92539","153.86517333984375","153.86517333984375","153.86517333984375","9253","9253","9253"
"92549","49.999298095703125","49.999298095703125","49.999298095703125","9254","9254","9254"
"92559","32.9383544921875","32.9383544921875","32.9383544921875","9255","9255","9255"
"92569","41.35384750366211","41.35384750366211","41.35384750366211","9256","9256","9256"
"92619","47.436458587646484","47.436458587646484","47.436458587646484","9261","9261","9261"
"92629","72.97013854980469","72.97013854980469","72.97013854980469","9262","9262","9262"
"92669","50.90209197998047","50.90209197998047","50.90209197998047","9266","9266","9266"
"92689","38.80388641357422","38.80388641357422","38.80388641357422","9268","9268","9268"
"92709","58.05851745605469","58.05851745605469","58.05851745605469","9270","9270","9270"
"92769","152.26976013183594","152.26976013183594","152.26976013183594","9276","9276","9276"
"92799","39.524070739746094","39.524070739746094","39.524070739746094","9279","9279","9279"
"92849","46.01741027832031","46.01741027832031","46.01741027832031","9284","9284","9284"
"92859","55.06264877319336","55.06264877319336","55.06264877319336","9285","9285","9285"
"92879","35.37517547607422","35.37517547607422","35.37517547607422","9287","9287","9287"
"92899","38.087554931640625","38.087554931640625","38.087554931640625","9289","9289","9289"
"92909","58.23149490356445","58.23149490356445","58.23149490356445","9290","9290","9290"
"92969","60.79188537597656","60.79188537597656","60.79188537597656","9296","9296","9296"
"92989","39.14826202392578","39.14826202392578","39.14826202392578","9298","9298","9298"
"92999","38.14933395385742","38.14933395385742","38.14933395385742","9299","9299","9299"
"93039","35.943016052246094","35.943016052246094","35.943016052246094","9303","9303","9303"
"93049","39.23457717895508","39.23457717895508","39.23457717895508","9304","9304","9304"
"93089","33.89826965332031","33.89826965332031","33.89826965332031","9308","9308","9308"
"93099","34.074092864990234","34.074092864990234","34.074092864990234","9309","9309","9309"
"93159","42.57555389404297","42.57555389404297","42.57555389404297","9315","9315","9315"
"93219","72.40721893310547","72.40721893310547","72.40721893310547","9321","9321","9321"
"93239","61.10564422607422","61.10564422607422","61.10564422607422","9323","9323","9323"
"93249","78.07865905761719","78.07865905761719","78.07865905761719","9324","9324","9324"
"93309","35.94606018066406","35.94606018066406","35.94606018066406","9330","9330","9330"
"93319","53.57515335083008","53.57515335083008","53.57515335083008","9331","9331","9331"
"93329","54.07897186279297","54.07897186279297","54.07897186279297","9332","9332","9332"
"93339","32.75798797607422","32.75798797607422","32.75798797607422","9333","9333","9333"
"93369","42.3680419921875","42.3680419921875","42.3680419921875","9336","9336","9336"
"93379","52.55559539794922","52.55559539794922","52.55559539794922","9337","9337","9337"
"93389","35.31352615356445","35.31352615356445","35.31352615356445","9338","9338","9338"
"93399","55.27103042602539","55.27103042602539","55.27103042602539","9339","9339","9339"
"93409","57.35906982421875","57.35906982421875","57.35906982421875","9340","9340","9340"
"93429","39.014434814453125","39.014434814453125","39.014434814453125","9342","9342","9342"
"93439","28.893802642822266","28.893802642822266","28.893802642822266","9343","9343","9343"
"93469","46.28666687011719","46.28666687011719","46.28666687011719","9346","9346","9346"
"93479","40.31324768066406","40.31324768066406","40.31324768066406","9347","9347","9347"
"93489","49.65682601928711","49.65682601928711","49.65682601928711","9348","9348","9348"
"93509","85.64820861816406","85.64820861816406","85.64820861816406","9350","9350","9350"
"93529","59.979244232177734","59.979244232177734","59.979244232177734","9352","9352","9352"
"93559","65.74833679199219","65.74833679199219","65.74833679199219","9355","9355","9355"
"93609","43.893184661865234","43.893184661865234","43.893184661865234","9360","9360","9360"
"93629","76.3876724243164","76.3876724243164","76.3876724243164","9362","9362","9362"
"93639","58.100120544433594","58.100120544433594","58.100120544433594","9363","9363","9363"
"93669","56.563255310058594","56.563255310058594","56.563255310058594","9366","9366","9366"
"93709","84.38308715820312","84.38308715820312","84.38308715820312","9370","9370","9370"
"93719","47.665592193603516","47.665592193603516","47.665592193603516","9371","9371","9371"
"93749","39.34208297729492","39.34208297729492","39.34208297729492","9374","9374","9374"
"93759","44.4254150390625","44.4254150390625","44.4254150390625","9375","9375","9375"
"93799","43.37023162841797","43.37023162841797","43.37023162841797","9379","9379","9379"
"93819","64.01605224609375","64.01605224609375","64.01605224609375","9381","9381","9381"
"93829","69.22091674804688","69.22091674804688","69.22091674804688","9382","9382","9382"
"93839","37.89250183105469","37.89250183105469","37.89250183105469","9383","9383","9383"
"93849","54.31526184082031","54.31526184082031","54.31526184082031","9384","9384","9384"
"93859","65.79200744628906","65.79200744628906","65.79200744628906","9385","9385","9385"
"93909","46.514976501464844","46.514976501464844","46.514976501464844","9390","9390","9390"
"93949","55.879817962646484","55.879817962646484","55.879817962646484","9394","9394","9394"
"93979","66.32855224609375","66.32855224609375","66.32855224609375","9397","9397","9397"
"93989","40.13273239135742","40.13273239135742","40.13273239135742","9398","9398","9398"
"93999","70.32530975341797","70.32530975341797","70.32530975341797","9399","9399","9399"
"94009","37.39018630981445","37.39018630981445","37.39018630981445","9400","9400","9400"
"94029","55.500892639160156","55.500892639160156","55.500892639160156","9402","9402","9402"
"94239","35.37702178955078","35.37702178955078","35.37702178955078","9423","9423","9423"
"94249","47.95446014404297","47.95446014404297","47.95446014404297","9424","9424","9424"
"94269","39.13504409790039","39.13504409790039","39.13504409790039","9426","9426","9426"
"94279","59.21261978149414","59.21261978149414","59.21261978149414","9427","9427","9427"
"94299","44.72475051879883","44.72475051879883","44.72475051879883","9429","9429","9429"
"94309","45.591087341308594","45.591087341308594","45.591087341308594","9430","9430","9430"
"94319","36.75224304199219","36.75224304199219","36.75224304199219","9431","9431","9431"
"94339","42.467796325683594","42.467796325683594","42.467796325683594","9433","9433","9433"
"94349","54.0653076171875","54.0653076171875","54.0653076171875","9434","9434","9434"
"94359","55.8804817199707","55.8804817199707","55.8804817199707","9435","9435","9435"
"94369","40.994354248046875","40.994354248046875","40.994354248046875","9436","9436","9436"
"94379","51.59560012817383","51.59560012817383","51.59560012817383","9437","9437","9437"
"94389","44.35491180419922","44.35491180419922","44.35491180419922","9438","9438","9438"
"94409","67.09232330322266","67.09232330322266","67.09232330322266","9440","9440","9440"
"94429","43.38557052612305","43.38557052612305","43.38557052612305","9442","9442","9442"
"94449","63.89826202392578","63.89826202392578","63.89826202392578","9444","9444","9444"
"94459","43.42930221557617","43.42930221557617","43.42930221557617","9445","9445","9445"
"94469","37.69529724121094","37.69529724121094","37.69529724121094","9446","9446","9446"
"94479","42.351524353027344","42.351524353027344","42.351524353027344","9447","9447","9447"
"94489","32.92015838623047","32.92015838623047","32.92015838623047","9448","9448","9448"
"94499","58.774131774902344","58.774131774902344","58.774131774902344","9449","9449","9449"
"94559","64.04830169677734","64.04830169677734","64.04830169677734","9455","9455","9455"
"94569","80.0293197631836","80.0293197631836","80.0293197631836","9456","9456","9456"
"94589","56.823089599609375","56.823089599609375","56.823089599609375","9458","9458","9458"
"94649","34.03191375732422","34.03191375732422","34.03191375732422","9464","9464","9464"
"94659","54.44554138183594","54.44554138183594","54.44554138183594","9465","9465","9465"
"94679","54.79368591308594","54.79368591308594","54.79368591308594","9467","9467","9467"
"94709","85.765625","85.765625","85.765625","9470","9470","9470"
"94719","48.42990493774414","48.42990493774414","48.42990493774414","9471","9471","9471"
"94729","44.50978469848633","44.50978469848633","44.50978469848633","9472","9472","9472"
"94739","35.41473388671875","35.41473388671875","35.41473388671875","9473","9473","9473"
"94759","35.2816047668457","35.2816047668457","35.2816047668457","9475","9475","9475"
"94849","51.26387023925781","51.26387023925781","51.26387023925781","9484","9484","9484"
"94859","72.489501953125","72.489501953125","72.489501953125","9485","9485","9485"
"94869","62.56836700439453","62.56836700439453","62.56836700439453","9486","9486","9486"
"94879","43.953025817871094","43.953025817871094","43.953025817871094","9487","9487","9487"
"94899","37.04186248779297","37.04186248779297","37.04186248779297","9489","9489","9489"
"94909","33.11520004272461","33.11520004272461","33.11520004272461","9490","9490","9490"
"94939","59.74409484863281","59.74409484863281","59.74409484863281","9493","9493","9493"
"94959","96.90742492675781","96.90742492675781","96.90742492675781","9495","9495","9495"
"94999","98.35453796386719","98.35453796386719","98.35453796386719","9499","9499","9499"
"95029","45.55906295776367","45.55906295776367","45.55906295776367","9502","9502","9502"
"95089","95.37036895751953","95.37036895751953","95.37036895751953","9508","9508","9508"
"95099","47.87816619873047","47.87816619873047","47.87816619873047","9509","9509","9509"
"95109","39.92231750488281","39.92231750488281","39.92231750488281","9510","9510","9510"
"95119","37.572174072265625","37.572174072265625","37.572174072265625","9511","9511","9511"
"95129","64.91631317138672","64.91631317138672","64.91631317138672","9512","9512","9512"
"95139","43.54412841796875","43.54412841796875","43.54412841796875","9513","9513","9513"
"95189","46.728477478027344","46.728477478027344","46.728477478027344","9518","9518","9518"
"95209","57.08476638793945","57.08476638793945","57.08476638793945","9520","9520","9520"
"95229","68.87389373779297","68.87389373779297","68.87389373779297","9522","9522","9522"
"95239","54.61369323730469","54.61369323730469","54.61369323730469","9523","9523","9523"
"95289","43.36210632324219","43.36210632324219","43.36210632324219","9528","9528","9528"
"95309","120.53897094726562","120.53897094726562","120.53897094726562","9530","9530","9530"
"95319","36.620094299316406","36.620094299316406","36.620094299316406","9531","9531","9531"
"95329","45.12328338623047","45.12328338623047","45.12328338623047","9532","9532","9532"
"95339","44.18523406982422","44.18523406982422","44.18523406982422","9533","9533","9533"
"95359","41.02360153198242","41.02360153198242","41.02360153198242","9535","9535","9535"
"95419","54.5780143737793","54.5780143737793","54.5780143737793","9541","9541","9541"
"95429","40.062015533447266","40.062015533447266","40.062015533447266","9542","9542","9542"
"95449","36.479068756103516","36.479068756103516","36.479068756103516","9544","9544","9544"
"95479","43.90068054199219","43.90068054199219","43.90068054199219","9547","9547","9547"
"95489","49.44996643066406","49.44996643066406","49.44996643066406","9548","9548","9548"
"95549","49.105247497558594","49.105247497558594","49.105247497558594","9554","9554","9554"
"95569","66.73412322998047","66.73412322998047","66.73412322998047","9556","9556","9556"
"95579","51.72622299194336","51.72622299194336","51.72622299194336","9557","9557","9557"
"95589","47.64407730102539","47.64407730102539","47.64407730102539","9558","9558","9558"
"95599","61.64521789550781","61.64521789550781","61.64521789550781","9559","9559","9559"
"95619","63.492431640625","63.492431640625","63.492431640625","9561","9561","9561"
"95699","49.36729431152344","49.36729431152344","49.36729431152344","9569","9569","9569"
"95719","38.952247619628906","38.952247619628906","38.952247619628906","9571","9571","9571"
"95729","78.62467193603516","78.62467193603516","78.62467193603516","9572","9572","9572"
"95829","45.619117736816406","45.619117736816406","45.619117736816406","9582","9582","9582"
"95869","39.36082458496094","39.36082458496094","39.36082458496094","9586","9586","9586"
"95899","68.21617889404297","68.21617889404297","68.21617889404297","9589","9589","9589"
"95909","42.58919906616211","42.58919906616211","42.58919906616211","9590","9590","9590"
"95989","45.05522155761719","45.05522155761719","45.05522155761719","9598","9598","9598"
"95999","45.51469421386719","45.51469421386719","45.51469421386719","9599","9599","9599"
"96009","32.784629821777344","32.784629821777344","32.784629821777344","9600","9600","9600"
"96059","72.66584014892578","72.66584014892578","72.66584014892578","9605","9605","9605"
"96069","33.83480453491211","33.83480453491211","33.83480453491211","9606","9606","9606"
"96079","89.54714965820312","89.54714965820312","89.54714965820312","9607","9607","9607"
"96129","52.8304443359375","52.8304443359375","52.8304443359375","9612","9612","9612"
"96169","53.01396560668945","53.01396560668945","53.01396560668945","9616","9616","9616"
"96189","63.27825927734375","63.27825927734375","63.27825927734375","9618","9618","9618"
"96199","35.85009002685547","35.85009002685547","35.85009002685547","9619","9619","9619"
"96209","45.41884994506836","45.41884994506836","45.41884994506836","9620","9620","9620"
"96219","53.85892868041992","53.85892868041992","53.85892868041992","9621","9621","9621"
"96229","76.70972442626953","76.70972442626953","76.70972442626953","9622","9622","9622"
"96269","38.980979919433594","38.980979919433594","38.980979919433594","9626","9626","9626"
"96289","87.90304565429688","87.90304565429688","87.90304565429688","9628","9628","9628"
"96299","54.768035888671875","54.768035888671875","54.768035888671875","9629","9629","9629"
"96309","72.46875","72.46875","72.46875","9630","9630","9630"
"96339","34.51696014404297","34.51696014404297","34.51696014404297","9633","9633","9633"
"96349","52.185577392578125","52.185577392578125","52.185577392578125","9634","9634","9634"
"96359","34.17823028564453","34.17823028564453","34.17823028564453","9635","9635","9635"
"96379","43.9368896484375","43.9368896484375","43.9368896484375","9637","9637","9637"
"96389","43.17962646484375","43.17962646484375","43.17962646484375","9638","9638","9638"
"96419","52.885536193847656","52.885536193847656","52.885536193847656","9641","9641","9641"
"96459","47.17665481567383","47.17665481567383","47.17665481567383","9645","9645","9645"
"96479","34.954261779785156","34.954261779785156","34.954261779785156","9647","9647","9647"
"96489","41.102989196777344","41.102989196777344","41.102989196777344","9648","9648","9648"
"96499","38.20282745361328","38.20282745361328","38.20282745361328","9649","9649","9649"
"96509","61.992305755615234","61.992305755615234","61.992305755615234","9650","9650","9650"
"96519","60.98075485229492","60.98075485229492","60.98075485229492","9651","9651","9651"
"96529","46.992713928222656","46.992713928222656","46.992713928222656","9652","9652","9652"
"96549","105.07559967041016","105.07559967041016","105.07559967041016","9654","9654","9654"
"96569","40.245323181152344","40.245323181152344","40.245323181152344","9656","9656","9656"
"96579","75.67069244384766","75.67069244384766","75.67069244384766","9657","9657","9657"
"96599","38.55744934082031","38.55744934082031","38.55744934082031","9659","9659","9659"
"96609","53.70252227783203","53.70252227783203","53.70252227783203","9660","9660","9660"
"96619","48.6745719909668","48.6745719909668","48.6745719909668","9661","9661","9661"
"96629","33.9587516784668","33.9587516784668","33.9587516784668","9662","9662","9662"
"96689","32.507728576660156","32.507728576660156","32.507728576660156","9668","9668","9668"
"96709","37.10865020751953","37.10865020751953","37.10865020751953","9670","9670","9670"
"96729","44.25079345703125","44.25079345703125","44.25079345703125","9672","9672","9672"
"96749","51.93244171142578","51.93244171142578","51.93244171142578","9674","9674","9674"
"96769","43.99176025390625","43.99176025390625","43.99176025390625","9676","9676","9676"
"96779","42.45414733886719","42.45414733886719","42.45414733886719","9677","9677","9677"
"96819","68.72047424316406","68.72047424316406","68.72047424316406","9681","9681","9681"
"96839","76.63917541503906","76.63917541503906","76.63917541503906","9683","9683","9683"
"96849","49.66311264038086","49.66311264038086","49.66311264038086","9684","9684","9684"
"96889","47.25786209106445","47.25786209106445","47.25786209106445","9688","9688","9688"
"96909","48.437408447265625","48.437408447265625","48.437408447265625","9690","9690","9690"
"96929","41.702510833740234","41.702510833740234","41.702510833740234","9692","9692","9692"
"96939","42.34346008300781","42.34346008300781","42.34346008300781","9693","9693","9693"
"96949","31.268394470214844","31.268394470214844","31.268394470214844","9694","9694","9694"
"96969","92.6166000366211","92.6166000366211","92.6166000366211","9696","9696","9696"
"96989","51.658939361572266","51.658939361572266","51.658939361572266","9698","9698","9698"
"96999","55.78470993041992","55.78470993041992","55.78470993041992","9699","9699","9699"
"97009","51.83699417114258","51.83699417114258","51.83699417114258","9700","9700","9700"
"97019","56.09528732299805","56.09528732299805","56.09528732299805","9701","9701","9701"
"97039","40.50831604003906","40.50831604003906","40.50831604003906","9703","9703","9703"
"97059","58.44731140136719","58.44731140136719","58.44731140136719","9705","9705","9705"
"97069","97.45506286621094","97.45506286621094","97.45506286621094","9706","9706","9706"
"97119","60.01984405517578","60.01984405517578","60.01984405517578","9711","9711","9711"
"97139","32.426151275634766","32.426151275634766","32.426151275634766","9713","9713","9713"
"97179","83.19277954101562","83.19277954101562","83.19277954101562","9717","9717","9717"
"97189","50.869285583496094","50.869285583496094","50.869285583496094","9718","9718","9718"
"97199","75.52470397949219","75.52470397949219","75.52470397949219","9719","9719","9719"
"97209","40.71564483642578","40.71564483642578","40.71564483642578","9720","9720","9720"
"97259","59.637046813964844","59.637046813964844","59.637046813964844","9725","9725","9725"
"97269","73.41864013671875","73.41864013671875","73.41864013671875","9726","9726","9726"
"97289","60.16533660888672","60.16533660888672","60.16533660888672","9728","9728","9728"
"97309","65.78610229492188","65.78610229492188","65.78610229492188","9730","9730","9730"
"97319","38.143611907958984","38.143611907958984","38.143611907958984","9731","9731","9731"
"97349","44.65424346923828","44.65424346923828","44.65424346923828","9734","9734","9734"
"97369","56.63456726074219","56.63456726074219","56.63456726074219","9736","9736","9736"
"97379","58.04878234863281","58.04878234863281","58.04878234863281","9737","9737","9737"
"97409","55.557640075683594","55.557640075683594","55.557640075683594","9740","9740","9740"
"97439","49.44834899902344","49.44834899902344","49.44834899902344","9743","9743","9743"
"97489","36.9572868347168","36.9572868347168","36.9572868347168","9748","9748","9748"
"97499","39.528465270996094","39.528465270996094","39.528465270996094","9749","9749","9749"
"97519","48.964027404785156","48.964027404785156","48.964027404785156","9751","9751","9751"
"97529","35.405235290527344","35.405235290527344","35.405235290527344","9752","9752","9752"
"97549","57.221282958984375","57.221282958984375","57.221282958984375","9754","9754","9754"
"97569","52.57298278808594","52.57298278808594","52.57298278808594","9756","9756","9756"
"97579","76.30818176269531","76.30818176269531","76.30818176269531","9757","9757","9757"
"97609","48.29205322265625","48.29205322265625","48.29205322265625","9760","9760","9760"
"97629","71.30005645751953","71.30005645751953","71.30005645751953","9762","9762","9762"
"97649","35.84223175048828","35.84223175048828","35.84223175048828","9764","9764","9764"
"97669","60.46205520629883","60.46205520629883","60.46205520629883","9766","9766","9766"
"97709","47.09973907470703","47.09973907470703","47.09973907470703","9770","9770","9770"
"97719","47.41571044921875","47.41571044921875","47.41571044921875","9771","9771","9771"
"97729","38.253990173339844","38.253990173339844","38.253990173339844","9772","9772","9772"
"97749","45.052146911621094","45.052146911621094","45.052146911621094","9774","9774","9774"
"97809","81.6266098022461","81.6266098022461","81.6266098022461","9780","9780","9780"
"97839","71.75172424316406","71.75172424316406","71.75172424316406","9783","9783","9783"
"97869","36.87926483154297","36.87926483154297","36.87926483154297","9786","9786","9786"
"97889","37.08978271484375","37.08978271484375","37.08978271484375","9788","9788","9788"
"97899","35.898231506347656","35.898231506347656","35.898231506347656","9789","9789","9789"
"97909","32.741214752197266","32.741214752197266","32.741214752197266","9790","9790","9790"
"97919","56.69139099121094","56.69139099121094","56.69139099121094","9791","9791","9791"
"97929","50.93666076660156","50.93666076660156","50.93666076660156","9792","9792","9792"
"97949","46.85013198852539","46.85013198852539","46.85013198852539","9794","9794","9794"
"98009","58.98878479003906","58.98878479003906","58.98878479003906","9800","9800","9800"
"98019","51.659873962402344","51.659873962402344","51.659873962402344","9801","9801","9801"
"98049","44.00738525390625","44.00738525390625","44.00738525390625","9804","9804","9804"
"98129","69.35267639160156","69.35267639160156","69.35267639160156","9812","9812","9812"
"98139","36.51856231689453","36.51856231689453","36.51856231689453","9813","9813","9813"
"98189","50.13949966430664","50.13949966430664","50.13949966430664","9818","9818","9818"
"98209","38.55574035644531","38.55574035644531","38.55574035644531","9820","9820","9820"
"98219","31.77267837524414","31.77267837524414","31.77267837524414","9821","9821","9821"
"98259","82.86416625976562","82.86416625976562","82.86416625976562","9825","9825","9825"
"98269","32.728904724121094","32.728904724121094","32.728904724121094","9826","9826","9826"
"98359","54.964515686035156","54.964515686035156","54.964515686035156","9835","9835","9835"
"98369","45.0877571105957","45.0877571105957","45.0877571105957","9836","9836","9836"
"98409","35.77295684814453","35.77295684814453","35.77295684814453","9840","9840","9840"
"98449","53.315982818603516","53.315982818603516","53.315982818603516","9844","9844","9844"
"98479","49.50679397583008","49.50679397583008","49.50679397583008","9847","9847","9847"
"98489","268.9894714355469","268.9894714355469","268.9894714355469","9848","9848","9848"
"98499","67.45368194580078","67.45368194580078","67.45368194580078","9849","9849","9849"
"98529","55.311012268066406","55.311012268066406","55.311012268066406","9852","9852","9852"
"98549","34.768558502197266","34.768558502197266","34.768558502197266","9854","9854","9854"
"98559","50.85782241821289","50.85782241821289","50.85782241821289","9855","9855","9855"
"98589","64.37825012207031","64.37825012207031","64.37825012207031","9858","9858","9858"
"98629","66.8077163696289","66.8077163696289","66.8077163696289","9862","9862","9862"
"98689","85.3397445678711","85.3397445678711","85.3397445678711","9868","9868","9868"
"98699","49.69033432006836","49.69033432006836","49.69033432006836","9869","9869","9869"
"98719","92.10004425048828","92.10004425048828","92.10004425048828","9871","9871","9871"
"98739","45.09288024902344","45.09288024902344","45.09288024902344","9873","9873","9873"
"98779","40.306297302246094","40.306297302246094","40.306297302246094","9877","9877","9877"
"98799","50.30022430419922","50.30022430419922","50.30022430419922","9879","9879","9879"
"98809","43.10371398925781","43.10371398925781","43.10371398925781","9880","9880","9880"
"98819","51.076148986816406","51.076148986816406","51.076148986816406","9881","9881","9881"
"98839","62.3850212097168","62.3850212097168","62.3850212097168","9883","9883","9883"
"98849","53.91847229003906","53.91847229003906","53.91847229003906","9884","9884","9884"
"98879","42.20985412597656","42.20985412597656","42.20985412597656","9887","9887","9887"
"98899","43.32822036743164","43.32822036743164","43.32822036743164","9889","9889","9889"
"98949","66.29358673095703","66.29358673095703","66.29358673095703","9894","9894","9894"
"98959","42.43925476074219","42.43925476074219","42.43925476074219","9895","9895","9895"
"99009","58.457672119140625","58.457672119140625","58.457672119140625","9900","9900","9900"
"99019","54.59934616088867","54.59934616088867","54.59934616088867","9901","9901","9901"
"99039","37.893226623535156","37.893226623535156","37.893226623535156","9903","9903","9903"
"99049","40.65667724609375","40.65667724609375","40.65667724609375","9904","9904","9904"
"99059","86.12503814697266","86.12503814697266","86.12503814697266","9905","9905","9905"
"99069","67.28762817382812","67.28762817382812","67.28762817382812","9906","9906","9906"
"99079","70.07081604003906","70.07081604003906","70.07081604003906","9907","9907","9907"
"99099","43.13359069824219","43.13359069824219","43.13359069824219","9909","9909","9909"
"99109","37.81879425048828","37.81879425048828","37.81879425048828","9910","9910","9910"
"99159","48.70123291015625","48.70123291015625","48.70123291015625","9915","9915","9915"
"99169","42.89745330810547","42.89745330810547","42.89745330810547","9916","9916","9916"
"99179","59.335235595703125","59.335235595703125","59.335235595703125","9917","9917","9917"
"99189","47.184261322021484","47.184261322021484","47.184261322021484","9918","9918","9918"
"99199","59.58879852294922","59.58879852294922","59.58879852294922","9919","9919","9919"
"99209","39.98365020751953","39.98365020751953","39.98365020751953","9920","9920","9920"
"99239","50.44675064086914","50.44675064086914","50.44675064086914","9923","9923","9923"
"99249","41.52468490600586","41.52468490600586","41.52468490600586","9924","9924","9924"
"99309","80.68228149414062","80.68228149414062","80.68228149414062","9930","9930","9930"
"99329","44.25893020629883","44.25893020629883","44.25893020629883","9932","9932","9932"
"99339","37.08722686767578","37.08722686767578","37.08722686767578","9933","9933","9933"
"99349","59.664649963378906","59.664649963378906","59.664649963378906","9934","9934","9934"
"99359","40.47974395751953","40.47974395751953","40.47974395751953","9935","9935","9935"
"99419","90.71857452392578","90.71857452392578","90.71857452392578","9941","9941","9941"
"99529","42.64216995239258","42.64216995239258","42.64216995239258","9952","9952","9952"
"99549","53.97613525390625","53.97613525390625","53.97613525390625","9954","9954","9954"
"99589","44.67608642578125","44.67608642578125","44.67608642578125","9958","9958","9958"
"99599","53.48210906982422","53.48210906982422","53.48210906982422","9959","9959","9959"
"99649","35.76741027832031","35.76741027832031","35.76741027832031","9964","9964","9964"
"99659","36.747379302978516","36.747379302978516","36.747379302978516","9965","9965","9965"
"99669","91.98943328857422","91.98943328857422","91.98943328857422","9966","9966","9966"
"99679","43.75856399536133","43.75856399536133","43.75856399536133","9967","9967","9967"
"99689","46.98896408081055","46.98896408081055","46.98896408081055","9968","9968","9968"
"99699","50.58818435668945","50.58818435668945","50.58818435668945","9969","9969","9969"
"99709","85.98539733886719","85.98539733886719","85.98539733886719","9970","9970","9970"
"99719","41.902835845947266","41.902835845947266","41.902835845947266","9971","9971","9971"
"99739","37.00011444091797","37.00011444091797","37.00011444091797","9973","9973","9973"
"99769","45.047306060791016","45.047306060791016","45.047306060791016","9976","9976","9976"
"99799","55.715946197509766","55.715946197509766","55.715946197509766","9979","9979","9979"
"99819","44.928619384765625","44.928619384765625","44.928619384765625","9981","9981","9981"
"99839","41.47727584838867","41.47727584838867","41.47727584838867","9983","9983","9983"
"99909","46.01021957397461","46.01021957397461","46.01021957397461","9990","9990","9990"
"99919","49.40381622314453","49.40381622314453","49.40381622314453","9991","9991","9991"
"99929","36.01603317260742","36.01603317260742","36.01603317260742","9992","9992","9992"
"99939","40.49308395385742","40.49308395385742","40.49308395385742","9993","9993","9993"
"99959","80.31476593017578","80.31476593017578","80.31476593017578","9995","9995","9995"
"100039","39.36146926879883","39.36146926879883","39.36146926879883","10003","10003","10003"
"100049","55.40222930908203","55.40222930908203","55.40222930908203","10004","10004","10004"
"100079","54.72443771362305","54.72443771362305","54.72443771362305","10007","10007","10007"
"100089","39.2495231628418","39.2495231628418","39.2495231628418","10008","10008","10008"
"100099","41.14141845703125","41.14141845703125","41.14141845703125","10009","10009","10009"
"100139","53.44055938720703","53.44055938720703","53.44055938720703","10013","10013","10013"
"100149","31.92241859436035","31.92241859436035","31.92241859436035","10014","10014","10014"
"100159","44.42375564575195","44.42375564575195","44.42375564575195","10015","10015","10015"
"100179","38.19904708862305","38.19904708862305","38.19904708862305","10017","10017","10017"
"100209","255.04156494140625","255.04156494140625","255.04156494140625","10020","10020","10020"
"100239","46.812564849853516","46.812564849853516","46.812564849853516","10023","10023","10023"
"100249","40.665191650390625","40.665191650390625","40.665191650390625","10024","10024","10024"
"100269","54.51856994628906","54.51856994628906","54.51856994628906","10026","10026","10026"
"100299","76.13569641113281","76.13569641113281","76.13569641113281","10029","10029","10029"
"100309","49.18482208251953","49.18482208251953","49.18482208251953","10030","10030","10030"
"100329","45.699676513671875","45.699676513671875","45.699676513671875","10032","10032","10032"
"100339","36.605316162109375","36.605316162109375","36.605316162109375","10033","10033","10033"
"100359","41.21778869628906","41.21778869628906","41.21778869628906","10035","10035","10035"
"100389","46.56793975830078","46.56793975830078","46.56793975830078","10038","10038","10038"
"100409","48.120399475097656","48.120399475097656","48.120399475097656","10040","10040","10040"
"100429","35.74150085449219","35.74150085449219","35.74150085449219","10042","10042","10042"
"100439","38.41523742675781","38.41523742675781","38.41523742675781","10043","10043","10043"
"100449","51.58244323730469","51.58244323730469","51.58244323730469","10044","10044","10044"
"100459","64.53739929199219","64.53739929199219","64.53739929199219","10045","10045","10045"
"100479","74.8683853149414","74.8683853149414","74.8683853149414","10047","10047","10047"
"100489","39.02111053466797","39.02111053466797","39.02111053466797","10048","10048","10048"
"100519","51.58805465698242","51.58805465698242","51.58805465698242","10051","10051","10051"
"100529","32.05522155761719","32.05522155761719","32.05522155761719","10052","10052","10052"
"100539","50.74382781982422","50.74382781982422","50.74382781982422","10053","10053","10053"
"100549","78.41181945800781","78.41181945800781","78.41181945800781","10054","10054","10054"
"100559","56.93549728393555","56.93549728393555","56.93549728393555","10055","10055","10055"
"100569","65.98844909667969","65.98844909667969","65.98844909667969","10056","10056","10056"
"100579","43.98222351074219","43.98222351074219","43.98222351074219","10057","10057","10057"
"100589","39.2033805847168","39.2033805847168","39.2033805847168","10058","10058","10058"
"100609","44.094261169433594","44.094261169433594","44.094261169433594","10060","10060","10060"
"100679","81.9814224243164","81.9814224243164","81.9814224243164","10067","10067","10067"
"100699","50.66869354248047","50.66869354248047","50.66869354248047","10069","10069","10069"
"100719","38.92405700683594","38.92405700683594","38.92405700683594","10071","10071","10071"
"100729","43.60074234008789","43.60074234008789","43.60074234008789","10072","10072","10072"
"100759","38.483009338378906","38.483009338378906","38.483009338378906","10075","10075","10075"
"100769","52.367469787597656","52.367469787597656","52.367469787597656","10076","10076","10076"
"100779","54.18821716308594","54.18821716308594","54.18821716308594","10077","10077","10077"
"100829","35.73023223876953","35.73023223876953","35.73023223876953","10082","10082","10082"
"100849","38.50525665283203","38.50525665283203","38.50525665283203","10084","10084","10084"
"100859","35.52032470703125","35.52032470703125","35.52032470703125","10085","10085","10085"
"100869","67.99031066894531","67.99031066894531","67.99031066894531","10086","10086","10086"
"100879","69.04533386230469","69.04533386230469","69.04533386230469","10087","10087","10087"
"100899","54.45188903808594","54.45188903808594","54.45188903808594","10089","10089","10089"
"100909","35.932090759277344","35.932090759277344","35.932090759277344","10090","10090","10090"
"100919","40.13772201538086","40.13772201538086","40.13772201538086","10091","10091","10091"
"100979","50.87018966674805","50.87018966674805","50.87018966674805","10097","10097","10097"
"100989","83.56158447265625","83.56158447265625","83.56158447265625","10098","10098","10098"
"100999","32.10462188720703","32.10462188720703","32.10462188720703","10099","10099","10099"
"101049","41.210960388183594","41.210960388183594","41.210960388183594","10104","10104","10104"
"101059","40.65745162963867","40.65745162963867","40.65745162963867","10105","10105","10105"
"101069","59.937496185302734","59.937496185302734","59.937496185302734","10106","10106","10106"
"101079","37.658897399902344","37.658897399902344","37.658897399902344","10107","10107","10107"
"101099","29.81532859802246","29.81532859802246","29.81532859802246","10109","10109","10109"
"101109","42.421653747558594","42.421653747558594","42.421653747558594","10110","10110","10110"
"101119","82.49629211425781","82.49629211425781","82.49629211425781","10111","10111","10111"
"101129","49.50557327270508","49.50557327270508","49.50557327270508","10112","10112","10112"
"101149","74.29605102539062","74.29605102539062","74.29605102539062","10114","10114","10114"
"101179","44.857078552246094","44.857078552246094","44.857078552246094","10117","10117","10117"
"101189","52.09068298339844","52.09068298339844","52.09068298339844","10118","10118","10118"
"101219","37.377777099609375","37.377777099609375","37.377777099609375","10121","10121","10121"
"101239","56.43781280517578","56.43781280517578","56.43781280517578","10123","10123","10123"
"101269","69.3936996459961","69.3936996459961","69.3936996459961","10126","10126","10126"
"101299","43.08784484863281","43.08784484863281","43.08784484863281","10129","10129","10129"
"101349","84.54887390136719","84.54887390136719","84.54887390136719","10134","10134","10134"
"101409","43.437904357910156","43.437904357910156","43.437904357910156","10140","10140","10140"
"101429","45.3168830871582","45.3168830871582","45.3168830871582","10142","10142","10142"
"101459","48.42226028442383","48.42226028442383","48.42226028442383","10145","10145","10145"
"101499","84.63920593261719","84.63920593261719","84.63920593261719","10149","10149","10149"
"101509","56.98625183105469","56.98625183105469","56.98625183105469","10150","10150","10150"
"101529","53.24515151977539","53.24515151977539","53.24515151977539","10152","10152","10152"
"101539","45.5373649597168","45.5373649597168","45.5373649597168","10153","10153","10153"
"101569","39.92329788208008","39.92329788208008","39.92329788208008","10156","10156","10156"
"101579","32.345436096191406","32.345436096191406","32.345436096191406","10157","10157","10157"
"101589","58.31303405761719","58.31303405761719","58.31303405761719","10158","10158","10158"
"101599","43.75196075439453","43.75196075439453","43.75196075439453","10159","10159","10159"
"101609","45.8247184753418","45.8247184753418","45.8247184753418","10160","10160","10160"
"101639","35.835235595703125","35.835235595703125","35.835235595703125","10163","10163","10163"
"101649","33.96615219116211","33.96615219116211","33.96615219116211","10164","10164","10164"
"101659","45.583160400390625","45.583160400390625","45.583160400390625","10165","10165","10165"
"101669","37.68962478637695","37.68962478637695","37.68962478637695","10166","10166","10166"
"101709","45.309722900390625","45.309722900390625","45.309722900390625","10170","10170","10170"
"101759","68.99603271484375","68.99603271484375","68.99603271484375","10175","10175","10175"
"101779","70.49637603759766","70.49637603759766","70.49637603759766","10177","10177","10177"
"101799","84.53343200683594","84.53343200683594","84.53343200683594","10179","10179","10179"
"101809","52.37998962402344","52.37998962402344","52.37998962402344","10180","10180","10180"
"101839","72.92001342773438","72.92001342773438","72.92001342773438","10183","10183","10183"
"101849","68.39703369140625","68.39703369140625","68.39703369140625","10184","10184","10184"
"101859","38.67665100097656","38.67665100097656","38.67665100097656","10185","10185","10185"
"101919","79.5513916015625","79.5513916015625","79.5513916015625","10191","10191","10191"
"101929","73.0692138671875","73.0692138671875","73.0692138671875","10192","10192","10192"
"101959","47.95829772949219","47.95829772949219","47.95829772949219","10195","10195","10195"
"101969","47.147640228271484","47.147640228271484","47.147640228271484","10196","10196","10196"
"101979","57.29106903076172","57.29106903076172","57.29106903076172","10197","10197","10197"
"101999","38.41948318481445","38.41948318481445","38.41948318481445","10199","10199","10199"
"102009","77.33512878417969","77.33512878417969","77.33512878417969","10200","10200","10200"
"102049","35.41920852661133","35.41920852661133","35.41920852661133","10204","10204","10204"
"102069","37.71564483642578","37.71564483642578","37.71564483642578","10206","10206","10206"
"102089","49.14878463745117","49.14878463745117","49.14878463745117","10208","10208","10208"
"102099","61.907020568847656","61.907020568847656","61.907020568847656","10209","10209","10209"
"102119","41.87712097167969","41.87712097167969","41.87712097167969","10211","10211","10211"
"102129","57.24930953979492","57.24930953979492","57.24930953979492","10212","10212","10212"
"102189","61.025123596191406","61.025123596191406","61.025123596191406","10218","10218","10218"
"102199","49.302616119384766","49.302616119384766","49.302616119384766","10219","10219","10219"
"102229","64.03399658203125","64.03399658203125","64.03399658203125","10222","10222","10222"
"102259","34.56494903564453","34.56494903564453","34.56494903564453","10225","10225","10225"
"102269","48.91745376586914","48.91745376586914","48.91745376586914","10226","10226","10226"
"102289","43.19189453125","43.19189453125","43.19189453125","10228","10228","10228"
"102309","31.136749267578125","31.136749267578125","31.136749267578125","10230","10230","10230"
"102329","40.43581008911133","40.43581008911133","40.43581008911133","10232","10232","10232"
"102349","56.605865478515625","56.605865478515625","56.605865478515625","10234","10234","10234"
"102369","35.23099136352539","35.23099136352539","35.23099136352539","10236","10236","10236"
"102379","45.778846740722656","45.778846740722656","45.778846740722656","10237","10237","10237"
"102429","37.88653564453125","37.88653564453125","37.88653564453125","10242","10242","10242"
"102449","37.82085418701172","37.82085418701172","37.82085418701172","10244","10244","10244"
"102469","50.77465057373047","50.77465057373047","50.77465057373047","10246","10246","10246"
"102479","36.43269729614258","36.43269729614258","36.43269729614258","10247","10247","10247"
"102489","41.89653015136719","41.89653015136719","41.89653015136719","10248","10248","10248"
"102509","75.77689361572266","75.77689361572266","75.77689361572266","10250","10250","10250"
"102529","36.41847229003906","36.41847229003906","36.41847229003906","10252","10252","10252"
"102539","367.7240295410156","367.7240295410156","367.7240295410156","10253","10253","10253"
"102589","43.29022216796875","43.29022216796875","43.29022216796875","10258","10258","10258"
"102639","34.5002326965332","34.5002326965332","34.5002326965332","10263","10263","10263"
"102649","67.15569305419922","67.15569305419922","67.15569305419922","10264","10264","10264"
"102669","101.10760498046875","101.10760498046875","101.10760498046875","10266","10266","10266"
"102689","46.78336715698242","46.78336715698242","46.78336715698242","10268","10268","10268"
"102699","36.727264404296875","36.727264404296875","36.727264404296875","10269","10269","10269"
"102709","47.13844299316406","47.13844299316406","47.13844299316406","10270","10270","10270"
"102729","57.82488250732422","57.82488250732422","57.82488250732422","10272","10272","10272"
"102749","43.614437103271484","43.614437103271484","43.614437103271484","10274","10274","10274"
"102769","41.56372833251953","41.56372833251953","41.56372833251953","10276","10276","10276"
"102809","45.79952621459961","45.79952621459961","45.79952621459961","10280","10280","10280"
"102819","52.66527557373047","52.66527557373047","52.66527557373047","10281","10281","10281"
"102849","62.24003982543945","62.24003982543945","62.24003982543945","10284","10284","10284"
"102859","39.39768981933594","39.39768981933594","39.39768981933594","10285","10285","10285"
"102899","54.387306213378906","54.387306213378906","54.387306213378906","10289","10289","10289"
"102909","38.33999252319336","38.33999252319336","38.33999252319336","10290","10290","10290"
"102959","52.79405975341797","52.79405975341797","52.79405975341797","10295","10295","10295"
"102969","45.992042541503906","45.992042541503906","45.992042541503906","10296","10296","10296"
"103009","42.00057601928711","42.00057601928711","42.00057601928711","10300","10300","10300"
"103019","91.07479095458984","91.07479095458984","91.07479095458984","10301","10301","10301"
"103029","34.84904479980469","34.84904479980469","34.84904479980469","10302","10302","10302"
"103039","38.0230712890625","38.0230712890625","38.0230712890625","10303","10303","10303"
"103059","66.69441223144531","66.69441223144531","66.69441223144531","10305","10305","10305"
"103069","58.135902404785156","58.135902404785156","58.135902404785156","10306","10306","10306"
"103179","42.090248107910156","42.090248107910156","42.090248107910156","10317","10317","10317"
"103199","44.43525695800781","44.43525695800781","44.43525695800781","10319","10319","10319"
"103229","38.64071273803711","38.64071273803711","38.64071273803711","10322","10322","10322"
"103259","40.066062927246094","40.066062927246094","40.066062927246094","10325","10325","10325"
"103289","31.108932495117188","31.108932495117188","31.108932495117188","10328","10328","10328"
"103299","39.905601501464844","39.905601501464844","39.905601501464844","10329","10329","10329"
"103309","41.495460510253906","41.495460510253906","41.495460510253906","10330","10330","10330"
"103329","48.51553726196289","48.51553726196289","48.51553726196289","10332","10332","10332"
"103349","57.14701461791992","57.14701461791992","57.14701461791992","10334","10334","10334"
"103359","47.68894958496094","47.68894958496094","47.68894958496094","10335","10335","10335"
"103369","49.53554916381836","49.53554916381836","49.53554916381836","10336","10336","10336"
"103389","60.94595718383789","60.94595718383789","60.94595718383789","10338","10338","10338"
"103429","68.21221923828125","68.21221923828125","68.21221923828125","10342","10342","10342"
"103439","45.831321716308594","45.831321716308594","45.831321716308594","10343","10343","10343"
"103479","52.41328430175781","52.41328430175781","52.41328430175781","10347","10347","10347"
"103499","85.10035705566406","85.10035705566406","85.10035705566406","10349","10349","10349"
"103519","43.819664001464844","43.819664001464844","43.819664001464844","10351","10351","10351"
"103529","55.14542007446289","55.14542007446289","55.14542007446289","10352","10352","10352"
"103539","49.651161193847656","49.651161193847656","49.651161193847656","10353","10353","10353"
"103559","39.10569381713867","39.10569381713867","39.10569381713867","10355","10355","10355"
"103579","76.10902404785156","76.10902404785156","76.10902404785156","10357","10357","10357"
"103599","35.585384368896484","35.585384368896484","35.585384368896484","10359","10359","10359"
"103619","43.34348678588867","43.34348678588867","43.34348678588867","10361","10361","10361"
"103649","39.64017868041992","39.64017868041992","39.64017868041992","10364","10364","10364"
"103689","40.369041442871094","40.369041442871094","40.369041442871094","10368","10368","10368"
"103729","40.604522705078125","40.604522705078125","40.604522705078125","10372","10372","10372"
"103759","48.89085388183594","48.89085388183594","48.89085388183594","10375","10375","10375"
"103769","46.49839401245117","46.49839401245117","46.49839401245117","10376","10376","10376"
"103809","34.940711975097656","34.940711975097656","34.940711975097656","10380","10380","10380"
"103829","78.52349853515625","78.52349853515625","78.52349853515625","10382","10382","10382"
"103849","33.03076171875","33.03076171875","33.03076171875","10384","10384","10384"
"103899","60.10777282714844","60.10777282714844","60.10777282714844","10389","10389","10389"
"103919","63.84855651855469","63.84855651855469","63.84855651855469","10391","10391","10391"
"103949","48.45741271972656","48.45741271972656","48.45741271972656","10394","10394","10394"
"103959","44.710697174072266","44.710697174072266","44.710697174072266","10395","10395","10395"
"103989","47.20445251464844","47.20445251464844","47.20445251464844","10398","10398","10398"
"104009","53.76479721069336","53.76479721069336","53.76479721069336","10400","10400","10400"
"104019","32.89777374267578","32.89777374267578","32.89777374267578","10401","10401","10401"
"104029","38.342288970947266","38.342288970947266","38.342288970947266","10402","10402","10402"
"104039","46.28217315673828","46.28217315673828","46.28217315673828","10403","10403","10403"
"104049","47.64556121826172","47.64556121826172","47.64556121826172","10404","10404","10404"
"104069","61.052085876464844","61.052085876464844","61.052085876464844","10406","10406","10406"
"104079","43.74516296386719","43.74516296386719","43.74516296386719","10407","10407","10407"
"104109","41.64430236816406","41.64430236816406","41.64430236816406","10410","10410","10410"
"104119","42.98318099975586","42.98318099975586","42.98318099975586","10411","10411","10411"
"104129","48.03921127319336","48.03921127319336","48.03921127319336","10412","10412","10412"
"104139","136.4346923828125","136.4346923828125","136.4346923828125","10413","10413","10413"
"104169","37.98055648803711","37.98055648803711","37.98055648803711","10416","10416","10416"
"104199","41.56208419799805","41.56208419799805","41.56208419799805","10419","10419","10419"
"104209","47.362281799316406","47.362281799316406","47.362281799316406","10420","10420","10420"
"104229","33.859344482421875","33.859344482421875","33.859344482421875","10422","10422","10422"
"104239","37.62538146972656","37.62538146972656","37.62538146972656","10423","10423","10423"
"104279","46.372764587402344","46.372764587402344","46.372764587402344","10427","10427","10427"
"104319","33.30268096923828","33.30268096923828","33.30268096923828","10431","10431","10431"
"104329","33.12866973876953","33.12866973876953","33.12866973876953","10432","10432","10432"
"104339","48.23065185546875","48.23065185546875","48.23065185546875","10433","10433","10433"
"104359","34.27861022949219","34.27861022949219","34.27861022949219","10435","10435","10435"
"104369","49.57316207885742","49.57316207885742","49.57316207885742","10436","10436","10436"
"104399","47.220096588134766","47.220096588134766","47.220096588134766","10439","10439","10439"
"104409","106.8711929321289","106.8711929321289","106.8711929321289","10440","10440","10440"
"104429","36.906410217285156","36.906410217285156","36.906410217285156","10442","10442","10442"
"104439","44.22838592529297","44.22838592529297","44.22838592529297","10443","10443","10443"
"104449","34.84579086303711","34.84579086303711","34.84579086303711","10444","10444","10444"
"104459","52.54289627075195","52.54289627075195","52.54289627075195","10445","10445","10445"
"104499","47.84793472290039","47.84793472290039","47.84793472290039","10449","10449","10449"
"104509","61.859336853027344","61.859336853027344","61.859336853027344","10450","10450","10450"
"104539","111.04206848144531","111.04206848144531","111.04206848144531","10453","10453","10453"
"104559","60.730560302734375","60.730560302734375","60.730560302734375","10455","10455","10455"
"104579","54.829376220703125","54.829376220703125","54.829376220703125","10457","10457","10457"
"104589","47.06681823730469","47.06681823730469","47.06681823730469","10458","10458","10458"
"104599","55.54729461669922","55.54729461669922","55.54729461669922","10459","10459","10459"
"104629","39.46009063720703","39.46009063720703","39.46009063720703","10462","10462","10462"
"104649","57.4177131652832","57.4177131652832","57.4177131652832","10464","10464","10464"
"104679","34.5108528137207","34.5108528137207","34.5108528137207","10467","10467","10467"
"104689","47.91257095336914","47.91257095336914","47.91257095336914","10468","10468","10468"
"104699","32.320701599121094","32.320701599121094","32.320701599121094","10469","10469","10469"
"104709","60.7653923034668","60.7653923034668","60.7653923034668","10470","10470","10470"
"104729","58.90129089355469","58.90129089355469","58.90129089355469","10472","10472","10472"
"104739","50.10917663574219","50.10917663574219","50.10917663574219","10473","10473","10473"
"104749","46.69344711303711","46.69344711303711","46.69344711303711","10474","10474","10474"
"104759","57.21735763549805","57.21735763549805","57.21735763549805","10475","10475","10475"
"104809","83.63773345947266","83.63773345947266","83.63773345947266","10480","10480","10480"
"104859","83.75868225097656","83.75868225097656","83.75868225097656","10485","10485","10485"
"104889","44.57926940917969","44.57926940917969","44.57926940917969","10488","10488","10488"
"104919","47.4033088684082","47.4033088684082","47.4033088684082","10491","10491","10491"
"104989","61.82855224609375","61.82855224609375","61.82855224609375","10498","10498","10498"
"105019","55.666412353515625","55.666412353515625","55.666412353515625","10501","10501","10501"
"105039","35.852962493896484","35.852962493896484","35.852962493896484","10503","10503","10503"
"105049","46.119834899902344","46.119834899902344","46.119834899902344","10504","10504","10504"
"105069","57.00871276855469","57.00871276855469","57.00871276855469","10506","10506","10506"
"105089","47.22846603393555","47.22846603393555","47.22846603393555","10508","10508","10508"
"105099","37.97322082519531","37.97322082519531","37.97322082519531","10509","10509","10509"
"105109","45.32835388183594","45.32835388183594","45.32835388183594","10510","10510","10510"
"105129","33.28324890136719","33.28324890136719","33.28324890136719","10512","10512","10512"
"105149","42.489601135253906","42.489601135253906","42.489601135253906","10514","10514","10514"
"105179","47.65928649902344","47.65928649902344","47.65928649902344","10517","10517","10517"
"105189","62.642452239990234","62.642452239990234","62.642452239990234","10518","10518","10518"
"105229","62.89485168457031","62.89485168457031","62.89485168457031","10522","10522","10522"
"105249","82.76705932617188","82.76705932617188","82.76705932617188","10524","10524","10524"
"105259","50.815311431884766","50.815311431884766","50.815311431884766","10525","10525","10525"
"105279","35.23057556152344","35.23057556152344","35.23057556152344","10527","10527","10527"
"105289","32.693172454833984","32.693172454833984","32.693172454833984","10528","10528","10528"
"105319","47.929718017578125","47.929718017578125","47.929718017578125","10531","10531","10531"
"105339","37.533546447753906","37.533546447753906","37.533546447753906","10533","10533","10533"
"105349","45.4956169128418","45.4956169128418","45.4956169128418","10534","10534","10534"
"105379","50.27119445800781","50.27119445800781","50.27119445800781","10537","10537","10537"
"105409","38.96139144897461","38.96139144897461","38.96139144897461","10540","10540","10540"
"105419","37.24213790893555","37.24213790893555","37.24213790893555","10541","10541","10541"
"105429","61.52965545654297","61.52965545654297","61.52965545654297","10542","10542","10542"
"105509","65.49353790283203","65.49353790283203","65.49353790283203","10550","10550","10550"
"105529","85.62530517578125","85.62530517578125","85.62530517578125","10552","10552","10552"
"105549","59.63744354248047","59.63744354248047","59.63744354248047","10554","10554","10554"
"105559","48.94602584838867","48.94602584838867","48.94602584838867","10555","10555","10555"
"105599","48.03152084350586","48.03152084350586","48.03152084350586","10559","10559","10559"
"105639","125.49295806884766","125.49295806884766","125.49295806884766","10563","10563","10563"
"105649","43.1287956237793","43.1287956237793","43.1287956237793","10564","10564","10564"
"105659","38.01472473144531","38.01472473144531","38.01472473144531","10565","10565","10565"
"105689","51.78965759277344","51.78965759277344","51.78965759277344","10568","10568","10568"
"105709","51.33251953125","51.33251953125","51.33251953125","10570","10570","10570"
"105719","53.6998176574707","53.6998176574707","53.6998176574707","10571","10571","10571"
"105729","55.634254455566406","55.634254455566406","55.634254455566406","10572","10572","10572"
"105739","35.20370864868164","35.20370864868164","35.20370864868164","10573","10573","10573"
"105779","53.601619720458984","53.601619720458984","53.601619720458984","10577","10577","10577"
"105809","38.06877899169922","38.06877899169922","38.06877899169922","10580","10580","10580"
"105819","48.106082916259766","48.106082916259766","48.106082916259766","10581","10581","10581"
"105889","47.56862258911133","47.56862258911133","47.56862258911133","10588","10588","10588"
"105899","39.35252380371094","39.35252380371094","39.35252380371094","10589","10589","10589"
"105909","69.7505111694336","69.7505111694336","69.7505111694336","10590","10590","10590"
"105929","55.967979431152344","55.967979431152344","55.967979431152344","10592","10592","10592"
"105979","49.22922897338867","49.22922897338867","49.22922897338867","10597","10597","10597"
"105989","47.70510482788086","47.70510482788086","47.70510482788086","10598","10598","10598"
"106059","34.42082214355469","34.42082214355469","34.42082214355469","10605","10605","10605"
"106069","40.24738311767578","40.24738311767578","40.24738311767578","10606","10606","10606"
"106149","56.726993560791016","56.726993560791016","56.726993560791016","10614","10614","10614"
"106169","51.30147171020508","51.30147171020508","51.30147171020508","10616","10616","10616"
"106189","46.467098236083984","46.467098236083984","46.467098236083984","10618","10618","10618"
"106199","39.25634002685547","39.25634002685547","39.25634002685547","10619","10619","10619"
"106259","86.11701202392578","86.11701202392578","86.11701202392578","10625","10625","10625"
"106269","51.50185012817383","51.50185012817383","51.50185012817383","10626","10626","10626"
"106279","37.67000198364258","37.67000198364258","37.67000198364258","10627","10627","10627"
"106289","37.419029235839844","37.419029235839844","37.419029235839844","10628","10628","10628"
"106329","36.402862548828125","36.402862548828125","36.402862548828125","10632","10632","10632"
"106359","41.011756896972656","41.011756896972656","41.011756896972656","10635","10635","10635"
"106369","47.470245361328125","47.470245361328125","47.470245361328125","10636","10636","10636"
"106379","37.883235931396484","37.883235931396484","37.883235931396484","10637","10637","10637"
"106399","33.64985656738281","33.64985656738281","33.64985656738281","10639","10639","10639"
"106409","35.04452896118164","35.04452896118164","35.04452896118164","10640","10640","10640"
"106439","69.09939575195312","69.09939575195312","69.09939575195312","10643","10643","10643"
"106499","36.931907653808594","36.931907653808594","36.931907653808594","10649","10649","10649"
"106619","51.0697135925293","51.0697135925293","51.0697135925293","10661","10661","10661"
"106629","48.49534225463867","48.49534225463867","48.49534225463867","10662","10662","10662"
"106669","108.80821228027344","108.80821228027344","108.80821228027344","10666","10666","10666"
"106689","50.66279983520508","50.66279983520508","50.66279983520508","10668","10668","10668"
"106699","59.485618591308594","59.485618591308594","59.485618591308594","10669","10669","10669"
"106739","62.596439361572266","62.596439361572266","62.596439361572266","10673","10673","10673"
"106759","40.59611511230469","40.59611511230469","40.59611511230469","10675","10675","10675"
"106779","59.05529022216797","59.05529022216797","59.05529022216797","10677","10677","10677"
"106789","40.11204528808594","40.11204528808594","40.11204528808594","10678","10678","10678"
"106809","37.33136749267578","37.33136749267578","37.33136749267578","10680","10680","10680"
"106819","58.842063903808594","58.842063903808594","58.842063903808594","10681","10681","10681"
"106859","44.648895263671875","44.648895263671875","44.648895263671875","10685","10685","10685"
"106889","46.56734848022461","46.56734848022461","46.56734848022461","10688","10688","10688"
"106899","45.68724822998047","45.68724822998047","45.68724822998047","10689","10689","10689"
"106929","44.72390365600586","44.72390365600586","44.72390365600586","10692","10692","10692"
"106959","53.12113571166992","53.12113571166992","53.12113571166992","10695","10695","10695"
"106979","35.71201705932617","35.71201705932617","35.71201705932617","10697","10697","10697"
"107009","37.53975296020508","37.53975296020508","37.53975296020508","10700","10700","10700"
"107029","37.5100212097168","37.5100212097168","37.5100212097168","10702","10702","10702"
"107059","34.16083908081055","34.16083908081055","34.16083908081055","10705","10705","10705"
"107079","47.634483337402344","47.634483337402344","47.634483337402344","10707","10707","10707"
"107089","38.183570861816406","38.183570861816406","38.183570861816406","10708","10708","10708"
"107109","38.940162658691406","38.940162658691406","38.940162658691406","10710","10710","10710"
"107139","72.35920715332031","72.35920715332031","72.35920715332031","10713","10713","10713"
"107159","43.274169921875","43.274169921875","43.274169921875","10715","10715","10715"
"107179","37.5013313293457","37.5013313293457","37.5013313293457","10717","10717","10717"
"107199","117.12614440917969","117.12614440917969","117.12614440917969","10719","10719","10719"
"107229","47.78301239013672","47.78301239013672","47.78301239013672","10722","10722","10722"
"107239","56.662208557128906","56.662208557128906","56.662208557128906","10723","10723","10723"
"107259","36.191162109375","36.191162109375","36.191162109375","10725","10725","10725"
"107269","34.59394073486328","34.59394073486328","34.59394073486328","10726","10726","10726"
"107279","38.80433654785156","38.80433654785156","38.80433654785156","10727","10727","10727"
"107309","46.7315788269043","46.7315788269043","46.7315788269043","10730","10730","10730"
"107319","40.46010971069336","40.46010971069336","40.46010971069336","10731","10731","10731"
"107329","40.53631591796875","40.53631591796875","40.53631591796875","10732","10732","10732"
"107349","58.243568420410156","58.243568420410156","58.243568420410156","10734","10734","10734"
"107399","83.04341888427734","83.04341888427734","83.04341888427734","10739","10739","10739"
"107429","61.97956848144531","61.97956848144531","61.97956848144531","10742","10742","10742"
"107439","40.60955810546875","40.60955810546875","40.60955810546875","10743","10743","10743"
"107479","37.65131378173828","37.65131378173828","37.65131378173828","10747","10747","10747"
"107489","53.521087646484375","53.521087646484375","53.521087646484375","10748","10748","10748"
"107499","52.226295471191406","52.226295471191406","52.226295471191406","10749","10749","10749"
"107519","40.21813201904297","40.21813201904297","40.21813201904297","10751","10751","10751"
"107549","46.518226623535156","46.518226623535156","46.518226623535156","10754","10754","10754"
"107579","61.26209259033203","61.26209259033203","61.26209259033203","10757","10757","10757"
"107589","37.681392669677734","37.681392669677734","37.681392669677734","10758","10758","10758"
"107599","47.731231689453125","47.731231689453125","47.731231689453125","10759","10759","10759"
"107639","77.39436340332031","77.39436340332031","77.39436340332031","10763","10763","10763"
"107649","35.01598358154297","35.01598358154297","35.01598358154297","10764","10764","10764"
"107709","48.26640319824219","48.26640319824219","48.26640319824219","10770","10770","10770"
"107739","43.299156188964844","43.299156188964844","43.299156188964844","10773","10773","10773"
"107749","40.26068878173828","40.26068878173828","40.26068878173828","10774","10774","10774"
"107769","61.340450286865234","61.340450286865234","61.340450286865234","10776","10776","10776"
"107779","53.59455108642578","53.59455108642578","53.59455108642578","10777","10777","10777"
"107799","78.03020477294922","78.03020477294922","78.03020477294922","10779","10779","10779"
"107819","57.14448928833008","57.14448928833008","57.14448928833008","10781","10781","10781"
"107829","41.55826950073242","41.55826950073242","41.55826950073242","10782","10782","10782"
"107839","77.77574157714844","77.77574157714844","77.77574157714844","10783","10783","10783"
"107849","54.24185562133789","54.24185562133789","54.24185562133789","10784","10784","10784"
"107859","89.63788604736328","89.63788604736328","89.63788604736328","10785","10785","10785"
"107919","38.86103820800781","38.86103820800781","38.86103820800781","10791","10791","10791"
"107989","64.24507904052734","64.24507904052734","64.24507904052734","10798","10798","10798"
"108009","46.17598342895508","46.17598342895508","46.17598342895508","10800","10800","10800"
"108079","32.24249267578125","32.24249267578125","32.24249267578125","10807","10807","10807"
"108089","60.80604934692383","60.80604934692383","60.80604934692383","10808","10808","10808"
"108129","41.66209411621094","41.66209411621094","41.66209411621094","10812","10812","10812"
"108139","45.955718994140625","45.955718994140625","45.955718994140625","10813","10813","10813"
"108149","38.18187713623047","38.18187713623047","38.18187713623047","10814","10814","10814"
"108179","48.485774993896484","48.485774993896484","48.485774993896484","10817","10817","10817"
"108209","38.538055419921875","38.538055419921875","38.538055419921875","10820","10820","10820"
"108219","41.61075210571289","41.61075210571289","41.61075210571289","10821","10821","10821"
"108229","31.162738800048828","31.162738800048828","31.162738800048828","10822","10822","10822"
"108239","51.96501541137695","51.96501541137695","51.96501541137695","10823","10823","10823"
"108249","54.44999694824219","54.44999694824219","54.44999694824219","10824","10824","10824"
"108279","37.825225830078125","37.825225830078125","37.825225830078125","10827","10827","10827"
"108289","83.7247314453125","83.7247314453125","83.7247314453125","10828","10828","10828"
"108299","43.431941986083984","43.431941986083984","43.431941986083984","10829","10829","10829"
"108309","88.59127044677734","88.59127044677734","88.59127044677734","10830","10830","10830"
"108339","34.26496887207031","34.26496887207031","34.26496887207031","10833","10833","10833"
"108349","49.42753601074219","49.42753601074219","49.42753601074219","10834","10834","10834"
"108379","34.643192291259766","34.643192291259766","34.643192291259766","10837","10837","10837"
"108389","37.538352966308594","37.538352966308594","37.538352966308594","10838","10838","10838"
"108399","36.241973876953125","36.241973876953125","36.241973876953125","10839","10839","10839"
"108429","53.62354278564453","53.62354278564453","53.62354278564453","10842","10842","10842"
"108459","51.06212615966797","51.06212615966797","51.06212615966797","10845","10845","10845"
"108479","41.89024353027344","41.89024353027344","41.89024353027344","10847","10847","10847"
"108519","37.77234649658203","37.77234649658203","37.77234649658203","10851","10851","10851"
"108529","52.61005401611328","52.61005401611328","52.61005401611328","10852","10852","10852"
"108539","39.77451705932617","39.77451705932617","39.77451705932617","10853","10853","10853"
"108579","34.442291259765625","34.442291259765625","34.442291259765625","10857","10857","10857"
"108649","34.73263168334961","34.73263168334961","34.73263168334961","10864","10864","10864"
"108679","63.3050651550293","63.3050651550293","63.3050651550293","10867","10867","10867"
"108719","47.83323287963867","47.83323287963867","47.83323287963867","10871","10871","10871"
"108729","44.511993408203125","44.511993408203125","44.511993408203125","10872","10872","10872"
"108749","42.986167907714844","42.986167907714844","42.986167907714844","10874","10874","10874"
"108779","57.072261810302734","57.072261810302734","57.072261810302734","10877","10877","10877"
"108789","41.387664794921875","41.387664794921875","41.387664794921875","10878","10878","10878"
"108819","76.99881744384766","76.99881744384766","76.99881744384766","10881","10881","10881"
"108829","87.41355895996094","87.41355895996094","87.41355895996094","10882","10882","10882"
"108839","52.25852966308594","52.25852966308594","52.25852966308594","10883","10883","10883"
"108859","34.06802749633789","34.06802749633789","34.06802749633789","10885","10885","10885"
"108869","73.50405883789062","73.50405883789062","73.50405883789062","10886","10886","10886"
"108879","45.42521667480469","45.42521667480469","45.42521667480469","10887","10887","10887"
"108889","31.416067123413086","31.416067123413086","31.416067123413086","10888","10888","10888"
"108929","37.507415771484375","37.507415771484375","37.507415771484375","10892","10892","10892"
"108939","43.13174819946289","43.13174819946289","43.13174819946289","10893","10893","10893"
"108949","59.16978454589844","59.16978454589844","59.16978454589844","10894","10894","10894"
"108959","40.010372161865234","40.010372161865234","40.010372161865234","10895","10895","10895"
"108969","73.3846435546875","73.3846435546875","73.3846435546875","10896","10896","10896"
"108999","41.02522277832031","41.02522277832031","41.02522277832031","10899","10899","10899"
"109019","41.61158752441406","41.61158752441406","41.61158752441406","10901","10901","10901"
"109039","48.60765838623047","48.60765838623047","48.60765838623047","10903","10903","10903"
"109059","43.266963958740234","43.266963958740234","43.266963958740234","10905","10905","10905"
"109089","39.09541320800781","39.09541320800781","39.09541320800781","10908","10908","10908"
"109099","48.16053009033203","48.16053009033203","48.16053009033203","10909","10909","10909"
"109129","67.96056365966797","67.96056365966797","67.96056365966797","10912","10912","10912"
"109159","48.736412048339844","48.736412048339844","48.736412048339844","10915","10915","10915"
"109169","79.20222473144531","79.20222473144531","79.20222473144531","10916","10916","10916"
"109179","75.2746810913086","75.2746810913086","75.2746810913086","10917","10917","10917"
"109209","55.86827087402344","55.86827087402344","55.86827087402344","10920","10920","10920"
"109229","41.215293884277344","41.215293884277344","41.215293884277344","10922","10922","10922"
"109239","42.134178161621094","42.134178161621094","42.134178161621094","10923","10923","10923"
"109249","39.72047805786133","39.72047805786133","39.72047805786133","10924","10924","10924"
"109259","38.31385803222656","38.31385803222656","38.31385803222656","10925","10925","10925"
"109289","59.72795486450195","59.72795486450195","59.72795486450195","10928","10928","10928"
"109309","43.83140563964844","43.83140563964844","43.83140563964844","10930","10930","10930"
"109319","68.79000854492188","68.79000854492188","68.79000854492188","10931","10931","10931"
"109349","37.67052459716797","37.67052459716797","37.67052459716797","10934","10934","10934"
"109369","36.084251403808594","36.084251403808594","36.084251403808594","10936","10936","10936"
"109379","55.34641647338867","55.34641647338867","55.34641647338867","10937","10937","10937"
"109399","37.94843292236328","37.94843292236328","37.94843292236328","10939","10939","10939"
"109419","40.251651763916016","40.251651763916016","40.251651763916016","10941","10941","10941"
"109469","32.77097702026367","32.77097702026367","32.77097702026367","10946","10946","10946"
"109479","56.802207946777344","56.802207946777344","56.802207946777344","10947","10947","10947"
"109489","55.38474655151367","55.38474655151367","55.38474655151367","10948","10948","10948"
"109499","49.169761657714844","49.169761657714844","49.169761657714844","10949","10949","10949"
"109529","48.57571029663086","48.57571029663086","48.57571029663086","10952","10952","10952"
"109539","37.54500961303711","37.54500961303711","37.54500961303711","10953","10953","10953"
"109549","64.59149932861328","64.59149932861328","64.59149932861328","10954","10954","10954"
"109579","30.720748901367188","30.720748901367188","30.720748901367188","10957","10957","10957"
"109589","51.27355194091797","51.27355194091797","51.27355194091797","10958","10958","10958"
"109599","39.40167999267578","39.40167999267578","39.40167999267578","10959","10959","10959"
"109629","46.704071044921875","46.704071044921875","46.704071044921875","10962","10962","10962"
"109649","43.46654510498047","43.46654510498047","43.46654510498047","10964","10964","10964"
"109669","37.872169494628906","37.872169494628906","37.872169494628906","10966","10966","10966"
"109719","32.3486442565918","32.3486442565918","32.3486442565918","10971","10971","10971"
"109749","43.692569732666016","43.692569732666016","43.692569732666016","10974","10974","10974"
"109799","44.84234619140625","44.84234619140625","44.84234619140625","10979","10979","10979"
"109819","57.13447189331055","57.13447189331055","57.13447189331055","10981","10981","10981"
"109829","52.40669250488281","52.40669250488281","52.40669250488281","10982","10982","10982"
"109839","40.520503997802734","40.520503997802734","40.520503997802734","10983","10983","10983"
"109849","46.252220153808594","46.252220153808594","46.252220153808594","10984","10984","10984"
"109859","35.0872688293457","35.0872688293457","35.0872688293457","10985","10985","10985"
"109889","34.59058380126953","34.59058380126953","34.59058380126953","10988","10988","10988"
"109919","31.089075088500977","31.089075088500977","31.089075088500977","10991","10991","10991"
"109939","61.335201263427734","61.335201263427734","61.335201263427734","10993","10993","10993"
"109979","37.603824615478516","37.603824615478516","37.603824615478516","10997","10997","10997"
"109999","43.40007019042969","43.40007019042969","43.40007019042969","10999","10999","10999"
"110039","44.31477355957031","44.31477355957031","44.31477355957031","11003","11003","11003"
"110069","52.10548400878906","52.10548400878906","52.10548400878906","11006","11006","11006"
"110089","35.035640716552734","35.035640716552734","35.035640716552734","11008","11008","11008"
"110129","50.6295166015625","50.6295166015625","50.6295166015625","11012","11012","11012"
"110139","95.02494049072266","95.02494049072266","95.02494049072266","11013","11013","11013"
"110149","41.8876838684082","41.8876838684082","41.8876838684082","11014","11014","11014"
"110159","40.499324798583984","40.499324798583984","40.499324798583984","11015","11015","11015"
"110169","33.584861755371094","33.584861755371094","33.584861755371094","11016","11016","11016"
"110189","50.34518814086914","50.34518814086914","50.34518814086914","11018","11018","11018"
"110239","102.84769439697266","102.84769439697266","102.84769439697266","11023","11023","11023"
"110279","53.856266021728516","53.856266021728516","53.856266021728516","11027","11027","11027"
"110289","38.677955627441406","38.677955627441406","38.677955627441406","11028","11028","11028"
"110309","40.01243591308594","40.01243591308594","40.01243591308594","11030","11030","11030"
"110329","37.082942962646484","37.082942962646484","37.082942962646484","11032","11032","11032"
"110349","35.120086669921875","35.120086669921875","35.120086669921875","11034","11034","11034"
"110359","43.19856262207031","43.19856262207031","43.19856262207031","11035","11035","11035"
"110389","32.64982604980469","32.64982604980469","32.64982604980469","11038","11038","11038"
"110399","41.13135528564453","41.13135528564453","41.13135528564453","11039","11039","11039"
"110459","49.123565673828125","49.123565673828125","49.123565673828125","11045","11045","11045"
"110469","44.68916702270508","44.68916702270508","44.68916702270508","11046","11046","11046"
"110499","73.26799011230469","73.26799011230469","73.26799011230469","11049","11049","11049"
"110509","53.573604583740234","53.573604583740234","53.573604583740234","11050","11050","11050"
"110519","59.125732421875","59.125732421875","59.125732421875","11051","11051","11051"
"110529","56.905418395996094","56.905418395996094","56.905418395996094","11052","11052","11052"
"110559","62.03852844238281","62.03852844238281","62.03852844238281","11055","11055","11055"
"110579","139.6301727294922","139.6301727294922","139.6301727294922","11057","11057","11057"
"110589","49.00330352783203","49.00330352783203","49.00330352783203","11058","11058","11058"
"110619","54.99250793457031","54.99250793457031","54.99250793457031","11061","11061","11061"
"110669","43.69342041015625","43.69342041015625","43.69342041015625","11066","11066","11066"
"110719","48.29948043823242","48.29948043823242","48.29948043823242","11071","11071","11071"
"110749","38.174095153808594","38.174095153808594","38.174095153808594","11074","11074","11074"
"110759","46.24101638793945","46.24101638793945","46.24101638793945","11075","11075","11075"
"110809","49.68430709838867","49.68430709838867","49.68430709838867","11080","11080","11080"
"110859","58.763702392578125","58.763702392578125","58.763702392578125","11085","11085","11085"
"110879","39.519737243652344","39.519737243652344","39.519737243652344","11087","11087","11087"
"110889","47.36204528808594","47.36204528808594","47.36204528808594","11088","11088","11088"
"110909","48.80055236816406","48.80055236816406","48.80055236816406","11090","11090","11090"
"110939","48.29890441894531","48.29890441894531","48.29890441894531","11093","11093","11093"
"110949","35.0984992980957","35.0984992980957","35.0984992980957","11094","11094","11094"
"110979","46.638397216796875","46.638397216796875","46.638397216796875","11097","11097","11097"
"111009","37.094970703125","37.094970703125","37.094970703125","11100","11100","11100"
"111019","39.43912887573242","39.43912887573242","39.43912887573242","11101","11101","11101"
"111049","41.216041564941406","41.216041564941406","41.216041564941406","11104","11104","11104"
"111089","42.179344177246094","42.179344177246094","42.179344177246094","11108","11108","11108"
"111119","66.58963012695312","66.58963012695312","66.58963012695312","11111","11111","11111"
"111129","59.82704544067383","59.82704544067383","59.82704544067383","11112","11112","11112"
"111139","36.416717529296875","36.416717529296875","36.416717529296875","11113","11113","11113"
"111149","47.715476989746094","47.715476989746094","47.715476989746094","11114","11114","11114"
"111169","55.69343566894531","55.69343566894531","55.69343566894531","11116","11116","11116"
"111179","55.51641845703125","55.51641845703125","55.51641845703125","11117","11117","11117"
"111239","36.50284194946289","36.50284194946289","36.50284194946289","11123","11123","11123"
"111259","55.61785125732422","55.61785125732422","55.61785125732422","11125","11125","11125"
"111269","56.966209411621094","56.966209411621094","56.966209411621094","11126","11126","11126"
"111279","39.08195114135742","39.08195114135742","39.08195114135742","11127","11127","11127"
"111329","47.86833953857422","47.86833953857422","47.86833953857422","11132","11132","11132"
"111339","38.9799919128418","38.9799919128418","38.9799919128418","11133","11133","11133"
"111359","42.3006477355957","42.3006477355957","42.3006477355957","11135","11135","11135"
"111369","42.45348358154297","42.45348358154297","42.45348358154297","11136","11136","11136"
"111379","32.232566833496094","32.232566833496094","32.232566833496094","11137","11137","11137"
"111409","50.795528411865234","50.795528411865234","50.795528411865234","11140","11140","11140"
"111419","60.36334228515625","60.36334228515625","60.36334228515625","11141","11141","11141"
"111449","78.00474548339844","78.00474548339844","78.00474548339844","11144","11144","11144"
"111459","37.5742301940918","37.5742301940918","37.5742301940918","11145","11145","11145"
"111469","48.036865234375","48.036865234375","48.036865234375","11146","11146","11146"
"111499","49.47346496582031","49.47346496582031","49.47346496582031","11149","11149","11149"
"111509","64.52615356445312","64.52615356445312","64.52615356445312","11150","11150","11150"
"111539","33.0594596862793","33.0594596862793","33.0594596862793","11153","11153","11153"
"111589","46.6763916015625","46.6763916015625","46.6763916015625","11158","11158","11158"
"111599","33.417972564697266","33.417972564697266","33.417972564697266","11159","11159","11159"
"111609","38.401817321777344","38.401817321777344","38.401817321777344","11160","11160","11160"
"111619","40.62441635131836","40.62441635131836","40.62441635131836","11161","11161","11161"
"111649","39.676048278808594","39.676048278808594","39.676048278808594","11164","11164","11164"
"111659","60.335018157958984","60.335018157958984","60.335018157958984","11165","11165","11165"
"111749","37.172203063964844","37.172203063964844","37.172203063964844","11174","11174","11174"
"111759","73.44395446777344","73.44395446777344","73.44395446777344","11175","11175","11175"
"111789","74.02997589111328","74.02997589111328","74.02997589111328","11178","11178","11178"
"111799","92.1943359375","92.1943359375","92.1943359375","11179","11179","11179"
"111829","30.973257064819336","30.973257064819336","30.973257064819336","11182","11182","11182"
"111889","49.83058166503906","49.83058166503906","49.83058166503906","11188","11188","11188"
"111909","37.50942611694336","37.50942611694336","37.50942611694336","11190","11190","11190"
"111919","50.30600357055664","50.30600357055664","50.30600357055664","11191","11191","11191"
"111939","41.7973747253418","41.7973747253418","41.7973747253418","11193","11193","11193"
"111949","39.689666748046875","39.689666748046875","39.689666748046875","11194","11194","11194"
"111969","57.51699447631836","57.51699447631836","57.51699447631836","11196","11196","11196"
"111979","39.48967742919922","39.48967742919922","39.48967742919922","11197","11197","11197"
"111999","62.03726577758789","62.03726577758789","62.03726577758789","11199","11199","11199"
"112039","37.488101959228516","37.488101959228516","37.488101959228516","11203","11203","11203"
"112069","62.98946762084961","62.98946762084961","62.98946762084961","11206","11206","11206"
"112099","149.56405639648438","149.56405639648438","149.56405639648438","11209","11209","11209"
"112139","93.1102523803711","93.1102523803711","93.1102523803711","11213","11213","11213"
"112149","39.69378662109375","39.69378662109375","39.69378662109375","11214","11214","11214"
"112159","80.31475067138672","80.31475067138672","80.31475067138672","11215","11215","11215"
"112169","82.19798278808594","82.19798278808594","82.19798278808594","11216","11216","11216"
"112189","45.34851837158203","45.34851837158203","45.34851837158203","11218","11218","11218"
"112239","44.67961120605469","44.67961120605469","44.67961120605469","11223","11223","11223"
"112259","60.06196594238281","60.06196594238281","60.06196594238281","11225","11225","11225"
"112279","41.856689453125","41.856689453125","41.856689453125","11227","11227","11227"
"112299","41.88909912109375","41.88909912109375","41.88909912109375","11229","11229","11229"
"112309","35.72834396362305","35.72834396362305","35.72834396362305","11230","11230","11230"
"112319","82.79582214355469","82.79582214355469","82.79582214355469","11231","11231","11231"
"112329","48.407344818115234","48.407344818115234","48.407344818115234","11232","11232","11232"
"112349","40.91428756713867","40.91428756713867","40.91428756713867","11234","11234","11234"
"112389","75.0440444946289","75.0440444946289","75.0440444946289","11238","11238","11238"
"112399","115.86688995361328","115.86688995361328","115.86688995361328","11239","11239","11239"
"112409","30.949676513671875","30.949676513671875","30.949676513671875","11240","11240","11240"
"112469","42.29071044921875","42.29071044921875","42.29071044921875","11246","11246","11246"
"112489","48.89607620239258","48.89607620239258","48.89607620239258","11248","11248","11248"
"112559","45.693763732910156","45.693763732910156","45.693763732910156","11255","11255","11255"
"112579","76.185791015625","76.185791015625","76.185791015625","11257","11257","11257"
"112589","56.87945556640625","56.87945556640625","56.87945556640625","11258","11258","11258"
"112609","52.430267333984375","52.430267333984375","52.430267333984375","11260","11260","11260"
"112619","55.7602424621582","55.7602424621582","55.7602424621582","11261","11261","11261"
"112629","43.335731506347656","43.335731506347656","43.335731506347656","11262","11262","11262"
"112649","44.312217712402344","44.312217712402344","44.312217712402344","11264","11264","11264"
"112659","58.76249694824219","58.76249694824219","58.76249694824219","11265","11265","11265"
"112679","45.73812484741211","45.73812484741211","45.73812484741211","11267","11267","11267"
"112689","42.08232116699219","42.08232116699219","42.08232116699219","11268","11268","11268"
"112719","54.3953742980957","54.3953742980957","54.3953742980957","11271","11271","11271"
"112729","48.69463348388672","48.69463348388672","48.69463348388672","11272","11272","11272"
"112769","37.567527770996094","37.567527770996094","37.567527770996094","11276","11276","11276"
"112779","36.822242736816406","36.822242736816406","36.822242736816406","11277","11277","11277"
"112799","35.98121643066406","35.98121643066406","35.98121643066406","11279","11279","11279"
"112809","35.8900032043457","35.8900032043457","35.8900032043457","11280","11280","11280"
"112849","30.926681518554688","30.926681518554688","30.926681518554688","11284","11284","11284"
"112909","34.99648666381836","34.99648666381836","34.99648666381836","11290","11290","11290"
"112929","44.05073928833008","44.05073928833008","44.05073928833008","11292","11292","11292"
"112939","52.96113586425781","52.96113586425781","52.96113586425781","11293","11293","11293"
"112959","40.1765251159668","40.1765251159668","40.1765251159668","11295","11295","11295"
"112989","40.044315338134766","40.044315338134766","40.044315338134766","11298","11298","11298"
"113009","41.41797637939453","41.41797637939453","41.41797637939453","11300","11300","11300"
"113049","61.342742919921875","61.342742919921875","61.342742919921875","11304","11304","11304"
"113059","38.10696792602539","38.10696792602539","38.10696792602539","11305","11305","11305"
"113069","42.065704345703125","42.065704345703125","42.065704345703125","11306","11306","11306"
"113089","48.56939697265625","48.56939697265625","48.56939697265625","11308","11308","11308"
"113099","42.02448272705078","42.02448272705078","42.02448272705078","11309","11309","11309"
"113109","44.53411865234375","44.53411865234375","44.53411865234375","11310","11310","11310"
"113119","47.32367706298828","47.32367706298828","47.32367706298828","11311","11311","11311"
"113129","39.17143249511719","39.17143249511719","39.17143249511719","11312","11312","11312"
"113139","49.14374923706055","49.14374923706055","49.14374923706055","11313","11313","11313"
"113149","58.04331970214844","58.04331970214844","58.04331970214844","11314","11314","11314"
"113159","103.10851287841797","103.10851287841797","103.10851287841797","11315","11315","11315"
"113189","50.870479583740234","50.870479583740234","50.870479583740234","11318","11318","11318"
"113209","34.697418212890625","34.697418212890625","34.697418212890625","11320","11320","11320"
"113229","49.91334915161133","49.91334915161133","49.91334915161133","11322","11322","11322"
"113249","39.661277770996094","39.661277770996094","39.661277770996094","11324","11324","11324"
"113279","39.513214111328125","39.513214111328125","39.513214111328125","11327","11327","11327"
"113289","172.42176818847656","172.42176818847656","172.42176818847656","11328","11328","11328"
"113299","51.56583786010742","51.56583786010742","51.56583786010742","11329","11329","11329"
"113329","55.99431610107422","55.99431610107422","55.99431610107422","11332","11332","11332"
"113349","53.019779205322266","53.019779205322266","53.019779205322266","11334","11334","11334"
"113379","36.04714584350586","36.04714584350586","36.04714584350586","11337","11337","11337"
"113399","42.493526458740234","42.493526458740234","42.493526458740234","11339","11339","11339"
"113459","30.29595375061035","30.29595375061035","30.29595375061035","11345","11345","11345"
"113469","53.20044708251953","53.20044708251953","53.20044708251953","11346","11346","11346"
"113479","40.997589111328125","40.997589111328125","40.997589111328125","11347","11347","11347"
"113499","37.78671646118164","37.78671646118164","37.78671646118164","11349","11349","11349"
"113539","110.12019348144531","110.12019348144531","110.12019348144531","11353","11353","11353"
"113549","80.2170181274414","80.2170181274414","80.2170181274414","11354","11354","11354"
"113589","34.154052734375","34.154052734375","34.154052734375","11358","11358","11358"
"113609","66.93232727050781","66.93232727050781","66.93232727050781","11360","11360","11360"
"113639","46.31031799316406","46.31031799316406","46.31031799316406","11363","11363","11363"
"113649","36.23640060424805","36.23640060424805","36.23640060424805","11364","11364","11364"
"113659","37.61577606201172","37.61577606201172","37.61577606201172","11365","11365","11365"
"113669","47.843894958496094","47.843894958496094","47.843894958496094","11366","11366","11366"
"113679","61.10789108276367","61.10789108276367","61.10789108276367","11367","11367","11367"
"113699","36.878353118896484","36.878353118896484","36.878353118896484","11369","11369","11369"
"113709","53.49736785888672","53.49736785888672","53.49736785888672","11370","11370","11370"
"113739","40.47132110595703","40.47132110595703","40.47132110595703","11373","11373","11373"
"113749","70.46994018554688","70.46994018554688","70.46994018554688","11374","11374","11374"
"113779","70.96663665771484","70.96663665771484","70.96663665771484","11377","11377","11377"
"113809","51.471900939941406","51.471900939941406","51.471900939941406","11380","11380","11380"
"113819","33.52836608886719","33.52836608886719","33.52836608886719","11381","11381","11381"
"113849","46.98574447631836","46.98574447631836","46.98574447631836","11384","11384","11384"
"113859","37.42503356933594","37.42503356933594","37.42503356933594","11385","11385","11385"
"113919","60.693572998046875","60.693572998046875","60.693572998046875","11391","11391","11391"
"113969","66.27870178222656","66.27870178222656","66.27870178222656","11396","11396","11396"
"114059","53.24059295654297","53.24059295654297","53.24059295654297","11405","11405","11405"
"114089","56.941226959228516","56.941226959228516","56.941226959228516","11408","11408","11408"
"114099","62.141265869140625","62.141265869140625","62.141265869140625","11409","11409","11409"
"114129","60.38265609741211","60.38265609741211","60.38265609741211","11412","11412","11412"
"114139","42.52250671386719","42.52250671386719","42.52250671386719","11413","11413","11413"
"114159","42.557716369628906","42.557716369628906","42.557716369628906","11415","11415","11415"
"114169","40.29037857055664","40.29037857055664","40.29037857055664","11416","11416","11416"
"114229","36.55091857910156","36.55091857910156","36.55091857910156","11422","11422","11422"
"114239","40.563026428222656","40.563026428222656","40.563026428222656","11423","11423","11423"
"114269","68.84234619140625","68.84234619140625","68.84234619140625","11426","11426","11426"
"114309","42.48861312866211","42.48861312866211","42.48861312866211","11430","11430","11430"
"114329","54.55195999145508","54.55195999145508","54.55195999145508","11432","11432","11432"
"114339","67.55583190917969","67.55583190917969","67.55583190917969","11433","11433","11433"
"114349","48.29322814941406","48.29322814941406","48.29322814941406","11434","11434","11434"
"114369","44.015419006347656","44.015419006347656","44.015419006347656","11436","11436","11436"
"114399","33.69046401977539","33.69046401977539","33.69046401977539","11439","11439","11439"
"114409","58.178279876708984","58.178279876708984","58.178279876708984","11440","11440","11440"
"114429","63.0216064453125","63.0216064453125","63.0216064453125","11442","11442","11442"
"114439","36.55611038208008","36.55611038208008","36.55611038208008","11443","11443","11443"
"114469","44.34197998046875","44.34197998046875","44.34197998046875","11446","11446","11446"
"114479","33.02255630493164","33.02255630493164","33.02255630493164","11447","11447","11447"
"114489","42.32497024536133","42.32497024536133","42.32497024536133","11448","11448","11448"
"114509","69.98625183105469","69.98625183105469","69.98625183105469","11450","11450","11450"
"114539","60.562294006347656","60.562294006347656","60.562294006347656","11453","11453","11453"
"114589","42.69591522216797","42.69591522216797","42.69591522216797","11458","11458","11458"
"114599","58.050987243652344","58.050987243652344","58.050987243652344","11459","11459","11459"
"114619","47.663291931152344","47.663291931152344","47.663291931152344","11461","11461","11461"
"114629","48.11620330810547","48.11620330810547","48.11620330810547","11462","11462","11462"
"114649","33.02092361450195","33.02092361450195","33.02092361450195","11464","11464","11464"
"114659","38.961849212646484","38.961849212646484","38.961849212646484","11465","11465","11465"
"114689","44.77524948120117","44.77524948120117","44.77524948120117","11468","11468","11468"
"114709","59.3341178894043","59.3341178894043","59.3341178894043","11470","11470","11470"
"114759","47.73621368408203","47.73621368408203","47.73621368408203","11475","11475","11475"
"114769","64.88312530517578","64.88312530517578","64.88312530517578","11476","11476","11476"
"114779","32.229408264160156","32.229408264160156","32.229408264160156","11477","11477","11477"
"114789","49.60495376586914","49.60495376586914","49.60495376586914","11478","11478","11478"
"114809","35.45990753173828","35.45990753173828","35.45990753173828","11480","11480","11480"
"114819","47.546958923339844","47.546958923339844","47.546958923339844","11481","11481","11481"
"114859","56.63856506347656","56.63856506347656","56.63856506347656","11485","11485","11485"
"114909","54.18391799926758","54.18391799926758","54.18391799926758","11490","11490","11490"
"114939","38.53102111816406","38.53102111816406","38.53102111816406","11493","11493","11493"
"114969","37.10872268676758","37.10872268676758","37.10872268676758","11496","11496","11496"
"114979","48.47236633300781","48.47236633300781","48.47236633300781","11497","11497","11497"
"115009","42.21805953979492","42.21805953979492","42.21805953979492","11500","11500","11500"
"115019","38.997798919677734","38.997798919677734","38.997798919677734","11501","11501","11501"
"115079","54.179195404052734","54.179195404052734","54.179195404052734","11507","11507","11507"
"115129","50.30278015136719","50.30278015136719","50.30278015136719","11512","11512","11512"
"115149","48.28626251220703","48.28626251220703","48.28626251220703","11514","11514","11514"
"115189","53.384429931640625","53.384429931640625","53.384429931640625","11518","11518","11518"
"115219","53.04783248901367","53.04783248901367","53.04783248901367","11521","11521","11521"
"115249","34.765159606933594","34.765159606933594","34.765159606933594","11524","11524","11524"
"115289","44.86363220214844","44.86363220214844","44.86363220214844","11528","11528","11528"
"115299","52.7000846862793","52.7000846862793","52.7000846862793","11529","11529","11529"
"115319","68.07662963867188","68.07662963867188","68.07662963867188","11531","11531","11531"
"115349","102.66524505615234","102.66524505615234","102.66524505615234","11534","11534","11534"
"115359","43.45645523071289","43.45645523071289","43.45645523071289","11535","11535","11535"
"115379","51.51564025878906","51.51564025878906","51.51564025878906","11537","11537","11537"
"115389","53.56553649902344","53.56553649902344","53.56553649902344","11538","11538","11538"
"115399","35.918067932128906","35.918067932128906","35.918067932128906","11539","11539","11539"
"115429","45.729156494140625","45.729156494140625","45.729156494140625","11542","11542","11542"
"115439","55.00525665283203","55.00525665283203","55.00525665283203","11543","11543","11543"
"115449","42.071800231933594","42.071800231933594","42.071800231933594","11544","11544","11544"
"115489","33.3566780090332","33.3566780090332","33.3566780090332","11548","11548","11548"
"115499","42.95412826538086","42.95412826538086","42.95412826538086","11549","11549","11549"
"115509","48.9466552734375","48.9466552734375","48.9466552734375","11550","11550","11550"
"115519","47.31674575805664","47.31674575805664","47.31674575805664","11551","11551","11551"
"115539","32.8852653503418","32.8852653503418","32.8852653503418","11553","11553","11553"
"115569","36.09894561767578","36.09894561767578","36.09894561767578","11556","11556","11556"
"115589","51.21345520019531","51.21345520019531","51.21345520019531","11558","11558","11558"
"115599","50.934715270996094","50.934715270996094","50.934715270996094","11559","11559","11559"
"115619","47.32764434814453","47.32764434814453","47.32764434814453","11561","11561","11561"
"115629","38.22657012939453","38.22657012939453","38.22657012939453","11562","11562","11562"
"115649","53.142852783203125","53.142852783203125","53.142852783203125","11564","11564","11564"
"115659","50.480186462402344","50.480186462402344","50.480186462402344","11565","11565","11565"
"115679","44.573726654052734","44.573726654052734","44.573726654052734","11567","11567","11567"
"115699","41.040374755859375","41.040374755859375","41.040374755859375","11569","11569","11569"
"115739","33.88189697265625","33.88189697265625","33.88189697265625","11573","11573","11573"
"115759","40.374755859375","40.374755859375","40.374755859375","11575","11575","11575"
"115819","43.683326721191406","43.683326721191406","43.683326721191406","11581","11581","11581"
"115829","44.78172302246094","44.78172302246094","44.78172302246094","11582","11582","11582"
"115839","41.259315490722656","41.259315490722656","41.259315490722656","11583","11583","11583"
"115849","70.68965911865234","70.68965911865234","70.68965911865234","11584","11584","11584"
"115859","31.594165802001953","31.594165802001953","31.594165802001953","11585","11585","11585"
"115869","44.459449768066406","44.459449768066406","44.459449768066406","11586","11586","11586"
"115879","45.4500846862793","45.4500846862793","45.4500846862793","11587","11587","11587"
"115909","39.3117561340332","39.3117561340332","39.3117561340332","11590","11590","11590"
"115939","50.15594482421875","50.15594482421875","50.15594482421875","11593","11593","11593"
"115949","38.852970123291016","38.852970123291016","38.852970123291016","11594","11594","11594"
"115969","33.370243072509766","33.370243072509766","33.370243072509766","11596","11596","11596"
"116059","46.3778190612793","46.3778190612793","46.3778190612793","11605","11605","11605"
"116069","35.20842361450195","35.20842361450195","35.20842361450195","11606","11606","11606"
"116079","38.18122100830078","38.18122100830078","38.18122100830078","11607","11607","11607"
"116089","42.47333526611328","42.47333526611328","42.47333526611328","11608","11608","11608"
"116099","87.10498809814453","87.10498809814453","87.10498809814453","11609","11609","11609"
"116129","57.88602828979492","57.88602828979492","57.88602828979492","11612","11612","11612"
"116149","35.821285247802734","35.821285247802734","35.821285247802734","11614","11614","11614"
"116159","42.030574798583984","42.030574798583984","42.030574798583984","11615","11615","11615"
"116169","50.12308120727539","50.12308120727539","50.12308120727539","11616","11616","11616"
"116179","141.19802856445312","141.19802856445312","141.19802856445312","11617","11617","11617"
"116189","60.37159729003906","60.37159729003906","60.37159729003906","11618","11618","11618"
"116199","49.715065002441406","49.715065002441406","49.715065002441406","11619","11619","11619"
"116219","55.684452056884766","55.684452056884766","55.684452056884766","11621","11621","11621"
"116239","41.62010192871094","41.62010192871094","41.62010192871094","11623","11623","11623"
"116259","63.416534423828125","63.416534423828125","63.416534423828125","11625","11625","11625"
"116279","48.18251419067383","48.18251419067383","48.18251419067383","11627","11627","11627"
"116289","89.64286804199219","89.64286804199219","89.64286804199219","11628","11628","11628"
"116299","51.15918731689453","51.15918731689453","51.15918731689453","11629","11629","11629"
"116329","38.448509216308594","38.448509216308594","38.448509216308594","11632","11632","11632"
"116339","79.31497192382812","79.31497192382812","79.31497192382812","11633","11633","11633"
"116349","42.43135452270508","42.43135452270508","42.43135452270508","11634","11634","11634"
"116369","45.03239059448242","45.03239059448242","45.03239059448242","11636","11636","11636"
"116379","60.58984375","60.58984375","60.58984375","11637","11637","11637"
"116389","46.221824645996094","46.221824645996094","46.221824645996094","11638","11638","11638"
"116409","53.34334182739258","53.34334182739258","53.34334182739258","11640","11640","11640"
"116419","36.02399826049805","36.02399826049805","36.02399826049805","11641","11641","11641"
"116429","35.67958450317383","35.67958450317383","35.67958450317383","11642","11642","11642"
"116459","50.191612243652344","50.191612243652344","50.191612243652344","11645","11645","11645"
"116469","42.24468231201172","42.24468231201172","42.24468231201172","11646","11646","11646"
"116479","30.104991912841797","30.104991912841797","30.104991912841797","11647","11647","11647"
"116509","41.60519790649414","41.60519790649414","41.60519790649414","11650","11650","11650"
"116519","36.78668975830078","36.78668975830078","36.78668975830078","11651","11651","11651"
"116569","45.577030181884766","45.577030181884766","45.577030181884766","11656","11656","11656"
"116589","44.03780746459961","44.03780746459961","44.03780746459961","11658","11658","11658"
"116599","38.41468048095703","38.41468048095703","38.41468048095703","11659","11659","11659"
"116609","40.84504699707031","40.84504699707031","40.84504699707031","11660","11660","11660"
"116619","60.57406234741211","60.57406234741211","60.57406234741211","11661","11661","11661"
"116639","44.87792205810547","44.87792205810547","44.87792205810547","11663","11663","11663"
"116649","32.09383010864258","32.09383010864258","32.09383010864258","11664","11664","11664"
"116659","46.10993957519531","46.10993957519531","46.10993957519531","11665","11665","11665"
"116669","42.44773483276367","42.44773483276367","42.44773483276367","11666","11666","11666"
"116679","35.953857421875","35.953857421875","35.953857421875","11667","11667","11667"
"116699","40.058021545410156","40.058021545410156","40.058021545410156","11669","11669","11669"
"116719","48.74287414550781","48.74287414550781","48.74287414550781","11671","11671","11671"
"116729","40.15602111816406","40.15602111816406","40.15602111816406","11672","11672","11672"
"116759","41.83329772949219","41.83329772949219","41.83329772949219","11675","11675","11675"
"116789","37.896873474121094","37.896873474121094","37.896873474121094","11678","11678","11678"
"116889","61.9017448425293","61.9017448425293","61.9017448425293","11688","11688","11688"
"116909","30.776039123535156","30.776039123535156","30.776039123535156","11690","11690","11690"
"116939","47.63528823852539","47.63528823852539","47.63528823852539","11693","11693","11693"
"116989","37.34637451171875","37.34637451171875","37.34637451171875","11698","11698","11698"
"116999","38.39620590209961","38.39620590209961","38.39620590209961","11699","11699","11699"
"117059","34.396270751953125","34.396270751953125","34.396270751953125","11705","11705","11705"
"117109","52.59443664550781","52.59443664550781","52.59443664550781","11710","11710","11710"
"117129","49.60255432128906","49.60255432128906","49.60255432128906","11712","11712","11712"
"117179","39.66830062866211","39.66830062866211","39.66830062866211","11717","11717","11717"
"117189","38.15718078613281","38.15718078613281","38.15718078613281","11718","11718","11718"
"117199","46.98618698120117","46.98618698120117","46.98618698120117","11719","11719","11719"
"117219","34.174808502197266","34.174808502197266","34.174808502197266","11721","11721","11721"
"117249","38.96738815307617","38.96738815307617","38.96738815307617","11724","11724","11724"
"117269","41.65019989013672","41.65019989013672","41.65019989013672","11726","11726","11726"
"117279","42.30782699584961","42.30782699584961","42.30782699584961","11727","11727","11727"
"117329","39.547428131103516","39.547428131103516","39.547428131103516","11732","11732","11732"
"117369","38.03261184692383","38.03261184692383","38.03261184692383","11736","11736","11736"
"117389","38.06639099121094","38.06639099121094","38.06639099121094","11738","11738","11738"
"117399","39.38310241699219","39.38310241699219","39.38310241699219","11739","11739","11739"
"117429","40.97013854980469","40.97013854980469","40.97013854980469","11742","11742","11742"
"117449","47.73731231689453","47.73731231689453","47.73731231689453","11744","11744","11744"
"117459","127.42375183105469","127.42375183105469","127.42375183105469","11745","11745","11745"
"117479","49.58256149291992","49.58256149291992","49.58256149291992","11747","11747","11747"
"117489","67.93487548828125","67.93487548828125","67.93487548828125","11748","11748","11748"
"117539","45.16132354736328","45.16132354736328","45.16132354736328","11753","11753","11753"
"117569","41.94370651245117","41.94370651245117","41.94370651245117","11756","11756","11756"
"117589","34.31385040283203","34.31385040283203","34.31385040283203","11758","11758","11758"
"117609","54.58619689941406","54.58619689941406","54.58619689941406","11760","11760","11760"
"117659","32.88127136230469","32.88127136230469","32.88127136230469","11765","11765","11765"
"117679","72.08759307861328","72.08759307861328","72.08759307861328","11767","11767","11767"
"117699","36.460601806640625","36.460601806640625","36.460601806640625","11769","11769","11769"
"117719","66.71044158935547","66.71044158935547","66.71044158935547","11771","11771","11771"
"117729","38.37944030761719","38.37944030761719","38.37944030761719","11772","11772","11772"
"117779","27.76854133605957","27.76854133605957","27.76854133605957","11777","11777","11777"
"117829","119.59458923339844","119.59458923339844","119.59458923339844","11782","11782","11782"
"117879","44.31343460083008","44.31343460083008","44.31343460083008","11787","11787","11787"
"117889","53.10795974731445","53.10795974731445","53.10795974731445","11788","11788","11788"
"117899","43.50404739379883","43.50404739379883","43.50404739379883","11789","11789","11789"
"117909","45.89134216308594","45.89134216308594","45.89134216308594","11790","11790","11790"
"117929","48.72563934326172","48.72563934326172","48.72563934326172","11792","11792","11792"
"117939","39.23884963989258","39.23884963989258","39.23884963989258","11793","11793","11793"
"117949","32.68384552001953","32.68384552001953","32.68384552001953","11794","11794","11794"
"117979","53.761436462402344","53.761436462402344","53.761436462402344","11797","11797","11797"
"117989","45.50474548339844","45.50474548339844","45.50474548339844","11798","11798","11798"
"117999","35.38005065917969","35.38005065917969","35.38005065917969","11799","11799","11799"
"118009","34.478111267089844","34.478111267089844","34.478111267089844","11800","11800","11800"
"118049","30.286327362060547","30.286327362060547","30.286327362060547","11804","11804","11804"
"118059","59.832420349121094","59.832420349121094","59.832420349121094","11805","11805","11805"
"118069","49.099517822265625","49.099517822265625","49.099517822265625","11806","11806","11806"
"118079","32.11742401123047","32.11742401123047","32.11742401123047","11807","11807","11807"
"118099","42.8482551574707","42.8482551574707","42.8482551574707","11809","11809","11809"
"118109","42.619083404541016","42.619083404541016","42.619083404541016","11810","11810","11810"
"118129","58.92743682861328","58.92743682861328","58.92743682861328","11812","11812","11812"
"118139","62.92906951904297","62.92906951904297","62.92906951904297","11813","11813","11813"
"118149","57.422019958496094","57.422019958496094","57.422019958496094","11814","11814","11814"
"118159","37.02336502075195","37.02336502075195","37.02336502075195","11815","11815","11815"
"118169","34.81036376953125","34.81036376953125","34.81036376953125","11816","11816","11816"
"118259","45.802024841308594","45.802024841308594","45.802024841308594","11825","11825","11825"
"118269","33.9093132019043","33.9093132019043","33.9093132019043","11826","11826","11826"
"118279","53.49290466308594","53.49290466308594","53.49290466308594","11827","11827","11827"
"118289","58.43016052246094","58.43016052246094","58.43016052246094","11828","11828","11828"
"118349","45.93307113647461","45.93307113647461","45.93307113647461","11834","11834","11834"
"118389","63.06438446044922","63.06438446044922","63.06438446044922","11838","11838","11838"
"118489","63.63233947753906","63.63233947753906","63.63233947753906","11848","11848","11848"
"118499","62.25297927856445","62.25297927856445","62.25297927856445","11849","11849","11849"
"118569","37.29877471923828","37.29877471923828","37.29877471923828","11856","11856","11856"
"118579","36.55569076538086","36.55569076538086","36.55569076538086","11857","11857","11857"
"118599","35.92444610595703","35.92444610595703","35.92444610595703","11859","11859","11859"
"118619","36.65567398071289","36.65567398071289","36.65567398071289","11861","11861","11861"
"118629","34.91424560546875","34.91424560546875","34.91424560546875","11862","11862","11862"
"118639","37.443817138671875","37.443817138671875","37.443817138671875","11863","11863","11863"
"118649","62.91814422607422","62.91814422607422","62.91814422607422","11864","11864","11864"
"118659","47.139530181884766","47.139530181884766","47.139530181884766","11865","11865","11865"
"118669","45.59416198730469","45.59416198730469","45.59416198730469","11866","11866","11866"
"118679","36.601951599121094","36.601951599121094","36.601951599121094","11867","11867","11867"
"118689","36.325904846191406","36.325904846191406","36.325904846191406","11868","11868","11868"
"118709","61.544212341308594","61.544212341308594","61.544212341308594","11870","11870","11870"
"118729","42.01770782470703","42.01770782470703","42.01770782470703","11872","11872","11872"
"118739","41.44738006591797","41.44738006591797","41.44738006591797","11873","11873","11873"
"118749","49.65996551513672","49.65996551513672","49.65996551513672","11874","11874","11874"
"118769","47.44157028198242","47.44157028198242","47.44157028198242","11876","11876","11876"
"118799","47.18505096435547","47.18505096435547","47.18505096435547","11879","11879","11879"
"118849","56.87042236328125","56.87042236328125","56.87042236328125","11884","11884","11884"
"118899","42.18750762939453","42.18750762939453","42.18750762939453","11889","11889","11889"
"118909","42.2229118347168","42.2229118347168","42.2229118347168","11890","11890","11890"
"118959","43.04948425292969","43.04948425292969","43.04948425292969","11895","11895","11895"
"118969","41.166622161865234","41.166622161865234","41.166622161865234","11896","11896","11896"
"118999","50.487850189208984","50.487850189208984","50.487850189208984","11899","11899","11899"
"119049","39.094383239746094","39.094383239746094","39.094383239746094","11904","11904","11904"
"119059","64.30401611328125","64.30401611328125","64.30401611328125","11905","11905","11905"
"119089","49.79528045654297","49.79528045654297","49.79528045654297","11908","11908","11908"
"119099","41.91551971435547","41.91551971435547","41.91551971435547","11909","11909","11909"
"119109","44.4670524597168","44.4670524597168","44.4670524597168","11910","11910","11910"
"119149","49.15909194946289","49.15909194946289","49.15909194946289","11914","11914","11914"
"119179","70.61039733886719","70.61039733886719","70.61039733886719","11917","11917","11917"
"119199","48.12044143676758","48.12044143676758","48.12044143676758","11919","11919","11919"
"119209","41.29489517211914","41.29489517211914","41.29489517211914","11920","11920","11920"
"119239","51.036949157714844","51.036949157714844","51.036949157714844","11923","11923","11923"
"119259","59.36829376220703","59.36829376220703","59.36829376220703","11925","11925","11925"
"119299","129.22079467773438","129.22079467773438","129.22079467773438","11929","11929","11929"
"119329","45.429744720458984","45.429744720458984","45.429744720458984","11932","11932","11932"
"119339","52.53098678588867","52.53098678588867","52.53098678588867","11933","11933","11933"
"119359","61.32754898071289","61.32754898071289","61.32754898071289","11935","11935","11935"
"119369","35.40873336791992","35.40873336791992","35.40873336791992","11936","11936","11936"
"119389","41.142173767089844","41.142173767089844","41.142173767089844","11938","11938","11938"
"119399","65.82910919189453","65.82910919189453","65.82910919189453","11939","11939","11939"
"119419","37.67934799194336","37.67934799194336","37.67934799194336","11941","11941","11941"
"119429","35.37156677246094","35.37156677246094","35.37156677246094","11942","11942","11942"
"119439","58.82576370239258","58.82576370239258","58.82576370239258","11943","11943","11943"
"119509","40.27935791015625","40.27935791015625","40.27935791015625","11950","11950","11950"
"119519","45.91810607910156","45.91810607910156","45.91810607910156","11951","11951","11951"
"119529","54.30123519897461","54.30123519897461","54.30123519897461","11952","11952","11952"
"119539","57.8793830871582","57.8793830871582","57.8793830871582","11953","11953","11953"
"119559","53.85517120361328","53.85517120361328","53.85517120361328","11955","11955","11955"
"119569","57.53944396972656","57.53944396972656","57.53944396972656","11956","11956","11956"
"119609","96.41702270507812","96.41702270507812","96.41702270507812","11960","11960","11960"
"119619","145.595947265625","145.595947265625","145.595947265625","11961","11961","11961"
"119649","35.866127014160156","35.866127014160156","35.866127014160156","11964","11964","11964"
"119659","37.27326202392578","37.27326202392578","37.27326202392578","11965","11965","11965"
"119689","54.24262237548828","54.24262237548828","54.24262237548828","11968","11968","11968"
"119709","60.2740478515625","60.2740478515625","60.2740478515625","11970","11970","11970"
"119749","48.65569305419922","48.65569305419922","48.65569305419922","11974","11974","11974"
"119799","42.30150604248047","42.30150604248047","42.30150604248047","11979","11979","11979"
"119829","44.47091293334961","44.47091293334961","44.47091293334961","11982","11982","11982"
"119859","31.82232093811035","31.82232093811035","31.82232093811035","11985","11985","11985"
"119869","66.43761444091797","66.43761444091797","66.43761444091797","11986","11986","11986"
"119889","49.20660400390625","49.20660400390625","49.20660400390625","11988","11988","11988"
"119899","44.45574188232422","44.45574188232422","44.45574188232422","11989","11989","11989"
"119909","50.8510627746582","50.8510627746582","50.8510627746582","11990","11990","11990"
"119919","43.809059143066406","43.809059143066406","43.809059143066406","11991","11991","11991"
"119929","37.53132247924805","37.53132247924805","37.53132247924805","11992","11992","11992"
"119939","42.444149017333984","42.444149017333984","42.444149017333984","11993","11993","11993"
"119949","91.92781066894531","91.92781066894531","91.92781066894531","11994","11994","11994"
"119959","42.31543731689453","42.31543731689453","42.31543731689453","11995","11995","11995"
"119969","43.225589752197266","43.225589752197266","43.225589752197266","11996","11996","11996"
"119979","39.736690521240234","39.736690521240234","39.736690521240234","11997","11997","11997"
"120029","62.955806732177734","62.955806732177734","62.955806732177734","12002","12002","12002"
"120049","41.836891174316406","41.836891174316406","41.836891174316406","12004","12004","12004"
"120129","39.984676361083984","39.984676361083984","39.984676361083984","12012","12012","12012"
"120179","50.15543746948242","50.15543746948242","50.15543746948242","12017","12017","12017"
"120189","41.27375030517578","41.27375030517578","41.27375030517578","12018","12018","12018"
"120199","39.6451530456543","39.6451530456543","39.6451530456543","12019","12019","12019"
"120229","41.34119415283203","41.34119415283203","41.34119415283203","12022","12022","12022"
"120249","70.42190551757812","70.42190551757812","70.42190551757812","12024","12024","12024"
"120269","46.444862365722656","46.444862365722656","46.444862365722656","12026","12026","12026"
"120349","53.44971466064453","53.44971466064453","53.44971466064453","12034","12034","12034"
"120389","44.77008056640625","44.77008056640625","44.77008056640625","12038","12038","12038"
"120409","53.40338134765625","53.40338134765625","53.40338134765625","12040","12040","12040"
"120439","53.34700012207031","53.34700012207031","53.34700012207031","12043","12043","12043"
"120469","64.05644226074219","64.05644226074219","64.05644226074219","12046","12046","12046"
"120479","34.386356353759766","34.386356353759766","34.386356353759766","12047","12047","12047"
"120489","34.75068664550781","34.75068664550781","34.75068664550781","12048","12048","12048"
"120539","44.990745544433594","44.990745544433594","44.990745544433594","12053","12053","12053"
"120569","42.453060150146484","42.453060150146484","42.453060150146484","12056","12056","12056"
"120589","44.71788024902344","44.71788024902344","44.71788024902344","12058","12058","12058"
"120609","53.540584564208984","53.540584564208984","53.540584564208984","12060","12060","12060"
"120639","31.196924209594727","31.196924209594727","31.196924209594727","12063","12063","12063"
"120649","71.02984619140625","71.02984619140625","71.02984619140625","12064","12064","12064"
"120699","53.13737869262695","53.13737869262695","53.13737869262695","12069","12069","12069"
"120759","34.21315383911133","34.21315383911133","34.21315383911133","12075","12075","12075"
"120789","53.40129089355469","53.40129089355469","53.40129089355469","12078","12078","12078"
"120829","57.183006286621094","57.183006286621094","57.183006286621094","12082","12082","12082"
"120839","46.77102279663086","46.77102279663086","46.77102279663086","12083","12083","12083"
"120849","30.36079978942871","30.36079978942871","30.36079978942871","12084","12084","12084"
"120859","42.0267219543457","42.0267219543457","42.0267219543457","12085","12085","12085"
"120869","61.68647003173828","61.68647003173828","61.68647003173828","12086","12086","12086"
"120909","67.16153717041016","67.16153717041016","67.16153717041016","12090","12090","12090"
"120959","48.7787971496582","48.7787971496582","48.7787971496582","12095","12095","12095"
"120989","62.176307678222656","62.176307678222656","62.176307678222656","12098","12098","12098"
"121009","73.99819946289062","73.99819946289062","73.99819946289062","12100","12100","12100"
"121019","42.454620361328125","42.454620361328125","42.454620361328125","12101","12101","12101"
"121029","41.96826934814453","41.96826934814453","41.96826934814453","12102","12102","12102"
"121079","35.280609130859375","35.280609130859375","35.280609130859375","12107","12107","12107"
"121089","70.68223571777344","70.68223571777344","70.68223571777344","12108","12108","12108"
"121109","43.572349548339844","43.572349548339844","43.572349548339844","12110","12110","12110"
"121119","50.50086975097656","50.50086975097656","50.50086975097656","12111","12111","12111"
"121129","47.95310974121094","47.95310974121094","47.95310974121094","12112","12112","12112"
"121149","34.74964904785156","34.74964904785156","34.74964904785156","12114","12114","12114"
"121159","60.99302673339844","60.99302673339844","60.99302673339844","12115","12115","12115"
"121189","37.630958557128906","37.630958557128906","37.630958557128906","12118","12118","12118"
"121199","48.43965530395508","48.43965530395508","48.43965530395508","12119","12119","12119"
"121229","48.7443962097168","48.7443962097168","48.7443962097168","12122","12122","12122"
"121239","50.262271881103516","50.262271881103516","50.262271881103516","12123","12123","12123"
"121249","83.07960510253906","83.07960510253906","83.07960510253906","12124","12124","12124"
"121259","50.24382019042969","50.24382019042969","50.24382019042969","12125","12125","12125"
"121279","41.15391540527344","41.15391540527344","41.15391540527344","12127","12127","12127"
"121289","34.95161437988281","34.95161437988281","34.95161437988281","12128","12128","12128"
"121319","40.97998809814453","40.97998809814453","40.97998809814453","12131","12131","12131"
"121329","64.55938720703125","64.55938720703125","64.55938720703125","12132","12132","12132"
"121339","31.692646026611328","31.692646026611328","31.692646026611328","12133","12133","12133"
"121379","44.126930236816406","44.126930236816406","44.126930236816406","12137","12137","12137"
"121399","47.8681640625","47.8681640625","47.8681640625","12139","12139","12139"
"121409","46.152408599853516","46.152408599853516","46.152408599853516","12140","12140","12140"
"121439","36.20518112182617","36.20518112182617","36.20518112182617","12143","12143","12143"
"121449","41.665733337402344","41.665733337402344","41.665733337402344","12144","12144","12144"
"121469","41.12190628051758","41.12190628051758","41.12190628051758","12146","12146","12146"
"121519","36.63465118408203","36.63465118408203","36.63465118408203","12151","12151","12151"
"121539","42.101280212402344","42.101280212402344","42.101280212402344","12153","12153","12153"
"121549","74.66505432128906","74.66505432128906","74.66505432128906","12154","12154","12154"
"121569","80.3851547241211","80.3851547241211","80.3851547241211","12156","12156","12156"
"121609","40.80630874633789","40.80630874633789","40.80630874633789","12160","12160","12160"
"121669","47.43688201904297","47.43688201904297","47.43688201904297","12166","12166","12166"
"121709","42.755638122558594","42.755638122558594","42.755638122558594","12170","12170","12170"
"121719","61.550933837890625","61.550933837890625","61.550933837890625","12171","12171","12171"
"121729","49.57926940917969","49.57926940917969","49.57926940917969","12172","12172","12172"
"121769","46.81477737426758","46.81477737426758","46.81477737426758","12176","12176","12176"
"121799","48.78516387939453","48.78516387939453","48.78516387939453","12179","12179","12179"
"121839","58.178985595703125","58.178985595703125","58.178985595703125","12183","12183","12183"
"121869","37.32453918457031","37.32453918457031","37.32453918457031","12186","12186","12186"
"121889","36.846580505371094","36.846580505371094","36.846580505371094","12188","12188","12188"
"121899","38.68959045410156","38.68959045410156","38.68959045410156","12189","12189","12189"
"121909","58.259071350097656","58.259071350097656","58.259071350097656","12190","12190","12190"
"121929","43.41065979003906","43.41065979003906","43.41065979003906","12192","12192","12192"
"121949","58.774173736572266","58.774173736572266","58.774173736572266","12194","12194","12194"
"121969","48.96482849121094","48.96482849121094","48.96482849121094","12196","12196","12196"
"121989","45.95215606689453","45.95215606689453","45.95215606689453","12198","12198","12198"
"122019","48.14815902709961","48.14815902709961","48.14815902709961","12201","12201","12201"
"122029","36.49249267578125","36.49249267578125","36.49249267578125","12202","12202","12202"
"122039","37.212364196777344","37.212364196777344","37.212364196777344","12203","12203","12203"
"122049","39.98834991455078","39.98834991455078","39.98834991455078","12204","12204","12204"
"122099","57.37044906616211","57.37044906616211","57.37044906616211","12209","12209","12209"
"122109","43.39118576049805","43.39118576049805","43.39118576049805","12210","12210","12210"
"122149","40.536102294921875","40.536102294921875","40.536102294921875","12214","12214","12214"
"122179","36.28483963012695","36.28483963012695","36.28483963012695","12217","12217","12217"
"122199","37.54405212402344","37.54405212402344","37.54405212402344","12219","12219","12219"
"122209","43.445648193359375","43.445648193359375","43.445648193359375","12220","12220","12220"
"122239","37.13702392578125","37.13702392578125","37.13702392578125","12223","12223","12223"
"122259","59.031558990478516","59.031558990478516","59.031558990478516","12225","12225","12225"
"122269","45.969703674316406","45.969703674316406","45.969703674316406","12226","12226","12226"
"122279","40.716644287109375","40.716644287109375","40.716644287109375","12227","12227","12227"
"122289","55.41368865966797","55.41368865966797","55.41368865966797","12228","12228","12228"
"122299","50.101436614990234","50.101436614990234","50.101436614990234","12229","12229","12229"
"122319","36.319480895996094","36.319480895996094","36.319480895996094","12231","12231","12231"
"122349","33.73675537109375","33.73675537109375","33.73675537109375","12234","12234","12234"
"122389","32.70652770996094","32.70652770996094","32.70652770996094","12238","12238","12238"
"122399","59.57951354980469","59.57951354980469","59.57951354980469","12239","12239","12239"
"122409","38.21868133544922","38.21868133544922","38.21868133544922","12240","12240","12240"
"122429","37.15677261352539","37.15677261352539","37.15677261352539","12242","12242","12242"
"122439","38.171112060546875","38.171112060546875","38.171112060546875","12243","12243","12243"
"122449","45.396976470947266","45.396976470947266","45.396976470947266","12244","12244","12244"
"122469","35.89793395996094","35.89793395996094","35.89793395996094","12246","12246","12246"
"122499","52.04255676269531","52.04255676269531","52.04255676269531","12249","12249","12249"
"122569","39.232643127441406","39.232643127441406","39.232643127441406","12256","12256","12256"
"122609","52.1503791809082","52.1503791809082","52.1503791809082","12260","12260","12260"
"122629","49.394386291503906","49.394386291503906","49.394386291503906","12262","12262","12262"
"122659","56.84401321411133","56.84401321411133","56.84401321411133","12265","12265","12265"
"122679","43.76252746582031","43.76252746582031","43.76252746582031","12267","12267","12267"
"122709","35.83794021606445","35.83794021606445","35.83794021606445","12270","12270","12270"
"122739","37.96868896484375","37.96868896484375","37.96868896484375","12273","12273","12273"
"122749","26.37375831604004","26.37375831604004","26.37375831604004","12274","12274","12274"
"122759","43.30632019042969","43.30632019042969","43.30632019042969","12275","12275","12275"
"122769","56.689796447753906","56.689796447753906","56.689796447753906","12276","12276","12276"
"122789","38.60536575317383","38.60536575317383","38.60536575317383","12278","12278","12278"
"122799","38.12080383300781","38.12080383300781","38.12080383300781","12279","12279","12279"
"122869","43.25509262084961","43.25509262084961","43.25509262084961","12286","12286","12286"
"122919","45.25605010986328","45.25605010986328","45.25605010986328","12291","12291","12291"
"122929","44.044158935546875","44.044158935546875","44.044158935546875","12292","12292","12292"
"122949","64.02075958251953","64.02075958251953","64.02075958251953","12294","12294","12294"
"122969","56.17320251464844","56.17320251464844","56.17320251464844","12296","12296","12296"
"122979","86.48725128173828","86.48725128173828","86.48725128173828","12297","12297","12297"
"123019","34.88218307495117","34.88218307495117","34.88218307495117","12301","12301","12301"
"123049","47.04353713989258","47.04353713989258","47.04353713989258","12304","12304","12304"
"123059","57.02516174316406","57.02516174316406","57.02516174316406","12305","12305","12305"
"123119","31.466758728027344","31.466758728027344","31.466758728027344","12311","12311","12311"
"123129","47.01002883911133","47.01002883911133","47.01002883911133","12312","12312","12312"
"123149","35.42462921142578","35.42462921142578","35.42462921142578","12314","12314","12314"
"123169","41.40101623535156","41.40101623535156","41.40101623535156","12316","12316","12316"
"123189","27.577592849731445","27.577592849731445","27.577592849731445","12318","12318","12318"
"123209","51.12964630126953","51.12964630126953","51.12964630126953","12320","12320","12320"
"123249","55.84367370605469","55.84367370605469","55.84367370605469","12324","12324","12324"
"123289","44.382564544677734","44.382564544677734","44.382564544677734","12328","12328","12328"
"123299","59.98381042480469","59.98381042480469","59.98381042480469","12329","12329","12329"
"123309","54.92115020751953","54.92115020751953","54.92115020751953","12330","12330","12330"
"123319","69.66845703125","69.66845703125","69.66845703125","12331","12331","12331"
"123359","34.2451171875","34.2451171875","34.2451171875","12335","12335","12335"
"123369","33.88395690917969","33.88395690917969","33.88395690917969","12336","12336","12336"
"123399","36.234580993652344","36.234580993652344","36.234580993652344","12339","12339","12339"
"123419","48.184181213378906","48.184181213378906","48.184181213378906","12341","12341","12341"
"123429","60.702178955078125","60.702178955078125","60.702178955078125","12342","12342","12342"
"123439","44.14836883544922","44.14836883544922","44.14836883544922","12343","12343","12343"
"123449","43.18504333496094","43.18504333496094","43.18504333496094","12344","12344","12344"
"123459","76.15442657470703","76.15442657470703","76.15442657470703","12345","12345","12345"
"123479","36.811946868896484","36.811946868896484","36.811946868896484","12347","12347","12347"
"123489","61.97541809082031","61.97541809082031","61.97541809082031","12348","12348","12348"
"123529","47.017738342285156","47.017738342285156","47.017738342285156","12352","12352","12352"
"123559","45.70857620239258","45.70857620239258","45.70857620239258","12355","12355","12355"
"123589","38.47226333618164","38.47226333618164","38.47226333618164","12358","12358","12358"
"123609","63.705135345458984","63.705135345458984","63.705135345458984","12360","12360","12360"
"123619","73.33137512207031","73.33137512207031","73.33137512207031","12361","12361","12361"
"123629","51.4095458984375","51.4095458984375","51.4095458984375","12362","12362","12362"
"123669","76.6417236328125","76.6417236328125","76.6417236328125","12366","12366","12366"
"123709","41.48322296142578","41.48322296142578","41.48322296142578","12370","12370","12370"
"123729","41.30101776123047","41.30101776123047","41.30101776123047","12372","12372","12372"
"123759","62.652217864990234","62.652217864990234","62.652217864990234","12375","12375","12375"
"123779","35.55066680908203","35.55066680908203","35.55066680908203","12377","12377","12377"
"123799","39.837196350097656","39.837196350097656","39.837196350097656","12379","12379","12379"
"123859","42.49873733520508","42.49873733520508","42.49873733520508","12385","12385","12385"
"123889","46.0667839050293","46.0667839050293","46.0667839050293","12388","12388","12388"
"123909","39.34226989746094","39.34226989746094","39.34226989746094","12390","12390","12390"
"123919","49.39060592651367","49.39060592651367","49.39060592651367","12391","12391","12391"
"123949","36.99287796020508","36.99287796020508","36.99287796020508","12394","12394","12394"
"123969","33.49188232421875","33.49188232421875","33.49188232421875","12396","12396","12396"
"123999","50.77444839477539","50.77444839477539","50.77444839477539","12399","12399","12399"
"124019","44.519222259521484","44.519222259521484","44.519222259521484","12401","12401","12401"
"124109","57.333065032958984","57.333065032958984","57.333065032958984","12410","12410","12410"
"124149","38.185699462890625","38.185699462890625","38.185699462890625","12414","12414","12414"
"124169","34.5725212097168","34.5725212097168","34.5725212097168","12416","12416","12416"
"124179","39.12491989135742","39.12491989135742","39.12491989135742","12417","12417","12417"
"124189","37.08036422729492","37.08036422729492","37.08036422729492","12418","12418","12418"
"124209","39.11777877807617","39.11777877807617","39.11777877807617","12420","12420","12420"
"124219","44.483463287353516","44.483463287353516","44.483463287353516","12421","12421","12421"
"124269","35.74358367919922","35.74358367919922","35.74358367919922","12426","12426","12426"
"124279","41.88923645019531","41.88923645019531","41.88923645019531","12427","12427","12427"
"124289","87.83992004394531","87.83992004394531","87.83992004394531","12428","12428","12428"
"124299","54.735965728759766","54.735965728759766","54.735965728759766","12429","12429","12429"
"124329","38.7177734375","38.7177734375","38.7177734375","12432","12432","12432"
"124349","32.56651306152344","32.56651306152344","32.56651306152344","12434","12434","12434"
"124369","34.99845504760742","34.99845504760742","34.99845504760742","12436","12436","12436"
"124439","46.493255615234375","46.493255615234375","46.493255615234375","12443","12443","12443"
"124469","34.9493408203125","34.9493408203125","34.9493408203125","12446","12446","12446"
"124479","57.21100616455078","57.21100616455078","57.21100616455078","12447","12447","12447"
"124499","42.39604568481445","42.39604568481445","42.39604568481445","12449","12449","12449"
"124509","39.760292053222656","39.760292053222656","39.760292053222656","12450","12450","12450"
"124519","34.881675720214844","34.881675720214844","34.881675720214844","12451","12451","12451"
"124529","32.75246810913086","32.75246810913086","32.75246810913086","12452","12452","12452"
"124539","42.5510139465332","42.5510139465332","42.5510139465332","12453","12453","12453"
"124559","40.85594940185547","40.85594940185547","40.85594940185547","12455","12455","12455"
"124619","46.25679016113281","46.25679016113281","46.25679016113281","12461","12461","12461"
"124659","49.42478942871094","49.42478942871094","49.42478942871094","12465","12465","12465"
"124669","78.01510620117188","78.01510620117188","78.01510620117188","12466","12466","12466"
"124699","39.611419677734375","39.611419677734375","39.611419677734375","12469","12469","12469"
"124709","47.61505126953125","47.61505126953125","47.61505126953125","12470","12470","12470"
"124719","36.155189514160156","36.155189514160156","36.155189514160156","12471","12471","12471"
"124749","50.27256774902344","50.27256774902344","50.27256774902344","12474","12474","12474"
"124769","66.97898864746094","66.97898864746094","66.97898864746094","12476","12476","12476"
"124789","39.37333297729492","39.37333297729492","39.37333297729492","12478","12478","12478"
"124799","41.181373596191406","41.181373596191406","41.181373596191406","12479","12479","12479"
"124819","63.31925582885742","63.31925582885742","63.31925582885742","12481","12481","12481"
"124839","57.76676940917969","57.76676940917969","57.76676940917969","12483","12483","12483"
"124849","46.876625061035156","46.876625061035156","46.876625061035156","12484","12484","12484"
"124869","43.71847915649414","43.71847915649414","43.71847915649414","12486","12486","12486"
"124879","91.39559936523438","91.39559936523438","91.39559936523438","12487","12487","12487"
"124889","68.91987609863281","68.91987609863281","68.91987609863281","12488","12488","12488"
"124979","37.126014709472656","37.126014709472656","37.126014709472656","12497","12497","12497"
"124989","62.184974670410156","62.184974670410156","62.184974670410156","12498","12498","12498"
"125019","63.616783142089844","63.616783142089844","63.616783142089844","12501","12501","12501"
"125029","37.19231033325195","37.19231033325195","37.19231033325195","12502","12502","12502"
"125089","33.96662139892578","33.96662139892578","33.96662139892578","12508","12508","12508"
"125119","37.51823425292969","37.51823425292969","37.51823425292969","12511","12511","12511"
"125139","49.798179626464844","49.798179626464844","49.798179626464844","12513","12513","12513"
"125149","42.09209060668945","42.09209060668945","42.09209060668945","12514","12514","12514"
"125169","41.37193298339844","41.37193298339844","41.37193298339844","12516","12516","12516"
"125239","46.630950927734375","46.630950927734375","46.630950927734375","12523","12523","12523"
"125249","38.141658782958984","38.141658782958984","38.141658782958984","12524","12524","12524"
"125259","38.38434600830078","38.38434600830078","38.38434600830078","12525","12525","12525"
"125269","46.900516510009766","46.900516510009766","46.900516510009766","12526","12526","12526"
"125329","43.231876373291016","43.231876373291016","43.231876373291016","12532","12532","12532"
"125349","43.85811996459961","43.85811996459961","43.85811996459961","12534","12534","12534"
"125399","81.52940368652344","81.52940368652344","81.52940368652344","12539","12539","12539"
"125429","53.7644157409668","53.7644157409668","53.7644157409668","12542","12542","12542"
"125439","44.41929244995117","44.41929244995117","44.41929244995117","12543","12543","12543"
"125469","39.63707733154297","39.63707733154297","39.63707733154297","12546","12546","12546"
"125489","41.856407165527344","41.856407165527344","41.856407165527344","12548","12548","12548"
"125499","37.749542236328125","37.749542236328125","37.749542236328125","12549","12549","12549"
"125509","42.06683349609375","42.06683349609375","42.06683349609375","12550","12550","12550"
"125599","45.37611389160156","45.37611389160156","45.37611389160156","12559","12559","12559"
"125609","42.60654067993164","42.60654067993164","42.60654067993164","12560","12560","12560"
"125629","34.45401382446289","34.45401382446289","34.45401382446289","12562","12562","12562"
"125649","35.042945861816406","35.042945861816406","35.042945861816406","12564","12564","12564"
"125669","44.785953521728516","44.785953521728516","44.785953521728516","12566","12566","12566"
"125699","40.49462890625","40.49462890625","40.49462890625","12569","12569","12569"
"125729","33.948036193847656","33.948036193847656","33.948036193847656","12572","12572","12572"
"125739","54.065879821777344","54.065879821777344","54.065879821777344","12573","12573","12573"
"125749","45.5638427734375","45.5638427734375","45.5638427734375","12574","12574","12574"
"125759","65.38416290283203","65.38416290283203","65.38416290283203","12575","12575","12575"
"125789","86.48143005371094","86.48143005371094","86.48143005371094","12578","12578","12578"
"125799","45.11062240600586","45.11062240600586","45.11062240600586","12579","12579","12579"
"125819","67.68656921386719","67.68656921386719","67.68656921386719","12581","12581","12581"
"125849","35.50258255004883","35.50258255004883","35.50258255004883","12584","12584","12584"
"125859","34.993751525878906","34.993751525878906","34.993751525878906","12585","12585","12585"
"125869","47.89514923095703","47.89514923095703","47.89514923095703","12586","12586","12586"
"125909","41.85362243652344","41.85362243652344","41.85362243652344","12590","12590","12590"
"125919","64.18096923828125","64.18096923828125","64.18096923828125","12591","12591","12591"
"125929","50.055809020996094","50.055809020996094","50.055809020996094","12592","12592","12592"
"125949","62.636024475097656","62.636024475097656","62.636024475097656","12594","12594","12594"
"125989","36.640724182128906","36.640724182128906","36.640724182128906","12598","12598","12598"
"126009","50.49935531616211","50.49935531616211","50.49935531616211","12600","12600","12600"
"126019","41.073490142822266","41.073490142822266","41.073490142822266","12601","12601","12601"
"126059","54.23101806640625","54.23101806640625","54.23101806640625","12605","12605","12605"
"126069","72.07394409179688","72.07394409179688","72.07394409179688","12606","12606","12606"
"126089","54.02687072753906","54.02687072753906","54.02687072753906","12608","12608","12608"
"126099","46.57928466796875","46.57928466796875","46.57928466796875","12609","12609","12609"
"126169","40.00718307495117","40.00718307495117","40.00718307495117","12616","12616","12616"
"126199","44.792236328125","44.792236328125","44.792236328125","12619","12619","12619"
"126219","91.79240417480469","91.79240417480469","91.79240417480469","12621","12621","12621"
"126279","45.24763870239258","45.24763870239258","45.24763870239258","12627","12627","12627"
"126309","43.012481689453125","43.012481689453125","43.012481689453125","12630","12630","12630"
"126319","55.423160552978516","55.423160552978516","55.423160552978516","12631","12631","12631"
"126329","67.68280792236328","67.68280792236328","67.68280792236328","12632","12632","12632"
"126349","41.30899429321289","41.30899429321289","41.30899429321289","12634","12634","12634"
"126389","38.90980911254883","38.90980911254883","38.90980911254883","12638","12638","12638"
"126399","37.294456481933594","37.294456481933594","37.294456481933594","12639","12639","12639"
"126419","50.40270233154297","50.40270233154297","50.40270233154297","12641","12641","12641"
"126429","36.574317932128906","36.574317932128906","36.574317932128906","12642","12642","12642"
"126439","42.81385803222656","42.81385803222656","42.81385803222656","12643","12643","12643"
"126449","35.21855545043945","35.21855545043945","35.21855545043945","12644","12644","12644"
"126489","41.545562744140625","41.545562744140625","41.545562744140625","12648","12648","12648"
"126509","37.001495361328125","37.001495361328125","37.001495361328125","12650","12650","12650"
"126519","43.03837203979492","43.03837203979492","43.03837203979492","12651","12651","12651"
"126529","50.733272552490234","50.733272552490234","50.733272552490234","12652","12652","12652"
"126549","47.76617431640625","47.76617431640625","47.76617431640625","12654","12654","12654"
"126559","35.045021057128906","35.045021057128906","35.045021057128906","12655","12655","12655"
"126569","38.110313415527344","38.110313415527344","38.110313415527344","12656","12656","12656"
"126579","120.02096557617188","120.02096557617188","120.02096557617188","12657","12657","12657"
"126599","38.17573547363281","38.17573547363281","38.17573547363281","12659","12659","12659"
"126609","31.41177749633789","31.41177749633789","31.41177749633789","12660","12660","12660"
"126629","59.813720703125","59.813720703125","59.813720703125","12662","12662","12662"
"126669","36.90850067138672","36.90850067138672","36.90850067138672","12666","12666","12666"
"126689","40.542999267578125","40.542999267578125","40.542999267578125","12668","12668","12668"
"126699","42.45795822143555","42.45795822143555","42.45795822143555","12669","12669","12669"
"126719","43.78360366821289","43.78360366821289","43.78360366821289","12671","12671","12671"
"126739","53.7864990234375","53.7864990234375","53.7864990234375","12673","12673","12673"
"126759","49.293556213378906","49.293556213378906","49.293556213378906","12675","12675","12675"
"126839","34.80048370361328","34.80048370361328","34.80048370361328","12683","12683","12683"
"126869","33.18988037109375","33.18988037109375","33.18988037109375","12686","12686","12686"
"126899","85.61335754394531","85.61335754394531","85.61335754394531","12689","12689","12689"
"126939","42.74369812011719","42.74369812011719","42.74369812011719","12693","12693","12693"
"126959","43.57452392578125","43.57452392578125","43.57452392578125","12695","12695","12695"
"126999","83.88665771484375","83.88665771484375","83.88665771484375","12699","12699","12699"
"127029","46.48188781738281","46.48188781738281","46.48188781738281","12702","12702","12702"
"127049","38.20498275756836","38.20498275756836","38.20498275756836","12704","12704","12704"
"127079","49.952484130859375","49.952484130859375","49.952484130859375","12707","12707","12707"
"127109","37.87630844116211","37.87630844116211","37.87630844116211","12710","12710","12710"
"127129","32.54572677612305","32.54572677612305","32.54572677612305","12712","12712","12712"
"127139","61.30253982543945","61.30253982543945","61.30253982543945","12713","12713","12713"
"127169","36.227439880371094","36.227439880371094","36.227439880371094","12716","12716","12716"
"127189","48.73063659667969","48.73063659667969","48.73063659667969","12718","12718","12718"
"127209","34.92209243774414","34.92209243774414","34.92209243774414","12720","12720","12720"
"127229","41.88261795043945","41.88261795043945","41.88261795043945","12722","12722","12722"
"127249","52.058380126953125","52.058380126953125","52.058380126953125","12724","12724","12724"
"127259","86.06498718261719","86.06498718261719","86.06498718261719","12725","12725","12725"
"127279","49.18756103515625","49.18756103515625","49.18756103515625","12727","12727","12727"
"127309","77.83786010742188","77.83786010742188","77.83786010742188","12730","12730","12730"
"127319","33.92561340332031","33.92561340332031","33.92561340332031","12731","12731","12731"
"127339","37.48628234863281","37.48628234863281","37.48628234863281","12733","12733","12733"
"127349","44.97816848754883","44.97816848754883","44.97816848754883","12734","12734","12734"
"127359","66.97329711914062","66.97329711914062","66.97329711914062","12735","12735","12735"
"127369","39.720218658447266","39.720218658447266","39.720218658447266","12736","12736","12736"
"127389","33.542144775390625","33.542144775390625","33.542144775390625","12738","12738","12738"
"127429","58.628719329833984","58.628719329833984","58.628719329833984","12742","12742","12742"
"127439","30.23795509338379","30.23795509338379","30.23795509338379","12743","12743","12743"
"127469","45.08088684082031","45.08088684082031","45.08088684082031","12746","12746","12746"
"127489","41.718624114990234","41.718624114990234","41.718624114990234","12748","12748","12748"
"127499","99.5706787109375","99.5706787109375","99.5706787109375","12749","12749","12749"
"127529","57.40892791748047","57.40892791748047","57.40892791748047","12752","12752","12752"
"127539","40.74312210083008","40.74312210083008","40.74312210083008","12753","12753","12753"
"127559","49.97623825073242","49.97623825073242","49.97623825073242","12755","12755","12755"
"127579","33.720882415771484","33.720882415771484","33.720882415771484","12757","12757","12757"
"127589","45.8311653137207","45.8311653137207","45.8311653137207","12758","12758","12758"
"127659","58.7216796875","58.7216796875","58.7216796875","12765","12765","12765"
"127669","36.35698318481445","36.35698318481445","36.35698318481445","12766","12766","12766"
"127679","59.676177978515625","59.676177978515625","59.676177978515625","12767","12767","12767"
"127699","51.3520393371582","51.3520393371582","51.3520393371582","12769","12769","12769"
"127719","35.53874969482422","35.53874969482422","35.53874969482422","12771","12771","12771"
"127729","52.78964614868164","52.78964614868164","52.78964614868164","12772","12772","12772"
"127779","33.592124938964844","33.592124938964844","33.592124938964844","12777","12777","12777"
"127799","45.63154602050781","45.63154602050781","45.63154602050781","12779","12779","12779"
"127859","33.83955383300781","33.83955383300781","33.83955383300781","12785","12785","12785"
"127899","30.23804473876953","30.23804473876953","30.23804473876953","12789","12789","12789"
"127909","50.03190231323242","50.03190231323242","50.03190231323242","12790","12790","12790"
"127929","37.657676696777344","37.657676696777344","37.657676696777344","12792","12792","12792"
"127939","44.8827018737793","44.8827018737793","44.8827018737793","12793","12793","12793"
"127949","32.349517822265625","32.349517822265625","32.349517822265625","12794","12794","12794"
"127979","40.362060546875","40.362060546875","40.362060546875","12797","12797","12797"
"127999","38.11688995361328","38.11688995361328","38.11688995361328","12799","12799","12799"
"128029","54.35221481323242","54.35221481323242","54.35221481323242","12802","12802","12802"
"128059","37.491512298583984","37.491512298583984","37.491512298583984","12805","12805","12805"
"128069","56.607627868652344","56.607627868652344","56.607627868652344","12806","12806","12806"
"128089","41.9971923828125","41.9971923828125","41.9971923828125","12808","12808","12808"
"128149","36.00022506713867","36.00022506713867","36.00022506713867","12814","12814","12814"
"128159","41.22466278076172","41.22466278076172","41.22466278076172","12815","12815","12815"
"128169","49.661739349365234","49.661739349365234","49.661739349365234","12816","12816","12816"
"128189","42.67326354980469","42.67326354980469","42.67326354980469","12818","12818","12818"
"128199","42.59135437011719","42.59135437011719","42.59135437011719","12819","12819","12819"
"128209","39.99726867675781","39.99726867675781","39.99726867675781","12820","12820","12820"
"128259","54.300045013427734","54.300045013427734","54.300045013427734","12825","12825","12825"
"128289","54.04899597167969","54.04899597167969","54.04899597167969","12828","12828","12828"
"128309","39.11689376831055","39.11689376831055","39.11689376831055","12830","12830","12830"
"128329","80.1573715209961","80.1573715209961","80.1573715209961","12832","12832","12832"
"128339","39.32157897949219","39.32157897949219","39.32157897949219","12833","12833","12833"
"128379","48.323829650878906","48.323829650878906","48.323829650878906","12837","12837","12837"
"128419","37.4173469543457","37.4173469543457","37.4173469543457","12841","12841","12841"
"128439","34.625431060791016","34.625431060791016","34.625431060791016","12843","12843","12843"
"128449","54.32062530517578","54.32062530517578","54.32062530517578","12844","12844","12844"
"128479","31.871776580810547","31.871776580810547","31.871776580810547","12847","12847","12847"
"128489","45.299713134765625","45.299713134765625","45.299713134765625","12848","12848","12848"
"128499","43.07444763183594","43.07444763183594","43.07444763183594","12849","12849","12849"
"128509","33.19268035888672","33.19268035888672","33.19268035888672","12850","12850","12850"
"128579","38.81166076660156","38.81166076660156","38.81166076660156","12857","12857","12857"
"128629","34.72901916503906","34.72901916503906","34.72901916503906","12862","12862","12862"
"128649","42.58564758300781","42.58564758300781","42.58564758300781","12864","12864","12864"
"128669","62.272796630859375","62.272796630859375","62.272796630859375","12866","12866","12866"
"128699","34.861473083496094","34.861473083496094","34.861473083496094","12869","12869","12869"
"128709","63.586952209472656","63.586952209472656","63.586952209472656","12870","12870","12870"
"128769","74.52141571044922","74.52141571044922","74.52141571044922","12876","12876","12876"
"128799","127.3135986328125","127.3135986328125","127.3135986328125","12879","12879","12879"
"128809","56.86727523803711","56.86727523803711","56.86727523803711","12880","12880","12880"
"128819","34.23906326293945","34.23906326293945","34.23906326293945","12881","12881","12881"
"128829","43.59992218017578","43.59992218017578","43.59992218017578","12882","12882","12882"
"128849","41.73616027832031","41.73616027832031","41.73616027832031","12884","12884","12884"
"128859","39.819725036621094","39.819725036621094","39.819725036621094","12885","12885","12885"
"128879","35.546607971191406","35.546607971191406","35.546607971191406","12887","12887","12887"
"128889","51.68470001220703","51.68470001220703","51.68470001220703","12888","12888","12888"
"128939","48.02135467529297","48.02135467529297","48.02135467529297","12893","12893","12893"
"128979","52.451297760009766","52.451297760009766","52.451297760009766","12897","12897","12897"
"129039","54.59297180175781","54.59297180175781","54.59297180175781","12903","12903","12903"
"129079","36.917781829833984","36.917781829833984","36.917781829833984","12907","12907","12907"
"129179","33.94491195678711","33.94491195678711","33.94491195678711","12917","12917","12917"
"129209","45.73896789550781","45.73896789550781","45.73896789550781","12920","12920","12920"
"129229","45.09898376464844","45.09898376464844","45.09898376464844","12922","12922","12922"
"129239","46.20365905761719","46.20365905761719","46.20365905761719","12923","12923","12923"
"129249","37.72486877441406","37.72486877441406","37.72486877441406","12924","12924","12924"
"129289","40.67049026489258","40.67049026489258","40.67049026489258","12928","12928","12928"
"129299","38.002655029296875","38.002655029296875","38.002655029296875","12929","12929","12929"
"129309","57.831695556640625","57.831695556640625","57.831695556640625","12930","12930","12930"
"129319","175.23828125","175.23828125","175.23828125","12931","12931","12931"
"129339","48.20134735107422","48.20134735107422","48.20134735107422","12933","12933","12933"
"129349","169.1099090576172","169.1099090576172","169.1099090576172","12934","12934","12934"
"129369","45.611907958984375","45.611907958984375","45.611907958984375","12936","12936","12936"
"129399","41.864437103271484","41.864437103271484","41.864437103271484","12939","12939","12939"
"129409","32.87461853027344","32.87461853027344","32.87461853027344","12940","12940","12940"
"129419","36.898353576660156","36.898353576660156","36.898353576660156","12941","12941","12941"
"129449","36.143638610839844","36.143638610839844","36.143638610839844","12944","12944","12944"
"129489","42.4596061706543","42.4596061706543","42.4596061706543","12948","12948","12948"
"129499","42.491455078125","42.491455078125","42.491455078125","12949","12949","12949"
"129539","40.39912414550781","40.39912414550781","40.39912414550781","12953","12953","12953"
"129559","46.40953826904297","46.40953826904297","46.40953826904297","12955","12955","12955"
"129569","49.54390335083008","49.54390335083008","49.54390335083008","12956","12956","12956"
"129579","62.142189025878906","62.142189025878906","62.142189025878906","12957","12957","12957"
"129599","35.02458572387695","35.02458572387695","35.02458572387695","12959","12959","12959"
"129659","106.47789001464844","106.47789001464844","106.47789001464844","12965","12965","12965"
"129669","44.91229248046875","44.91229248046875","44.91229248046875","12966","12966","12966"
"129679","44.11577606201172","44.11577606201172","44.11577606201172","12967","12967","12967"
"129709","43.54633712768555","43.54633712768555","43.54633712768555","12970","12970","12970"
"129719","54.006927490234375","54.006927490234375","54.006927490234375","12971","12971","12971"
"129729","36.95191955566406","36.95191955566406","36.95191955566406","12972","12972","12972"
"129759","35.28601837158203","35.28601837158203","35.28601837158203","12975","12975","12975"
"129819","54.829071044921875","54.829071044921875","54.829071044921875","12981","12981","12981"
"129849","32.26658248901367","32.26658248901367","32.26658248901367","12984","12984","12984"
"129879","59.0678825378418","59.0678825378418","59.0678825378418","12987","12987","12987"
"129899","35.305747985839844","35.305747985839844","35.305747985839844","12989","12989","12989"
"129909","46.4351806640625","46.4351806640625","46.4351806640625","12990","12990","12990"
"129929","40.02574157714844","40.02574157714844","40.02574157714844","12992","12992","12992"
"129939","44.149261474609375","44.149261474609375","44.149261474609375","12993","12993","12993"
"129969","36.488121032714844","36.488121032714844","36.488121032714844","12996","12996","12996"
"129979","47.811309814453125","47.811309814453125","47.811309814453125","12997","12997","12997"
"129989","32.57765579223633","32.57765579223633","32.57765579223633","12998","12998","12998"
"130019","48.29255294799805","48.29255294799805","48.29255294799805","13001","13001","13001"
"130039","41.58368682861328","41.58368682861328","41.58368682861328","13003","13003","13003"
"130049","38.43755340576172","38.43755340576172","38.43755340576172","13004","13004","13004"
"130099","58.244205474853516","58.244205474853516","58.244205474853516","13009","13009","13009"
"130119","58.024078369140625","58.024078369140625","58.024078369140625","13011","13011","13011"
"130129","32.46147918701172","32.46147918701172","32.46147918701172","13012","13012","13012"
"130149","44.315555572509766","44.315555572509766","44.315555572509766","13014","13014","13014"
"130159","35.52436828613281","35.52436828613281","35.52436828613281","13015","13015","13015"
"130189","50.7556266784668","50.7556266784668","50.7556266784668","13018","13018","13018"
"130199","46.60674285888672","46.60674285888672","46.60674285888672","13019","13019","13019"
"130209","55.243282318115234","55.243282318115234","55.243282318115234","13020","13020","13020"
"130219","52.28132629394531","52.28132629394531","52.28132629394531","13021","13021","13021"
"130259","36.34992599487305","36.34992599487305","36.34992599487305","13025","13025","13025"
"130279","58.31203079223633","58.31203079223633","58.31203079223633","13027","13027","13027"
"130289","36.28586196899414","36.28586196899414","36.28586196899414","13028","13028","13028"
"130309","44.99509811401367","44.99509811401367","44.99509811401367","13030","13030","13030"
"130319","41.02680206298828","41.02680206298828","41.02680206298828","13031","13031","13031"
"130349","34.64177322387695","34.64177322387695","34.64177322387695","13034","13034","13034"
"130359","43.20479202270508","43.20479202270508","43.20479202270508","13035","13035","13035"
"130389","54.41107940673828","54.41107940673828","54.41107940673828","13038","13038","13038"
"130399","37.73698043823242","37.73698043823242","37.73698043823242","13039","13039","13039"
"130419","63.09946823120117","63.09946823120117","63.09946823120117","13041","13041","13041"
"130429","62.3660888671875","62.3660888671875","62.3660888671875","13042","13042","13042"
"130449","33.62907409667969","33.62907409667969","33.62907409667969","13044","13044","13044"
"130469","42.793209075927734","42.793209075927734","42.793209075927734","13046","13046","13046"
"130499","39.415992736816406","39.415992736816406","39.415992736816406","13049","13049","13049"
"130509","30.184406280517578","30.184406280517578","30.184406280517578","13050","13050","13050"
"130519","38.745059967041016","38.745059967041016","38.745059967041016","13051","13051","13051"
"130529","47.362709045410156","47.362709045410156","47.362709045410156","13052","13052","13052"
"130539","41.155906677246094","41.155906677246094","41.155906677246094","13053","13053","13053"
"130549","35.54262924194336","35.54262924194336","35.54262924194336","13054","13054","13054"
"130569","44.05756759643555","44.05756759643555","44.05756759643555","13056","13056","13056"
"130589","37.774505615234375","37.774505615234375","37.774505615234375","13058","13058","13058"
"130619","45.691165924072266","45.691165924072266","45.691165924072266","13061","13061","13061"
"130659","38.744544982910156","38.744544982910156","38.744544982910156","13065","13065","13065"
"130679","33.87980651855469","33.87980651855469","33.87980651855469","13067","13067","13067"
"130689","36.36502456665039","36.36502456665039","36.36502456665039","13068","13068","13068"
"130719","38.78174591064453","38.78174591064453","38.78174591064453","13071","13071","13071"
"130729","36.98888397216797","36.98888397216797","36.98888397216797","13072","13072","13072"
"130739","50.95383834838867","50.95383834838867","50.95383834838867","13073","13073","13073"
"130779","54.546730041503906","54.546730041503906","54.546730041503906","13077","13077","13077"
"130819","43.66809844970703","43.66809844970703","43.66809844970703","13081","13081","13081"
"130839","42.36307907104492","42.36307907104492","42.36307907104492","13083","13083","13083"
"130849","38.46217727661133","38.46217727661133","38.46217727661133","13084","13084","13084"
"130899","48.80873107910156","48.80873107910156","48.80873107910156","13089","13089","13089"
"130909","46.268577575683594","46.268577575683594","46.268577575683594","13090","13090","13090"
"130919","39.660892486572266","39.660892486572266","39.660892486572266","13091","13091","13091"
"130969","55.46123504638672","55.46123504638672","55.46123504638672","13096","13096","13096"
"130979","34.383872985839844","34.383872985839844","34.383872985839844","13097","13097","13097"
"130989","34.986473083496094","34.986473083496094","34.986473083496094","13098","13098","13098"
"131009","82.9593505859375","82.9593505859375","82.9593505859375","13100","13100","13100"
"131019","43.50682830810547","43.50682830810547","43.50682830810547","13101","13101","13101"
"131049","59.45673751831055","59.45673751831055","59.45673751831055","13104","13104","13104"
"131069","52.602333068847656","52.602333068847656","52.602333068847656","13106","13106","13106"
"131089","50.44413757324219","50.44413757324219","50.44413757324219","13108","13108","13108"
"131099","34.15670394897461","34.15670394897461","34.15670394897461","13109","13109","13109"
"131109","67.542236328125","67.542236328125","67.542236328125","13110","13110","13110"
"131119","30.562379837036133","30.562379837036133","30.562379837036133","13111","13111","13111"
"131139","51.585609436035156","51.585609436035156","51.585609436035156","13113","13113","13113"
"131159","38.092018127441406","38.092018127441406","38.092018127441406","13115","13115","13115"
"131169","90.7387924194336","90.7387924194336","90.7387924194336","13116","13116","13116"
"131209","39.017364501953125","39.017364501953125","39.017364501953125","13120","13120","13120"
"131289","71.52558898925781","71.52558898925781","71.52558898925781","13128","13128","13128"
"131299","41.428802490234375","41.428802490234375","41.428802490234375","13129","13129","13129"
"131319","44.49067687988281","44.49067687988281","44.49067687988281","13131","13131","13131"
"131349","54.39518737792969","54.39518737792969","54.39518737792969","13134","13134","13134"
"131369","42.68092346191406","42.68092346191406","42.68092346191406","13136","13136","13136"
"131389","36.52581787109375","36.52581787109375","36.52581787109375","13138","13138","13138"
"131419","50.54426193237305","50.54426193237305","50.54426193237305","13141","13141","13141"
"131429","29.22391700744629","29.22391700744629","29.22391700744629","13142","13142","13142"
"131439","40.48473358154297","40.48473358154297","40.48473358154297","13143","13143","13143"
"131449","49.22733688354492","49.22733688354492","49.22733688354492","13144","13144","13144"
"131499","47.950782775878906","47.950782775878906","47.950782775878906","13149","13149","13149"
"131509","48.74481201171875","48.74481201171875","48.74481201171875","13150","13150","13150"
"131519","34.22825622558594","34.22825622558594","34.22825622558594","13151","13151","13151"
"131529","48.30125427246094","48.30125427246094","48.30125427246094","13152","13152","13152"
"131559","44.235870361328125","44.235870361328125","44.235870361328125","13155","13155","13155"
"131569","40.663333892822266","40.663333892822266","40.663333892822266","13156","13156","13156"
"131579","35.765342712402344","35.765342712402344","35.765342712402344","13157","13157","13157"
"131589","29.784963607788086","29.784963607788086","29.784963607788086","13158","13158","13158"
"131609","41.28849411010742","41.28849411010742","41.28849411010742","13160","13160","13160"
"131619","66.48833465576172","66.48833465576172","66.48833465576172","13161","13161","13161"
"131629","46.10111618041992","46.10111618041992","46.10111618041992","13162","13162","13162"
"131639","33.047828674316406","33.047828674316406","33.047828674316406","13163","13163","13163"
"131669","35.68882751464844","35.68882751464844","35.68882751464844","13166","13166","13166"
"131729","35.4693717956543","35.4693717956543","35.4693717956543","13172","13172","13172"
"131739","35.557594299316406","35.557594299316406","35.557594299316406","13173","13173","13173"
"131749","41.09635925292969","41.09635925292969","41.09635925292969","13174","13174","13174"
"131769","34.130516052246094","34.130516052246094","34.130516052246094","13176","13176","13176"
"131779","33.584102630615234","33.584102630615234","33.584102630615234","13177","13177","13177"
"131799","45.57017517089844","45.57017517089844","45.57017517089844","13179","13179","13179"
"131819","84.28345489501953","84.28345489501953","84.28345489501953","13181","13181","13181"
"131829","46.073848724365234","46.073848724365234","46.073848724365234","13182","13182","13182"
"131859","34.814292907714844","34.814292907714844","34.814292907714844","13185","13185","13185"
"131909","35.29158020019531","35.29158020019531","35.29158020019531","13190","13190","13190"
"131929","49.23614501953125","49.23614501953125","49.23614501953125","13192","13192","13192"
"131949","62.90091323852539","62.90091323852539","62.90091323852539","13194","13194","13194"
"131989","35.933494567871094","35.933494567871094","35.933494567871094","13198","13198","13198"
"131999","50.16944885253906","50.16944885253906","50.16944885253906","13199","13199","13199"
"132009","38.917808532714844","38.917808532714844","38.917808532714844","13200","13200","13200"
"132019","32.14426803588867","32.14426803588867","32.14426803588867","13201","13201","13201"
"132029","110.22156524658203","110.22156524658203","110.22156524658203","13202","13202","13202"
"132049","43.906585693359375","43.906585693359375","43.906585693359375","13204","13204","13204"
"132089","36.016578674316406","36.016578674316406","36.016578674316406","13208","13208","13208"
"132099","53.65428161621094","53.65428161621094","53.65428161621094","13209","13209","13209"
"132119","36.847740173339844","36.847740173339844","36.847740173339844","13211","13211","13211"
"132189","50.73956298828125","50.73956298828125","50.73956298828125","13218","13218","13218"
"132229","44.00224304199219","44.00224304199219","44.00224304199219","13222","13222","13222"
"132239","33.669376373291016","33.669376373291016","33.669376373291016","13223","13223","13223"
"132249","56.301780700683594","56.301780700683594","56.301780700683594","13224","13224","13224"
"132299","40.31563949584961","40.31563949584961","40.31563949584961","13229","13229","13229"
"132319","35.11200714111328","35.11200714111328","35.11200714111328","13231","13231","13231"
"132329","49.1856689453125","49.1856689453125","49.1856689453125","13232","13232","13232"
"132369","84.49382019042969","84.49382019042969","84.49382019042969","13236","13236","13236"
"132379","47.82412338256836","47.82412338256836","47.82412338256836","13237","13237","13237"
"132389","56.56016540527344","56.56016540527344","56.56016540527344","13238","13238","13238"
"132419","64.04228210449219","64.04228210449219","64.04228210449219","13241","13241","13241"
"132449","74.44178771972656","74.44178771972656","74.44178771972656","13244","13244","13244"
"132459","37.22336959838867","37.22336959838867","37.22336959838867","13245","13245","13245"
"132479","33.96550750732422","33.96550750732422","33.96550750732422","13247","13247","13247"
"132509","31.080686569213867","31.080686569213867","31.080686569213867","13250","13250","13250"
"132529","50.11085510253906","50.11085510253906","50.11085510253906","13252","13252","13252"
"132539","36.40149688720703","36.40149688720703","36.40149688720703","13253","13253","13253"
"132579","54.19416809082031","54.19416809082031","54.19416809082031","13257","13257","13257"
"132589","49.293251037597656","49.293251037597656","49.293251037597656","13258","13258","13258"
"132609","40.852508544921875","40.852508544921875","40.852508544921875","13260","13260","13260"
"132619","40.047969818115234","40.047969818115234","40.047969818115234","13261","13261","13261"
"132639","39.34622573852539","39.34622573852539","39.34622573852539","13263","13263","13263"
"132649","40.480472564697266","40.480472564697266","40.480472564697266","13264","13264","13264"
"132659","43.66950225830078","43.66950225830078","43.66950225830078","13265","13265","13265"
"132679","52.815696716308594","52.815696716308594","52.815696716308594","13267","13267","13267"
"132739","36.19415283203125","36.19415283203125","36.19415283203125","13273","13273","13273"
"132749","31.999313354492188","31.999313354492188","31.999313354492188","13274","13274","13274"
"132779","35.69938659667969","35.69938659667969","35.69938659667969","13277","13277","13277"
"132789","46.41233825683594","46.41233825683594","46.41233825683594","13278","13278","13278"
"132809","52.35442352294922","52.35442352294922","52.35442352294922","13280","13280","13280"
"132839","34.212730407714844","34.212730407714844","34.212730407714844","13283","13283","13283"
"132889","51.63743591308594","51.63743591308594","51.63743591308594","13288","13288","13288"
"132899","61.161842346191406","61.161842346191406","61.161842346191406","13289","13289","13289"
"132909","26.677099227905273","26.677099227905273","26.677099227905273","13290","13290","13290"
"132919","38.54886245727539","38.54886245727539","38.54886245727539","13291","13291","13291"
"132939","44.2572135925293","44.2572135925293","44.2572135925293","13293","13293","13293"
"132959","41.756996154785156","41.756996154785156","41.756996154785156","13295","13295","13295"
"132979","48.728328704833984","48.728328704833984","48.728328704833984","13297","13297","13297"
"132989","40.283077239990234","40.283077239990234","40.283077239990234","13298","13298","13298"
"132999","56.37502670288086","56.37502670288086","56.37502670288086","13299","13299","13299"
"133029","75.28742980957031","75.28742980957031","75.28742980957031","13302","13302","13302"
"133039","37.4708251953125","37.4708251953125","37.4708251953125","13303","13303","13303"
"133049","49.843746185302734","49.843746185302734","49.843746185302734","13304","13304","13304"
"133069","40.29481506347656","40.29481506347656","40.29481506347656","13306","13306","13306"
"133079","68.2774887084961","68.2774887084961","68.2774887084961","13307","13307","13307"
"133099","41.03626251220703","41.03626251220703","41.03626251220703","13309","13309","13309"
"133109","82.6468734741211","82.6468734741211","82.6468734741211","13310","13310","13310"
"133119","34.4804573059082","34.4804573059082","34.4804573059082","13311","13311","13311"
"133159","56.23546600341797","56.23546600341797","56.23546600341797","13315","13315","13315"
"133179","36.94059371948242","36.94059371948242","36.94059371948242","13317","13317","13317"
"133189","40.466270446777344","40.466270446777344","40.466270446777344","13318","13318","13318"
"133209","36.25556182861328","36.25556182861328","36.25556182861328","13320","13320","13320"
"133219","73.43772888183594","73.43772888183594","73.43772888183594","13321","13321","13321"
"133239","71.91899871826172","71.91899871826172","71.91899871826172","13323","13323","13323"
"133249","34.132320404052734","34.132320404052734","34.132320404052734","13324","13324","13324"
"133289","33.635311126708984","33.635311126708984","33.635311126708984","13328","13328","13328"
"133309","45.88241958618164","45.88241958618164","45.88241958618164","13330","13330","13330"
"133329","68.05198669433594","68.05198669433594","68.05198669433594","13332","13332","13332"
"133359","34.969932556152344","34.969932556152344","34.969932556152344","13335","13335","13335"
"133369","35.106746673583984","35.106746673583984","35.106746673583984","13336","13336","13336"
"133379","46.15647888183594","46.15647888183594","46.15647888183594","13337","13337","13337"
"133389","41.57322311401367","41.57322311401367","41.57322311401367","13338","13338","13338"
"133409","47.1708869934082","47.1708869934082","47.1708869934082","13340","13340","13340"
"133419","37.34526062011719","37.34526062011719","37.34526062011719","13341","13341","13341"
"133439","38.141258239746094","38.141258239746094","38.141258239746094","13343","13343","13343"
"133459","50.22343063354492","50.22343063354492","50.22343063354492","13345","13345","13345"
"133479","36.810726165771484","36.810726165771484","36.810726165771484","13347","13347","13347"
"133489","46.97758865356445","46.97758865356445","46.97758865356445","13348","13348","13348"
"133499","53.77995300292969","53.77995300292969","53.77995300292969","13349","13349","13349"
"133529","50.06266784667969","50.06266784667969","50.06266784667969","13352","13352","13352"
"133549","39.72337341308594","39.72337341308594","39.72337341308594","13354","13354","13354"
"133579","46.412689208984375","46.412689208984375","46.412689208984375","13357","13357","13357"
"133599","33.32964324951172","33.32964324951172","33.32964324951172","13359","13359","13359"
"133619","49.382911682128906","49.382911682128906","49.382911682128906","13361","13361","13361"
"133629","36.42171096801758","36.42171096801758","36.42171096801758","13362","13362","13362"
"133659","46.357975006103516","46.357975006103516","46.357975006103516","13365","13365","13365"
"133679","38.22029495239258","38.22029495239258","38.22029495239258","13367","13367","13367"
"133689","41.35368728637695","41.35368728637695","41.35368728637695","13368","13368","13368"
"133699","59.99481964111328","59.99481964111328","59.99481964111328","13369","13369","13369"
"133709","39.92873001098633","39.92873001098633","39.92873001098633","13370","13370","13370"
"133719","44.625919342041016","44.625919342041016","44.625919342041016","13371","13371","13371"
"133759","39.67632293701172","39.67632293701172","39.67632293701172","13375","13375","13375"
"133769","39.57857131958008","39.57857131958008","39.57857131958008","13376","13376","13376"
"133799","74.3074951171875","74.3074951171875","74.3074951171875","13379","13379","13379"
"133819","55.340084075927734","55.340084075927734","55.340084075927734","13381","13381","13381"
"133849","27.719627380371094","27.719627380371094","27.719627380371094","13384","13384","13384"
"133869","33.46348571777344","33.46348571777344","33.46348571777344","13386","13386","13386"
"133889","33.467403411865234","33.467403411865234","33.467403411865234","13388","13388","13388"
"133939","60.49883270263672","60.49883270263672","60.49883270263672","13393","13393","13393"
"133949","35.46821975708008","35.46821975708008","35.46821975708008","13394","13394","13394"
"133989","37.905029296875","37.905029296875","37.905029296875","13398","13398","13398"
"133999","50.665199279785156","50.665199279785156","50.665199279785156","13399","13399","13399"
"134009","49.77199172973633","49.77199172973633","49.77199172973633","13400","13400","13400"
"134029","37.57518768310547","37.57518768310547","37.57518768310547","13402","13402","13402"
"134059","67.07854461669922","67.07854461669922","67.07854461669922","13405","13405","13405"
"134109","38.18235397338867","38.18235397338867","38.18235397338867","13410","13410","13410"
"134179","56.733943939208984","56.733943939208984","56.733943939208984","13417","13417","13417"
"134229","35.914608001708984","35.914608001708984","35.914608001708984","13422","13422","13422"
"134259","43.98434829711914","43.98434829711914","43.98434829711914","13425","13425","13425"
"134299","43.98509979248047","43.98509979248047","43.98509979248047","13429","13429","13429"
"134339","57.80939483642578","57.80939483642578","57.80939483642578","13433","13433","13433"
"134349","33.26369857788086","33.26369857788086","33.26369857788086","13434","13434","13434"
"134379","33.96883010864258","33.96883010864258","33.96883010864258","13437","13437","13437"
"134389","39.897560119628906","39.897560119628906","39.897560119628906","13438","13438","13438"
"134399","44.62172317504883","44.62172317504883","44.62172317504883","13439","13439","13439"
"134409","32.92287826538086","32.92287826538086","32.92287826538086","13440","13440","13440"
"134439","48.31523895263672","48.31523895263672","48.31523895263672","13443","13443","13443"
"134449","40.794517517089844","40.794517517089844","40.794517517089844","13444","13444","13444"
"134469","36.01805877685547","36.01805877685547","36.01805877685547","13446","13446","13446"
"134529","43.03783416748047","43.03783416748047","43.03783416748047","13452","13452","13452"
"134539","38.016998291015625","38.016998291015625","38.016998291015625","13453","13453","13453"
"134559","51.62567138671875","51.62567138671875","51.62567138671875","13455","13455","13455"
"134569","33.38572692871094","33.38572692871094","33.38572692871094","13456","13456","13456"
"134589","57.8983039855957","57.8983039855957","57.8983039855957","13458","13458","13458"
"134599","51.076107025146484","51.076107025146484","51.076107025146484","13459","13459","13459"
"134619","49.484840393066406","49.484840393066406","49.484840393066406","13461","13461","13461"
"134629","37.50440979003906","37.50440979003906","37.50440979003906","13462","13462","13462"
"134639","43.98704528808594","43.98704528808594","43.98704528808594","13463","13463","13463"
"134659","34.42392349243164","34.42392349243164","34.42392349243164","13465","13465","13465"
"134679","35.31467056274414","35.31467056274414","35.31467056274414","13467","13467","13467"
"134689","49.604957580566406","49.604957580566406","49.604957580566406","13468","13468","13468"
"134699","27.905200958251953","27.905200958251953","27.905200958251953","13469","13469","13469"
"134729","44.862884521484375","44.862884521484375","44.862884521484375","13472","13472","13472"
"134739","44.978458404541016","44.978458404541016","44.978458404541016","13473","13473","13473"
"134759","34.69991683959961","34.69991683959961","34.69991683959961","13475","13475","13475"
"134769","41.825653076171875","41.825653076171875","41.825653076171875","13476","13476","13476"
"134779","40.579044342041016","40.579044342041016","40.579044342041016","13477","13477","13477"
"134799","50.8319091796875","50.8319091796875","50.8319091796875","13479","13479","13479"
"134809","33.18846130371094","33.18846130371094","33.18846130371094","13480","13480","13480"
"134819","30.760963439941406","30.760963439941406","30.760963439941406","13481","13481","13481"
"134839","38.01341247558594","38.01341247558594","38.01341247558594","13483","13483","13483"
"134859","38.53256607055664","38.53256607055664","38.53256607055664","13485","13485","13485"
"134879","53.09800338745117","53.09800338745117","53.09800338745117","13487","13487","13487"
"134889","41.456912994384766","41.456912994384766","41.456912994384766","13488","13488","13488"
"134899","52.048561096191406","52.048561096191406","52.048561096191406","13489","13489","13489"
"134909","34.60541534423828","34.60541534423828","34.60541534423828","13490","13490","13490"
"134939","49.028778076171875","49.028778076171875","49.028778076171875","13493","13493","13493"
"134969","31.3331356048584","31.3331356048584","31.3331356048584","13496","13496","13496"
"134989","38.1682014465332","38.1682014465332","38.1682014465332","13498","13498","13498"
"135009","53.75558853149414","53.75558853149414","53.75558853149414","13500","13500","13500"
"135019","34.381629943847656","34.381629943847656","34.381629943847656","13501","13501","13501"
"135049","40.4417724609375","40.4417724609375","40.4417724609375","13504","13504","13504"
"135069","42.75736618041992","42.75736618041992","42.75736618041992","13506","13506","13506"
"135079","35.798248291015625","35.798248291015625","35.798248291015625","13507","13507","13507"
"135109","46.03416442871094","46.03416442871094","46.03416442871094","13510","13510","13510"
"135119","47.62146759033203","47.62146759033203","47.62146759033203","13511","13511","13511"
"135129","66.66770935058594","66.66770935058594","66.66770935058594","13512","13512","13512"
"135139","61.667259216308594","61.667259216308594","61.667259216308594","13513","13513","13513"
"135149","31.744882583618164","31.744882583618164","31.744882583618164","13514","13514","13514"
"135179","49.5338134765625","49.5338134765625","49.5338134765625","13517","13517","13517"
"135189","45.66050338745117","45.66050338745117","45.66050338745117","13518","13518","13518"
"135199","45.85702133178711","45.85702133178711","45.85702133178711","13519","13519","13519"
"135229","48.40764617919922","48.40764617919922","48.40764617919922","13522","13522","13522"
"135259","38.817718505859375","38.817718505859375","38.817718505859375","13525","13525","13525"
"135269","43.57882308959961","43.57882308959961","43.57882308959961","13526","13526","13526"
"135289","49.98292541503906","49.98292541503906","49.98292541503906","13528","13528","13528"
"135319","37.15516662597656","37.15516662597656","37.15516662597656","13531","13531","13531"
"135329","40.512001037597656","40.512001037597656","40.512001037597656","13532","13532","13532"
"135369","41.841583251953125","41.841583251953125","41.841583251953125","13536","13536","13536"
"135379","45.55189514160156","45.55189514160156","45.55189514160156","13537","13537","13537"
"135389","33.417457580566406","33.417457580566406","33.417457580566406","13538","13538","13538"
"135399","38.924781799316406","38.924781799316406","38.924781799316406","13539","13539","13539"
"135429","41.86817169189453","41.86817169189453","41.86817169189453","13542","13542","13542"
"135449","35.53517532348633","35.53517532348633","35.53517532348633","13544","13544","13544"
"135469","38.91377258300781","38.91377258300781","38.91377258300781","13546","13546","13546"
"135479","40.34490966796875","40.34490966796875","40.34490966796875","13547","13547","13547"
"135509","45.93979263305664","45.93979263305664","45.93979263305664","13550","13550","13550"
"135519","31.517683029174805","31.517683029174805","31.517683029174805","13551","13551","13551"
"135529","56.33603286743164","56.33603286743164","56.33603286743164","13552","13552","13552"
"135539","45.30434036254883","45.30434036254883","45.30434036254883","13553","13553","13553"
"135549","49.73131561279297","49.73131561279297","49.73131561279297","13554","13554","13554"
"135569","45.80101776123047","45.80101776123047","45.80101776123047","13556","13556","13556"
"135579","48.37432098388672","48.37432098388672","48.37432098388672","13557","13557","13557"
"135599","39.92158126831055","39.92158126831055","39.92158126831055","13559","13559","13559"
"135609","52.088523864746094","52.088523864746094","52.088523864746094","13560","13560","13560"
"135629","34.775657653808594","34.775657653808594","34.775657653808594","13562","13562","13562"
"135639","50.00257110595703","50.00257110595703","50.00257110595703","13563","13563","13563"
"135649","53.24905776977539","53.24905776977539","53.24905776977539","13564","13564","13564"
"135669","45.22235870361328","45.22235870361328","45.22235870361328","13566","13566","13566"
"135689","43.12202835083008","43.12202835083008","43.12202835083008","13568","13568","13568"
"135699","46.36566925048828","46.36566925048828","46.36566925048828","13569","13569","13569"
"135739","39.66148376464844","39.66148376464844","39.66148376464844","13573","13573","13573"
"135749","39.32843780517578","39.32843780517578","39.32843780517578","13574","13574","13574"
"135759","47.679344177246094","47.679344177246094","47.679344177246094","13575","13575","13575"
"135769","36.967140197753906","36.967140197753906","36.967140197753906","13576","13576","13576"
"135779","41.84929656982422","41.84929656982422","41.84929656982422","13577","13577","13577"
"135799","40.158599853515625","40.158599853515625","40.158599853515625","13579","13579","13579"
"135819","32.04348373413086","32.04348373413086","32.04348373413086","13581","13581","13581"
"135869","31.847841262817383","31.847841262817383","31.847841262817383","13586","13586","13586"
"135879","32.643123626708984","32.643123626708984","32.643123626708984","13587","13587","13587"
"135889","65.11248779296875","65.11248779296875","65.11248779296875","13588","13588","13588"
"135909","39.86798858642578","39.86798858642578","39.86798858642578","13590","13590","13590"
"135939","38.55325698852539","38.55325698852539","38.55325698852539","13593","13593","13593"
"135969","41.30921173095703","41.30921173095703","41.30921173095703","13596","13596","13596"
"135979","39.043087005615234","39.043087005615234","39.043087005615234","13597","13597","13597"
"135999","42.099910736083984","42.099910736083984","42.099910736083984","13599","13599","13599"
"136039","70.14215087890625","70.14215087890625","70.14215087890625","13603","13603","13603"
"136049","40.05302047729492","40.05302047729492","40.05302047729492","13604","13604","13604"
"136069","37.215023040771484","37.215023040771484","37.215023040771484","13606","13606","13606"
"136099","62.529300689697266","62.529300689697266","62.529300689697266","13609","13609","13609"
"136109","50.185691833496094","50.185691833496094","50.185691833496094","13610","13610","13610"
"136149","37.67021560668945","37.67021560668945","37.67021560668945","13614","13614","13614"
"136169","50.470985412597656","50.470985412597656","50.470985412597656","13616","13616","13616"
"136179","37.94585418701172","37.94585418701172","37.94585418701172","13617","13617","13617"
"136189","39.646827697753906","39.646827697753906","39.646827697753906","13618","13618","13618"
"136209","43.52492904663086","43.52492904663086","43.52492904663086","13620","13620","13620"
"136239","50.81951141357422","50.81951141357422","50.81951141357422","13623","13623","13623"
"136249","33.66500473022461","33.66500473022461","33.66500473022461","13624","13624","13624"
"136269","42.148223876953125","42.148223876953125","42.148223876953125","13626","13626","13626"
"136279","39.25532150268555","39.25532150268555","39.25532150268555","13627","13627","13627"
"136289","45.032073974609375","45.032073974609375","45.032073974609375","13628","13628","13628"
"136299","72.58638000488281","72.58638000488281","72.58638000488281","13629","13629","13629"
"136309","32.81276321411133","32.81276321411133","32.81276321411133","13630","13630","13630"
"136319","30.996257781982422","30.996257781982422","30.996257781982422","13631","13631","13631"
"136369","35.79710006713867","35.79710006713867","35.79710006713867","13636","13636","13636"
"136379","36.673309326171875","36.673309326171875","36.673309326171875","13637","13637","13637"
"136399","180.5086669921875","180.5086669921875","180.5086669921875","13639","13639","13639"
"136439","44.315093994140625","44.315093994140625","44.315093994140625","13643","13643","13643"
"136479","33.886627197265625","33.886627197265625","33.886627197265625","13647","13647","13647"
"136509","62.74024200439453","62.74024200439453","62.74024200439453","13650","13650","13650"
"136519","38.73607635498047","38.73607635498047","38.73607635498047","13651","13651","13651"
"136589","39.12250900268555","39.12250900268555","39.12250900268555","13658","13658","13658"
"136599","42.44481658935547","42.44481658935547","42.44481658935547","13659","13659","13659"
"136619","47.122318267822266","47.122318267822266","47.122318267822266","13661","13661","13661"
"136629","48.72074890136719","48.72074890136719","48.72074890136719","13662","13662","13662"
"136639","39.54075622558594","39.54075622558594","39.54075622558594","13663","13663","13663"
"136659","48.466732025146484","48.466732025146484","48.466732025146484","13665","13665","13665"
"136669","56.315162658691406","56.315162658691406","56.315162658691406","13666","13666","13666"
"136679","35.407127380371094","35.407127380371094","35.407127380371094","13667","13667","13667"
"136699","43.501495361328125","43.501495361328125","43.501495361328125","13669","13669","13669"
"136709","58.852718353271484","58.852718353271484","58.852718353271484","13670","13670","13670"
"136729","42.350589752197266","42.350589752197266","42.350589752197266","13672","13672","13672"
"136749","29.829343795776367","29.829343795776367","29.829343795776367","13674","13674","13674"
"136759","66.13719940185547","66.13719940185547","66.13719940185547","13675","13675","13675"
"136809","41.63518524169922","41.63518524169922","41.63518524169922","13680","13680","13680"
"136839","142.84938049316406","142.84938049316406","142.84938049316406","13683","13683","13683"
"136889","44.791587829589844","44.791587829589844","44.791587829589844","13688","13688","13688"
"136929","31.64907455444336","31.64907455444336","31.64907455444336","13692","13692","13692"
"136959","36.799034118652344","36.799034118652344","36.799034118652344","13695","13695","13695"
"136979","37.91114044189453","37.91114044189453","37.91114044189453","13697","13697","13697"
"136989","79.71781921386719","79.71781921386719","79.71781921386719","13698","13698","13698"
"137029","187.48902893066406","187.48902893066406","187.48902893066406","13702","13702","13702"
"137039","50.65660858154297","50.65660858154297","50.65660858154297","13703","13703","13703"
"137069","65.5865707397461","65.5865707397461","65.5865707397461","13706","13706","13706"
"137089","39.89508056640625","39.89508056640625","39.89508056640625","13708","13708","13708"
"137119","69.02592468261719","69.02592468261719","69.02592468261719","13711","13711","13711"
"137149","37.97003173828125","37.97003173828125","37.97003173828125","13714","13714","13714"
"137159","42.319461822509766","42.319461822509766","42.319461822509766","13715","13715","13715"
"137189","35.22081756591797","35.22081756591797","35.22081756591797","13718","13718","13718"
"137269","47.0352897644043","47.0352897644043","47.0352897644043","13726","13726","13726"
"137279","36.913360595703125","36.913360595703125","36.913360595703125","13727","13727","13727"
"137289","53.88777160644531","53.88777160644531","53.88777160644531","13728","13728","13728"
"137319","77.53645324707031","77.53645324707031","77.53645324707031","13731","13731","13731"
"137329","45.092105865478516","45.092105865478516","45.092105865478516","13732","13732","13732"
"137359","27.57060432434082","27.57060432434082","27.57060432434082","13735","13735","13735"
"137379","40.627532958984375","40.627532958984375","40.627532958984375","13737","13737","13737"
"137389","45.26647186279297","45.26647186279297","45.26647186279297","13738","13738","13738"
"137419","40.13930130004883","40.13930130004883","40.13930130004883","13741","13741","13741"
"137429","47.07440948486328","47.07440948486328","47.07440948486328","13742","13742","13742"
"137469","51.59236145019531","51.59236145019531","51.59236145019531","13746","13746","13746"
"137489","46.833702087402344","46.833702087402344","46.833702087402344","13748","13748","13748"
"137549","33.211063385009766","33.211063385009766","33.211063385009766","13754","13754","13754"
"137559","40.31427764892578","40.31427764892578","40.31427764892578","13755","13755","13755"
"137569","34.09952163696289","34.09952163696289","34.09952163696289","13756","13756","13756"
"137609","38.64055633544922","38.64055633544922","38.64055633544922","13760","13760","13760"
"137679","33.25891876220703","33.25891876220703","33.25891876220703","13767","13767","13767"
"137759","44.046058654785156","44.046058654785156","44.046058654785156","13775","13775","13775"
"137769","41.495521545410156","41.495521545410156","41.495521545410156","13776","13776","13776"
"137809","53.46580505371094","53.46580505371094","53.46580505371094","13780","13780","13780"
"137829","35.56485366821289","35.56485366821289","35.56485366821289","13782","13782","13782"
"137859","44.22979736328125","44.22979736328125","44.22979736328125","13785","13785","13785"
"137899","45.847930908203125","45.847930908203125","45.847930908203125","13789","13789","13789"
"137919","46.797576904296875","46.797576904296875","46.797576904296875","13791","13791","13791"
"138009","69.59048461914062","69.59048461914062","69.59048461914062","13800","13800","13800"
"138019","42.619956970214844","42.619956970214844","42.619956970214844","13801","13801","13801"
"138029","68.37232208251953","68.37232208251953","68.37232208251953","13802","13802","13802"
"138049","35.555728912353516","35.555728912353516","35.555728912353516","13804","13804","13804"
"138059","68.725830078125","68.725830078125","68.725830078125","13805","13805","13805"
"138129","53.20206832885742","53.20206832885742","53.20206832885742","13812","13812","13812"
"138139","44.86280059814453","44.86280059814453","44.86280059814453","13813","13813","13813"
"138169","35.03179168701172","35.03179168701172","35.03179168701172","13816","13816","13816"
"138219","38.73424530029297","38.73424530029297","38.73424530029297","13821","13821","13821"
"138229","44.707786560058594","44.707786560058594","44.707786560058594","13822","13822","13822"
"138249","40.07173156738281","40.07173156738281","40.07173156738281","13824","13824","13824"
"138299","41.1780891418457","41.1780891418457","41.1780891418457","13829","13829","13829"
"138319","66.85136413574219","66.85136413574219","66.85136413574219","13831","13831","13831"
"138329","35.24406433105469","35.24406433105469","35.24406433105469","13832","13832","13832"
"138349","46.23574447631836","46.23574447631836","46.23574447631836","13834","13834","13834"
"138359","44.84432601928711","44.84432601928711","44.84432601928711","13835","13835","13835"
"138369","35.35598373413086","35.35598373413086","35.35598373413086","13836","13836","13836"
"138409","39.92755889892578","39.92755889892578","39.92755889892578","13840","13840","13840"
"138419","57.11800765991211","57.11800765991211","57.11800765991211","13841","13841","13841"
"138429","36.53755187988281","36.53755187988281","36.53755187988281","13842","13842","13842"
"138449","44.401039123535156","44.401039123535156","44.401039123535156","13844","13844","13844"
"138459","54.273372650146484","54.273372650146484","54.273372650146484","13845","13845","13845"
"138469","35.831546783447266","35.831546783447266","35.831546783447266","13846","13846","13846"
"138489","41.779727935791016","41.779727935791016","41.779727935791016","13848","13848","13848"
"138499","126.2132568359375","126.2132568359375","126.2132568359375","13849","13849","13849"
"138539","40.108978271484375","40.108978271484375","40.108978271484375","13853","13853","13853"
"138549","43.909114837646484","43.909114837646484","43.909114837646484","13854","13854","13854"
"138559","36.794944763183594","36.794944763183594","36.794944763183594","13855","13855","13855"
"138569","36.79042434692383","36.79042434692383","36.79042434692383","13856","13856","13856"
"138609","40.3963508605957","40.3963508605957","40.3963508605957","13860","13860","13860"
"138619","37.95874786376953","37.95874786376953","37.95874786376953","13861","13861","13861"
"138659","40.598419189453125","40.598419189453125","40.598419189453125","13865","13865","13865"
"138669","39.88372802734375","39.88372802734375","39.88372802734375","13866","13866","13866"
"138689","49.318328857421875","49.318328857421875","49.318328857421875","13868","13868","13868"
"138749","52.68907928466797","52.68907928466797","52.68907928466797","13874","13874","13874"
"138779","36.70439910888672","36.70439910888672","36.70439910888672","13877","13877","13877"
"138789","41.539703369140625","41.539703369140625","41.539703369140625","13878","13878","13878"
"138819","33.9040641784668","33.9040641784668","33.9040641784668","13881","13881","13881"
"138879","33.658199310302734","33.658199310302734","33.658199310302734","13887","13887","13887"
"138889","38.50294876098633","38.50294876098633","38.50294876098633","13888","13888","13888"
"138909","50.41487121582031","50.41487121582031","50.41487121582031","13890","13890","13890"
"138969","40.01911544799805","40.01911544799805","40.01911544799805","13896","13896","13896"
"138989","39.46099090576172","39.46099090576172","39.46099090576172","13898","13898","13898"
"139009","36.89678955078125","36.89678955078125","36.89678955078125","13900","13900","13900"
"139019","40.17517852783203","40.17517852783203","40.17517852783203","13901","13901","13901"
"139089","40.849464416503906","40.849464416503906","40.849464416503906","13908","13908","13908"
"139159","50.638214111328125","50.638214111328125","50.638214111328125","13915","13915","13915"
"139219","37.05620574951172","37.05620574951172","37.05620574951172","13921","13921","13921"
"139229","46.7459716796875","46.7459716796875","46.7459716796875","13922","13922","13922"
"139279","30.222034454345703","30.222034454345703","30.222034454345703","13927","13927","13927"
"139329","40.02473068237305","40.02473068237305","40.02473068237305","13932","13932","13932"
"139349","36.93229675292969","36.93229675292969","36.93229675292969","13934","13934","13934"
"139369","48.027252197265625","48.027252197265625","48.027252197265625","13936","13936","13936"
"139399","36.90809631347656","36.90809631347656","36.90809631347656","13939","13939","13939"
"139439","41.83676528930664","41.83676528930664","41.83676528930664","13943","13943","13943"
"139449","49.06481170654297","49.06481170654297","49.06481170654297","13944","13944","13944"
"139459","38.03542709350586","38.03542709350586","38.03542709350586","13945","13945","13945"
"139479","68.25575256347656","68.25575256347656","68.25575256347656","13947","13947","13947"
"139489","37.508934020996094","37.508934020996094","37.508934020996094","13948","13948","13948"
"139499","35.032752990722656","35.032752990722656","35.032752990722656","13949","13949","13949"
"139519","64.2918701171875","64.2918701171875","64.2918701171875","13951","13951","13951"
"139569","38.69705581665039","38.69705581665039","38.69705581665039","13956","13956","13956"
"139579","41.69440841674805","41.69440841674805","41.69440841674805","13957","13957","13957"
"139599","40.923954010009766","40.923954010009766","40.923954010009766","13959","13959","13959"
"139619","43.80955123901367","43.80955123901367","43.80955123901367","13961","13961","13961"
"139629","37.50297546386719","37.50297546386719","37.50297546386719","13962","13962","13962"
"139689","50.80966567993164","50.80966567993164","50.80966567993164","13968","13968","13968"
"139719","48.09026336669922","48.09026336669922","48.09026336669922","13971","13971","13971"
"139729","38.03910827636719","38.03910827636719","38.03910827636719","13972","13972","13972"
"139749","41.361637115478516","41.361637115478516","41.361637115478516","13974","13974","13974"
"139769","38.72455978393555","38.72455978393555","38.72455978393555","13976","13976","13976"
"139779","55.08519744873047","55.08519744873047","55.08519744873047","13977","13977","13977"
"139799","51.51633071899414","51.51633071899414","51.51633071899414","13979","13979","13979"
"139839","29.910505294799805","29.910505294799805","29.910505294799805","13983","13983","13983"
"139849","36.18159484863281","36.18159484863281","36.18159484863281","13984","13984","13984"
"139859","40.58253860473633","40.58253860473633","40.58253860473633","13985","13985","13985"
"139939","38.685726165771484","38.685726165771484","38.685726165771484","13993","13993","13993"
"139959","35.80738830566406","35.80738830566406","35.80738830566406","13995","13995","13995"
"139989","51.45359802246094","51.45359802246094","51.45359802246094","13998","13998","13998"
"139999","36.87601852416992","36.87601852416992","36.87601852416992","13999","13999","13999"
"140009","46.671939849853516","46.671939849853516","46.671939849853516","14000","14000","14000"
"140019","40.18378829956055","40.18378829956055","40.18378829956055","14001","14001","14001"
"140069","41.277793884277344","41.277793884277344","41.277793884277344","14006","14006","14006"
"140079","34.54542922973633","34.54542922973633","34.54542922973633","14007","14007","14007"
"140089","34.568172454833984","34.568172454833984","34.568172454833984","14008","14008","14008"
"140099","37.38449478149414","37.38449478149414","37.38449478149414","14009","14009","14009"
"140169","53.49961853027344","53.49961853027344","53.49961853027344","14016","14016","14016"
"140179","32.18634796142578","32.18634796142578","32.18634796142578","14017","14017","14017"
"140189","68.78526306152344","68.78526306152344","68.78526306152344","14018","14018","14018"
"140259","37.36123275756836","37.36123275756836","37.36123275756836","14025","14025","14025"
"140269","31.738252639770508","31.738252639770508","31.738252639770508","14026","14026","14026"
"140289","46.08032989501953","46.08032989501953","46.08032989501953","14028","14028","14028"
"140299","52.86540985107422","52.86540985107422","52.86540985107422","14029","14029","14029"
"140339","38.353878021240234","38.353878021240234","38.353878021240234","14033","14033","14033"
"140349","33.367218017578125","33.367218017578125","33.367218017578125","14034","14034","14034"
"140369","42.719581604003906","42.719581604003906","42.719581604003906","14036","14036","14036"
"140419","42.27486801147461","42.27486801147461","42.27486801147461","14041","14041","14041"
"140429","41.4515266418457","41.4515266418457","41.4515266418457","14042","14042","14042"
"140439","34.68272399902344","34.68272399902344","34.68272399902344","14043","14043","14043"
"140449","53.964744567871094","53.964744567871094","53.964744567871094","14044","14044","14044"
"140479","35.59677505493164","35.59677505493164","35.59677505493164","14047","14047","14047"
"140499","42.692848205566406","42.692848205566406","42.692848205566406","14049","14049","14049"
"140509","36.7374153137207","36.7374153137207","36.7374153137207","14050","14050","14050"
"140529","42.58580017089844","42.58580017089844","42.58580017089844","14052","14052","14052"
"140549","38.18284225463867","38.18284225463867","38.18284225463867","14054","14054","14054"
"140589","43.489601135253906","43.489601135253906","43.489601135253906","14058","14058","14058"
"140629","75.29095458984375","75.29095458984375","75.29095458984375","14062","14062","14062"
"140649","49.63701248168945","49.63701248168945","49.63701248168945","14064","14064","14064"
"140659","42.81699752807617","42.81699752807617","42.81699752807617","14065","14065","14065"
"140669","41.59699249267578","41.59699249267578","41.59699249267578","14066","14066","14066"
"140679","37.948463439941406","37.948463439941406","37.948463439941406","14067","14067","14067"
"140689","42.823158264160156","42.823158264160156","42.823158264160156","14068","14068","14068"
"140749","36.951656341552734","36.951656341552734","36.951656341552734","14074","14074","14074"
"140759","50.81121063232422","50.81121063232422","50.81121063232422","14075","14075","14075"
"140779","31.716915130615234","31.716915130615234","31.716915130615234","14077","14077","14077"
"140789","40.6357536315918","40.6357536315918","40.6357536315918","14078","14078","14078"
"140799","40.03319549560547","40.03319549560547","40.03319549560547","14079","14079","14079"
"140809","42.337913513183594","42.337913513183594","42.337913513183594","14080","14080","14080"
"140829","40.87687683105469","40.87687683105469","40.87687683105469","14082","14082","14082"
"140859","45.4626579284668","45.4626579284668","45.4626579284668","14085","14085","14085"
"140869","41.07923126220703","41.07923126220703","41.07923126220703","14086","14086","14086"
"140879","43.5780143737793","43.5780143737793","43.5780143737793","14087","14087","14087"
"140899","45.815025329589844","45.815025329589844","45.815025329589844","14089","14089","14089"
"140909","44.11114501953125","44.11114501953125","44.11114501953125","14090","14090","14090"
"140919","38.87661361694336","38.87661361694336","38.87661361694336","14091","14091","14091"
"140929","56.84539794921875","56.84539794921875","56.84539794921875","14092","14092","14092"
"140939","46.0316162109375","46.0316162109375","46.0316162109375","14093","14093","14093"
"140949","39.30419158935547","39.30419158935547","39.30419158935547","14094","14094","14094"
"140969","38.40010070800781","38.40010070800781","38.40010070800781","14096","14096","14096"
"140999","32.610504150390625","32.610504150390625","32.610504150390625","14099","14099","14099"
"141019","44.28422927856445","44.28422927856445","44.28422927856445","14101","14101","14101"
"141059","47.33198928833008","47.33198928833008","47.33198928833008","14105","14105","14105"
"141119","38.568546295166016","38.568546295166016","38.568546295166016","14111","14111","14111"
"141129","93.99995422363281","93.99995422363281","93.99995422363281","14112","14112","14112"
"141139","52.69948196411133","52.69948196411133","52.69948196411133","14113","14113","14113"
"141149","51.48631286621094","51.48631286621094","51.48631286621094","14114","14114","14114"
"141159","34.8759651184082","34.8759651184082","34.8759651184082","14115","14115","14115"
"141169","65.0889663696289","65.0889663696289","65.0889663696289","14116","14116","14116"
"141199","39.670326232910156","39.670326232910156","39.670326232910156","14119","14119","14119"
"141219","31.867828369140625","31.867828369140625","31.867828369140625","14121","14121","14121"
"141249","46.117042541503906","46.117042541503906","46.117042541503906","14124","14124","14124"
"141299","30.831708908081055","30.831708908081055","30.831708908081055","14129","14129","14129"
"141309","41.7545166015625","41.7545166015625","41.7545166015625","14130","14130","14130"
"141339","41.21493911743164","41.21493911743164","41.21493911743164","14133","14133","14133"
"141369","48.76834487915039","48.76834487915039","48.76834487915039","14136","14136","14136"
"141379","53.58844757080078","53.58844757080078","53.58844757080078","14137","14137","14137"
"141389","31.834115982055664","31.834115982055664","31.834115982055664","14138","14138","14138"
"141409","46.450439453125","46.450439453125","46.450439453125","14140","14140","14140"
"141419","80.03253173828125","80.03253173828125","80.03253173828125","14141","14141","14141"
"141439","32.68658447265625","32.68658447265625","32.68658447265625","14143","14143","14143"
"141459","52.7773323059082","52.7773323059082","52.7773323059082","14145","14145","14145"
"141489","74.33305358886719","74.33305358886719","74.33305358886719","14148","14148","14148"
"141509","40.97382736206055","40.97382736206055","40.97382736206055","14150","14150","14150"
"141529","34.059444427490234","34.059444427490234","34.059444427490234","14152","14152","14152"
"141539","53.0887451171875","53.0887451171875","53.0887451171875","14153","14153","14153"
"141549","51.0020751953125","51.0020751953125","51.0020751953125","14154","14154","14154"
"141579","39.32395553588867","39.32395553588867","39.32395553588867","14157","14157","14157"
"141619","51.479148864746094","51.479148864746094","51.479148864746094","14161","14161","14161"
"141629","48.611595153808594","48.611595153808594","48.611595153808594","14162","14162","14162"
"141679","41.06429672241211","41.06429672241211","41.06429672241211","14167","14167","14167"
"141699","56.129417419433594","56.129417419433594","56.129417419433594","14169","14169","14169"
"141709","47.516571044921875","47.516571044921875","47.516571044921875","14170","14170","14170"
"141749","52.59083938598633","52.59083938598633","52.59083938598633","14174","14174","14174"
"141759","32.587188720703125","32.587188720703125","32.587188720703125","14175","14175","14175"
"141779","45.44563293457031","45.44563293457031","45.44563293457031","14177","14177","14177"
"141819","45.243614196777344","45.243614196777344","45.243614196777344","14181","14181","14181"
"141829","47.403568267822266","47.403568267822266","47.403568267822266","14182","14182","14182"
"141859","37.48200607299805","37.48200607299805","37.48200607299805","14185","14185","14185"
"141869","81.37787628173828","81.37787628173828","81.37787628173828","14186","14186","14186"
"141919","75.97224426269531","75.97224426269531","75.97224426269531","14191","14191","14191"
"141929","36.93684768676758","36.93684768676758","36.93684768676758","14192","14192","14192"
"141939","40.21002197265625","40.21002197265625","40.21002197265625","14193","14193","14193"
"141949","55.078739166259766","55.078739166259766","55.078739166259766","14194","14194","14194"
"142019","36.611366271972656","36.611366271972656","36.611366271972656","14201","14201","14201"
"142029","43.94585418701172","43.94585418701172","43.94585418701172","14202","14202","14202"
"142059","36.77372360229492","36.77372360229492","36.77372360229492","14205","14205","14205"
"142069","42.05310821533203","42.05310821533203","42.05310821533203","14206","14206","14206"
"142079","33.425750732421875","33.425750732421875","33.425750732421875","14207","14207","14207"
"142139","38.28907775878906","38.28907775878906","38.28907775878906","14213","14213","14213"
"142149","38.28863525390625","38.28863525390625","38.28863525390625","14214","14214","14214"
"142169","37.406394958496094","37.406394958496094","37.406394958496094","14216","14216","14216"
"142199","59.070613861083984","59.070613861083984","59.070613861083984","14219","14219","14219"
"142229","46.35096740722656","46.35096740722656","46.35096740722656","14222","14222","14222"
"142259","42.20535659790039","42.20535659790039","42.20535659790039","14225","14225","14225"
"142279","45.58918762207031","45.58918762207031","45.58918762207031","14227","14227","14227"
"142299","35.60548400878906","35.60548400878906","35.60548400878906","14229","14229","14229"
"142319","52.29689025878906","52.29689025878906","52.29689025878906","14231","14231","14231"
"142329","37.57730484008789","37.57730484008789","37.57730484008789","14232","14232","14232"
"142439","37.05496597290039","37.05496597290039","37.05496597290039","14243","14243","14243"
"142459","62.357398986816406","62.357398986816406","62.357398986816406","14245","14245","14245"
"142469","34.026309967041016","34.026309967041016","34.026309967041016","14246","14246","14246"
"142509","49.39410400390625","49.39410400390625","49.39410400390625","14250","14250","14250"
"142529","34.492149353027344","34.492149353027344","34.492149353027344","14252","14252","14252"
"142539","35.921993255615234","35.921993255615234","35.921993255615234","14253","14253","14253"
"142559","52.843482971191406","52.843482971191406","52.843482971191406","14255","14255","14255"
"142569","41.0628776550293","41.0628776550293","41.0628776550293","14256","14256","14256"
"142609","44.35722351074219","44.35722351074219","44.35722351074219","14260","14260","14260"
"142629","39.3175048828125","39.3175048828125","39.3175048828125","14262","14262","14262"
"142659","36.24460983276367","36.24460983276367","36.24460983276367","14265","14265","14265"
"142669","64.29080200195312","64.29080200195312","64.29080200195312","14266","14266","14266"
"142689","31.535049438476562","31.535049438476562","31.535049438476562","14268","14268","14268"
"142759","55.001338958740234","55.001338958740234","55.001338958740234","14275","14275","14275"
"142769","34.814640045166016","34.814640045166016","34.814640045166016","14276","14276","14276"
"142779","41.51445007324219","41.51445007324219","41.51445007324219","14277","14277","14277"
"142789","40.552425384521484","40.552425384521484","40.552425384521484","14278","14278","14278"
"142799","41.993309020996094","41.993309020996094","41.993309020996094","14279","14279","14279"
"142809","39.77000427246094","39.77000427246094","39.77000427246094","14280","14280","14280"
"142819","35.41032409667969","35.41032409667969","35.41032409667969","14281","14281","14281"
"142829","115.07737731933594","115.07737731933594","115.07737731933594","14282","14282","14282"
"142869","44.10340881347656","44.10340881347656","44.10340881347656","14286","14286","14286"
"142919","66.38510131835938","66.38510131835938","66.38510131835938","14291","14291","14291"
"142929","34.90282440185547","34.90282440185547","34.90282440185547","14292","14292","14292"
"142949","45.880615234375","45.880615234375","45.880615234375","14294","14294","14294"
"142969","36.400150299072266","36.400150299072266","36.400150299072266","14296","14296","14296"
"142979","39.16504669189453","39.16504669189453","39.16504669189453","14297","14297","14297"
"142989","38.41352081298828","38.41352081298828","38.41352081298828","14298","14298","14298"
"143009","47.19873809814453","47.19873809814453","47.19873809814453","14300","14300","14300"
"143029","37.70643997192383","37.70643997192383","37.70643997192383","14302","14302","14302"
"143049","55.632728576660156","55.632728576660156","55.632728576660156","14304","14304","14304"
"143059","113.35818481445312","113.35818481445312","113.35818481445312","14305","14305","14305"
"143069","36.21648406982422","36.21648406982422","36.21648406982422","14306","14306","14306"
"143099","46.38147735595703","46.38147735595703","46.38147735595703","14309","14309","14309"
"143179","43.404502868652344","43.404502868652344","43.404502868652344","14317","14317","14317"
"143189","43.61295700073242","43.61295700073242","43.61295700073242","14318","14318","14318"
"143199","40.30526351928711","40.30526351928711","40.30526351928711","14319","14319","14319"
"143219","33.68968200683594","33.68968200683594","33.68968200683594","14321","14321","14321"
"143269","50.780296325683594","50.780296325683594","50.780296325683594","14326","14326","14326"
"143309","45.049312591552734","45.049312591552734","45.049312591552734","14330","14330","14330"
"143319","31.540149688720703","31.540149688720703","31.540149688720703","14331","14331","14331"
"143369","33.89100646972656","33.89100646972656","33.89100646972656","14336","14336","14336"
"143379","40.24978256225586","40.24978256225586","40.24978256225586","14337","14337","14337"
"143399","30.490917205810547","30.490917205810547","30.490917205810547","14339","14339","14339"
"143419","66.34378051757812","66.34378051757812","66.34378051757812","14341","14341","14341"
"143429","33.540985107421875","33.540985107421875","33.540985107421875","14342","14342","14342"
"143439","47.486263275146484","47.486263275146484","47.486263275146484","14343","14343","14343"
"143449","44.053829193115234","44.053829193115234","44.053829193115234","14344","14344","14344"
"143469","43.657630920410156","43.657630920410156","43.657630920410156","14346","14346","14346"
"143489","40.24818420410156","40.24818420410156","40.24818420410156","14348","14348","14348"
"143589","36.55228042602539","36.55228042602539","36.55228042602539","14358","14358","14358"
"143599","42.58024978637695","42.58024978637695","42.58024978637695","14359","14359","14359"
"143669","39.66394805908203","39.66394805908203","39.66394805908203","14366","14366","14366"
"143699","51.29292678833008","51.29292678833008","51.29292678833008","14369","14369","14369"
"143709","48.953975677490234","48.953975677490234","48.953975677490234","14370","14370","14370"
"143749","50.40903091430664","50.40903091430664","50.40903091430664","14374","14374","14374"
"143779","32.153202056884766","32.153202056884766","32.153202056884766","14377","14377","14377"
"143799","41.31326675415039","41.31326675415039","41.31326675415039","14379","14379","14379"
"143809","41.91648864746094","41.91648864746094","41.91648864746094","14380","14380","14380"
"143829","49.030670166015625","49.030670166015625","49.030670166015625","14382","14382","14382"
"143849","39.33345413208008","39.33345413208008","39.33345413208008","14384","14384","14384"
"143879","51.630435943603516","51.630435943603516","51.630435943603516","14387","14387","14387"
"143899","27.84173011779785","27.84173011779785","27.84173011779785","14389","14389","14389"
"143919","56.81587219238281","56.81587219238281","56.81587219238281","14391","14391","14391"
"143949","48.17818832397461","48.17818832397461","48.17818832397461","14394","14394","14394"
"143989","51.65177917480469","51.65177917480469","51.65177917480469","14398","14398","14398"
"143999","58.87104415893555","58.87104415893555","58.87104415893555","14399","14399","14399"
"144019","31.77877426147461","31.77877426147461","31.77877426147461","14401","14401","14401"
"144029","44.59750747680664","44.59750747680664","44.59750747680664","14402","14402","14402"
"144049","44.24375534057617","44.24375534057617","44.24375534057617","14404","14404","14404"
"144059","37.90031433105469","37.90031433105469","37.90031433105469","14405","14405","14405"
"144119","52.28295135498047","52.28295135498047","52.28295135498047","14411","14411","14411"
"144149","37.75800704956055","37.75800704956055","37.75800704956055","14414","14414","14414"
"144189","45.95832061767578","45.95832061767578","45.95832061767578","14418","14418","14418"
"144229","35.80412673950195","35.80412673950195","35.80412673950195","14422","14422","14422"
"144249","35.41741180419922","35.41741180419922","35.41741180419922","14424","14424","14424"
"144299","53.860191345214844","53.860191345214844","53.860191345214844","14429","14429","14429"
"144369","35.719482421875","35.719482421875","35.719482421875","14436","14436","14436"
"144379","46.88964080810547","46.88964080810547","46.88964080810547","14437","14437","14437"
"144399","38.35206604003906","38.35206604003906","38.35206604003906","14439","14439","14439"
"144419","47.849143981933594","47.849143981933594","47.849143981933594","14441","14441","14441"
"144429","37.72814178466797","37.72814178466797","37.72814178466797","14442","14442","14442"
"144459","43.881492614746094","43.881492614746094","43.881492614746094","14445","14445","14445"
"144469","65.01558685302734","65.01558685302734","65.01558685302734","14446","14446","14446"
"144479","33.75634002685547","33.75634002685547","33.75634002685547","14447","14447","14447"
"144489","34.322940826416016","34.322940826416016","34.322940826416016","14448","14448","14448"
"144499","45.741390228271484","45.741390228271484","45.741390228271484","14449","14449","14449"
"144519","59.7824821472168","59.7824821472168","59.7824821472168","14451","14451","14451"
"144549","41.05780029296875","41.05780029296875","41.05780029296875","14454","14454","14454"
"144569","39.24393844604492","39.24393844604492","39.24393844604492","14456","14456","14456"
"144579","39.96001434326172","39.96001434326172","39.96001434326172","14457","14457","14457"
"144609","39.97856903076172","39.97856903076172","39.97856903076172","14460","14460","14460"
"144619","33.13837432861328","33.13837432861328","33.13837432861328","14461","14461","14461"
"144629","41.88316345214844","41.88316345214844","41.88316345214844","14462","14462","14462"
"144639","47.57210159301758","47.57210159301758","47.57210159301758","14463","14463","14463"
"144709","39.30150604248047","39.30150604248047","39.30150604248047","14470","14470","14470"
"144719","33.00999069213867","33.00999069213867","33.00999069213867","14471","14471","14471"
"144739","45.4758415222168","45.4758415222168","45.4758415222168","14473","14473","14473"
"144779","42.39472198486328","42.39472198486328","42.39472198486328","14477","14477","14477"
"144789","48.563682556152344","48.563682556152344","48.563682556152344","14478","14478","14478"
"144799","49.294925689697266","49.294925689697266","49.294925689697266","14479","14479","14479"
"144819","45.310752868652344","45.310752868652344","45.310752868652344","14481","14481","14481"
"144829","45.46990203857422","45.46990203857422","45.46990203857422","14482","14482","14482"
"144839","66.56733703613281","66.56733703613281","66.56733703613281","14483","14483","14483"
"144849","35.638145446777344","35.638145446777344","35.638145446777344","14484","14484","14484"
"144859","35.17721939086914","35.17721939086914","35.17721939086914","14485","14485","14485"
"144869","44.409812927246094","44.409812927246094","44.409812927246094","14486","14486","14486"
"144879","38.16728591918945","38.16728591918945","38.16728591918945","14487","14487","14487"
"144889","43.9227180480957","43.9227180480957","43.9227180480957","14488","14488","14488"
"144949","40.61161804199219","40.61161804199219","40.61161804199219","14494","14494","14494"
"144979","38.54500961303711","38.54500961303711","38.54500961303711","14497","14497","14497"
"145029","40.01767349243164","40.01767349243164","40.01767349243164","14502","14502","14502"
"145049","40.38770294189453","40.38770294189453","40.38770294189453","14504","14504","14504"
"145059","39.87761306762695","39.87761306762695","39.87761306762695","14505","14505","14505"
"145079","31.519691467285156","31.519691467285156","31.519691467285156","14507","14507","14507"
"145099","37.183834075927734","37.183834075927734","37.183834075927734","14509","14509","14509"
"145119","35.21982192993164","35.21982192993164","35.21982192993164","14511","14511","14511"
"145129","48.554649353027344","48.554649353027344","48.554649353027344","14512","14512","14512"
"145159","73.93521118164062","73.93521118164062","73.93521118164062","14515","14515","14515"
"145169","35.6966667175293","35.6966667175293","35.6966667175293","14516","14516","14516"
"145179","43.030120849609375","43.030120849609375","43.030120849609375","14517","14517","14517"
"145199","50.32327651977539","50.32327651977539","50.32327651977539","14519","14519","14519"
"145209","49.409820556640625","49.409820556640625","49.409820556640625","14520","14520","14520"
"145269","35.74576187133789","35.74576187133789","35.74576187133789","14526","14526","14526"
"145279","41.59765625","41.59765625","41.59765625","14527","14527","14527"
"145299","30.711986541748047","30.711986541748047","30.711986541748047","14529","14529","14529"
"145379","33.34684753417969","33.34684753417969","33.34684753417969","14537","14537","14537"
"145399","33.2883415222168","33.2883415222168","33.2883415222168","14539","14539","14539"
"145409","40.723148345947266","40.723148345947266","40.723148345947266","14540","14540","14540"
"145469","54.75579833984375","54.75579833984375","54.75579833984375","14546","14546","14546"
"145479","34.53044509887695","34.53044509887695","34.53044509887695","14547","14547","14547"
"145519","62.75865936279297","62.75865936279297","62.75865936279297","14551","14551","14551"
"145529","38.1360969543457","38.1360969543457","38.1360969543457","14552","14552","14552"
"145559","42.30757522583008","42.30757522583008","42.30757522583008","14555","14555","14555"
"145569","39.09885787963867","39.09885787963867","39.09885787963867","14556","14556","14556"
"145589","37.75740051269531","37.75740051269531","37.75740051269531","14558","14558","14558"
"145629","36.12724685668945","36.12724685668945","36.12724685668945","14562","14562","14562"
"145659","40.07655715942383","40.07655715942383","40.07655715942383","14565","14565","14565"
"145669","36.72394561767578","36.72394561767578","36.72394561767578","14566","14566","14566"
"145679","44.95050048828125","44.95050048828125","44.95050048828125","14567","14567","14567"
"145709","50.71179962158203","50.71179962158203","50.71179962158203","14570","14570","14570"
"145739","36.59331130981445","36.59331130981445","36.59331130981445","14573","14573","14573"
"145759","45.23628234863281","45.23628234863281","45.23628234863281","14575","14575","14575"
"145769","39.653053283691406","39.653053283691406","39.653053283691406","14576","14576","14576"
"145799","42.54456329345703","42.54456329345703","42.54456329345703","14579","14579","14579"
"145809","41.905181884765625","41.905181884765625","41.905181884765625","14580","14580","14580"
"145869","34.77232360839844","34.77232360839844","34.77232360839844","14586","14586","14586"
"145899","37.33696365356445","37.33696365356445","37.33696365356445","14589","14589","14589"
"145919","38.639060974121094","38.639060974121094","38.639060974121094","14591","14591","14591"
"145929","30.408472061157227","30.408472061157227","30.408472061157227","14592","14592","14592"
"145939","37.63431167602539","37.63431167602539","37.63431167602539","14593","14593","14593"
"145959","34.40925979614258","34.40925979614258","34.40925979614258","14595","14595","14595"
"145999","40.58386993408203","40.58386993408203","40.58386993408203","14599","14599","14599"
"146069","35.72566223144531","35.72566223144531","35.72566223144531","14606","14606","14606"
"146109","29.17724609375","29.17724609375","29.17724609375","14610","14610","14610"
"146119","42.62502670288086","42.62502670288086","42.62502670288086","14611","14611","14611"
"146129","44.01805114746094","44.01805114746094","44.01805114746094","14612","14612","14612"
"146159","38.82026672363281","38.82026672363281","38.82026672363281","14615","14615","14615"
"146189","47.90423583984375","47.90423583984375","47.90423583984375","14618","14618","14618"
"146239","55.81573486328125","55.81573486328125","55.81573486328125","14623","14623","14623"
"146269","62.372066497802734","62.372066497802734","62.372066497802734","14626","14626","14626"
"146299","34.834529876708984","34.834529876708984","34.834529876708984","14629","14629","14629"
"146309","70.84639739990234","70.84639739990234","70.84639739990234","14630","14630","14630"
"146319","32.89091110229492","32.89091110229492","32.89091110229492","14631","14631","14631"
"146349","38.88890075683594","38.88890075683594","38.88890075683594","14634","14634","14634"
"146369","41.1730842590332","41.1730842590332","41.1730842590332","14636","14636","14636"
"146389","49.051334381103516","49.051334381103516","49.051334381103516","14638","14638","14638"
"146399","46.185691833496094","46.185691833496094","46.185691833496094","14639","14639","14639"
"146409","38.647430419921875","38.647430419921875","38.647430419921875","14640","14640","14640"
"146429","57.626502990722656","57.626502990722656","57.626502990722656","14642","14642","14642"
"146459","34.47740173339844","34.47740173339844","34.47740173339844","14645","14645","14645"
"146469","37.4018440246582","37.4018440246582","37.4018440246582","14646","14646","14646"
"146529","34.30616760253906","34.30616760253906","34.30616760253906","14652","14652","14652"
"146539","39.972591400146484","39.972591400146484","39.972591400146484","14653","14653","14653"
"146549","53.89350128173828","53.89350128173828","53.89350128173828","14654","14654","14654"
"146559","36.786949157714844","36.786949157714844","36.786949157714844","14655","14655","14655"
"146609","34.66508102416992","34.66508102416992","34.66508102416992","14660","14660","14660"
"146639","38.19359588623047","38.19359588623047","38.19359588623047","14663","14663","14663"
"146659","42.37538146972656","42.37538146972656","42.37538146972656","14665","14665","14665"
"146679","40.264076232910156","40.264076232910156","40.264076232910156","14667","14667","14667"
"146709","37.82284164428711","37.82284164428711","37.82284164428711","14670","14670","14670"
"146719","44.10222625732422","44.10222625732422","44.10222625732422","14671","14671","14671"
"146729","39.5988655090332","39.5988655090332","39.5988655090332","14672","14672","14672"
"146759","50.451805114746094","50.451805114746094","50.451805114746094","14675","14675","14675"
"146779","41.005001068115234","41.005001068115234","41.005001068115234","14677","14677","14677"
"146789","48.91739273071289","48.91739273071289","48.91739273071289","14678","14678","14678"
"146809","45.472129821777344","45.472129821777344","45.472129821777344","14680","14680","14680"
"146829","47.118831634521484","47.118831634521484","47.118831634521484","14682","14682","14682"
"146849","44.450504302978516","44.450504302978516","44.450504302978516","14684","14684","14684"
"146859","32.94914245605469","32.94914245605469","32.94914245605469","14685","14685","14685"
"146879","35.878273010253906","35.878273010253906","35.878273010253906","14687","14687","14687"
"146889","36.166866302490234","36.166866302490234","36.166866302490234","14688","14688","14688"
"146899","65.76593780517578","65.76593780517578","65.76593780517578","14689","14689","14689"
"146909","31.32979965209961","31.32979965209961","31.32979965209961","14690","14690","14690"
"146929","28.86676788330078","28.86676788330078","28.86676788330078","14692","14692","14692"
"146939","34.0187873840332","34.0187873840332","34.0187873840332","14693","14693","14693"
"146959","49.68387985229492","49.68387985229492","49.68387985229492","14695","14695","14695"
"146979","32.92535400390625","32.92535400390625","32.92535400390625","14697","14697","14697"
"146989","34.80388641357422","34.80388641357422","34.80388641357422","14698","14698","14698"
"146999","68.73773956298828","68.73773956298828","68.73773956298828","14699","14699","14699"
"147059","55.10821533203125","55.10821533203125","55.10821533203125","14705","14705","14705"
"147089","35.057186126708984","35.057186126708984","35.057186126708984","14708","14708","14708"
"147099","42.5504035949707","42.5504035949707","42.5504035949707","14709","14709","14709"
"147109","37.929927825927734","37.929927825927734","37.929927825927734","14710","14710","14710"
"147139","26.526050567626953","26.526050567626953","26.526050567626953","14713","14713","14713"
"147159","42.49739074707031","42.49739074707031","42.49739074707031","14715","14715","14715"
"147179","73.72303771972656","73.72303771972656","73.72303771972656","14717","14717","14717"
"147189","35.37847137451172","35.37847137451172","35.37847137451172","14718","14718","14718"
"147219","51.61146545410156","51.61146545410156","51.61146545410156","14721","14721","14721"
"147229","39.13340759277344","39.13340759277344","39.13340759277344","14722","14722","14722"
"147239","48.89988708496094","48.89988708496094","48.89988708496094","14723","14723","14723"
"147249","36.219390869140625","36.219390869140625","36.219390869140625","14724","14724","14724"
"147269","51.561241149902344","51.561241149902344","51.561241149902344","14726","14726","14726"
"147339","44.17842483520508","44.17842483520508","44.17842483520508","14733","14733","14733"
"147359","38.800559997558594","38.800559997558594","38.800559997558594","14735","14735","14735"
"147369","34.04966735839844","34.04966735839844","34.04966735839844","14736","14736","14736"
"147379","47.87858963012695","47.87858963012695","47.87858963012695","14737","14737","14737"
"147409","31.66607666015625","31.66607666015625","31.66607666015625","14740","14740","14740"
"147429","46.82984161376953","46.82984161376953","46.82984161376953","14742","14742","14742"
"147439","39.050514221191406","39.050514221191406","39.050514221191406","14743","14743","14743"
"147459","35.02377700805664","35.02377700805664","35.02377700805664","14745","14745","14745"
"147469","40.84661102294922","40.84661102294922","40.84661102294922","14746","14746","14746"
"147479","46.531089782714844","46.531089782714844","46.531089782714844","14747","14747","14747"
"147499","50.245670318603516","50.245670318603516","50.245670318603516","14749","14749","14749"
"147529","45.27031326293945","45.27031326293945","45.27031326293945","14752","14752","14752"
"147539","38.09935760498047","38.09935760498047","38.09935760498047","14753","14753","14753"
"147569","39.46943664550781","39.46943664550781","39.46943664550781","14756","14756","14756"
"147579","61.97237777709961","61.97237777709961","61.97237777709961","14757","14757","14757"
"147609","66.67005920410156","66.67005920410156","66.67005920410156","14760","14760","14760"
"147629","33.93226623535156","33.93226623535156","33.93226623535156","14762","14762","14762"
"147639","36.303977966308594","36.303977966308594","36.303977966308594","14763","14763","14763"
"147709","43.049015045166016","43.049015045166016","43.049015045166016","14770","14770","14770"
"147719","31.32168197631836","31.32168197631836","31.32168197631836","14771","14771","14771"
"147749","36.1375617980957","36.1375617980957","36.1375617980957","14774","14774","14774"
"147759","34.9166259765625","34.9166259765625","34.9166259765625","14775","14775","14775"
"147769","47.50120162963867","47.50120162963867","47.50120162963867","14776","14776","14776"
"147779","54.449989318847656","54.449989318847656","54.449989318847656","14777","14777","14777"
"147789","51.877418518066406","51.877418518066406","51.877418518066406","14778","14778","14778"
"147809","44.298248291015625","44.298248291015625","44.298248291015625","14780","14780","14780"
"147819","41.77960968017578","41.77960968017578","41.77960968017578","14781","14781","14781"
"147829","38.26088333129883","38.26088333129883","38.26088333129883","14782","14782","14782"
"147849","36.00932312011719","36.00932312011719","36.00932312011719","14784","14784","14784"
"147869","60.64650344848633","60.64650344848633","60.64650344848633","14786","14786","14786"
"147879","43.542545318603516","43.542545318603516","43.542545318603516","14787","14787","14787"
"147889","42.528194427490234","42.528194427490234","42.528194427490234","14788","14788","14788"
"147929","37.85544967651367","37.85544967651367","37.85544967651367","14792","14792","14792"
"147979","61.43804168701172","61.43804168701172","61.43804168701172","14797","14797","14797"
"147989","59.22951889038086","59.22951889038086","59.22951889038086","14798","14798","14798"
"148009","33.01010513305664","33.01010513305664","33.01010513305664","14800","14800","14800"
"148049","34.79707717895508","34.79707717895508","34.79707717895508","14804","14804","14804"
"148059","37.013267517089844","37.013267517089844","37.013267517089844","14805","14805","14805"
"148089","35.073097229003906","35.073097229003906","35.073097229003906","14808","14808","14808"
"148099","40.75689697265625","40.75689697265625","40.75689697265625","14809","14809","14809"
"148149","51.25010299682617","51.25010299682617","51.25010299682617","14814","14814","14814"
"148169","43.855838775634766","43.855838775634766","43.855838775634766","14816","14816","14816"
"148179","37.06634521484375","37.06634521484375","37.06634521484375","14817","14817","14817"
"148229","74.48322296142578","74.48322296142578","74.48322296142578","14822","14822","14822"
"148259","38.974525451660156","38.974525451660156","38.974525451660156","14825","14825","14825"
"148269","33.73637771606445","33.73637771606445","33.73637771606445","14826","14826","14826"
"148279","38.69343948364258","38.69343948364258","38.69343948364258","14827","14827","14827"
"148309","42.488624572753906","42.488624572753906","42.488624572753906","14830","14830","14830"
"148409","51.19182586669922","51.19182586669922","51.19182586669922","14840","14840","14840"
"148419","45.13651657104492","45.13651657104492","45.13651657104492","14841","14841","14841"
"148429","38.69908142089844","38.69908142089844","38.69908142089844","14842","14842","14842"
"148439","40.93507385253906","40.93507385253906","40.93507385253906","14843","14843","14843"
"148449","34.3294792175293","34.3294792175293","34.3294792175293","14844","14844","14844"
"148489","37.07080841064453","37.07080841064453","37.07080841064453","14848","14848","14848"
"148499","39.203086853027344","39.203086853027344","39.203086853027344","14849","14849","14849"
"148519","49.824405670166016","49.824405670166016","49.824405670166016","14851","14851","14851"
"148619","44.50103759765625","44.50103759765625","44.50103759765625","14861","14861","14861"
"148639","43.19285202026367","43.19285202026367","43.19285202026367","14863","14863","14863"
"148669","34.18733596801758","34.18733596801758","34.18733596801758","14866","14866","14866"
"148679","38.08401870727539","38.08401870727539","38.08401870727539","14867","14867","14867"
"148699","42.255859375","42.255859375","42.255859375","14869","14869","14869"
"148709","63.88237762451172","63.88237762451172","63.88237762451172","14870","14870","14870"
"148719","49.05929183959961","49.05929183959961","49.05929183959961","14871","14871","14871"
"148729","38.575416564941406","38.575416564941406","38.575416564941406","14872","14872","14872"
"148739","37.71985626220703","37.71985626220703","37.71985626220703","14873","14873","14873"
"148749","32.34550857543945","32.34550857543945","32.34550857543945","14874","14874","14874"
"148759","39.20417022705078","39.20417022705078","39.20417022705078","14875","14875","14875"
"148769","46.055477142333984","46.055477142333984","46.055477142333984","14876","14876","14876"
"148789","35.17393112182617","35.17393112182617","35.17393112182617","14878","14878","14878"
"148809","45.82722854614258","45.82722854614258","45.82722854614258","14880","14880","14880"
"148839","38.62682342529297","38.62682342529297","38.62682342529297","14883","14883","14883"
"148849","117.96495056152344","117.96495056152344","117.96495056152344","14884","14884","14884"
"148869","41.1253662109375","41.1253662109375","41.1253662109375","14886","14886","14886"
"148889","56.1092643737793","56.1092643737793","56.1092643737793","14888","14888","14888"
"148919","38.684715270996094","38.684715270996094","38.684715270996094","14891","14891","14891"
"148939","31.83498764038086","31.83498764038086","31.83498764038086","14893","14893","14893"
"148949","36.992431640625","36.992431640625","36.992431640625","14894","14894","14894"
"148959","36.788841247558594","36.788841247558594","36.788841247558594","14895","14895","14895"
"148979","35.94843292236328","35.94843292236328","35.94843292236328","14897","14897","14897"
"148989","32.884586334228516","32.884586334228516","32.884586334228516","14898","14898","14898"
"148999","49.17249298095703","49.17249298095703","49.17249298095703","14899","14899","14899"
"149029","50.685302734375","50.685302734375","50.685302734375","14902","14902","14902"
"149039","64.28590393066406","64.28590393066406","64.28590393066406","14903","14903","14903"
"149049","50.91904830932617","50.91904830932617","50.91904830932617","14904","14904","14904"
"149059","39.067962646484375","39.067962646484375","39.067962646484375","14905","14905","14905"
"149069","43.63572692871094","43.63572692871094","43.63572692871094","14906","14906","14906"
"149079","41.104164123535156","41.104164123535156","41.104164123535156","14907","14907","14907"
"149089","46.29920196533203","46.29920196533203","46.29920196533203","14908","14908","14908"
"149099","45.93740463256836","45.93740463256836","45.93740463256836","14909","14909","14909"
"149119","48.14893341064453","48.14893341064453","48.14893341064453","14911","14911","14911"
"149149","35.53043746948242","35.53043746948242","35.53043746948242","14914","14914","14914"
"149169","32.36847686767578","32.36847686767578","32.36847686767578","14916","14916","14916"
"149189","31.274829864501953","31.274829864501953","31.274829864501953","14918","14918","14918"
"149219","47.32866668701172","47.32866668701172","47.32866668701172","14921","14921","14921"
"149249","48.804351806640625","48.804351806640625","48.804351806640625","14924","14924","14924"
"149289","58.52631759643555","58.52631759643555","58.52631759643555","14928","14928","14928"
"149319","68.83565521240234","68.83565521240234","68.83565521240234","14931","14931","14931"
"149329","47.54949188232422","47.54949188232422","47.54949188232422","14932","14932","14932"
"149349","47.68067932128906","47.68067932128906","47.68067932128906","14934","14934","14934"
"149379","31.877233505249023","31.877233505249023","31.877233505249023","14937","14937","14937"
"149399","64.72186279296875","64.72186279296875","64.72186279296875","14939","14939","14939"
"149419","33.335533142089844","33.335533142089844","33.335533142089844","14941","14941","14941"
"149449","58.00373840332031","58.00373840332031","58.00373840332031","14944","14944","14944"
"149489","49.160064697265625","49.160064697265625","49.160064697265625","14948","14948","14948"
"149539","31.665199279785156","31.665199279785156","31.665199279785156","14953","14953","14953"
"149549","48.95756530761719","48.95756530761719","48.95756530761719","14954","14954","14954"
"149559","43.47999954223633","43.47999954223633","43.47999954223633","14955","14955","14955"
"149569","35.43755340576172","35.43755340576172","35.43755340576172","14956","14956","14956"
"149589","54.26885986328125","54.26885986328125","54.26885986328125","14958","14958","14958"
"149599","47.64500045776367","47.64500045776367","47.64500045776367","14959","14959","14959"
"149629","60.73809051513672","60.73809051513672","60.73809051513672","14962","14962","14962"
"149679","42.55113220214844","42.55113220214844","42.55113220214844","14967","14967","14967"
"149739","39.64339065551758","39.64339065551758","39.64339065551758","14973","14973","14973"
"149759","41.276214599609375","41.276214599609375","41.276214599609375","14975","14975","14975"
"149779","36.22315979003906","36.22315979003906","36.22315979003906","14977","14977","14977"
"149809","37.62101745605469","37.62101745605469","37.62101745605469","14980","14980","14980"
"149829","42.73749923706055","42.73749923706055","42.73749923706055","14982","14982","14982"
"149839","42.209190368652344","42.209190368652344","42.209190368652344","14983","14983","14983"
"149849","35.71455001831055","35.71455001831055","35.71455001831055","14984","14984","14984"
"149859","34.821006774902344","34.821006774902344","34.821006774902344","14985","14985","14985"
"149869","42.61901092529297","42.61901092529297","42.61901092529297","14986","14986","14986"
"149889","41.394432067871094","41.394432067871094","41.394432067871094","14988","14988","14988"
"149909","77.72050476074219","77.72050476074219","77.72050476074219","14990","14990","14990"
"149919","42.3590087890625","42.3590087890625","42.3590087890625","14991","14991","14991"
"149959","42.160011291503906","42.160011291503906","42.160011291503906","14995","14995","14995"
"149979","51.90754318237305","51.90754318237305","51.90754318237305","14997","14997","14997"
"150029","42.948055267333984","42.948055267333984","42.948055267333984","15002","15002","15002"
"150039","29.873680114746094","29.873680114746094","29.873680114746094","15003","15003","15003"
"150049","42.870765686035156","42.870765686035156","42.870765686035156","15004","15004","15004"
"150069","38.216854095458984","38.216854095458984","38.216854095458984","15006","15006","15006"
"150079","38.919349670410156","38.919349670410156","38.919349670410156","15007","15007","15007"
"150119","33.08092498779297","33.08092498779297","33.08092498779297","15011","15011","15011"
"150139","47.6604118347168","47.6604118347168","47.6604118347168","15013","15013","15013"
"150159","34.19651794433594","34.19651794433594","34.19651794433594","15015","15015","15015"
"150169","36.863651275634766","36.863651275634766","36.863651275634766","15016","15016","15016"
"150199","48.94707107543945","48.94707107543945","48.94707107543945","15019","15019","15019"
"150209","49.27813720703125","49.27813720703125","49.27813720703125","15020","15020","15020"
"150269","42.99584197998047","42.99584197998047","42.99584197998047","15026","15026","15026"
"150279","36.21026611328125","36.21026611328125","36.21026611328125","15027","15027","15027"
"150289","43.86023712158203","43.86023712158203","43.86023712158203","15028","15028","15028"
"150299","52.500396728515625","52.500396728515625","52.500396728515625","15029","15029","15029"
"150309","89.96791076660156","89.96791076660156","89.96791076660156","15030","15030","15030"
"150329","35.264347076416016","35.264347076416016","35.264347076416016","15032","15032","15032"
"150339","44.396602630615234","44.396602630615234","44.396602630615234","15033","15033","15033"
"150369","40.043914794921875","40.043914794921875","40.043914794921875","15036","15036","15036"
"150409","59.107574462890625","59.107574462890625","59.107574462890625","15040","15040","15040"
"150419","53.58586120605469","53.58586120605469","53.58586120605469","15041","15041","15041"
"150429","32.571754455566406","32.571754455566406","32.571754455566406","15042","15042","15042"
"150439","41.25215530395508","41.25215530395508","41.25215530395508","15043","15043","15043"
"150479","65.74919891357422","65.74919891357422","65.74919891357422","15047","15047","15047"
"150509","39.1589469909668","39.1589469909668","39.1589469909668","15050","15050","15050"
"150549","41.13432312011719","41.13432312011719","41.13432312011719","15054","15054","15054"
"150559","34.12860107421875","34.12860107421875","34.12860107421875","15055","15055","15055"
"150599","32.43064880371094","32.43064880371094","32.43064880371094","15059","15059","15059"
"150639","36.378936767578125","36.378936767578125","36.378936767578125","15063","15063","15063"
"150649","39.14094161987305","39.14094161987305","39.14094161987305","15064","15064","15064"
"150659","31.881595611572266","31.881595611572266","31.881595611572266","15065","15065","15065"
"150709","35.54104995727539","35.54104995727539","35.54104995727539","15070","15070","15070"
"150719","37.08591079711914","37.08591079711914","37.08591079711914","15071","15071","15071"
"150769","38.09718704223633","38.09718704223633","38.09718704223633","15076","15076","15076"
"150779","57.755340576171875","57.755340576171875","57.755340576171875","15077","15077","15077"
"150839","46.464630126953125","46.464630126953125","46.464630126953125","15083","15083","15083"
"150859","42.57421112060547","42.57421112060547","42.57421112060547","15085","15085","15085"
"150879","30.422283172607422","30.422283172607422","30.422283172607422","15087","15087","15087"
"150889","35.499717712402344","35.499717712402344","35.499717712402344","15088","15088","15088"
"150909","59.71971893310547","59.71971893310547","59.71971893310547","15090","15090","15090"
"150919","35.576416015625","35.576416015625","35.576416015625","15091","15091","15091"
"150969","40.610721588134766","40.610721588134766","40.610721588134766","15096","15096","15096"
"150979","37.44466018676758","37.44466018676758","37.44466018676758","15097","15097","15097"
"150989","35.64056396484375","35.64056396484375","35.64056396484375","15098","15098","15098"
"150999","35.983367919921875","35.983367919921875","35.983367919921875","15099","15099","15099"
"151009","60.542030334472656","60.542030334472656","60.542030334472656","15100","15100","15100"
"151039","54.58577346801758","54.58577346801758","54.58577346801758","15103","15103","15103"
"151079","36.18611145019531","36.18611145019531","36.18611145019531","15107","15107","15107"
"151099","41.06788635253906","41.06788635253906","41.06788635253906","15109","15109","15109"
"151109","53.24472427368164","53.24472427368164","53.24472427368164","15110","15110","15110"
"151139","50.13112258911133","50.13112258911133","50.13112258911133","15113","15113","15113"
"151179","53.99507141113281","53.99507141113281","53.99507141113281","15117","15117","15117"
"151199","59.66752624511719","59.66752624511719","59.66752624511719","15119","15119","15119"
"151229","45.86763000488281","45.86763000488281","45.86763000488281","15122","15122","15122"
"151239","42.369232177734375","42.369232177734375","42.369232177734375","15123","15123","15123"
"151279","40.69692611694336","40.69692611694336","40.69692611694336","15127","15127","15127"
"151299","40.72477722167969","40.72477722167969","40.72477722167969","15129","15129","15129"
"151319","63.54875946044922","63.54875946044922","63.54875946044922","15131","15131","15131"
"151369","37.26556396484375","37.26556396484375","37.26556396484375","15136","15136","15136"
"151379","44.27777099609375","44.27777099609375","44.27777099609375","15137","15137","15137"
"151399","43.1439208984375","43.1439208984375","43.1439208984375","15139","15139","15139"
"151419","38.031368255615234","38.031368255615234","38.031368255615234","15141","15141","15141"
"151459","33.30082702636719","33.30082702636719","33.30082702636719","15145","15145","15145"
"151469","55.224884033203125","55.224884033203125","55.224884033203125","15146","15146","15146"
"151489","36.9946403503418","36.9946403503418","36.9946403503418","15148","15148","15148"
"151499","39.09791946411133","39.09791946411133","39.09791946411133","15149","15149","15149"
"151509","38.245182037353516","38.245182037353516","38.245182037353516","15150","15150","15150"
"151519","43.792327880859375","43.792327880859375","43.792327880859375","15151","15151","15151"
"151539","39.400386810302734","39.400386810302734","39.400386810302734","15153","15153","15153"
"151549","32.31440734863281","32.31440734863281","32.31440734863281","15154","15154","15154"
"151569","36.815120697021484","36.815120697021484","36.815120697021484","15156","15156","15156"
"151579","38.461219787597656","38.461219787597656","38.461219787597656","15157","15157","15157"
"151589","41.63177490234375","41.63177490234375","41.63177490234375","15158","15158","15158"
"151619","54.604251861572266","54.604251861572266","54.604251861572266","15161","15161","15161"
"151649","40.72201156616211","40.72201156616211","40.72201156616211","15164","15164","15164"
"151659","31.244735717773438","31.244735717773438","31.244735717773438","15165","15165","15165"
"151689","51.91360092163086","51.91360092163086","51.91360092163086","15168","15168","15168"
"151709","35.56639862060547","35.56639862060547","35.56639862060547","15170","15170","15170"
"151719","26.885982513427734","26.885982513427734","26.885982513427734","15171","15171","15171"
"151729","37.920318603515625","37.920318603515625","37.920318603515625","15172","15172","15172"
"151749","34.333988189697266","34.333988189697266","34.333988189697266","15174","15174","15174"
"151769","38.74284362792969","38.74284362792969","38.74284362792969","15176","15176","15176"
"151789","37.41920471191406","37.41920471191406","37.41920471191406","15178","15178","15178"
"151819","38.60011291503906","38.60011291503906","38.60011291503906","15181","15181","15181"
"151829","52.562049865722656","52.562049865722656","52.562049865722656","15182","15182","15182"
"151839","37.02703857421875","37.02703857421875","37.02703857421875","15183","15183","15183"
"151859","37.29702377319336","37.29702377319336","37.29702377319336","15185","15185","15185"
"151869","53.07749938964844","53.07749938964844","53.07749938964844","15186","15186","15186"
"151879","29.133705139160156","29.133705139160156","29.133705139160156","15187","15187","15187"
"151899","32.8421516418457","32.8421516418457","32.8421516418457","15189","15189","15189"
"151919","35.911617279052734","35.911617279052734","35.911617279052734","15191","15191","15191"
"151949","56.75843048095703","56.75843048095703","56.75843048095703","15194","15194","15194"
"151979","29.8563289642334","29.8563289642334","29.8563289642334","15197","15197","15197"
"151989","53.4380989074707","53.4380989074707","53.4380989074707","15198","15198","15198"
"152059","35.074771881103516","35.074771881103516","35.074771881103516","15205","15205","15205"
"152069","38.0504264831543","38.0504264831543","38.0504264831543","15206","15206","15206"
"152079","43.21070861816406","43.21070861816406","43.21070861816406","15207","15207","15207"
"152089","41.140174865722656","41.140174865722656","41.140174865722656","15208","15208","15208"
"152099","58.49528503417969","58.49528503417969","58.49528503417969","15209","15209","15209"
"152189","38.81194305419922","38.81194305419922","38.81194305419922","15218","15218","15218"
"152229","39.84783935546875","39.84783935546875","39.84783935546875","15222","15222","15222"
"152259","40.26444625854492","40.26444625854492","40.26444625854492","15225","15225","15225"
"152269","94.03070831298828","94.03070831298828","94.03070831298828","15226","15226","15226"
"152279","35.407630920410156","35.407630920410156","35.407630920410156","15227","15227","15227"
"152299","54.92393493652344","54.92393493652344","54.92393493652344","15229","15229","15229"
"152329","41.47780990600586","41.47780990600586","41.47780990600586","15232","15232","15232"
"152339","40.01492691040039","40.01492691040039","40.01492691040039","15233","15233","15233"
"152349","35.366878509521484","35.366878509521484","35.366878509521484","15234","15234","15234"
"152359","32.824275970458984","32.824275970458984","32.824275970458984","15235","15235","15235"
"152389","35.285491943359375","35.285491943359375","35.285491943359375","15238","15238","15238"
"152399","48.76091003417969","48.76091003417969","48.76091003417969","15239","15239","15239"
"152409","38.99542999267578","38.99542999267578","38.99542999267578","15240","15240","15240"
"152429","34.36051559448242","34.36051559448242","34.36051559448242","15242","15242","15242"
"152449","42.09527587890625","42.09527587890625","42.09527587890625","15244","15244","15244"
"152489","62.409278869628906","62.409278869628906","62.409278869628906","15248","15248","15248"
"152529","45.004512786865234","45.004512786865234","45.004512786865234","15252","15252","15252"
"152609","111.00045013427734","111.00045013427734","111.00045013427734","15260","15260","15260"
"152679","45.27684020996094","45.27684020996094","45.27684020996094","15267","15267","15267"
"152749","43.04969024658203","43.04969024658203","43.04969024658203","15274","15274","15274"
"152829","40.049190521240234","40.049190521240234","40.049190521240234","15282","15282","15282"
"152849","38.22870635986328","38.22870635986328","38.22870635986328","15284","15284","15284"
"152859","56.472530364990234","56.472530364990234","56.472530364990234","15285","15285","15285"
"152899","48.947174072265625","48.947174072265625","48.947174072265625","15289","15289","15289"
"152939","39.48978042602539","39.48978042602539","39.48978042602539","15293","15293","15293"
"152959","34.731712341308594","34.731712341308594","34.731712341308594","15295","15295","15295"
"152969","33.74940872192383","33.74940872192383","33.74940872192383","15296","15296","15296"
"152979","35.1473388671875","35.1473388671875","35.1473388671875","15297","15297","15297"
"153029","63.226558685302734","63.226558685302734","63.226558685302734","15302","15302","15302"
"153039","43.039466857910156","43.039466857910156","43.039466857910156","15303","15303","15303"
"153069","36.050052642822266","36.050052642822266","36.050052642822266","15306","15306","15306"
"153079","33.451263427734375","33.451263427734375","33.451263427734375","15307","15307","15307"
"153099","42.960899353027344","42.960899353027344","42.960899353027344","15309","15309","15309"
"153109","33.04561233520508","33.04561233520508","33.04561233520508","15310","15310","15310"
"153139","56.091949462890625","56.091949462890625","56.091949462890625","15313","15313","15313"
"153159","40.77409362792969","40.77409362792969","40.77409362792969","15315","15315","15315"
"153169","38.71833038330078","38.71833038330078","38.71833038330078","15316","15316","15316"
"153179","35.051055908203125","35.051055908203125","35.051055908203125","15317","15317","15317"
"153199","35.781612396240234","35.781612396240234","35.781612396240234","15319","15319","15319"
"153229","44.69605255126953","44.69605255126953","44.69605255126953","15322","15322","15322"
"153239","39.87485885620117","39.87485885620117","39.87485885620117","15323","15323","15323"
"153259","61.48445129394531","61.48445129394531","61.48445129394531","15325","15325","15325"
"153269","45.85208511352539","45.85208511352539","45.85208511352539","15326","15326","15326"
"153279","40.785404205322266","40.785404205322266","40.785404205322266","15327","15327","15327"
"153299","46.3785400390625","46.3785400390625","46.3785400390625","15329","15329","15329"
"153329","47.05842590332031","47.05842590332031","47.05842590332031","15332","15332","15332"
"153359","45.14698791503906","45.14698791503906","45.14698791503906","15335","15335","15335"
"153389","36.38634490966797","36.38634490966797","36.38634490966797","15338","15338","15338"
"153419","55.58050537109375","55.58050537109375","55.58050537109375","15341","15341","15341"
"153429","39.37266159057617","39.37266159057617","39.37266159057617","15342","15342","15342"
"153469","61.2471923828125","61.2471923828125","61.2471923828125","15346","15346","15346"
"153479","46.49277114868164","46.49277114868164","46.49277114868164","15347","15347","15347"
"153499","37.77995681762695","37.77995681762695","37.77995681762695","15349","15349","15349"
"153509","48.445556640625","48.445556640625","48.445556640625","15350","15350","15350"
"153539","46.30642318725586","46.30642318725586","46.30642318725586","15353","15353","15353"
"153549","35.88100814819336","35.88100814819336","35.88100814819336","15354","15354","15354"
"153629","37.572242736816406","37.572242736816406","37.572242736816406","15362","15362","15362"
"153659","50.978782653808594","50.978782653808594","50.978782653808594","15365","15365","15365"
"153669","51.95169448852539","51.95169448852539","51.95169448852539","15366","15366","15366"
"153699","37.32342529296875","37.32342529296875","37.32342529296875","15369","15369","15369"
"153709","49.70153045654297","49.70153045654297","49.70153045654297","15370","15370","15370"
"153739","50.990989685058594","50.990989685058594","50.990989685058594","15373","15373","15373"
"153759","34.63957214355469","34.63957214355469","34.63957214355469","15375","15375","15375"
"153779","52.036556243896484","52.036556243896484","52.036556243896484","15377","15377","15377"
"153819","42.8665771484375","42.8665771484375","42.8665771484375","15381","15381","15381"
"153839","37.120872497558594","37.120872497558594","37.120872497558594","15383","15383","15383"
"153849","37.756736755371094","37.756736755371094","37.756736755371094","15384","15384","15384"
"153859","44.30659484863281","44.30659484863281","44.30659484863281","15385","15385","15385"
"153869","55.4210090637207","55.4210090637207","55.4210090637207","15386","15386","15386"
"153899","151.10726928710938","151.10726928710938","151.10726928710938","15389","15389","15389"
"153929","63.15950012207031","63.15950012207031","63.15950012207031","15392","15392","15392"
"153999","44.704673767089844","44.704673767089844","44.704673767089844","15399","15399","15399"
"154009","37.38154983520508","37.38154983520508","37.38154983520508","15400","15400","15400"
"154019","39.13286590576172","39.13286590576172","39.13286590576172","15401","15401","15401"
"154049","42.762840270996094","42.762840270996094","42.762840270996094","15404","15404","15404"
"154069","65.19608306884766","65.19608306884766","65.19608306884766","15406","15406","15406"
"154079","31.482105255126953","31.482105255126953","31.482105255126953","15407","15407","15407"
"154099","43.300025939941406","43.300025939941406","43.300025939941406","15409","15409","15409"
"154109","43.19072341918945","43.19072341918945","43.19072341918945","15410","15410","15410"
"154169","54.639915466308594","54.639915466308594","54.639915466308594","15416","15416","15416"
"154179","28.903709411621094","28.903709411621094","28.903709411621094","15417","15417","15417"
"154219","46.54109191894531","46.54109191894531","46.54109191894531","15421","15421","15421"
"154229","32.675113677978516","32.675113677978516","32.675113677978516","15422","15422","15422"
"154239","39.12800216674805","39.12800216674805","39.12800216674805","15423","15423","15423"
"154289","39.954978942871094","39.954978942871094","39.954978942871094","15428","15428","15428"
"154309","36.93903350830078","36.93903350830078","36.93903350830078","15430","15430","15430"
"154319","37.27927017211914","37.27927017211914","37.27927017211914","15431","15431","15431"
"154339","38.614925384521484","38.614925384521484","38.614925384521484","15433","15433","15433"
"154349","41.969268798828125","41.969268798828125","41.969268798828125","15434","15434","15434"
"154389","60.99816131591797","60.99816131591797","60.99816131591797","15438","15438","15438"
"154409","36.881500244140625","36.881500244140625","36.881500244140625","15440","15440","15440"
"154419","49.41599655151367","49.41599655151367","49.41599655151367","15441","15441","15441"
"154439","43.937313079833984","43.937313079833984","43.937313079833984","15443","15443","15443"
"154449","31.612411499023438","31.612411499023438","31.612411499023438","15444","15444","15444"
"154459","33.99735641479492","33.99735641479492","33.99735641479492","15445","15445","15445"
"154469","43.473228454589844","43.473228454589844","43.473228454589844","15446","15446","15446"
"154489","46.982810974121094","46.982810974121094","46.982810974121094","15448","15448","15448"
"154509","37.05117416381836","37.05117416381836","37.05117416381836","15450","15450","15450"
"154549","44.83455276489258","44.83455276489258","44.83455276489258","15454","15454","15454"
"154559","46.663822174072266","46.663822174072266","46.663822174072266","15455","15455","15455"
"154589","31.803203582763672","31.803203582763672","31.803203582763672","15458","15458","15458"
"154599","37.2703742980957","37.2703742980957","37.2703742980957","15459","15459","15459"
"154609","50.370880126953125","50.370880126953125","50.370880126953125","15460","15460","15460"
"154629","35.61286163330078","35.61286163330078","35.61286163330078","15462","15462","15462"
"154649","53.38798904418945","53.38798904418945","53.38798904418945","15464","15464","15464"
"154679","32.25049591064453","32.25049591064453","32.25049591064453","15467","15467","15467"
"154689","37.2220458984375","37.2220458984375","37.2220458984375","15468","15468","15468"
"154699","36.31234359741211","36.31234359741211","36.31234359741211","15469","15469","15469"
"154719","39.0885009765625","39.0885009765625","39.0885009765625","15471","15471","15471"
"154729","51.907440185546875","51.907440185546875","51.907440185546875","15472","15472","15472"
"154749","33.94337463378906","33.94337463378906","33.94337463378906","15474","15474","15474"
"154759","39.47658920288086","39.47658920288086","39.47658920288086","15475","15475","15475"
"154769","30.17388916015625","30.17388916015625","30.17388916015625","15476","15476","15476"
"154789","55.653282165527344","55.653282165527344","55.653282165527344","15478","15478","15478"
"154809","33.71943664550781","33.71943664550781","33.71943664550781","15480","15480","15480"
"154819","44.92722702026367","44.92722702026367","44.92722702026367","15481","15481","15481"
"154869","50.27656936645508","50.27656936645508","50.27656936645508","15486","15486","15486"
"154879","37.18574905395508","37.18574905395508","37.18574905395508","15487","15487","15487"
"154909","33.41736602783203","33.41736602783203","33.41736602783203","15490","15490","15490"
"154919","43.2073860168457","43.2073860168457","43.2073860168457","15491","15491","15491"
"154979","50.25532150268555","50.25532150268555","50.25532150268555","15497","15497","15497"
"155029","45.49494934082031","45.49494934082031","45.49494934082031","15502","15502","15502"
"155049","42.42076873779297","42.42076873779297","42.42076873779297","15504","15504","15504"
"155069","59.758880615234375","59.758880615234375","59.758880615234375","15506","15506","15506"
"155089","44.32184600830078","44.32184600830078","44.32184600830078","15508","15508","15508"
"155109","33.48817825317383","33.48817825317383","33.48817825317383","15510","15510","15510"
"155129","45.53057098388672","45.53057098388672","45.53057098388672","15512","15512","15512"
"155169","32.463924407958984","32.463924407958984","32.463924407958984","15516","15516","15516"
"155209","38.057029724121094","38.057029724121094","38.057029724121094","15520","15520","15520"
"155219","41.73014450073242","41.73014450073242","41.73014450073242","15521","15521","15521"
"155239","92.02677917480469","92.02677917480469","92.02677917480469","15523","15523","15523"
"155259","31.553428649902344","31.553428649902344","31.553428649902344","15525","15525","15525"
"155279","35.84129333496094","35.84129333496094","35.84129333496094","15527","15527","15527"
"155309","40.594818115234375","40.594818115234375","40.594818115234375","15530","15530","15530"
"155359","38.102413177490234","38.102413177490234","38.102413177490234","15535","15535","15535"
"155369","34.84745407104492","34.84745407104492","34.84745407104492","15536","15536","15536"
"155379","31.872394561767578","31.872394561767578","31.872394561767578","15537","15537","15537"
"155459","39.211761474609375","39.211761474609375","39.211761474609375","15545","15545","15545"
"155469","31.719051361083984","31.719051361083984","31.719051361083984","15546","15546","15546"
"155479","43.13080596923828","43.13080596923828","43.13080596923828","15547","15547","15547"
"155499","33.62129211425781","33.62129211425781","33.62129211425781","15549","15549","15549"
"155509","48.12633514404297","48.12633514404297","48.12633514404297","15550","15550","15550"
"155519","43.215538024902344","43.215538024902344","43.215538024902344","15551","15551","15551"
"155529","34.904441833496094","34.904441833496094","34.904441833496094","15552","15552","15552"
"155569","41.07350540161133","41.07350540161133","41.07350540161133","15556","15556","15556"
"155589","35.28711700439453","35.28711700439453","35.28711700439453","15558","15558","15558"
"155599","39.05021667480469","39.05021667480469","39.05021667480469","15559","15559","15559"
"155639","49.39599609375","49.39599609375","49.39599609375","15563","15563","15563"
"155649","47.95924377441406","47.95924377441406","47.95924377441406","15564","15564","15564"
"155669","39.75102996826172","39.75102996826172","39.75102996826172","15566","15566","15566"
"155679","36.44718551635742","36.44718551635742","36.44718551635742","15567","15567","15567"
"155709","43.72468185424805","43.72468185424805","43.72468185424805","15570","15570","15570"
"155719","58.93916702270508","58.93916702270508","58.93916702270508","15571","15571","15571"
"155739","30.212867736816406","30.212867736816406","30.212867736816406","15573","15573","15573"
"155769","36.46839141845703","36.46839141845703","36.46839141845703","15576","15576","15576"
"155779","31.936933517456055","31.936933517456055","31.936933517456055","15577","15577","15577"
"155819","40.445465087890625","40.445465087890625","40.445465087890625","15581","15581","15581"
"155829","47.12282180786133","47.12282180786133","47.12282180786133","15582","15582","15582"
"155839","37.360233306884766","37.360233306884766","37.360233306884766","15583","15583","15583"
"155859","40.7052116394043","40.7052116394043","40.7052116394043","15585","15585","15585"
"155869","54.843421936035156","54.843421936035156","54.843421936035156","15586","15586","15586"
"155899","48.889678955078125","48.889678955078125","48.889678955078125","15589","15589","15589"
"155919","44.73499298095703","44.73499298095703","44.73499298095703","15591","15591","15591"
"155939","46.43297576904297","46.43297576904297","46.43297576904297","15593","15593","15593"
"155949","51.88483810424805","51.88483810424805","51.88483810424805","15594","15594","15594"
"155969","49.69524383544922","49.69524383544922","49.69524383544922","15596","15596","15596"
"155979","33.54936218261719","33.54936218261719","33.54936218261719","15597","15597","15597"
"155999","41.623931884765625","41.623931884765625","41.623931884765625","15599","15599","15599"
"156049","65.2649154663086","65.2649154663086","65.2649154663086","15604","15604","15604"
"156059","37.17887496948242","37.17887496948242","37.17887496948242","15605","15605","15605"
"156069","38.659881591796875","38.659881591796875","38.659881591796875","15606","15606","15606"
"156129","37.88545227050781","37.88545227050781","37.88545227050781","15612","15612","15612"
"156159","36.3929443359375","36.3929443359375","36.3929443359375","15615","15615","15615"
"156179","107.45144653320312","107.45144653320312","107.45144653320312","15617","15617","15617"
"156199","55.47167205810547","55.47167205810547","55.47167205810547","15619","15619","15619"
"156209","48.13450622558594","48.13450622558594","48.13450622558594","15620","15620","15620"
"156219","43.04457092285156","43.04457092285156","43.04457092285156","15621","15621","15621"
"156289","148.39474487304688","148.39474487304688","148.39474487304688","15628","15628","15628"
"156309","38.063987731933594","38.063987731933594","38.063987731933594","15630","15630","15630"
"156369","50.59489440917969","50.59489440917969","50.59489440917969","15636","15636","15636"
"156389","38.47859573364258","38.47859573364258","38.47859573364258","15638","15638","15638"
"156409","46.125953674316406","46.125953674316406","46.125953674316406","15640","15640","15640"
"156429","46.59467697143555","46.59467697143555","46.59467697143555","15642","15642","15642"
"156439","59.07145309448242","59.07145309448242","59.07145309448242","15643","15643","15643"
"156449","63.25392532348633","63.25392532348633","63.25392532348633","15644","15644","15644"
"156459","39.6086311340332","39.6086311340332","39.6086311340332","15645","15645","15645"
"156469","33.3055305480957","33.3055305480957","33.3055305480957","15646","15646","15646"
"156539","49.01721954345703","49.01721954345703","49.01721954345703","15653","15653","15653"
"156559","32.64827346801758","32.64827346801758","32.64827346801758","15655","15655","15655"
"156569","52.65317153930664","52.65317153930664","52.65317153930664","15656","15656","15656"
"156579","41.071353912353516","41.071353912353516","41.071353912353516","15657","15657","15657"
"156609","44.07603454589844","44.07603454589844","44.07603454589844","15660","15660","15660"
"156619","35.12187957763672","35.12187957763672","35.12187957763672","15661","15661","15661"
"156629","39.423763275146484","39.423763275146484","39.423763275146484","15662","15662","15662"
"156639","34.5911865234375","34.5911865234375","34.5911865234375","15663","15663","15663"
"156649","47.379661560058594","47.379661560058594","47.379661560058594","15664","15664","15664"
"156659","45.277976989746094","45.277976989746094","45.277976989746094","15665","15665","15665"
"156669","38.1528434753418","38.1528434753418","38.1528434753418","15666","15666","15666"
"156679","34.07147979736328","34.07147979736328","34.07147979736328","15667","15667","15667"
"156719","46.72164535522461","46.72164535522461","46.72164535522461","15671","15671","15671"
"156729","46.329139709472656","46.329139709472656","46.329139709472656","15672","15672","15672"
"156739","49.005653381347656","49.005653381347656","49.005653381347656","15673","15673","15673"
"156749","44.540924072265625","44.540924072265625","44.540924072265625","15674","15674","15674"
"156769","32.174495697021484","32.174495697021484","32.174495697021484","15676","15676","15676"
"156809","32.50025177001953","32.50025177001953","32.50025177001953","15680","15680","15680"
"156819","42.45602798461914","42.45602798461914","42.45602798461914","15681","15681","15681"
"156839","41.85685729980469","41.85685729980469","41.85685729980469","15683","15683","15683"
"156849","32.10731887817383","32.10731887817383","32.10731887817383","15684","15684","15684"
"156869","40.233917236328125","40.233917236328125","40.233917236328125","15686","15686","15686"
"156879","38.89094543457031","38.89094543457031","38.89094543457031","15687","15687","15687"
"156899","55.55003356933594","55.55003356933594","55.55003356933594","15689","15689","15689"
"156919","57.814727783203125","57.814727783203125","57.814727783203125","15691","15691","15691"
"156929","29.690242767333984","29.690242767333984","29.690242767333984","15692","15692","15692"
"156959","37.00675964355469","37.00675964355469","37.00675964355469","15695","15695","15695"
"156979","46.67382049560547","46.67382049560547","46.67382049560547","15697","15697","15697"
"156999","48.66349792480469","48.66349792480469","48.66349792480469","15699","15699","15699"
"157009","36.54766082763672","36.54766082763672","36.54766082763672","15700","15700","15700"
"157019","34.195037841796875","34.195037841796875","34.195037841796875","15701","15701","15701"
"157039","46.01134490966797","46.01134490966797","46.01134490966797","15703","15703","15703"
"157069","35.014198303222656","35.014198303222656","35.014198303222656","15706","15706","15706"
"157079","42.90231704711914","42.90231704711914","42.90231704711914","15707","15707","15707"
"157109","45.066307067871094","45.066307067871094","45.066307067871094","15710","15710","15710"
"157119","33.640411376953125","33.640411376953125","33.640411376953125","15711","15711","15711"
"157129","40.95852279663086","40.95852279663086","40.95852279663086","15712","15712","15712"
"157139","37.578224182128906","37.578224182128906","37.578224182128906","15713","15713","15713"
"157149","36.803070068359375","36.803070068359375","36.803070068359375","15714","15714","15714"
"157159","69.34884643554688","69.34884643554688","69.34884643554688","15715","15715","15715"
"157169","55.75788879394531","55.75788879394531","55.75788879394531","15716","15716","15716"
"157209","42.689178466796875","42.689178466796875","42.689178466796875","15720","15720","15720"
"157239","54.108604431152344","54.108604431152344","54.108604431152344","15723","15723","15723"
"157269","35.82939147949219","35.82939147949219","35.82939147949219","15726","15726","15726"
"157279","59.08879089355469","59.08879089355469","59.08879089355469","15727","15727","15727"
"157289","38.1058464050293","38.1058464050293","38.1058464050293","15728","15728","15728"
"157329","52.433406829833984","52.433406829833984","52.433406829833984","15732","15732","15732"
"157339","55.172054290771484","55.172054290771484","55.172054290771484","15733","15733","15733"
"157359","60.74123001098633","60.74123001098633","60.74123001098633","15735","15735","15735"
"157379","34.21467971801758","34.21467971801758","34.21467971801758","15737","15737","15737"
"157409","39.72449493408203","39.72449493408203","39.72449493408203","15740","15740","15740"
"157419","46.13929748535156","46.13929748535156","46.13929748535156","15741","15741","15741"
"157429","37.39303207397461","37.39303207397461","37.39303207397461","15742","15742","15742"
"157439","35.20732498168945","35.20732498168945","35.20732498168945","15743","15743","15743"
"157459","39.365570068359375","39.365570068359375","39.365570068359375","15745","15745","15745"
"157469","36.17802429199219","36.17802429199219","36.17802429199219","15746","15746","15746"
"157479","37.06425094604492","37.06425094604492","37.06425094604492","15747","15747","15747"
"157489","32.72190856933594","32.72190856933594","32.72190856933594","15748","15748","15748"
"157499","49.41537857055664","49.41537857055664","49.41537857055664","15749","15749","15749"
"157509","33.19729995727539","33.19729995727539","33.19729995727539","15750","15750","15750"
"157569","47.56357192993164","47.56357192993164","47.56357192993164","15756","15756","15756"
"157589","45.76390838623047","45.76390838623047","45.76390838623047","15758","15758","15758"
"157599","30.842079162597656","30.842079162597656","30.842079162597656","15759","15759","15759"
"157609","43.50519943237305","43.50519943237305","43.50519943237305","15760","15760","15760"
"157619","46.85848617553711","46.85848617553711","46.85848617553711","15761","15761","15761"
"157629","35.6430778503418","35.6430778503418","35.6430778503418","15762","15762","15762"
"157639","62.98212814331055","62.98212814331055","62.98212814331055","15763","15763","15763"
"157649","38.83534622192383","38.83534622192383","38.83534622192383","15764","15764","15764"
"157659","38.46232223510742","38.46232223510742","38.46232223510742","15765","15765","15765"
"157739","34.2661018371582","34.2661018371582","34.2661018371582","15773","15773","15773"
"157769","38.57634735107422","38.57634735107422","38.57634735107422","15776","15776","15776"
"157799","44.551815032958984","44.551815032958984","44.551815032958984","15779","15779","15779"
"157829","56.70671844482422","56.70671844482422","56.70671844482422","15782","15782","15782"
"157849","37.35468673706055","37.35468673706055","37.35468673706055","15784","15784","15784"
"157879","35.138816833496094","35.138816833496094","35.138816833496094","15787","15787","15787"
"157889","56.18893814086914","56.18893814086914","56.18893814086914","15788","15788","15788"
"157959","36.64952850341797","36.64952850341797","36.64952850341797","15795","15795","15795"
"157969","33.59587860107422","33.59587860107422","33.59587860107422","15796","15796","15796"
"157979","42.73780059814453","42.73780059814453","42.73780059814453","15797","15797","15797"
"157989","48.14857864379883","48.14857864379883","48.14857864379883","15798","15798","15798"
"157999","96.99885559082031","96.99885559082031","96.99885559082031","15799","15799","15799"
"158009","38.0472526550293","38.0472526550293","38.0472526550293","15800","15800","15800"
"158029","52.50426483154297","52.50426483154297","52.50426483154297","15802","15802","15802"
"158039","51.93117141723633","51.93117141723633","51.93117141723633","15803","15803","15803"
"158049","53.68133544921875","53.68133544921875","53.68133544921875","15804","15804","15804"
"158059","33.38866424560547","33.38866424560547","33.38866424560547","15805","15805","15805"
"158069","32.30509567260742","32.30509567260742","32.30509567260742","15806","15806","15806"
"158079","47.536163330078125","47.536163330078125","47.536163330078125","15807","15807","15807"
"158109","107.98796081542969","107.98796081542969","107.98796081542969","15810","15810","15810"
"158159","33.46609115600586","33.46609115600586","33.46609115600586","15815","15815","15815"
"158169","44.99214172363281","44.99214172363281","44.99214172363281","15816","15816","15816"
"158189","49.2390022277832","49.2390022277832","49.2390022277832","15818","15818","15818"
"158199","35.147300720214844","35.147300720214844","35.147300720214844","15819","15819","15819"
"158219","52.220130920410156","52.220130920410156","52.220130920410156","15821","15821","15821"
"158269","37.95347595214844","37.95347595214844","37.95347595214844","15826","15826","15826"
"158289","35.06708908081055","35.06708908081055","35.06708908081055","15828","15828","15828"
"158309","40.812469482421875","40.812469482421875","40.812469482421875","15830","15830","15830"
"158319","36.81707000732422","36.81707000732422","36.81707000732422","15831","15831","15831"
"158329","62.878883361816406","62.878883361816406","62.878883361816406","15832","15832","15832"
"158349","40.159423828125","40.159423828125","40.159423828125","15834","15834","15834"
"158359","34.85281753540039","34.85281753540039","34.85281753540039","15835","15835","15835"
"158369","38.534427642822266","38.534427642822266","38.534427642822266","15836","15836","15836"
"158379","39.70556640625","39.70556640625","39.70556640625","15837","15837","15837"
"158389","56.30497741699219","56.30497741699219","56.30497741699219","15838","15838","15838"
"158399","41.650306701660156","41.650306701660156","41.650306701660156","15839","15839","15839"
"158429","34.94499588012695","34.94499588012695","34.94499588012695","15842","15842","15842"
"158449","41.20717239379883","41.20717239379883","41.20717239379883","15844","15844","15844"
"158459","31.750938415527344","31.750938415527344","31.750938415527344","15845","15845","15845"
"158469","55.079471588134766","55.079471588134766","55.079471588134766","15846","15846","15846"
"158489","41.87267303466797","41.87267303466797","41.87267303466797","15848","15848","15848"
"158499","38.22734069824219","38.22734069824219","38.22734069824219","15849","15849","15849"
"158529","33.34021759033203","33.34021759033203","33.34021759033203","15852","15852","15852"
"158539","37.39830017089844","37.39830017089844","37.39830017089844","15853","15853","15853"
"158549","45.41044616699219","45.41044616699219","45.41044616699219","15854","15854","15854"
"158569","60.886260986328125","60.886260986328125","60.886260986328125","15856","15856","15856"
"158609","41.13585662841797","41.13585662841797","41.13585662841797","15860","15860","15860"
"158629","42.81130599975586","42.81130599975586","42.81130599975586","15862","15862","15862"
"158639","40.25111389160156","40.25111389160156","40.25111389160156","15863","15863","15863"
"158659","39.42680358886719","39.42680358886719","39.42680358886719","15865","15865","15865"
"158679","49.357154846191406","49.357154846191406","49.357154846191406","15867","15867","15867"
"158699","87.39358520507812","87.39358520507812","87.39358520507812","15869","15869","15869"
"158759","36.78535842895508","36.78535842895508","36.78535842895508","15875","15875","15875"
"158779","33.0946044921875","33.0946044921875","33.0946044921875","15877","15877","15877"
"158789","37.082542419433594","37.082542419433594","37.082542419433594","15878","15878","15878"
"158799","52.182395935058594","52.182395935058594","52.182395935058594","15879","15879","15879"
"158829","36.208744049072266","36.208744049072266","36.208744049072266","15882","15882","15882"
"158889","35.43290328979492","35.43290328979492","35.43290328979492","15888","15888","15888"
"158899","48.99152374267578","48.99152374267578","48.99152374267578","15889","15889","15889"
"158909","38.188720703125","38.188720703125","38.188720703125","15890","15890","15890"
"158979","42.50788497924805","42.50788497924805","42.50788497924805","15897","15897","15897"
"158989","56.816688537597656","56.816688537597656","56.816688537597656","15898","15898","15898"
"158999","38.60618591308594","38.60618591308594","38.60618591308594","15899","15899","15899"
"159009","64.94175720214844","64.94175720214844","64.94175720214844","15900","15900","15900"
"159029","42.1030387878418","42.1030387878418","42.1030387878418","15902","15902","15902"
"159039","51.68272399902344","51.68272399902344","51.68272399902344","15903","15903","15903"
"159049","37.23350524902344","37.23350524902344","37.23350524902344","15904","15904","15904"
"159069","42.70611572265625","42.70611572265625","42.70611572265625","15906","15906","15906"
"159119","35.25262451171875","35.25262451171875","35.25262451171875","15911","15911","15911"
"159129","33.139671325683594","33.139671325683594","33.139671325683594","15912","15912","15912"
"159169","47.56966018676758","47.56966018676758","47.56966018676758","15916","15916","15916"
"159189","45.177101135253906","45.177101135253906","45.177101135253906","15918","15918","15918"
"159209","47.648468017578125","47.648468017578125","47.648468017578125","15920","15920","15920"
"159219","34.99885177612305","34.99885177612305","34.99885177612305","15921","15921","15921"
"159229","35.28535842895508","35.28535842895508","35.28535842895508","15922","15922","15922"
"159239","31.112674713134766","31.112674713134766","31.112674713134766","15923","15923","15923"
"159259","45.146629333496094","45.146629333496094","45.146629333496094","15925","15925","15925"
"159269","37.749027252197266","37.749027252197266","37.749027252197266","15926","15926","15926"
"159279","35.11874008178711","35.11874008178711","35.11874008178711","15927","15927","15927"
"159289","48.067649841308594","48.067649841308594","48.067649841308594","15928","15928","15928"
"159299","41.30052185058594","41.30052185058594","41.30052185058594","15929","15929","15929"
"159319","54.703433990478516","54.703433990478516","54.703433990478516","15931","15931","15931"
"159329","53.05340576171875","53.05340576171875","53.05340576171875","15932","15932","15932"
"159349","32.87052917480469","32.87052917480469","32.87052917480469","15934","15934","15934"
"159379","37.211387634277344","37.211387634277344","37.211387634277344","15937","15937","15937"
"159389","42.41864013671875","42.41864013671875","42.41864013671875","15938","15938","15938"
"159399","82.2679214477539","82.2679214477539","82.2679214477539","15939","15939","15939"
"159409","43.82367706298828","43.82367706298828","43.82367706298828","15940","15940","15940"
"159419","38.451011657714844","38.451011657714844","38.451011657714844","15941","15941","15941"
"159449","55.67629623413086","55.67629623413086","55.67629623413086","15944","15944","15944"
"159529","48.875938415527344","48.875938415527344","48.875938415527344","15952","15952","15952"
"159549","45.083648681640625","45.083648681640625","45.083648681640625","15954","15954","15954"
"159559","43.0325927734375","43.0325927734375","43.0325927734375","15955","15955","15955"
"159569","46.792999267578125","46.792999267578125","46.792999267578125","15956","15956","15956"
"159589","32.396026611328125","32.396026611328125","32.396026611328125","15958","15958","15958"
"159609","35.31108093261719","35.31108093261719","35.31108093261719","15960","15960","15960"
"159649","31.11018180847168","31.11018180847168","31.11018180847168","15964","15964","15964"
"159659","47.66604232788086","47.66604232788086","47.66604232788086","15965","15965","15965"
"159679","56.96622085571289","56.96622085571289","56.96622085571289","15967","15967","15967"
"159689","32.496360778808594","32.496360778808594","32.496360778808594","15968","15968","15968"
"159699","45.55652618408203","45.55652618408203","45.55652618408203","15969","15969","15969"
"159709","43.09356689453125","43.09356689453125","43.09356689453125","15970","15970","15970"
"159719","35.4006462097168","35.4006462097168","35.4006462097168","15971","15971","15971"
"159759","53.4158935546875","53.4158935546875","53.4158935546875","15975","15975","15975"
"159779","43.30016326904297","43.30016326904297","43.30016326904297","15977","15977","15977"
"159809","39.14826965332031","39.14826965332031","39.14826965332031","15980","15980","15980"
"159869","41.79249572753906","41.79249572753906","41.79249572753906","15986","15986","15986"
"159889","60.75553894042969","60.75553894042969","60.75553894042969","15988","15988","15988"
"159919","34.90669250488281","34.90669250488281","34.90669250488281","15991","15991","15991"
"159969","33.69977569580078","33.69977569580078","33.69977569580078","15996","15996","15996"
"159999","35.00607681274414","35.00607681274414","35.00607681274414","15999","15999","15999"
"160009","99.89752960205078","99.89752960205078","99.89752960205078","16000","16000","16000"
"160059","41.67460632324219","41.67460632324219","41.67460632324219","16005","16005","16005"
"160079","45.47771072387695","45.47771072387695","45.47771072387695","16007","16007","16007"
"160089","39.303558349609375","39.303558349609375","39.303558349609375","16008","16008","16008"
"160099","37.94638442993164","37.94638442993164","37.94638442993164","16009","16009","16009"
"160119","42.353302001953125","42.353302001953125","42.353302001953125","16011","16011","16011"
"160129","42.501853942871094","42.501853942871094","42.501853942871094","16012","16012","16012"
"160159","36.604679107666016","36.604679107666016","36.604679107666016","16015","16015","16015"
"160169","31.0833797454834","31.0833797454834","31.0833797454834","16016","16016","16016"
"160189","34.61371994018555","34.61371994018555","34.61371994018555","16018","16018","16018"
"160199","39.46711730957031","39.46711730957031","39.46711730957031","16019","16019","16019"
"160229","44.400489807128906","44.400489807128906","44.400489807128906","16022","16022","16022"
"160249","45.79167938232422","45.79167938232422","45.79167938232422","16024","16024","16024"
"160299","170.03067016601562","170.03067016601562","170.03067016601562","16029","16029","16029"
"160309","35.56965637207031","35.56965637207031","35.56965637207031","16030","16030","16030"
"160319","29.77779769897461","29.77779769897461","29.77779769897461","16031","16031","16031"
"160329","36.594905853271484","36.594905853271484","36.594905853271484","16032","16032","16032"
"160359","44.958744049072266","44.958744049072266","44.958744049072266","16035","16035","16035"
"160399","37.68040084838867","37.68040084838867","37.68040084838867","16039","16039","16039"
"160419","29.48734474182129","29.48734474182129","29.48734474182129","16041","16041","16041"
"160439","42.66047286987305","42.66047286987305","42.66047286987305","16043","16043","16043"
"160449","38.60717010498047","38.60717010498047","38.60717010498047","16044","16044","16044"
"160479","56.51872634887695","56.51872634887695","56.51872634887695","16047","16047","16047"
"160509","34.5344352722168","34.5344352722168","34.5344352722168","16050","16050","16050"
"160519","31.62872314453125","31.62872314453125","31.62872314453125","16051","16051","16051"
"160529","41.76097869873047","41.76097869873047","41.76097869873047","16052","16052","16052"
"160539","50.271141052246094","50.271141052246094","50.271141052246094","16053","16053","16053"
"160549","30.58913803100586","30.58913803100586","30.58913803100586","16054","16054","16054"
"160559","46.078948974609375","46.078948974609375","46.078948974609375","16055","16055","16055"
"160579","31.635366439819336","31.635366439819336","31.635366439819336","16057","16057","16057"
"160589","52.19294357299805","52.19294357299805","52.19294357299805","16058","16058","16058"
"160599","47.75109100341797","47.75109100341797","47.75109100341797","16059","16059","16059"
"160619","43.854637145996094","43.854637145996094","43.854637145996094","16061","16061","16061"
"160639","33.735572814941406","33.735572814941406","33.735572814941406","16063","16063","16063"
"160679","33.766143798828125","33.766143798828125","33.766143798828125","16067","16067","16067"
"160689","39.752933502197266","39.752933502197266","39.752933502197266","16068","16068","16068"
"160699","45.985816955566406","45.985816955566406","45.985816955566406","16069","16069","16069"
"160709","42.185028076171875","42.185028076171875","42.185028076171875","16070","16070","16070"
"160739","37.33142852783203","37.33142852783203","37.33142852783203","16073","16073","16073"
"160759","35.176612854003906","35.176612854003906","35.176612854003906","16075","16075","16075"
"160779","47.735313415527344","47.735313415527344","47.735313415527344","16077","16077","16077"
"160789","39.0108757019043","39.0108757019043","39.0108757019043","16078","16078","16078"
"160809","37.25709533691406","37.25709533691406","37.25709533691406","16080","16080","16080"
"160819","47.607017517089844","47.607017517089844","47.607017517089844","16081","16081","16081"
"160839","38.776145935058594","38.776145935058594","38.776145935058594","16083","16083","16083"
"160869","37.52927780151367","37.52927780151367","37.52927780151367","16086","16086","16086"
"160879","34.93180847167969","34.93180847167969","34.93180847167969","16087","16087","16087"
"160889","44.135372161865234","44.135372161865234","44.135372161865234","16088","16088","16088"
"160919","34.978675842285156","34.978675842285156","34.978675842285156","16091","16091","16091"
"160929","65.32327270507812","65.32327270507812","65.32327270507812","16092","16092","16092"
"160959","41.82345962524414","41.82345962524414","41.82345962524414","16095","16095","16095"
"160989","48.81037521362305","48.81037521362305","48.81037521362305","16098","16098","16098"
"161009","44.73237228393555","44.73237228393555","44.73237228393555","16100","16100","16100"
"161019","62.487030029296875","62.487030029296875","62.487030029296875","16101","16101","16101"
"161039","41.15207290649414","41.15207290649414","41.15207290649414","16103","16103","16103"
"161099","41.79467010498047","41.79467010498047","41.79467010498047","16109","16109","16109"
"161179","39.4996337890625","39.4996337890625","39.4996337890625","16117","16117","16117"
"161199","34.749755859375","34.749755859375","34.749755859375","16119","16119","16119"
"161229","33.44324493408203","33.44324493408203","33.44324493408203","16122","16122","16122"
"161289","49.0694580078125","49.0694580078125","49.0694580078125","16128","16128","16128"
"161359","39.0347900390625","39.0347900390625","39.0347900390625","16135","16135","16135"
"161369","34.248023986816406","34.248023986816406","34.248023986816406","16136","16136","16136"
"161379","40.105716705322266","40.105716705322266","40.105716705322266","16137","16137","16137"
"161389","30.959632873535156","30.959632873535156","30.959632873535156","16138","16138","16138"
"161429","45.44561767578125","45.44561767578125","45.44561767578125","16142","16142","16142"
"161439","33.96723175048828","33.96723175048828","33.96723175048828","16143","16143","16143"
"161459","62.934200286865234","62.934200286865234","62.934200286865234","16145","16145","16145"
"161479","46.32400894165039","46.32400894165039","46.32400894165039","16147","16147","16147"
"161489","32.05556106567383","32.05556106567383","32.05556106567383","16148","16148","16148"
"161499","36.46775817871094","36.46775817871094","36.46775817871094","16149","16149","16149"
"161549","44.865867614746094","44.865867614746094","44.865867614746094","16154","16154","16154"
"161559","86.17630004882812","86.17630004882812","86.17630004882812","16155","16155","16155"
"161579","40.01362991333008","40.01362991333008","40.01362991333008","16157","16157","16157"
"161589","50.8368034362793","50.8368034362793","50.8368034362793","16158","16158","16158"
"161599","32.25563430786133","32.25563430786133","32.25563430786133","16159","16159","16159"
"161619","36.71413040161133","36.71413040161133","36.71413040161133","16161","16161","16161"
"161629","42.296875","42.296875","42.296875","16162","16162","16162"
"161639","50.64290237426758","50.64290237426758","50.64290237426758","16163","16163","16163"
"161649","33.28871154785156","33.28871154785156","33.28871154785156","16164","16164","16164"
"161699","39.934112548828125","39.934112548828125","39.934112548828125","16169","16169","16169"
"161749","43.91164779663086","43.91164779663086","43.91164779663086","16174","16174","16174"
"161759","55.726470947265625","55.726470947265625","55.726470947265625","16175","16175","16175"
"161769","35.3882942199707","35.3882942199707","35.3882942199707","16176","16176","16176"
"161819","31.42761993408203","31.42761993408203","31.42761993408203","16181","16181","16181"
"161839","42.6696662902832","42.6696662902832","42.6696662902832","16183","16183","16183"
"161869","42.313323974609375","42.313323974609375","42.313323974609375","16186","16186","16186"
"161889","37.518211364746094","37.518211364746094","37.518211364746094","16188","16188","16188"
"161899","49.034095764160156","49.034095764160156","49.034095764160156","16189","16189","16189"
"161929","41.3807258605957","41.3807258605957","41.3807258605957","16192","16192","16192"
"161939","33.06529235839844","33.06529235839844","33.06529235839844","16193","16193","16193"
"161949","47.07340621948242","47.07340621948242","47.07340621948242","16194","16194","16194"
"161979","43.38413619995117","43.38413619995117","43.38413619995117","16197","16197","16197"
"161999","45.34337615966797","45.34337615966797","45.34337615966797","16199","16199","16199"
"162019","39.799705505371094","39.799705505371094","39.799705505371094","16201","16201","16201"
"162029","33.234962463378906","33.234962463378906","33.234962463378906","16202","16202","16202"
"162039","42.63407897949219","42.63407897949219","42.63407897949219","16203","16203","16203"
"162059","49.33472442626953","49.33472442626953","49.33472442626953","16205","16205","16205"
"162079","28.685836791992188","28.685836791992188","28.685836791992188","16207","16207","16207"
"162149","33.79967498779297","33.79967498779297","33.79967498779297","16214","16214","16214"
"162159","32.21699523925781","32.21699523925781","32.21699523925781","16215","16215","16215"
"162189","33.72355270385742","33.72355270385742","33.72355270385742","16218","16218","16218"
"162209","35.708858489990234","35.708858489990234","35.708858489990234","16220","16220","16220"
"162219","37.84851837158203","37.84851837158203","37.84851837158203","16221","16221","16221"
"162229","42.39201354980469","42.39201354980469","42.39201354980469","16222","16222","16222"
"162239","50.294342041015625","50.294342041015625","50.294342041015625","16223","16223","16223"
"162259","53.769290924072266","53.769290924072266","53.769290924072266","16225","16225","16225"
"162299","49.514286041259766","49.514286041259766","49.514286041259766","16229","16229","16229"
"162339","38.353538513183594","38.353538513183594","38.353538513183594","16233","16233","16233"
"162369","34.1045036315918","34.1045036315918","34.1045036315918","16236","16236","16236"
"162389","34.88750457763672","34.88750457763672","34.88750457763672","16238","16238","16238"
"162409","28.272411346435547","28.272411346435547","28.272411346435547","16240","16240","16240"
"162429","46.28102493286133","46.28102493286133","46.28102493286133","16242","16242","16242"
"162439","33.87004852294922","33.87004852294922","33.87004852294922","16243","16243","16243"
"162469","48.98260498046875","48.98260498046875","48.98260498046875","16246","16246","16246"
"162499","35.385536193847656","35.385536193847656","35.385536193847656","16249","16249","16249"
"162519","42.986873626708984","42.986873626708984","42.986873626708984","16251","16251","16251"
"162549","39.65968704223633","39.65968704223633","39.65968704223633","16254","16254","16254"
"162569","44.457313537597656","44.457313537597656","44.457313537597656","16256","16256","16256"
"162579","32.919456481933594","32.919456481933594","32.919456481933594","16257","16257","16257"
"162609","34.313907623291016","34.313907623291016","34.313907623291016","16260","16260","16260"
"162639","38.74519348144531","38.74519348144531","38.74519348144531","16263","16263","16263"
"162649","51.396480560302734","51.396480560302734","51.396480560302734","16264","16264","16264"
"162659","36.19047164916992","36.19047164916992","36.19047164916992","16265","16265","16265"
"162679","39.178741455078125","39.178741455078125","39.178741455078125","16267","16267","16267"
"162689","46.89518737792969","46.89518737792969","46.89518737792969","16268","16268","16268"
"162719","45.6916618347168","45.6916618347168","45.6916618347168","16271","16271","16271"
"162729","35.09015655517578","35.09015655517578","35.09015655517578","16272","16272","16272"
"162739","48.902137756347656","48.902137756347656","48.902137756347656","16273","16273","16273"
"162749","49.1620979309082","49.1620979309082","49.1620979309082","16274","16274","16274"
"162789","40.28619384765625","40.28619384765625","40.28619384765625","16278","16278","16278"
"162809","38.07059097290039","38.07059097290039","38.07059097290039","16280","16280","16280"
"162819","43.208919525146484","43.208919525146484","43.208919525146484","16281","16281","16281"
"162829","79.88328552246094","79.88328552246094","79.88328552246094","16282","16282","16282"
"162849","31.85063934326172","31.85063934326172","31.85063934326172","16284","16284","16284"
"162879","39.94575881958008","39.94575881958008","39.94575881958008","16287","16287","16287"
"162909","34.93961715698242","34.93961715698242","34.93961715698242","16290","16290","16290"
"162949","30.997758865356445","30.997758865356445","30.997758865356445","16294","16294","16294"
"162959","47.27863693237305","47.27863693237305","47.27863693237305","16295","16295","16295"
"162989","41.69901657104492","41.69901657104492","41.69901657104492","16298","16298","16298"
"162999","45.87836456298828","45.87836456298828","45.87836456298828","16299","16299","16299"
"163069","36.03960037231445","36.03960037231445","36.03960037231445","16306","16306","16306"
"163089","36.133506774902344","36.133506774902344","36.133506774902344","16308","16308","16308"
"163129","45.44623947143555","45.44623947143555","45.44623947143555","16312","16312","16312"
"163139","54.767452239990234","54.767452239990234","54.767452239990234","16313","16313","16313"
"163149","50.620338439941406","50.620338439941406","50.620338439941406","16314","16314","16314"
"163169","49.56443786621094","49.56443786621094","49.56443786621094","16316","16316","16316"
"163189","39.04633331298828","39.04633331298828","39.04633331298828","16318","16318","16318"
"163199","37.520790100097656","37.520790100097656","37.520790100097656","16319","16319","16319"
"163239","46.429176330566406","46.429176330566406","46.429176330566406","16323","16323","16323"
"163259","53.30243682861328","53.30243682861328","53.30243682861328","16325","16325","16325"
"163289","36.54939270019531","36.54939270019531","36.54939270019531","16328","16328","16328"
"163299","44.07654571533203","44.07654571533203","44.07654571533203","16329","16329","16329"
"163309","46.57384490966797","46.57384490966797","46.57384490966797","16330","16330","16330"
"163339","56.99513626098633","56.99513626098633","56.99513626098633","16333","16333","16333"
"163369","46.681663513183594","46.681663513183594","46.681663513183594","16336","16336","16336"
"163399","43.22224426269531","43.22224426269531","43.22224426269531","16339","16339","16339"
"163419","54.16179656982422","54.16179656982422","54.16179656982422","16341","16341","16341"
"163429","62.65626907348633","62.65626907348633","62.65626907348633","16342","16342","16342"
"163479","30.81778907775879","30.81778907775879","30.81778907775879","16347","16347","16347"
"163489","34.69438552856445","34.69438552856445","34.69438552856445","16348","16348","16348"
"163509","60.46233367919922","60.46233367919922","60.46233367919922","16350","16350","16350"
"163529","33.815589904785156","33.815589904785156","33.815589904785156","16352","16352","16352"
"163559","40.012393951416016","40.012393951416016","40.012393951416016","16355","16355","16355"
"163569","65.06427764892578","65.06427764892578","65.06427764892578","16356","16356","16356"
"163579","37.96343994140625","37.96343994140625","37.96343994140625","16357","16357","16357"
"163629","33.81349563598633","33.81349563598633","33.81349563598633","16362","16362","16362"
"163639","31.938140869140625","31.938140869140625","31.938140869140625","16363","16363","16363"
"163649","35.865806579589844","35.865806579589844","35.865806579589844","16364","16364","16364"
"163659","33.02983474731445","33.02983474731445","33.02983474731445","16365","16365","16365"
"163689","42.813148498535156","42.813148498535156","42.813148498535156","16368","16368","16368"
"163699","45.41382598876953","45.41382598876953","45.41382598876953","16369","16369","16369"
"163739","100.72235107421875","100.72235107421875","100.72235107421875","16373","16373","16373"
"163759","39.154823303222656","39.154823303222656","39.154823303222656","16375","16375","16375"
"163819","41.48542785644531","41.48542785644531","41.48542785644531","16381","16381","16381"
"163899","48.62859344482422","48.62859344482422","48.62859344482422","16389","16389","16389"
"163909","40.71903991699219","40.71903991699219","40.71903991699219","16390","16390","16390"
"163959","46.05590057373047","46.05590057373047","46.05590057373047","16395","16395","16395"
"163979","36.672401428222656","36.672401428222656","36.672401428222656","16397","16397","16397"
"163989","30.822250366210938","30.822250366210938","30.822250366210938","16398","16398","16398"
"163999","48.23675537109375","48.23675537109375","48.23675537109375","16399","16399","16399"
"164009","38.139766693115234","38.139766693115234","38.139766693115234","16400","16400","16400"
"164019","36.449363708496094","36.449363708496094","36.449363708496094","16401","16401","16401"
"164029","37.46513748168945","37.46513748168945","37.46513748168945","16402","16402","16402"
"164079","38.01880645751953","38.01880645751953","38.01880645751953","16407","16407","16407"
"164109","37.7682991027832","37.7682991027832","37.7682991027832","16410","16410","16410"
"164119","37.21247482299805","37.21247482299805","37.21247482299805","16411","16411","16411"
"164139","36.103519439697266","36.103519439697266","36.103519439697266","16413","16413","16413"
"164159","135.05886840820312","135.05886840820312","135.05886840820312","16415","16415","16415"
"164249","34.86166763305664","34.86166763305664","34.86166763305664","16424","16424","16424"
"164269","42.070838928222656","42.070838928222656","42.070838928222656","16426","16426","16426"
"164289","60.18809509277344","60.18809509277344","60.18809509277344","16428","16428","16428"
"164299","46.124534606933594","46.124534606933594","46.124534606933594","16429","16429","16429"
"164309","35.7216796875","35.7216796875","35.7216796875","16430","16430","16430"
"164319","41.84711456298828","41.84711456298828","41.84711456298828","16431","16431","16431"
"164329","45.41992950439453","45.41992950439453","45.41992950439453","16432","16432","16432"
"164349","40.449954986572266","40.449954986572266","40.449954986572266","16434","16434","16434"
"164359","39.89793014526367","39.89793014526367","39.89793014526367","16435","16435","16435"
"164379","47.19410705566406","47.19410705566406","47.19410705566406","16437","16437","16437"
"164409","34.41997528076172","34.41997528076172","34.41997528076172","16440","16440","16440"
"164429","34.70695495605469","34.70695495605469","34.70695495605469","16442","16442","16442"
"164439","43.58261489868164","43.58261489868164","43.58261489868164","16443","16443","16443"
"164449","41.11186981201172","41.11186981201172","41.11186981201172","16444","16444","16444"
"164459","38.98042297363281","38.98042297363281","38.98042297363281","16445","16445","16445"
"164469","27.953407287597656","27.953407287597656","27.953407287597656","16446","16446","16446"
"164509","38.04219055175781","38.04219055175781","38.04219055175781","16450","16450","16450"
"164529","47.75265121459961","47.75265121459961","47.75265121459961","16452","16452","16452"
"164539","34.020103454589844","34.020103454589844","34.020103454589844","16453","16453","16453"
"164549","27.517093658447266","27.517093658447266","27.517093658447266","16454","16454","16454"
"164559","37.61096954345703","37.61096954345703","37.61096954345703","16455","16455","16455"
"164579","43.72498321533203","43.72498321533203","43.72498321533203","16457","16457","16457"
"164589","49.76708984375","49.76708984375","49.76708984375","16458","16458","16458"
"164619","60.44628143310547","60.44628143310547","60.44628143310547","16461","16461","16461"
"164629","31.744308471679688","31.744308471679688","31.744308471679688","16462","16462","16462"
"164669","44.67425537109375","44.67425537109375","44.67425537109375","16466","16466","16466"
"164699","39.52589797973633","39.52589797973633","39.52589797973633","16469","16469","16469"
"164729","34.31403732299805","34.31403732299805","34.31403732299805","16472","16472","16472"
"164739","63.157501220703125","63.157501220703125","63.157501220703125","16473","16473","16473"
"164839","38.01152038574219","38.01152038574219","38.01152038574219","16483","16483","16483"
"164859","40.150909423828125","40.150909423828125","40.150909423828125","16485","16485","16485"
"164879","37.20470428466797","37.20470428466797","37.20470428466797","16487","16487","16487"
"164889","33.84682846069336","33.84682846069336","33.84682846069336","16488","16488","16488"
"164899","53.432682037353516","53.432682037353516","53.432682037353516","16489","16489","16489"
"164909","46.886558532714844","46.886558532714844","46.886558532714844","16490","16490","16490"
"164919","40.618568420410156","40.618568420410156","40.618568420410156","16491","16491","16491"
"164959","31.952354431152344","31.952354431152344","31.952354431152344","16495","16495","16495"
"164979","35.76599884033203","35.76599884033203","35.76599884033203","16497","16497","16497"
"165019","49.5582160949707","49.5582160949707","49.5582160949707","16501","16501","16501"
"165029","41.75201416015625","41.75201416015625","41.75201416015625","16502","16502","16502"
"165059","40.1388053894043","40.1388053894043","40.1388053894043","16505","16505","16505"
"165069","56.149513244628906","56.149513244628906","56.149513244628906","16506","16506","16506"
"165109","37.957061767578125","37.957061767578125","37.957061767578125","16510","16510","16510"
"165149","35.852813720703125","35.852813720703125","35.852813720703125","16514","16514","16514"
"165169","39.271484375","39.271484375","39.271484375","16516","16516","16516"
"165189","34.80859375","34.80859375","34.80859375","16518","16518","16518"
"165229","38.47403335571289","38.47403335571289","38.47403335571289","16522","16522","16522"
"165279","48.25366973876953","48.25366973876953","48.25366973876953","16527","16527","16527"
"165299","43.9229621887207","43.9229621887207","43.9229621887207","16529","16529","16529"
"165309","40.350059509277344","40.350059509277344","40.350059509277344","16530","16530","16530"
"165319","38.782203674316406","38.782203674316406","38.782203674316406","16531","16531","16531"
"165349","28.176664352416992","28.176664352416992","28.176664352416992","16534","16534","16534"
"165379","33.27631378173828","33.27631378173828","33.27631378173828","16537","16537","16537"
"165409","34.140953063964844","34.140953063964844","34.140953063964844","16540","16540","16540"
"165419","38.74448776245117","38.74448776245117","38.74448776245117","16541","16541","16541"
"165439","39.83524703979492","39.83524703979492","39.83524703979492","16543","16543","16543"
"165449","38.27376174926758","38.27376174926758","38.27376174926758","16544","16544","16544"
"165539","34.306636810302734","34.306636810302734","34.306636810302734","16553","16553","16553"
"165549","34.15904998779297","34.15904998779297","34.15904998779297","16554","16554","16554"
"165569","36.94895935058594","36.94895935058594","36.94895935058594","16556","16556","16556"
"165579","35.59270477294922","35.59270477294922","35.59270477294922","16557","16557","16557"
"165589","66.30088806152344","66.30088806152344","66.30088806152344","16558","16558","16558"
"165599","41.22124481201172","41.22124481201172","41.22124481201172","16559","16559","16559"
"165639","48.247989654541016","48.247989654541016","48.247989654541016","16563","16563","16563"
"165679","33.55459976196289","33.55459976196289","33.55459976196289","16567","16567","16567"
"165699","33.328182220458984","33.328182220458984","33.328182220458984","16569","16569","16569"
"165709","41.11463928222656","41.11463928222656","41.11463928222656","16570","16570","16570"
"165719","35.52728271484375","35.52728271484375","35.52728271484375","16571","16571","16571"
"165749","34.361873626708984","34.361873626708984","34.361873626708984","16574","16574","16574"
"165759","58.44408416748047","58.44408416748047","58.44408416748047","16575","16575","16575"
"165819","48.52385711669922","48.52385711669922","48.52385711669922","16581","16581","16581"
"165829","32.012901306152344","32.012901306152344","32.012901306152344","16582","16582","16582"
"165849","25.86910629272461","25.86910629272461","25.86910629272461","16584","16584","16584"
"165859","38.99638366699219","38.99638366699219","38.99638366699219","16585","16585","16585"
"165869","35.66929626464844","35.66929626464844","35.66929626464844","16586","16586","16586"
"165879","32.39427185058594","32.39427185058594","32.39427185058594","16587","16587","16587"
"165889","39.79344177246094","39.79344177246094","39.79344177246094","16588","16588","16588"
"165939","48.30587387084961","48.30587387084961","48.30587387084961","16593","16593","16593"
"165949","48.28279495239258","48.28279495239258","48.28279495239258","16594","16594","16594"
"165969","34.000370025634766","34.000370025634766","34.000370025634766","16596","16596","16596"
"166049","55.81306838989258","55.81306838989258","55.81306838989258","16604","16604","16604"
"166099","35.812538146972656","35.812538146972656","35.812538146972656","16609","16609","16609"
"166109","46.808406829833984","46.808406829833984","46.808406829833984","16610","16610","16610"
"166129","69.4323501586914","69.4323501586914","69.4323501586914","16612","16612","16612"
"166139","33.876220703125","33.876220703125","33.876220703125","16613","16613","16613"
"166149","35.514732360839844","35.514732360839844","35.514732360839844","16614","16614","16614"
"166159","63.042701721191406","63.042701721191406","63.042701721191406","16615","16615","16615"
"166169","34.0926399230957","34.0926399230957","34.0926399230957","16616","16616","16616"
"166179","38.237857818603516","38.237857818603516","38.237857818603516","16617","16617","16617"
"166219","54.52605438232422","54.52605438232422","54.52605438232422","16621","16621","16621"
"166229","51.95781707763672","51.95781707763672","51.95781707763672","16622","16622","16622"
"166239","49.17298126220703","49.17298126220703","49.17298126220703","16623","16623","16623"
"166259","43.97270202636719","43.97270202636719","43.97270202636719","16625","16625","16625"
"166289","34.76061248779297","34.76061248779297","34.76061248779297","16628","16628","16628"
"166309","38.5699348449707","38.5699348449707","38.5699348449707","16630","16630","16630"
"166319","34.687644958496094","34.687644958496094","34.687644958496094","16631","16631","16631"
"166349","50.73942565917969","50.73942565917969","50.73942565917969","16634","16634","16634"
"166369","39.57509994506836","39.57509994506836","39.57509994506836","16636","16636","16636"
"166379","37.095252990722656","37.095252990722656","37.095252990722656","16637","16637","16637"
"166399","36.41754150390625","36.41754150390625","36.41754150390625","16639","16639","16639"
"166419","54.81999969482422","54.81999969482422","54.81999969482422","16641","16641","16641"
"166439","49.4863166809082","49.4863166809082","49.4863166809082","16643","16643","16643"
"166469","40.97454071044922","40.97454071044922","40.97454071044922","16646","16646","16646"
"166489","41.742897033691406","41.742897033691406","41.742897033691406","16648","16648","16648"
"166499","45.096641540527344","45.096641540527344","45.096641540527344","16649","16649","16649"
"166549","37.58200454711914","37.58200454711914","37.58200454711914","16654","16654","16654"
"166559","33.8741569519043","33.8741569519043","33.8741569519043","16655","16655","16655"
"166569","42.87925720214844","42.87925720214844","42.87925720214844","16656","16656","16656"
"166599","35.88179016113281","35.88179016113281","35.88179016113281","16659","16659","16659"
"166619","40.2321891784668","40.2321891784668","40.2321891784668","16661","16661","16661"
"166669","40.19411849975586","40.19411849975586","40.19411849975586","16666","16666","16666"
"166709","50.656707763671875","50.656707763671875","50.656707763671875","16670","16670","16670"
"166729","39.00624465942383","39.00624465942383","39.00624465942383","16672","16672","16672"
"166739","42.04873275756836","42.04873275756836","42.04873275756836","16673","16673","16673"
"166749","37.57854461669922","37.57854461669922","37.57854461669922","16674","16674","16674"
"166759","41.41938018798828","41.41938018798828","41.41938018798828","16675","16675","16675"
"166779","34.53185272216797","34.53185272216797","34.53185272216797","16677","16677","16677"
"166859","52.78731155395508","52.78731155395508","52.78731155395508","16685","16685","16685"
"166869","35.608741760253906","35.608741760253906","35.608741760253906","16686","16686","16686"
"166899","48.586761474609375","48.586761474609375","48.586761474609375","16689","16689","16689"
"166919","51.555049896240234","51.555049896240234","51.555049896240234","16691","16691","16691"
"166929","39.76625442504883","39.76625442504883","39.76625442504883","16692","16692","16692"
"166939","37.16206359863281","37.16206359863281","37.16206359863281","16693","16693","16693"
"166959","40.88140106201172","40.88140106201172","40.88140106201172","16695","16695","16695"
"166969","36.33418655395508","36.33418655395508","36.33418655395508","16696","16696","16696"
"166979","37.62718200683594","37.62718200683594","37.62718200683594","16697","16697","16697"
"166999","44.28927993774414","44.28927993774414","44.28927993774414","16699","16699","16699"
"167019","36.391563415527344","36.391563415527344","36.391563415527344","16701","16701","16701"
"167049","38.181949615478516","38.181949615478516","38.181949615478516","16704","16704","16704"
"167059","47.65189743041992","47.65189743041992","47.65189743041992","16705","16705","16705"
"167069","38.192996978759766","38.192996978759766","38.192996978759766","16706","16706","16706"
"167079","38.713077545166016","38.713077545166016","38.713077545166016","16707","16707","16707"
"167119","45.84126281738281","45.84126281738281","45.84126281738281","16711","16711","16711"
"167179","45.6070556640625","45.6070556640625","45.6070556640625","16717","16717","16717"
"167189","44.49175262451172","44.49175262451172","44.49175262451172","16718","16718","16718"
"167219","32.7633171081543","32.7633171081543","32.7633171081543","16721","16721","16721"
"167249","35.91222381591797","35.91222381591797","35.91222381591797","16724","16724","16724"
"167259","38.25862503051758","38.25862503051758","38.25862503051758","16725","16725","16725"
"167289","41.088478088378906","41.088478088378906","41.088478088378906","16728","16728","16728"
"167319","61.0770263671875","61.0770263671875","61.0770263671875","16731","16731","16731"
"167329","36.40827178955078","36.40827178955078","36.40827178955078","16732","16732","16732"
"167349","40.415409088134766","40.415409088134766","40.415409088134766","16734","16734","16734"
"167369","36.63560485839844","36.63560485839844","36.63560485839844","16736","16736","16736"
"167399","65.6910629272461","65.6910629272461","65.6910629272461","16739","16739","16739"
"167409","40.968421936035156","40.968421936035156","40.968421936035156","16740","16740","16740"
"167429","50.29718017578125","50.29718017578125","50.29718017578125","16742","16742","16742"
"167449","92.36691284179688","92.36691284179688","92.36691284179688","16744","16744","16744"
"167459","41.472835540771484","41.472835540771484","41.472835540771484","16745","16745","16745"
"167479","31.94658660888672","31.94658660888672","31.94658660888672","16747","16747","16747"
"167529","51.95404815673828","51.95404815673828","51.95404815673828","16752","16752","16752"
"167539","47.05458068847656","47.05458068847656","47.05458068847656","16753","16753","16753"
"167589","51.5425910949707","51.5425910949707","51.5425910949707","16758","16758","16758"
"167599","52.80333709716797","52.80333709716797","52.80333709716797","16759","16759","16759"
"167609","52.928375244140625","52.928375244140625","52.928375244140625","16760","16760","16760"
"167629","31.33154296875","31.33154296875","31.33154296875","16762","16762","16762"
"167639","37.57207489013672","37.57207489013672","37.57207489013672","16763","16763","16763"
"167649","37.22152328491211","37.22152328491211","37.22152328491211","16764","16764","16764"
"167679","38.416770935058594","38.416770935058594","38.416770935058594","16767","16767","16767"
"167699","33.73649597167969","33.73649597167969","33.73649597167969","16769","16769","16769"
"167749","46.942134857177734","46.942134857177734","46.942134857177734","16774","16774","16774"
"167769","43.44847106933594","43.44847106933594","43.44847106933594","16776","16776","16776"
"167779","33.88298416137695","33.88298416137695","33.88298416137695","16777","16777","16777"
"167789","37.32392120361328","37.32392120361328","37.32392120361328","16778","16778","16778"
"167799","36.354129791259766","36.354129791259766","36.354129791259766","16779","16779","16779"
"167809","48.59476852416992","48.59476852416992","48.59476852416992","16780","16780","16780"
"167819","38.09508514404297","38.09508514404297","38.09508514404297","16781","16781","16781"
"167839","60.331153869628906","60.331153869628906","60.331153869628906","16783","16783","16783"
"167849","59.97289276123047","59.97289276123047","59.97289276123047","16784","16784","16784"
"167859","33.26380920410156","33.26380920410156","33.26380920410156","16785","16785","16785"
"167869","44.76838684082031","44.76838684082031","44.76838684082031","16786","16786","16786"
"167879","59.49266815185547","59.49266815185547","59.49266815185547","16787","16787","16787"
"167889","34.87213897705078","34.87213897705078","34.87213897705078","16788","16788","16788"
"167899","30.55321502685547","30.55321502685547","30.55321502685547","16789","16789","16789"
"167929","36.51216506958008","36.51216506958008","36.51216506958008","16792","16792","16792"
"167949","35.372802734375","35.372802734375","35.372802734375","16794","16794","16794"
"167959","40.45273971557617","40.45273971557617","40.45273971557617","16795","16795","16795"
"167989","34.162845611572266","34.162845611572266","34.162845611572266","16798","16798","16798"
"168019","34.175086975097656","34.175086975097656","34.175086975097656","16801","16801","16801"
"168049","35.8565559387207","35.8565559387207","35.8565559387207","16804","16804","16804"
"168059","38.3172721862793","38.3172721862793","38.3172721862793","16805","16805","16805"
"168089","42.15435028076172","42.15435028076172","42.15435028076172","16808","16808","16808"
"168119","37.72168731689453","37.72168731689453","37.72168731689453","16811","16811","16811"
"168149","38.91761016845703","38.91761016845703","38.91761016845703","16814","16814","16814"
"168169","43.51062774658203","43.51062774658203","43.51062774658203","16816","16816","16816"
"168179","50.38231658935547","50.38231658935547","50.38231658935547","16817","16817","16817"
"168189","38.65978240966797","38.65978240966797","38.65978240966797","16818","16818","16818"
"168199","51.145835876464844","51.145835876464844","51.145835876464844","16819","16819","16819"
"168209","45.3331413269043","45.3331413269043","45.3331413269043","16820","16820","16820"
"168229","35.86131286621094","35.86131286621094","35.86131286621094","16822","16822","16822"
"168239","36.044952392578125","36.044952392578125","36.044952392578125","16823","16823","16823"
"168259","54.352935791015625","54.352935791015625","54.352935791015625","16825","16825","16825"
"168279","35.11215591430664","35.11215591430664","35.11215591430664","16827","16827","16827"
"168319","44.58060073852539","44.58060073852539","44.58060073852539","16831","16831","16831"
"168329","35.69745635986328","35.69745635986328","35.69745635986328","16832","16832","16832"
"168349","51.29557418823242","51.29557418823242","51.29557418823242","16834","16834","16834"
"168369","31.651939392089844","31.651939392089844","31.651939392089844","16836","16836","16836"
"168389","35.10166931152344","35.10166931152344","35.10166931152344","16838","16838","16838"
"168459","42.90467834472656","42.90467834472656","42.90467834472656","16845","16845","16845"
"168479","35.049537658691406","35.049537658691406","35.049537658691406","16847","16847","16847"
"168489","35.20943069458008","35.20943069458008","35.20943069458008","16848","16848","16848"
"168539","83.67071533203125","83.67071533203125","83.67071533203125","16853","16853","16853"
"168569","33.851009368896484","33.851009368896484","33.851009368896484","16856","16856","16856"
"168579","42.220706939697266","42.220706939697266","42.220706939697266","16857","16857","16857"
"168589","32.59175491333008","32.59175491333008","32.59175491333008","16858","16858","16858"
"168599","38.93974304199219","38.93974304199219","38.93974304199219","16859","16859","16859"
"168609","58.81947326660156","58.81947326660156","58.81947326660156","16860","16860","16860"
"168619","36.95909118652344","36.95909118652344","36.95909118652344","16861","16861","16861"
"168629","34.061702728271484","34.061702728271484","34.061702728271484","16862","16862","16862"
"168639","33.54841995239258","33.54841995239258","33.54841995239258","16863","16863","16863"
"168649","38.57127380371094","38.57127380371094","38.57127380371094","16864","16864","16864"
"168669","50.0975227355957","50.0975227355957","50.0975227355957","16866","16866","16866"
"168699","34.32838439941406","34.32838439941406","34.32838439941406","16869","16869","16869"
"168719","35.13024139404297","35.13024139404297","35.13024139404297","16871","16871","16871"
"168729","30.867177963256836","30.867177963256836","30.867177963256836","16872","16872","16872"
"168739","47.511226654052734","47.511226654052734","47.511226654052734","16873","16873","16873"
"168759","53.162559509277344","53.162559509277344","53.162559509277344","16875","16875","16875"
"168769","40.716651916503906","40.716651916503906","40.716651916503906","16876","16876","16876"
"168779","37.94377136230469","37.94377136230469","37.94377136230469","16877","16877","16877"
"168789","50.13467788696289","50.13467788696289","50.13467788696289","16878","16878","16878"
"168799","51.62968444824219","51.62968444824219","51.62968444824219","16879","16879","16879"
"168809","50.896087646484375","50.896087646484375","50.896087646484375","16880","16880","16880"
"168819","36.259063720703125","36.259063720703125","36.259063720703125","16881","16881","16881"
"168829","38.292171478271484","38.292171478271484","38.292171478271484","16882","16882","16882"
"168849","33.13029861450195","33.13029861450195","33.13029861450195","16884","16884","16884"
"168859","73.13604736328125","73.13604736328125","73.13604736328125","16885","16885","16885"
"168919","40.7025260925293","40.7025260925293","40.7025260925293","16891","16891","16891"
"168929","36.97574234008789","36.97574234008789","36.97574234008789","16892","16892","16892"
"168939","40.57619094848633","40.57619094848633","40.57619094848633","16893","16893","16893"
"168999","45.410789489746094","45.410789489746094","45.410789489746094","16899","16899","16899"
"169019","40.97545623779297","40.97545623779297","40.97545623779297","16901","16901","16901"
"169049","51.80948257446289","51.80948257446289","51.80948257446289","16904","16904","16904"
"169059","35.33003616333008","35.33003616333008","35.33003616333008","16905","16905","16905"
"169089","49.04109191894531","49.04109191894531","49.04109191894531","16908","16908","16908"
"169139","37.292930603027344","37.292930603027344","37.292930603027344","16913","16913","16913"
"169159","38.39237594604492","38.39237594604492","38.39237594604492","16915","16915","16915"
"169169","39.29823303222656","39.29823303222656","39.29823303222656","16916","16916","16916"
"169189","37.68824768066406","37.68824768066406","37.68824768066406","16918","16918","16918"
"169209","37.28776931762695","37.28776931762695","37.28776931762695","16920","16920","16920"
"169229","32.39627456665039","32.39627456665039","32.39627456665039","16922","16922","16922"
"169239","40.55077362060547","40.55077362060547","40.55077362060547","16923","16923","16923"
"169249","40.88361740112305","40.88361740112305","40.88361740112305","16924","16924","16924"
"169279","35.55027770996094","35.55027770996094","35.55027770996094","16927","16927","16927"
"169319","33.11398696899414","33.11398696899414","33.11398696899414","16931","16931","16931"
"169329","94.75740814208984","94.75740814208984","94.75740814208984","16932","16932","16932"
"169349","39.3010368347168","39.3010368347168","39.3010368347168","16934","16934","16934"
"169359","38.46698760986328","38.46698760986328","38.46698760986328","16935","16935","16935"
"169369","40.400508880615234","40.400508880615234","40.400508880615234","16936","16936","16936"
"169399","55.20521545410156","55.20521545410156","55.20521545410156","16939","16939","16939"
"169409","52.267520904541016","52.267520904541016","52.267520904541016","16940","16940","16940"
"169449","39.724815368652344","39.724815368652344","39.724815368652344","16944","16944","16944"
"169459","43.91941833496094","43.91941833496094","43.91941833496094","16945","16945","16945"
"169479","35.223243713378906","35.223243713378906","35.223243713378906","16947","16947","16947"
"169489","57.96137237548828","57.96137237548828","57.96137237548828","16948","16948","16948"
"169519","32.431575775146484","32.431575775146484","32.431575775146484","16951","16951","16951"
"169549","45.01346969604492","45.01346969604492","45.01346969604492","16954","16954","16954"
"169589","57.156558990478516","57.156558990478516","57.156558990478516","16958","16958","16958"
"169659","33.491729736328125","33.491729736328125","33.491729736328125","16965","16965","16965"
"169709","44.37473678588867","44.37473678588867","44.37473678588867","16970","16970","16970"
"169729","36.01057815551758","36.01057815551758","36.01057815551758","16972","16972","16972"
"169739","35.25196838378906","35.25196838378906","35.25196838378906","16973","16973","16973"
"169769","53.41425323486328","53.41425323486328","53.41425323486328","16976","16976","16976"
"169809","37.64785385131836","37.64785385131836","37.64785385131836","16980","16980","16980"
"169819","70.07736206054688","70.07736206054688","70.07736206054688","16981","16981","16981"
"169829","44.60828399658203","44.60828399658203","44.60828399658203","16982","16982","16982"
"169839","41.42262649536133","41.42262649536133","41.42262649536133","16983","16983","16983"
"169849","34.51234436035156","34.51234436035156","34.51234436035156","16984","16984","16984"
"169869","52.07476806640625","52.07476806640625","52.07476806640625","16986","16986","16986"
"169879","39.59055709838867","39.59055709838867","39.59055709838867","16987","16987","16987"
"169899","47.81047058105469","47.81047058105469","47.81047058105469","16989","16989","16989"
"169909","41.42584991455078","41.42584991455078","41.42584991455078","16990","16990","16990"
"169919","38.998165130615234","38.998165130615234","38.998165130615234","16991","16991","16991"
"169929","34.28241729736328","34.28241729736328","34.28241729736328","16992","16992","16992"
"169939","51.73283386230469","51.73283386230469","51.73283386230469","16993","16993","16993"
"169969","40.39595413208008","40.39595413208008","40.39595413208008","16996","16996","16996"
"169989","35.598995208740234","35.598995208740234","35.598995208740234","16998","16998","16998"
"170009","35.49087142944336","35.49087142944336","35.49087142944336","17000","17000","17000"
"170019","33.73954391479492","33.73954391479492","33.73954391479492","17001","17001","17001"
"170049","31.197025299072266","31.197025299072266","31.197025299072266","17004","17004","17004"
"170069","28.913097381591797","28.913097381591797","28.913097381591797","17006","17006","17006"
"170079","39.22356033325195","39.22356033325195","39.22356033325195","17007","17007","17007"
"170099","38.14979934692383","38.14979934692383","38.14979934692383","17009","17009","17009"
"170129","38.7090950012207","38.7090950012207","38.7090950012207","17012","17012","17012"
"170139","51.768836975097656","51.768836975097656","51.768836975097656","17013","17013","17013"
"170159","52.10417938232422","52.10417938232422","52.10417938232422","17015","17015","17015"
"170229","35.10448455810547","35.10448455810547","35.10448455810547","17022","17022","17022"
"170239","44.515480041503906","44.515480041503906","44.515480041503906","17023","17023","17023"
"170249","31.16619110107422","31.16619110107422","31.16619110107422","17024","17024","17024"
"170259","40.2036247253418","40.2036247253418","40.2036247253418","17025","17025","17025"
"170289","34.990638732910156","34.990638732910156","34.990638732910156","17028","17028","17028"
"170299","42.361114501953125","42.361114501953125","42.361114501953125","17029","17029","17029"
"170309","33.78974151611328","33.78974151611328","33.78974151611328","17030","17030","17030"
"170319","29.58742332458496","29.58742332458496","29.58742332458496","17031","17031","17031"
"170329","42.986000061035156","42.986000061035156","42.986000061035156","17032","17032","17032"
"170339","34.31370544433594","34.31370544433594","34.31370544433594","17033","17033","17033"
"170349","56.00465774536133","56.00465774536133","56.00465774536133","17034","17034","17034"
"170379","39.441192626953125","39.441192626953125","39.441192626953125","17037","17037","17037"
"170419","39.75090408325195","39.75090408325195","39.75090408325195","17041","17041","17041"
"170439","40.48847961425781","40.48847961425781","40.48847961425781","17043","17043","17043"
"170499","49.59525680541992","49.59525680541992","49.59525680541992","17049","17049","17049"
"170509","43.56263732910156","43.56263732910156","43.56263732910156","17050","17050","17050"
"170529","33.582374572753906","33.582374572753906","33.582374572753906","17052","17052","17052"
"170539","42.824951171875","42.824951171875","42.824951171875","17053","17053","17053"
"170549","40.62987518310547","40.62987518310547","40.62987518310547","17054","17054","17054"
"170569","52.68562316894531","52.68562316894531","52.68562316894531","17056","17056","17056"
"170629","38.43061447143555","38.43061447143555","38.43061447143555","17062","17062","17062"
"170639","38.47760772705078","38.47760772705078","38.47760772705078","17063","17063","17063"
"170649","45.85064697265625","45.85064697265625","45.85064697265625","17064","17064","17064"
"170679","55.47639846801758","55.47639846801758","55.47639846801758","17067","17067","17067"
"170689","38.084678649902344","38.084678649902344","38.084678649902344","17068","17068","17068"
"170699","45.04839324951172","45.04839324951172","45.04839324951172","17069","17069","17069"
"170779","34.36539077758789","34.36539077758789","34.36539077758789","17077","17077","17077"
"170829","53.86593246459961","53.86593246459961","53.86593246459961","17082","17082","17082"
"170839","50.15518569946289","50.15518569946289","50.15518569946289","17083","17083","17083"
"170849","47.73638916015625","47.73638916015625","47.73638916015625","17084","17084","17084"
"170859","41.093467712402344","41.093467712402344","41.093467712402344","17085","17085","17085"
"170899","52.2327995300293","52.2327995300293","52.2327995300293","17089","17089","17089"
"170989","49.512916564941406","49.512916564941406","49.512916564941406","17098","17098","17098"
"171019","41.4968147277832","41.4968147277832","41.4968147277832","17101","17101","17101"
"171039","37.79022979736328","37.79022979736328","37.79022979736328","17103","17103","17103"
"171069","52.18256378173828","52.18256378173828","52.18256378173828","17106","17106","17106"
"171089","33.91045379638672","33.91045379638672","33.91045379638672","17108","17108","17108"
"171109","37.9655876159668","37.9655876159668","37.9655876159668","17110","17110","17110"
"171119","40.379581451416016","40.379581451416016","40.379581451416016","17111","17111","17111"
"171129","43.61187744140625","43.61187744140625","43.61187744140625","17112","17112","17112"
"171139","43.47285461425781","43.47285461425781","43.47285461425781","17113","17113","17113"
"171149","63.959537506103516","63.959537506103516","63.959537506103516","17114","17114","17114"
"171169","32.43028259277344","32.43028259277344","32.43028259277344","17116","17116","17116"
"171209","42.81153869628906","42.81153869628906","42.81153869628906","17120","17120","17120"
"171219","42.00450134277344","42.00450134277344","42.00450134277344","17121","17121","17121"
"171239","41.0749397277832","41.0749397277832","41.0749397277832","17123","17123","17123"
"171259","58.208248138427734","58.208248138427734","58.208248138427734","17125","17125","17125"
"171329","35.47806167602539","35.47806167602539","35.47806167602539","17132","17132","17132"
"171369","49.841732025146484","49.841732025146484","49.841732025146484","17136","17136","17136"
"171379","38.30290985107422","38.30290985107422","38.30290985107422","17137","17137","17137"
"171399","50.57460021972656","50.57460021972656","50.57460021972656","17139","17139","17139"
"171429","43.806392669677734","43.806392669677734","43.806392669677734","17142","17142","17142"
"171459","44.309913635253906","44.309913635253906","44.309913635253906","17145","17145","17145"
"171469","39.97810363769531","39.97810363769531","39.97810363769531","17146","17146","17146"
"171489","32.32438278198242","32.32438278198242","32.32438278198242","17148","17148","17148"
"171509","34.40937042236328","34.40937042236328","34.40937042236328","17150","17150","17150"
"171569","39.932708740234375","39.932708740234375","39.932708740234375","17156","17156","17156"
"171579","39.32755661010742","39.32755661010742","39.32755661010742","17157","17157","17157"
"171599","37.090885162353516","37.090885162353516","37.090885162353516","17159","17159","17159"
"171609","34.18539810180664","34.18539810180664","34.18539810180664","17160","17160","17160"
"171619","50.60649490356445","50.60649490356445","50.60649490356445","17161","17161","17161"
"171629","40.23558807373047","40.23558807373047","40.23558807373047","17162","17162","17162"
"171639","40.152122497558594","40.152122497558594","40.152122497558594","17163","17163","17163"
"171649","38.283267974853516","38.283267974853516","38.283267974853516","17164","17164","17164"
"171659","36.66598892211914","36.66598892211914","36.66598892211914","17165","17165","17165"
"171689","35.05917739868164","35.05917739868164","35.05917739868164","17168","17168","17168"
"171749","56.41320037841797","56.41320037841797","56.41320037841797","17174","17174","17174"
"171769","34.697959899902344","34.697959899902344","34.697959899902344","17176","17176","17176"
"171779","32.34989929199219","32.34989929199219","32.34989929199219","17177","17177","17177"
"171789","51.06113815307617","51.06113815307617","51.06113815307617","17178","17178","17178"
"171819","51.303653717041016","51.303653717041016","51.303653717041016","17181","17181","17181"
"171829","42.560203552246094","42.560203552246094","42.560203552246094","17182","17182","17182"
"171919","52.053775787353516","52.053775787353516","52.053775787353516","17191","17191","17191"
"171929","49.59596252441406","49.59596252441406","49.59596252441406","17192","17192","17192"
"171969","43.55048751831055","43.55048751831055","43.55048751831055","17196","17196","17196"
"171989","36.20793533325195","36.20793533325195","36.20793533325195","17198","17198","17198"
"172019","38.033363342285156","38.033363342285156","38.033363342285156","17201","17201","17201"
"172059","35.99103546142578","35.99103546142578","35.99103546142578","17205","17205","17205"
"172069","36.472991943359375","36.472991943359375","36.472991943359375","17206","17206","17206"
"172129","38.58724594116211","38.58724594116211","38.58724594116211","17212","17212","17212"
"172149","45.042030334472656","45.042030334472656","45.042030334472656","17214","17214","17214"
"172189","34.737186431884766","34.737186431884766","34.737186431884766","17218","17218","17218"
"172239","35.55429458618164","35.55429458618164","35.55429458618164","17223","17223","17223"
"172259","36.582786560058594","36.582786560058594","36.582786560058594","17225","17225","17225"
"172269","41.81932067871094","41.81932067871094","41.81932067871094","17226","17226","17226"
"172289","44.14045715332031","44.14045715332031","44.14045715332031","17228","17228","17228"
"172299","42.678401947021484","42.678401947021484","42.678401947021484","17229","17229","17229"
"172329","45.75163269042969","45.75163269042969","45.75163269042969","17232","17232","17232"
"172339","36.01484680175781","36.01484680175781","36.01484680175781","17233","17233","17233"
"172359","36.08057403564453","36.08057403564453","36.08057403564453","17235","17235","17235"
"172419","41.755401611328125","41.755401611328125","41.755401611328125","17241","17241","17241"
"172459","29.69390869140625","29.69390869140625","29.69390869140625","17245","17245","17245"
"172469","40.366920471191406","40.366920471191406","40.366920471191406","17246","17246","17246"
"172479","37.646705627441406","37.646705627441406","37.646705627441406","17247","17247","17247"
"172489","36.973426818847656","36.973426818847656","36.973426818847656","17248","17248","17248"
"172519","35.476619720458984","35.476619720458984","35.476619720458984","17251","17251","17251"
"172539","41.16272735595703","41.16272735595703","41.16272735595703","17253","17253","17253"
"172559","46.31726837158203","46.31726837158203","46.31726837158203","17255","17255","17255"
"172569","35.156089782714844","35.156089782714844","35.156089782714844","17256","17256","17256"
"172579","43.22350311279297","43.22350311279297","43.22350311279297","17257","17257","17257"
"172589","40.885108947753906","40.885108947753906","40.885108947753906","17258","17258","17258"
"172599","47.011619567871094","47.011619567871094","47.011619567871094","17259","17259","17259"
"172609","50.907859802246094","50.907859802246094","50.907859802246094","17260","17260","17260"
"172619","34.45656204223633","34.45656204223633","34.45656204223633","17261","17261","17261"
"172679","38.453216552734375","38.453216552734375","38.453216552734375","17267","17267","17267"
"172689","44.96269607543945","44.96269607543945","44.96269607543945","17268","17268","17268"
"172719","57.5651741027832","57.5651741027832","57.5651741027832","17271","17271","17271"
"172739","57.723655700683594","57.723655700683594","57.723655700683594","17273","17273","17273"
"172749","40.743431091308594","40.743431091308594","40.743431091308594","17274","17274","17274"
"172759","33.92336654663086","33.92336654663086","33.92336654663086","17275","17275","17275"
"172769","34.237430572509766","34.237430572509766","34.237430572509766","17276","17276","17276"
"172789","68.58097076416016","68.58097076416016","68.58097076416016","17278","17278","17278"
"172809","52.60270690917969","52.60270690917969","52.60270690917969","17280","17280","17280"
"172829","49.385276794433594","49.385276794433594","49.385276794433594","17282","17282","17282"
"172839","32.60310745239258","32.60310745239258","32.60310745239258","17283","17283","17283"
"172859","34.08040237426758","34.08040237426758","34.08040237426758","17285","17285","17285"
"172899","35.07349395751953","35.07349395751953","35.07349395751953","17289","17289","17289"
"172919","43.54669189453125","43.54669189453125","43.54669189453125","17291","17291","17291"
"172949","58.66631317138672","58.66631317138672","58.66631317138672","17294","17294","17294"
"172959","107.14936065673828","107.14936065673828","107.14936065673828","17295","17295","17295"
"172989","51.726783752441406","51.726783752441406","51.726783752441406","17298","17298","17298"
"173009","41.018798828125","41.018798828125","41.018798828125","17300","17300","17300"
"173019","37.59239196777344","37.59239196777344","37.59239196777344","17301","17301","17301"
"173069","38.91633605957031","38.91633605957031","38.91633605957031","17306","17306","17306"
"173089","43.6687126159668","43.6687126159668","43.6687126159668","17308","17308","17308"
"173099","38.98507308959961","38.98507308959961","38.98507308959961","17309","17309","17309"
"173129","36.852638244628906","36.852638244628906","36.852638244628906","17312","17312","17312"
"173139","50.207515716552734","50.207515716552734","50.207515716552734","17313","17313","17313"
"173149","34.36824035644531","34.36824035644531","34.36824035644531","17314","17314","17314"
"173169","56.684959411621094","56.684959411621094","56.684959411621094","17316","17316","17316"
"173189","63.8463020324707","63.8463020324707","63.8463020324707","17318","17318","17318"
"173199","43.36464309692383","43.36464309692383","43.36464309692383","17319","17319","17319"
"173229","37.467708587646484","37.467708587646484","37.467708587646484","17322","17322","17322"
"173239","37.70188522338867","37.70188522338867","37.70188522338867","17323","17323","17323"
"173289","50.403343200683594","50.403343200683594","50.403343200683594","17328","17328","17328"
"173319","38.55671691894531","38.55671691894531","38.55671691894531","17331","17331","17331"
"173349","37.16600036621094","37.16600036621094","37.16600036621094","17334","17334","17334"
"173369","28.198204040527344","28.198204040527344","28.198204040527344","17336","17336","17336"
"173399","54.77137756347656","54.77137756347656","54.77137756347656","17339","17339","17339"
"173409","36.60955047607422","36.60955047607422","36.60955047607422","17340","17340","17340"
"173419","50.321224212646484","50.321224212646484","50.321224212646484","17341","17341","17341"
"173449","40.57427215576172","40.57427215576172","40.57427215576172","17344","17344","17344"
"173459","44.649776458740234","44.649776458740234","44.649776458740234","17345","17345","17345"
"173479","35.34101867675781","35.34101867675781","35.34101867675781","17347","17347","17347"
"173489","33.05234909057617","33.05234909057617","33.05234909057617","17348","17348","17348"
"173499","40.75265884399414","40.75265884399414","40.75265884399414","17349","17349","17349"
"173539","289.1580810546875","289.1580810546875","289.1580810546875","17353","17353","17353"
"173569","37.74860382080078","37.74860382080078","37.74860382080078","17356","17356","17356"
"173579","36.303077697753906","36.303077697753906","36.303077697753906","17357","17357","17357"
"173609","40.575103759765625","40.575103759765625","40.575103759765625","17360","17360","17360"
"173619","58.18921661376953","58.18921661376953","58.18921661376953","17361","17361","17361"
"173639","53.22117233276367","53.22117233276367","53.22117233276367","17363","17363","17363"
"173689","35.634681701660156","35.634681701660156","35.634681701660156","17368","17368","17368"
"173699","43.19938278198242","43.19938278198242","43.19938278198242","17369","17369","17369"
"173719","37.78452682495117","37.78452682495117","37.78452682495117","17371","17371","17371"
"173729","41.8350944519043","41.8350944519043","41.8350944519043","17372","17372","17372"
"173749","62.98226547241211","62.98226547241211","62.98226547241211","17374","17374","17374"
"173769","37.70298385620117","37.70298385620117","37.70298385620117","17376","17376","17376"
"173789","49.439552307128906","49.439552307128906","49.439552307128906","17378","17378","17378"
"173819","42.12309646606445","42.12309646606445","42.12309646606445","17381","17381","17381"
"173839","38.24482345581055","38.24482345581055","38.24482345581055","17383","17383","17383"
"173869","37.14950942993164","37.14950942993164","37.14950942993164","17386","17386","17386"
"173879","35.35871887207031","35.35871887207031","35.35871887207031","17387","17387","17387"
"173899","95.3255615234375","95.3255615234375","95.3255615234375","17389","17389","17389"
"173929","34.200355529785156","34.200355529785156","34.200355529785156","17392","17392","17392"
"173959","51.913169860839844","51.913169860839844","51.913169860839844","17395","17395","17395"
"173999","47.37891387939453","47.37891387939453","47.37891387939453","17399","17399","17399"
"174039","43.9346923828125","43.9346923828125","43.9346923828125","17403","17403","17403"
"174049","34.83285140991211","34.83285140991211","34.83285140991211","17404","17404","17404"
"174059","54.9770393371582","54.9770393371582","54.9770393371582","17405","17405","17405"
"174089","33.11112976074219","33.11112976074219","33.11112976074219","17408","17408","17408"
"174109","41.87298583984375","41.87298583984375","41.87298583984375","17410","17410","17410"
"174119","36.53785705566406","36.53785705566406","36.53785705566406","17411","17411","17411"
"174159","53.745147705078125","53.745147705078125","53.745147705078125","17415","17415","17415"
"174179","48.182281494140625","48.182281494140625","48.182281494140625","17417","17417","17417"
"174189","85.19119262695312","85.19119262695312","85.19119262695312","17418","17418","17418"
"174219","36.75642013549805","36.75642013549805","36.75642013549805","17421","17421","17421"
"174239","49.30183792114258","49.30183792114258","49.30183792114258","17423","17423","17423"
"174249","38.33583450317383","38.33583450317383","38.33583450317383","17424","17424","17424"
"174279","43.21601104736328","43.21601104736328","43.21601104736328","17427","17427","17427"
"174309","81.90791320800781","81.90791320800781","81.90791320800781","17430","17430","17430"
"174339","46.788726806640625","46.788726806640625","46.788726806640625","17433","17433","17433"
"174349","71.84053039550781","71.84053039550781","71.84053039550781","17434","17434","17434"
"174369","39.076385498046875","39.076385498046875","39.076385498046875","17436","17436","17436"
"174379","45.107147216796875","45.107147216796875","45.107147216796875","17437","17437","17437"
"174409","33.263885498046875","33.263885498046875","33.263885498046875","17440","17440","17440"
"174419","46.38947296142578","46.38947296142578","46.38947296142578","17441","17441","17441"
"174439","34.288082122802734","34.288082122802734","34.288082122802734","17443","17443","17443"
"174449","34.357540130615234","34.357540130615234","34.357540130615234","17444","17444","17444"
"174459","41.15188980102539","41.15188980102539","41.15188980102539","17445","17445","17445"
"174469","47.49474334716797","47.49474334716797","47.49474334716797","17446","17446","17446"
"174489","37.63321304321289","37.63321304321289","37.63321304321289","17448","17448","17448"
"174499","37.20456314086914","37.20456314086914","37.20456314086914","17449","17449","17449"
"174509","45.78187942504883","45.78187942504883","45.78187942504883","17450","17450","17450"
"174519","41.96954345703125","41.96954345703125","41.96954345703125","17451","17451","17451"
"174529","38.113224029541016","38.113224029541016","38.113224029541016","17452","17452","17452"
"174539","53.545631408691406","53.545631408691406","53.545631408691406","17453","17453","17453"
"174549","33.14870071411133","33.14870071411133","33.14870071411133","17454","17454","17454"
"174569","35.36363983154297","35.36363983154297","35.36363983154297","17456","17456","17456"
"174589","44.75877380371094","44.75877380371094","44.75877380371094","17458","17458","17458"
"174619","38.80012512207031","38.80012512207031","38.80012512207031","17461","17461","17461"
"174639","32.69175338745117","32.69175338745117","32.69175338745117","17463","17463","17463"
"174649","38.80116653442383","38.80116653442383","38.80116653442383","17464","17464","17464"
"174659","48.26847839355469","48.26847839355469","48.26847839355469","17465","17465","17465"
"174669","32.26077651977539","32.26077651977539","32.26077651977539","17466","17466","17466"
"174689","35.104862213134766","35.104862213134766","35.104862213134766","17468","17468","17468"
"174719","32.84217071533203","32.84217071533203","32.84217071533203","17471","17471","17471"
"174729","39.22492599487305","39.22492599487305","39.22492599487305","17472","17472","17472"
"174749","144.7025604248047","144.7025604248047","144.7025604248047","17474","17474","17474"
"174799","36.24155807495117","36.24155807495117","36.24155807495117","17479","17479","17479"
"174829","31.261760711669922","31.261760711669922","31.261760711669922","17482","17482","17482"
"174849","39.35245132446289","39.35245132446289","39.35245132446289","17484","17484","17484"
"174889","54.18233871459961","54.18233871459961","54.18233871459961","17488","17488","17488"
"174899","61.8244514465332","61.8244514465332","61.8244514465332","17489","17489","17489"
"174929","40.10559844970703","40.10559844970703","40.10559844970703","17492","17492","17492"
"174989","35.390995025634766","35.390995025634766","35.390995025634766","17498","17498","17498"
"174999","43.716495513916016","43.716495513916016","43.716495513916016","17499","17499","17499"
"175009","38.33171081542969","38.33171081542969","38.33171081542969","17500","17500","17500"
"175019","33.28282928466797","33.28282928466797","33.28282928466797","17501","17501","17501"
"175039","48.58483123779297","48.58483123779297","48.58483123779297","17503","17503","17503"
"175129","30.787982940673828","30.787982940673828","30.787982940673828","17512","17512","17512"
"175149","41.54582214355469","41.54582214355469","41.54582214355469","17514","17514","17514"
"175159","47.16914367675781","47.16914367675781","47.16914367675781","17515","17515","17515"
"175179","32.4637451171875","32.4637451171875","32.4637451171875","17517","17517","17517"
"175219","39.61780548095703","39.61780548095703","39.61780548095703","17521","17521","17521"
"175229","38.506980895996094","38.506980895996094","38.506980895996094","17522","17522","17522"
"175249","42.232357025146484","42.232357025146484","42.232357025146484","17524","17524","17524"
"175259","45.9827995300293","45.9827995300293","45.9827995300293","17525","17525","17525"
"175279","49.35577392578125","49.35577392578125","49.35577392578125","17527","17527","17527"
"175289","34.29111862182617","34.29111862182617","34.29111862182617","17528","17528","17528"
"175349","41.27936553955078","41.27936553955078","41.27936553955078","17534","17534","17534"
"175359","45.71625518798828","45.71625518798828","45.71625518798828","17535","17535","17535"
"175409","39.88167953491211","39.88167953491211","39.88167953491211","17540","17540","17540"
"175419","42.72563934326172","42.72563934326172","42.72563934326172","17541","17541","17541"
"175429","34.68456268310547","34.68456268310547","34.68456268310547","17542","17542","17542"
"175439","134.41445922851562","134.41445922851562","134.41445922851562","17543","17543","17543"
"175449","39.49789810180664","39.49789810180664","39.49789810180664","17544","17544","17544"
"175459","35.233917236328125","35.233917236328125","35.233917236328125","17545","17545","17545"
"175479","37.99522399902344","37.99522399902344","37.99522399902344","17547","17547","17547"
"175489","38.5276985168457","38.5276985168457","38.5276985168457","17548","17548","17548"
"175499","53.526405334472656","53.526405334472656","53.526405334472656","17549","17549","17549"
"175509","58.22615432739258","58.22615432739258","58.22615432739258","17550","17550","17550"
"175529","70.22199249267578","70.22199249267578","70.22199249267578","17552","17552","17552"
"175539","72.10143280029297","72.10143280029297","72.10143280029297","17553","17553","17553"
"175569","46.99315643310547","46.99315643310547","46.99315643310547","17556","17556","17556"
"175609","35.2921142578125","35.2921142578125","35.2921142578125","17560","17560","17560"
"175629","37.288673400878906","37.288673400878906","37.288673400878906","17562","17562","17562"
"175649","38.3734130859375","38.3734130859375","38.3734130859375","17564","17564","17564"
"175659","54.514488220214844","54.514488220214844","54.514488220214844","17565","17565","17565"
"175679","47.04085922241211","47.04085922241211","47.04085922241211","17567","17567","17567"
"175689","37.45137023925781","37.45137023925781","37.45137023925781","17568","17568","17568"
"175709","33.33803939819336","33.33803939819336","33.33803939819336","17570","17570","17570"
"175719","36.85104751586914","36.85104751586914","36.85104751586914","17571","17571","17571"
"175789","36.52301025390625","36.52301025390625","36.52301025390625","17578","17578","17578"
"175799","46.55750274658203","46.55750274658203","46.55750274658203","17579","17579","17579"
"175819","65.15751647949219","65.15751647949219","65.15751647949219","17581","17581","17581"
"175839","36.709556579589844","36.709556579589844","36.709556579589844","17583","17583","17583"
"175849","42.93891525268555","42.93891525268555","42.93891525268555","17584","17584","17584"
"175869","54.958805084228516","54.958805084228516","54.958805084228516","17586","17586","17586"
"175879","54.668701171875","54.668701171875","54.668701171875","17587","17587","17587"
"175949","32.22565460205078","32.22565460205078","32.22565460205078","17594","17594","17594"
"175969","37.99413299560547","37.99413299560547","37.99413299560547","17596","17596","17596"
"175999","39.34695816040039","39.34695816040039","39.34695816040039","17599","17599","17599"
"176009","49.3597297668457","49.3597297668457","49.3597297668457","17600","17600","17600"
"176049","38.88831329345703","38.88831329345703","38.88831329345703","17604","17604","17604"
"176069","52.58735275268555","52.58735275268555","52.58735275268555","17606","17606","17606"
"176089","49.70601272583008","49.70601272583008","49.70601272583008","17608","17608","17608"
"176109","51.28285598754883","51.28285598754883","51.28285598754883","17610","17610","17610"
"176149","41.476253509521484","41.476253509521484","41.476253509521484","17614","17614","17614"
"176169","43.76226043701172","43.76226043701172","43.76226043701172","17616","17616","17616"
"176179","47.18108367919922","47.18108367919922","47.18108367919922","17617","17617","17617"
"176189","43.86701202392578","43.86701202392578","43.86701202392578","17618","17618","17618"
"176209","35.534759521484375","35.534759521484375","35.534759521484375","17620","17620","17620"
"176219","39.9579963684082","39.9579963684082","39.9579963684082","17621","17621","17621"
"176229","33.8565559387207","33.8565559387207","33.8565559387207","17622","17622","17622"
"176239","69.36497497558594","69.36497497558594","69.36497497558594","17623","17623","17623"
"176259","38.101661682128906","38.101661682128906","38.101661682128906","17625","17625","17625"
"176279","52.1060791015625","52.1060791015625","52.1060791015625","17627","17627","17627"
"176299","56.61151123046875","56.61151123046875","56.61151123046875","17629","17629","17629"
"176309","61.80323028564453","61.80323028564453","61.80323028564453","17630","17630","17630"
"176339","40.5175666809082","40.5175666809082","40.5175666809082","17633","17633","17633"
"176349","36.231807708740234","36.231807708740234","36.231807708740234","17634","17634","17634"
"176369","41.49441909790039","41.49441909790039","41.49441909790039","17636","17636","17636"
"176389","32.0819091796875","32.0819091796875","32.0819091796875","17638","17638","17638"
"176399","33.82082748413086","33.82082748413086","33.82082748413086","17639","17639","17639"
"176429","49.41197204589844","49.41197204589844","49.41197204589844","17642","17642","17642"
"176469","27.692161560058594","27.692161560058594","27.692161560058594","17646","17646","17646"
"176499","46.799285888671875","46.799285888671875","46.799285888671875","17649","17649","17649"
"176519","44.2774543762207","44.2774543762207","44.2774543762207","17651","17651","17651"
"176539","193.80343627929688","193.80343627929688","193.80343627929688","17653","17653","17653"
"176579","35.91926956176758","35.91926956176758","35.91926956176758","17657","17657","17657"
"176589","42.2966194152832","42.2966194152832","42.2966194152832","17658","17658","17658"
"176599","51.530731201171875","51.530731201171875","51.530731201171875","17659","17659","17659"
"176619","42.63962936401367","42.63962936401367","42.63962936401367","17661","17661","17661"
"176649","44.097713470458984","44.097713470458984","44.097713470458984","17664","17664","17664"
"176659","46.45425033569336","46.45425033569336","46.45425033569336","17665","17665","17665"
"176679","47.25048828125","47.25048828125","47.25048828125","17667","17667","17667"
"176719","44.37336349487305","44.37336349487305","44.37336349487305","17671","17671","17671"
"176729","58.06217956542969","58.06217956542969","58.06217956542969","17672","17672","17672"
"176749","46.219703674316406","46.219703674316406","46.219703674316406","17674","17674","17674"
"176769","52.584442138671875","52.584442138671875","52.584442138671875","17676","17676","17676"
"176779","49.90785217285156","49.90785217285156","49.90785217285156","17677","17677","17677"
"176789","54.79526138305664","54.79526138305664","54.79526138305664","17678","17678","17678"
"176809","39.40644073486328","39.40644073486328","39.40644073486328","17680","17680","17680"
"176829","44.2634162902832","44.2634162902832","44.2634162902832","17682","17682","17682"
"176849","36.861446380615234","36.861446380615234","36.861446380615234","17684","17684","17684"
"176889","43.68743133544922","43.68743133544922","43.68743133544922","17688","17688","17688"
"176899","35.21620178222656","35.21620178222656","35.21620178222656","17689","17689","17689"
"176929","46.77111053466797","46.77111053466797","46.77111053466797","17692","17692","17692"
"176949","54.94519805908203","54.94519805908203","54.94519805908203","17694","17694","17694"
"176989","35.114707946777344","35.114707946777344","35.114707946777344","17698","17698","17698"
"176999","37.193695068359375","37.193695068359375","37.193695068359375","17699","17699","17699"
"177019","50.849021911621094","50.849021911621094","50.849021911621094","17701","17701","17701"
"177029","54.35147476196289","54.35147476196289","54.35147476196289","17702","17702","17702"
"177039","35.20527648925781","35.20527648925781","35.20527648925781","17703","17703","17703"
"177069","39.64777755737305","39.64777755737305","39.64777755737305","17706","17706","17706"
"177129","47.27726745605469","47.27726745605469","47.27726745605469","17712","17712","17712"
"177149","41.41028594970703","41.41028594970703","41.41028594970703","17714","17714","17714"
"177169","51.942657470703125","51.942657470703125","51.942657470703125","17716","17716","17716"
"177189","64.49140930175781","64.49140930175781","64.49140930175781","17718","17718","17718"
"177219","33.307220458984375","33.307220458984375","33.307220458984375","17721","17721","17721"
"177239","63.72598648071289","63.72598648071289","63.72598648071289","17723","17723","17723"
"177269","39.254859924316406","39.254859924316406","39.254859924316406","17726","17726","17726"
"177339","42.87104797363281","42.87104797363281","42.87104797363281","17733","17733","17733"
"177349","37.864158630371094","37.864158630371094","37.864158630371094","17734","17734","17734"
"177379","50.22611618041992","50.22611618041992","50.22611618041992","17737","17737","17737"
"177389","46.30282974243164","46.30282974243164","46.30282974243164","17738","17738","17738"
"177419","54.55680847167969","54.55680847167969","54.55680847167969","17741","17741","17741"
"177439","46.653045654296875","46.653045654296875","46.653045654296875","17743","17743","17743"
"177459","38.71513748168945","38.71513748168945","38.71513748168945","17745","17745","17745"
"177469","58.867523193359375","58.867523193359375","58.867523193359375","17746","17746","17746"
"177479","34.14311599731445","34.14311599731445","34.14311599731445","17747","17747","17747"
"177489","53.2615852355957","53.2615852355957","53.2615852355957","17748","17748","17748"
"177499","39.11297607421875","39.11297607421875","39.11297607421875","17749","17749","17749"
"177539","38.10077667236328","38.10077667236328","38.10077667236328","17753","17753","17753"
"177569","41.67182922363281","41.67182922363281","41.67182922363281","17756","17756","17756"
"177609","44.462669372558594","44.462669372558594","44.462669372558594","17760","17760","17760"
"177629","52.037925720214844","52.037925720214844","52.037925720214844","17762","17762","17762"
"177649","58.23837661743164","58.23837661743164","58.23837661743164","17764","17764","17764"
"177659","43.3603630065918","43.3603630065918","43.3603630065918","17765","17765","17765"
"177679","46.154197692871094","46.154197692871094","46.154197692871094","17767","17767","17767"
"177689","58.81306838989258","58.81306838989258","58.81306838989258","17768","17768","17768"
"177699","48.65377426147461","48.65377426147461","48.65377426147461","17769","17769","17769"
"177769","36.23641586303711","36.23641586303711","36.23641586303711","17776","17776","17776"
"177789","53.92555236816406","53.92555236816406","53.92555236816406","17778","17778","17778"
"177799","66.4906997680664","66.4906997680664","66.4906997680664","17779","17779","17779"
"177819","49.8057861328125","49.8057861328125","49.8057861328125","17781","17781","17781"
"177829","41.792720794677734","41.792720794677734","41.792720794677734","17782","17782","17782"
"177849","36.49859619140625","36.49859619140625","36.49859619140625","17784","17784","17784"
"177859","57.83140563964844","57.83140563964844","57.83140563964844","17785","17785","17785"
"177899","39.37456512451172","39.37456512451172","39.37456512451172","17789","17789","17789"
"177919","37.36439895629883","37.36439895629883","37.36439895629883","17791","17791","17791"
"177939","43.71311950683594","43.71311950683594","43.71311950683594","17793","17793","17793"
"177959","32.309906005859375","32.309906005859375","32.309906005859375","17795","17795","17795"
"177979","43.245521545410156","43.245521545410156","43.245521545410156","17797","17797","17797"
"177989","47.786659240722656","47.786659240722656","47.786659240722656","17798","17798","17798"
"177999","34.14698791503906","34.14698791503906","34.14698791503906","17799","17799","17799"
"178069","50.80170440673828","50.80170440673828","50.80170440673828","17806","17806","17806"
"178099","34.77019119262695","34.77019119262695","34.77019119262695","17809","17809","17809"
"178119","45.70638656616211","45.70638656616211","45.70638656616211","17811","17811","17811"
"178199","52.5329704284668","52.5329704284668","52.5329704284668","17819","17819","17819"
"178209","59.21759796142578","59.21759796142578","59.21759796142578","17820","17820","17820"
"178219","39.681358337402344","39.681358337402344","39.681358337402344","17821","17821","17821"
"178249","59.44028854370117","59.44028854370117","59.44028854370117","17824","17824","17824"
"178339","32.189388275146484","32.189388275146484","32.189388275146484","17833","17833","17833"
"178359","48.73984909057617","48.73984909057617","48.73984909057617","17835","17835","17835"
"178379","49.93528366088867","49.93528366088867","49.93528366088867","17837","17837","17837"
"178389","40.1029052734375","40.1029052734375","40.1029052734375","17838","17838","17838"
"178409","38.976287841796875","38.976287841796875","38.976287841796875","17840","17840","17840"
"178439","38.9385871887207","38.9385871887207","38.9385871887207","17843","17843","17843"
"178449","53.60448455810547","53.60448455810547","53.60448455810547","17844","17844","17844"
"178479","50.22951126098633","50.22951126098633","50.22951126098633","17847","17847","17847"
"178499","47.84996032714844","47.84996032714844","47.84996032714844","17849","17849","17849"
"178509","34.20576477050781","34.20576477050781","34.20576477050781","17850","17850","17850"
"178529","32.77513885498047","32.77513885498047","32.77513885498047","17852","17852","17852"
"178549","47.37690353393555","47.37690353393555","47.37690353393555","17854","17854","17854"
"178579","38.492881774902344","38.492881774902344","38.492881774902344","17857","17857","17857"
"178589","43.74224853515625","43.74224853515625","43.74224853515625","17858","17858","17858"
"178609","62.045902252197266","62.045902252197266","62.045902252197266","17860","17860","17860"
"178619","40.997833251953125","40.997833251953125","40.997833251953125","17861","17861","17861"
"178639","43.40946960449219","43.40946960449219","43.40946960449219","17863","17863","17863"
"178659","35.939292907714844","35.939292907714844","35.939292907714844","17865","17865","17865"
"178669","44.17618179321289","44.17618179321289","44.17618179321289","17866","17866","17866"
"178699","71.91779327392578","71.91779327392578","71.91779327392578","17869","17869","17869"
"178709","46.651424407958984","46.651424407958984","46.651424407958984","17870","17870","17870"
"178719","50.43051528930664","50.43051528930664","50.43051528930664","17871","17871","17871"
"178729","42.746849060058594","42.746849060058594","42.746849060058594","17872","17872","17872"
"178739","42.6180419921875","42.6180419921875","42.6180419921875","17873","17873","17873"
"178779","38.11347579956055","38.11347579956055","38.11347579956055","17877","17877","17877"
"178799","62.3680534362793","62.3680534362793","62.3680534362793","17879","17879","17879"
"178809","36.52650833129883","36.52650833129883","36.52650833129883","17880","17880","17880"
"178829","45.61225509643555","45.61225509643555","45.61225509643555","17882","17882","17882"
"178839","33.088279724121094","33.088279724121094","33.088279724121094","17883","17883","17883"
"178879","46.184532165527344","46.184532165527344","46.184532165527344","17887","17887","17887"
"178989","36.12196731567383","36.12196731567383","36.12196731567383","17898","17898","17898"
"178999","36.781455993652344","36.781455993652344","36.781455993652344","17899","17899","17899"
"179039","38.619384765625","38.619384765625","38.619384765625","17903","17903","17903"
"179069","42.31597900390625","42.31597900390625","42.31597900390625","17906","17906","17906"
"179089","35.54096221923828","35.54096221923828","35.54096221923828","17908","17908","17908"
"179099","35.1358757019043","35.1358757019043","35.1358757019043","17909","17909","17909"
"179129","52.71405792236328","52.71405792236328","52.71405792236328","17912","17912","17912"
"179159","33.9194221496582","33.9194221496582","33.9194221496582","17915","17915","17915"
"179189","36.11750793457031","36.11750793457031","36.11750793457031","17918","17918","17918"
"179209","37.2905158996582","37.2905158996582","37.2905158996582","17920","17920","17920"
"179229","45.51910400390625","45.51910400390625","45.51910400390625","17922","17922","17922"
"179259","45.53797912597656","45.53797912597656","45.53797912597656","17925","17925","17925"
"179329","154.36279296875","154.36279296875","154.36279296875","17932","17932","17932"
"179339","48.610313415527344","48.610313415527344","48.610313415527344","17933","17933","17933"
"179359","42.328651428222656","42.328651428222656","42.328651428222656","17935","17935","17935"
"179369","35.710304260253906","35.710304260253906","35.710304260253906","17936","17936","17936"
"179409","40.757720947265625","40.757720947265625","40.757720947265625","17940","17940","17940"
"179429","66.44620513916016","66.44620513916016","66.44620513916016","17942","17942","17942"
"179449","34.813575744628906","34.813575744628906","34.813575744628906","17944","17944","17944"
"179499","51.63450622558594","51.63450622558594","51.63450622558594","17949","17949","17949"
"179509","42.98106384277344","42.98106384277344","42.98106384277344","17950","17950","17950"
"179529","40.57759475708008","40.57759475708008","40.57759475708008","17952","17952","17952"
"179539","46.83860397338867","46.83860397338867","46.83860397338867","17953","17953","17953"
"179599","45.83055114746094","45.83055114746094","45.83055114746094","17959","17959","17959"
"179619","35.06167984008789","35.06167984008789","35.06167984008789","17961","17961","17961"
"179629","42.035343170166016","42.035343170166016","42.035343170166016","17962","17962","17962"
"179639","39.0012321472168","39.0012321472168","39.0012321472168","17963","17963","17963"
"179649","102.49642181396484","102.49642181396484","102.49642181396484","17964","17964","17964"
"179659","49.762611389160156","49.762611389160156","49.762611389160156","17965","17965","17965"
"179679","33.96097946166992","33.96097946166992","33.96097946166992","17967","17967","17967"
"179709","41.57050323486328","41.57050323486328","41.57050323486328","17970","17970","17970"
"179749","44.88054656982422","44.88054656982422","44.88054656982422","17974","17974","17974"
"179759","30.657649993896484","30.657649993896484","30.657649993896484","17975","17975","17975"
"179819","36.887977600097656","36.887977600097656","36.887977600097656","17981","17981","17981"
"179859","44.93411636352539","44.93411636352539","44.93411636352539","17985","17985","17985"
"179879","32.93241500854492","32.93241500854492","32.93241500854492","17987","17987","17987"
"179899","34.34664535522461","34.34664535522461","34.34664535522461","17989","17989","17989"
"179909","300.8470764160156","300.8470764160156","300.8470764160156","17990","17990","17990"
"179939","37.09300231933594","37.09300231933594","37.09300231933594","17993","17993","17993"
"179949","39.141578674316406","39.141578674316406","39.141578674316406","17994","17994","17994"
"179959","42.34914016723633","42.34914016723633","42.34914016723633","17995","17995","17995"
"179979","50.41474533081055","50.41474533081055","50.41474533081055","17997","17997","17997"
"179989","37.87348937988281","37.87348937988281","37.87348937988281","17998","17998","17998"
"180009","59.064239501953125","59.064239501953125","59.064239501953125","18000","18000","18000"
"180039","36.686180114746094","36.686180114746094","36.686180114746094","18003","18003","18003"
"180069","41.13397979736328","41.13397979736328","41.13397979736328","18006","18006","18006"
"180079","50.248069763183594","50.248069763183594","50.248069763183594","18007","18007","18007"
"180129","37.41217803955078","37.41217803955078","37.41217803955078","18012","18012","18012"
"180169","40.75347900390625","40.75347900390625","40.75347900390625","18016","18016","18016"
"180229","48.918487548828125","48.918487548828125","48.918487548828125","18022","18022","18022"
"180249","45.191368103027344","45.191368103027344","45.191368103027344","18024","18024","18024"
"180259","45.58745574951172","45.58745574951172","45.58745574951172","18025","18025","18025"
"180269","51.88114547729492","51.88114547729492","51.88114547729492","18026","18026","18026"
"180309","40.034732818603516","40.034732818603516","40.034732818603516","18030","18030","18030"
"180319","32.4955940246582","32.4955940246582","32.4955940246582","18031","18031","18031"
"180339","40.85511779785156","40.85511779785156","40.85511779785156","18033","18033","18033"
"180369","49.25910949707031","49.25910949707031","49.25910949707031","18036","18036","18036"
"180379","32.533485412597656","32.533485412597656","32.533485412597656","18037","18037","18037"
"180389","52.709259033203125","52.709259033203125","52.709259033203125","18038","18038","18038"
"180409","40.84498596191406","40.84498596191406","40.84498596191406","18040","18040","18040"
"180459","44.42123031616211","44.42123031616211","44.42123031616211","18045","18045","18045"
"180479","52.24449920654297","52.24449920654297","52.24449920654297","18047","18047","18047"
"180509","32.49535369873047","32.49535369873047","32.49535369873047","18050","18050","18050"
"180529","38.96165466308594","38.96165466308594","38.96165466308594","18052","18052","18052"
"180539","34.76651382446289","34.76651382446289","34.76651382446289","18053","18053","18053"
"180549","51.29780578613281","51.29780578613281","51.29780578613281","18054","18054","18054"
"180599","42.3108024597168","42.3108024597168","42.3108024597168","18059","18059","18059"
"180619","40.433128356933594","40.433128356933594","40.433128356933594","18061","18061","18061"
"180679","38.398902893066406","38.398902893066406","38.398902893066406","18067","18067","18067"
"180689","37.96442794799805","37.96442794799805","37.96442794799805","18068","18068","18068"
"180709","36.376983642578125","36.376983642578125","36.376983642578125","18070","18070","18070"
"180759","43.9568977355957","43.9568977355957","43.9568977355957","18075","18075","18075"
"180779","36.5955696105957","36.5955696105957","36.5955696105957","18077","18077","18077"
"180789","39.97148513793945","39.97148513793945","39.97148513793945","18078","18078","18078"
"180799","38.19842529296875","38.19842529296875","38.19842529296875","18079","18079","18079"
"180849","35.75535583496094","35.75535583496094","35.75535583496094","18084","18084","18084"
"180859","44.65777587890625","44.65777587890625","44.65777587890625","18085","18085","18085"
"180869","39.57554626464844","39.57554626464844","39.57554626464844","18086","18086","18086"
"180909","35.294708251953125","35.294708251953125","35.294708251953125","18090","18090","18090"
"180919","36.45018005371094","36.45018005371094","36.45018005371094","18091","18091","18091"
"180939","36.86250305175781","36.86250305175781","36.86250305175781","18093","18093","18093"
"180959","56.73237609863281","56.73237609863281","56.73237609863281","18095","18095","18095"
"181019","41.26893615722656","41.26893615722656","41.26893615722656","18101","18101","18101"
"181029","40.645530700683594","40.645530700683594","40.645530700683594","18102","18102","18102"
"181049","44.36363983154297","44.36363983154297","44.36363983154297","18104","18104","18104"
"181069","50.0885009765625","50.0885009765625","50.0885009765625","18106","18106","18106"
"181079","41.286556243896484","41.286556243896484","41.286556243896484","18107","18107","18107"
"181089","63.609764099121094","63.609764099121094","63.609764099121094","18108","18108","18108"
"181119","53.0866813659668","53.0866813659668","53.0866813659668","18111","18111","18111"
"181149","31.65324592590332","31.65324592590332","31.65324592590332","18114","18114","18114"
"181169","40.07171630859375","40.07171630859375","40.07171630859375","18116","18116","18116"
"181179","57.55772399902344","57.55772399902344","57.55772399902344","18117","18117","18117"
"181189","39.67838668823242","39.67838668823242","39.67838668823242","18118","18118","18118"
"181209","41.880836486816406","41.880836486816406","41.880836486816406","18120","18120","18120"
"181219","47.446449279785156","47.446449279785156","47.446449279785156","18121","18121","18121"
"181229","40.8271369934082","40.8271369934082","40.8271369934082","18122","18122","18122"
"181239","39.216121673583984","39.216121673583984","39.216121673583984","18123","18123","18123"
"181259","41.944618225097656","41.944618225097656","41.944618225097656","18125","18125","18125"
"181289","38.095489501953125","38.095489501953125","38.095489501953125","18128","18128","18128"
"181299","61.39976501464844","61.39976501464844","61.39976501464844","18129","18129","18129"
"181309","56.041908264160156","56.041908264160156","56.041908264160156","18130","18130","18130"
"181359","62.196590423583984","62.196590423583984","62.196590423583984","18135","18135","18135"
"181369","38.41685485839844","38.41685485839844","38.41685485839844","18136","18136","18136"
"181379","40.91549301147461","40.91549301147461","40.91549301147461","18137","18137","18137"
"181399","38.52229309082031","38.52229309082031","38.52229309082031","18139","18139","18139"
"181409","38.41783142089844","38.41783142089844","38.41783142089844","18140","18140","18140"
"181439","49.574920654296875","49.574920654296875","49.574920654296875","18143","18143","18143"
"181449","52.08268356323242","52.08268356323242","52.08268356323242","18144","18144","18144"
"181509","72.65049743652344","72.65049743652344","72.65049743652344","18150","18150","18150"
"181529","38.21589660644531","38.21589660644531","38.21589660644531","18152","18152","18152"
"181589","67.75546264648438","67.75546264648438","67.75546264648438","18158","18158","18158"
"181609","39.44713592529297","39.44713592529297","39.44713592529297","18160","18160","18160"
"181619","36.32982635498047","36.32982635498047","36.32982635498047","18161","18161","18161"
"181629","37.90371322631836","37.90371322631836","37.90371322631836","18162","18162","18162"
"181659","36.72646713256836","36.72646713256836","36.72646713256836","18165","18165","18165"
"181699","33.486995697021484","33.486995697021484","33.486995697021484","18169","18169","18169"
"181709","33.474002838134766","33.474002838134766","33.474002838134766","18170","18170","18170"
"181719","40.32255554199219","40.32255554199219","40.32255554199219","18171","18171","18171"
"181729","42.93898010253906","42.93898010253906","42.93898010253906","18172","18172","18172"
"181759","32.38697814941406","32.38697814941406","32.38697814941406","18175","18175","18175"
"181769","72.19709014892578","72.19709014892578","72.19709014892578","18176","18176","18176"
"181809","32.29460144042969","32.29460144042969","32.29460144042969","18180","18180","18180"
"181819","49.67328643798828","49.67328643798828","49.67328643798828","18181","18181","18181"
"181849","43.318668365478516","43.318668365478516","43.318668365478516","18184","18184","18184"
"181859","34.90068817138672","34.90068817138672","34.90068817138672","18185","18185","18185"
"181899","30.718902587890625","30.718902587890625","30.718902587890625","18189","18189","18189"
"181919","49.65367889404297","49.65367889404297","49.65367889404297","18191","18191","18191"
"181929","48.250823974609375","48.250823974609375","48.250823974609375","18192","18192","18192"
"181969","35.994022369384766","35.994022369384766","35.994022369384766","18196","18196","18196"
"182009","44.58888626098633","44.58888626098633","44.58888626098633","18200","18200","18200"
"182029","41.40411376953125","41.40411376953125","41.40411376953125","18202","18202","18202"
"182049","38.17935562133789","38.17935562133789","38.17935562133789","18204","18204","18204"
"182069","63.82963562011719","63.82963562011719","63.82963562011719","18206","18206","18206"
"182169","51.03078842163086","51.03078842163086","51.03078842163086","18216","18216","18216"
"182179","32.947566986083984","32.947566986083984","32.947566986083984","18217","18217","18217"
"182209","41.33549880981445","41.33549880981445","41.33549880981445","18220","18220","18220"
"182249","64.80870056152344","64.80870056152344","64.80870056152344","18224","18224","18224"
"182259","41.839317321777344","41.839317321777344","41.839317321777344","18225","18225","18225"
"182269","40.895469665527344","40.895469665527344","40.895469665527344","18226","18226","18226"
"182279","35.82341003417969","35.82341003417969","35.82341003417969","18227","18227","18227"
"182329","81.78433227539062","81.78433227539062","81.78433227539062","18232","18232","18232"
"182359","32.64348602294922","32.64348602294922","32.64348602294922","18235","18235","18235"
"182389","44.29338073730469","44.29338073730469","44.29338073730469","18238","18238","18238"
"182429","41.292057037353516","41.292057037353516","41.292057037353516","18242","18242","18242"
"182449","144.9542999267578","144.9542999267578","144.9542999267578","18244","18244","18244"
"182459","38.32868576049805","38.32868576049805","38.32868576049805","18245","18245","18245"
"182469","38.224979400634766","38.224979400634766","38.224979400634766","18246","18246","18246"
"182529","50.57725143432617","50.57725143432617","50.57725143432617","18252","18252","18252"
"182539","38.77820587158203","38.77820587158203","38.77820587158203","18253","18253","18253"
"182549","29.491405487060547","29.491405487060547","29.491405487060547","18254","18254","18254"
"182559","44.36784744262695","44.36784744262695","44.36784744262695","18255","18255","18255"
"182569","34.60857391357422","34.60857391357422","34.60857391357422","18256","18256","18256"
"182599","43.87042999267578","43.87042999267578","43.87042999267578","18259","18259","18259"
"182619","36.885955810546875","36.885955810546875","36.885955810546875","18261","18261","18261"
"182649","38.538047790527344","38.538047790527344","38.538047790527344","18264","18264","18264"
"182659","33.77022171020508","33.77022171020508","33.77022171020508","18265","18265","18265"
"182679","41.935882568359375","41.935882568359375","41.935882568359375","18267","18267","18267"
"182729","50.11542510986328","50.11542510986328","50.11542510986328","18272","18272","18272"
"182749","41.426334381103516","41.426334381103516","41.426334381103516","18274","18274","18274"
"182769","75.21978759765625","75.21978759765625","75.21978759765625","18276","18276","18276"
"182789","49.79854202270508","49.79854202270508","49.79854202270508","18278","18278","18278"
"182809","41.99898910522461","41.99898910522461","41.99898910522461","18280","18280","18280"
"182839","46.3212890625","46.3212890625","46.3212890625","18283","18283","18283"
"182879","43.11212921142578","43.11212921142578","43.11212921142578","18287","18287","18287"
"182889","36.0684814453125","36.0684814453125","36.0684814453125","18288","18288","18288"
"182899","53.614990234375","53.614990234375","53.614990234375","18289","18289","18289"
"182909","38.847774505615234","38.847774505615234","38.847774505615234","18290","18290","18290"
"182929","40.33177947998047","40.33177947998047","40.33177947998047","18292","18292","18292"
"182939","42.422462463378906","42.422462463378906","42.422462463378906","18293","18293","18293"
"182959","43.51351547241211","43.51351547241211","43.51351547241211","18295","18295","18295"
"182999","36.33805465698242","36.33805465698242","36.33805465698242","18299","18299","18299"
"183009","46.8339729309082","46.8339729309082","46.8339729309082","18300","18300","18300"
"183019","40.7615852355957","40.7615852355957","40.7615852355957","18301","18301","18301"
"183039","44.16316604614258","44.16316604614258","44.16316604614258","18303","18303","18303"
"183069","36.347137451171875","36.347137451171875","36.347137451171875","18306","18306","18306"
"183079","43.20841979980469","43.20841979980469","43.20841979980469","18307","18307","18307"
"183119","29.037700653076172","29.037700653076172","29.037700653076172","18311","18311","18311"
"183129","48.152950286865234","48.152950286865234","48.152950286865234","18312","18312","18312"
"183169","40.799560546875","40.799560546875","40.799560546875","18316","18316","18316"
"183189","39.56264877319336","39.56264877319336","39.56264877319336","18318","18318","18318"
"183219","37.27457809448242","37.27457809448242","37.27457809448242","18321","18321","18321"
"183239","37.51966094970703","37.51966094970703","37.51966094970703","18323","18323","18323"
"183259","42.33724594116211","42.33724594116211","42.33724594116211","18325","18325","18325"
"183279","98.69036865234375","98.69036865234375","98.69036865234375","18327","18327","18327"
"183289","46.58146286010742","46.58146286010742","46.58146286010742","18328","18328","18328"
"183299","45.14555358886719","45.14555358886719","45.14555358886719","18329","18329","18329"
"183319","40.097469329833984","40.097469329833984","40.097469329833984","18331","18331","18331"
"183339","56.47676086425781","56.47676086425781","56.47676086425781","18333","18333","18333"
"183369","40.86505889892578","40.86505889892578","40.86505889892578","18336","18336","18336"
"183399","61.50589370727539","61.50589370727539","61.50589370727539","18339","18339","18339"
"183469","40.263816833496094","40.263816833496094","40.263816833496094","18346","18346","18346"
"183489","37.952205657958984","37.952205657958984","37.952205657958984","18348","18348","18348"
"183499","48.76694869995117","48.76694869995117","48.76694869995117","18349","18349","18349"
"183509","33.2066535949707","33.2066535949707","33.2066535949707","18350","18350","18350"
"183569","33.23598861694336","33.23598861694336","33.23598861694336","18356","18356","18356"
"183629","37.352542877197266","37.352542877197266","37.352542877197266","18362","18362","18362"
"183639","31.204269409179688","31.204269409179688","31.204269409179688","18363","18363","18363"
"183649","41.92566680908203","41.92566680908203","41.92566680908203","18364","18364","18364"
"183689","138.4763946533203","138.4763946533203","138.4763946533203","18368","18368","18368"
"183699","56.418907165527344","56.418907165527344","56.418907165527344","18369","18369","18369"
"183719","35.79677963256836","35.79677963256836","35.79677963256836","18371","18371","18371"
"183729","59.51316452026367","59.51316452026367","59.51316452026367","18372","18372","18372"
"183749","40.66569137573242","40.66569137573242","40.66569137573242","18374","18374","18374"
"183809","51.0313720703125","51.0313720703125","51.0313720703125","18380","18380","18380"
"183849","39.163185119628906","39.163185119628906","39.163185119628906","18384","18384","18384"
"183879","39.92487335205078","39.92487335205078","39.92487335205078","18387","18387","18387"
"183899","38.217926025390625","38.217926025390625","38.217926025390625","18389","18389","18389"
"183909","71.74736785888672","71.74736785888672","71.74736785888672","18390","18390","18390"
"183949","40.1287956237793","40.1287956237793","40.1287956237793","18394","18394","18394"
"183969","54.872032165527344","54.872032165527344","54.872032165527344","18396","18396","18396"
"183979","51.85554504394531","51.85554504394531","51.85554504394531","18397","18397","18397"
"183989","44.208717346191406","44.208717346191406","44.208717346191406","18398","18398","18398"
"184049","29.79206085205078","29.79206085205078","29.79206085205078","18404","18404","18404"
"184069","53.69915771484375","53.69915771484375","53.69915771484375","18406","18406","18406"
"184089","31.678974151611328","31.678974151611328","31.678974151611328","18408","18408","18408"
"184099","43.540992736816406","43.540992736816406","43.540992736816406","18409","18409","18409"
"184109","37.4737434387207","37.4737434387207","37.4737434387207","18410","18410","18410"
"184129","51.42932891845703","51.42932891845703","51.42932891845703","18412","18412","18412"
"184149","170.12281799316406","170.12281799316406","170.12281799316406","18414","18414","18414"
"184159","35.15043258666992","35.15043258666992","35.15043258666992","18415","18415","18415"
"184169","49.2622184753418","49.2622184753418","49.2622184753418","18416","18416","18416"
"184179","54.402652740478516","54.402652740478516","54.402652740478516","18417","18417","18417"
"184199","48.5611572265625","48.5611572265625","48.5611572265625","18419","18419","18419"
"184229","41.472145080566406","41.472145080566406","41.472145080566406","18422","18422","18422"
"184259","42.35908126831055","42.35908126831055","42.35908126831055","18425","18425","18425"
"184269","47.75108337402344","47.75108337402344","47.75108337402344","18426","18426","18426"
"184289","30.950965881347656","30.950965881347656","30.950965881347656","18428","18428","18428"
"184299","37.6365966796875","37.6365966796875","37.6365966796875","18429","18429","18429"
"184309","49.43236541748047","49.43236541748047","49.43236541748047","18430","18430","18430"
"184319","39.41423034667969","39.41423034667969","39.41423034667969","18431","18431","18431"
"184359","59.07798767089844","59.07798767089844","59.07798767089844","18435","18435","18435"
"184369","36.704647064208984","36.704647064208984","36.704647064208984","18436","18436","18436"
"184379","43.710777282714844","43.710777282714844","43.710777282714844","18437","18437","18437"
"184399","43.664649963378906","43.664649963378906","43.664649963378906","18439","18439","18439"
"184409","35.9114990234375","35.9114990234375","35.9114990234375","18440","18440","18440"
"184419","40.486053466796875","40.486053466796875","40.486053466796875","18441","18441","18441"
"184469","37.187103271484375","37.187103271484375","37.187103271484375","18446","18446","18446"
"184489","37.893409729003906","37.893409729003906","37.893409729003906","18448","18448","18448"
"184499","42.788028717041016","42.788028717041016","42.788028717041016","18449","18449","18449"
"184509","53.375057220458984","53.375057220458984","53.375057220458984","18450","18450","18450"
"184519","55.626041412353516","55.626041412353516","55.626041412353516","18451","18451","18451"
"184529","40.78478240966797","40.78478240966797","40.78478240966797","18452","18452","18452"
"184539","41.46797561645508","41.46797561645508","41.46797561645508","18453","18453","18453"
"184559","50.57713317871094","50.57713317871094","50.57713317871094","18455","18455","18455"
"184579","35.53239440917969","35.53239440917969","35.53239440917969","18457","18457","18457"
"184589","40.45814895629883","40.45814895629883","40.45814895629883","18458","18458","18458"
"184649","43.49387741088867","43.49387741088867","43.49387741088867","18464","18464","18464"
"184659","36.19413757324219","36.19413757324219","36.19413757324219","18465","18465","18465"
"184669","36.13190460205078","36.13190460205078","36.13190460205078","18466","18466","18466"
"184689","42.90190124511719","42.90190124511719","42.90190124511719","18468","18468","18468"
"184699","37.05936050415039","37.05936050415039","37.05936050415039","18469","18469","18469"
"184709","34.59920120239258","34.59920120239258","34.59920120239258","18470","18470","18470"
"184739","38.95150375366211","38.95150375366211","38.95150375366211","18473","18473","18473"
"184769","39.078922271728516","39.078922271728516","39.078922271728516","18476","18476","18476"
"184789","55.79670333862305","55.79670333862305","55.79670333862305","18478","18478","18478"
"184829","39.151885986328125","39.151885986328125","39.151885986328125","18482","18482","18482"
"184839","41.35896301269531","41.35896301269531","41.35896301269531","18483","18483","18483"
"184869","38.43347930908203","38.43347930908203","38.43347930908203","18486","18486","18486"
"184889","35.088748931884766","35.088748931884766","35.088748931884766","18488","18488","18488"
"184919","34.832942962646484","34.832942962646484","34.832942962646484","18491","18491","18491"
"184939","50.829158782958984","50.829158782958984","50.829158782958984","18493","18493","18493"
"184979","39.46192169189453","39.46192169189453","39.46192169189453","18497","18497","18497"
"184999","35.23418045043945","35.23418045043945","35.23418045043945","18499","18499","18499"
"185019","51.019500732421875","51.019500732421875","51.019500732421875","18501","18501","18501"
"185029","35.52545928955078","35.52545928955078","35.52545928955078","18502","18502","18502"
"185059","36.930233001708984","36.930233001708984","36.930233001708984","18505","18505","18505"
"185069","39.279605865478516","39.279605865478516","39.279605865478516","18506","18506","18506"
"185099","43.33527755737305","43.33527755737305","43.33527755737305","18509","18509","18509"
"185169","38.08937454223633","38.08937454223633","38.08937454223633","18516","18516","18516"
"185179","31.940759658813477","31.940759658813477","31.940759658813477","18517","18517","18517"
"185199","37.689598083496094","37.689598083496094","37.689598083496094","18519","18519","18519"
"185209","41.754276275634766","41.754276275634766","41.754276275634766","18520","18520","18520"
"185219","38.34608840942383","38.34608840942383","38.34608840942383","18521","18521","18521"
"185249","39.774192810058594","39.774192810058594","39.774192810058594","18524","18524","18524"
"185289","38.474422454833984","38.474422454833984","38.474422454833984","18528","18528","18528"
"185309","43.47612762451172","43.47612762451172","43.47612762451172","18530","18530","18530"
"185319","43.76074981689453","43.76074981689453","43.76074981689453","18531","18531","18531"
"185329","45.35386657714844","45.35386657714844","45.35386657714844","18532","18532","18532"
"185359","42.83601760864258","42.83601760864258","42.83601760864258","18535","18535","18535"
"185419","33.26743698120117","33.26743698120117","33.26743698120117","18541","18541","18541"
"185429","44.188201904296875","44.188201904296875","44.188201904296875","18542","18542","18542"
"185449","36.55879211425781","36.55879211425781","36.55879211425781","18544","18544","18544"
"185499","35.215389251708984","35.215389251708984","35.215389251708984","18549","18549","18549"
"185509","40.43406677246094","40.43406677246094","40.43406677246094","18550","18550","18550"
"185529","38.539573669433594","38.539573669433594","38.539573669433594","18552","18552","18552"
"185569","33.71055221557617","33.71055221557617","33.71055221557617","18556","18556","18556"
"185629","38.71751403808594","38.71751403808594","38.71751403808594","18562","18562","18562"
"185649","39.53623962402344","39.53623962402344","39.53623962402344","18564","18564","18564"
"185669","52.82485580444336","52.82485580444336","52.82485580444336","18566","18566","18566"
"185679","32.80727005004883","32.80727005004883","32.80727005004883","18567","18567","18567"
"185689","34.40609359741211","34.40609359741211","34.40609359741211","18568","18568","18568"
"185709","44.20255661010742","44.20255661010742","44.20255661010742","18570","18570","18570"
"185739","40.454524993896484","40.454524993896484","40.454524993896484","18573","18573","18573"
"185769","34.161590576171875","34.161590576171875","34.161590576171875","18576","18576","18576"
"185779","38.19212341308594","38.19212341308594","38.19212341308594","18577","18577","18577"
"185789","40.53068923950195","40.53068923950195","40.53068923950195","18578","18578","18578"
"185799","38.87257766723633","38.87257766723633","38.87257766723633","18579","18579","18579"
"185809","31.50344467163086","31.50344467163086","31.50344467163086","18580","18580","18580"
"185839","36.178375244140625","36.178375244140625","36.178375244140625","18583","18583","18583"
"185849","38.8053092956543","38.8053092956543","38.8053092956543","18584","18584","18584"
"185879","39.38576126098633","39.38576126098633","39.38576126098633","18587","18587","18587"
"185899","37.33135223388672","37.33135223388672","37.33135223388672","18589","18589","18589"
"185939","57.01116180419922","57.01116180419922","57.01116180419922","18593","18593","18593"
"185999","77.16545104980469","77.16545104980469","77.16545104980469","18599","18599","18599"
"186049","44.632999420166016","44.632999420166016","44.632999420166016","18604","18604","18604"
"186059","32.24967956542969","32.24967956542969","32.24967956542969","18605","18605","18605"
"186109","42.24665832519531","42.24665832519531","42.24665832519531","18610","18610","18610"
"186129","37.46123504638672","37.46123504638672","37.46123504638672","18612","18612","18612"
"186199","34.40665817260742","34.40665817260742","34.40665817260742","18619","18619","18619"
"186219","34.29942321777344","34.29942321777344","34.29942321777344","18621","18621","18621"
"186279","163.301025390625","163.301025390625","163.301025390625","18627","18627","18627"
"186299","45.408931732177734","45.408931732177734","45.408931732177734","18629","18629","18629"
"186319","42.806575775146484","42.806575775146484","42.806575775146484","18631","18631","18631"
"186349","32.95281219482422","32.95281219482422","32.95281219482422","18634","18634","18634"
"186359","41.988101959228516","41.988101959228516","41.988101959228516","18635","18635","18635"
"186369","33.41831970214844","33.41831970214844","33.41831970214844","18636","18636","18636"
"186389","45.40522766113281","45.40522766113281","45.40522766113281","18638","18638","18638"
"186439","41.1220817565918","41.1220817565918","41.1220817565918","18643","18643","18643"
"186479","39.0467414855957","39.0467414855957","39.0467414855957","18647","18647","18647"
"186509","51.341670989990234","51.341670989990234","51.341670989990234","18650","18650","18650"
"186529","41.3095703125","41.3095703125","41.3095703125","18652","18652","18652"
"186539","32.81841278076172","32.81841278076172","32.81841278076172","18653","18653","18653"
"186569","67.62260437011719","67.62260437011719","67.62260437011719","18656","18656","18656"
"186609","41.65326690673828","41.65326690673828","41.65326690673828","18660","18660","18660"
"186639","45.890140533447266","45.890140533447266","45.890140533447266","18663","18663","18663"
"186669","42.674983978271484","42.674983978271484","42.674983978271484","18666","18666","18666"
"186679","46.38331604003906","46.38331604003906","46.38331604003906","18667","18667","18667"
"186689","53.948707580566406","53.948707580566406","53.948707580566406","18668","18668","18668"
"186699","37.347476959228516","37.347476959228516","37.347476959228516","18669","18669","18669"
"186719","38.177093505859375","38.177093505859375","38.177093505859375","18671","18671","18671"
"186729","39.00244903564453","39.00244903564453","39.00244903564453","18672","18672","18672"
"186759","156.33827209472656","156.33827209472656","156.33827209472656","18675","18675","18675"
"186779","41.069915771484375","41.069915771484375","41.069915771484375","18677","18677","18677"
"186829","53.25641632080078","53.25641632080078","53.25641632080078","18682","18682","18682"
"186849","35.30439758300781","35.30439758300781","35.30439758300781","18684","18684","18684"
"186859","39.32701110839844","39.32701110839844","39.32701110839844","18685","18685","18685"
"186889","35.9465217590332","35.9465217590332","35.9465217590332","18688","18688","18688"
"186909","46.300235748291016","46.300235748291016","46.300235748291016","18690","18690","18690"
"186919","31.42093276977539","31.42093276977539","31.42093276977539","18691","18691","18691"
"186929","41.710262298583984","41.710262298583984","41.710262298583984","18692","18692","18692"
"186949","42.591983795166016","42.591983795166016","42.591983795166016","18694","18694","18694"
"186989","54.3873176574707","54.3873176574707","54.3873176574707","18698","18698","18698"
"187009","37.866416931152344","37.866416931152344","37.866416931152344","18700","18700","18700"
"187049","28.77729034423828","28.77729034423828","28.77729034423828","18704","18704","18704"
"187069","60.76240539550781","60.76240539550781","60.76240539550781","18706","18706","18706"
"187079","31.703792572021484","31.703792572021484","31.703792572021484","18707","18707","18707"
"187099","54.38988494873047","54.38988494873047","54.38988494873047","18709","18709","18709"
"187109","39.109230041503906","39.109230041503906","39.109230041503906","18710","18710","18710"
"187139","36.83891677856445","36.83891677856445","36.83891677856445","18713","18713","18713"
"187159","47.16719055175781","47.16719055175781","47.16719055175781","18715","18715","18715"
"187169","37.37953186035156","37.37953186035156","37.37953186035156","18716","18716","18716"
"187199","46.32029724121094","46.32029724121094","46.32029724121094","18719","18719","18719"
"187209","36.13294982910156","36.13294982910156","36.13294982910156","18720","18720","18720"
"187219","33.357994079589844","33.357994079589844","33.357994079589844","18721","18721","18721"
"187249","32.574764251708984","32.574764251708984","32.574764251708984","18724","18724","18724"
"187279","43.04042053222656","43.04042053222656","43.04042053222656","18727","18727","18727"
"187299","57.951576232910156","57.951576232910156","57.951576232910156","18729","18729","18729"
"187339","47.265777587890625","47.265777587890625","47.265777587890625","18733","18733","18733"
"187379","32.82784652709961","32.82784652709961","32.82784652709961","18737","18737","18737"
"187389","41.61597442626953","41.61597442626953","41.61597442626953","18738","18738","18738"
"187399","45.331520080566406","45.331520080566406","45.331520080566406","18739","18739","18739"
"187429","50.26765441894531","50.26765441894531","50.26765441894531","18742","18742","18742"
"187539","37.88481903076172","37.88481903076172","37.88481903076172","18753","18753","18753"
"187549","36.19996643066406","36.19996643066406","36.19996643066406","18754","18754","18754"
"187589","43.364356994628906","43.364356994628906","43.364356994628906","18758","18758","18758"
"187609","49.08531951904297","49.08531951904297","49.08531951904297","18760","18760","18760"
"187629","31.287532806396484","31.287532806396484","31.287532806396484","18762","18762","18762"
"187689","65.82826232910156","65.82826232910156","65.82826232910156","18768","18768","18768"
"187709","42.56108474731445","42.56108474731445","42.56108474731445","18770","18770","18770"
"187729","37.58180236816406","37.58180236816406","37.58180236816406","18772","18772","18772"
"187759","45.347564697265625","45.347564697265625","45.347564697265625","18775","18775","18775"
"187799","37.190635681152344","37.190635681152344","37.190635681152344","18779","18779","18779"
"187809","43.67761993408203","43.67761993408203","43.67761993408203","18780","18780","18780"
"187819","29.62313461303711","29.62313461303711","29.62313461303711","18781","18781","18781"
"187879","42.075408935546875","42.075408935546875","42.075408935546875","18787","18787","18787"
"187899","49.39472961425781","49.39472961425781","49.39472961425781","18789","18789","18789"
"187909","53.72124099731445","53.72124099731445","53.72124099731445","18790","18790","18790"
"187929","39.90715408325195","39.90715408325195","39.90715408325195","18792","18792","18792"
"187949","34.87004470825195","34.87004470825195","34.87004470825195","18794","18794","18794"
"187959","42.59599685668945","42.59599685668945","42.59599685668945","18795","18795","18795"
"187969","48.46879577636719","48.46879577636719","48.46879577636719","18796","18796","18796"
"187989","36.363487243652344","36.363487243652344","36.363487243652344","18798","18798","18798"
"187999","41.21854019165039","41.21854019165039","41.21854019165039","18799","18799","18799"
"188029","48.18036651611328","48.18036651611328","48.18036651611328","18802","18802","18802"
"188059","39.47251892089844","39.47251892089844","39.47251892089844","18805","18805","18805"
"188069","36.0627326965332","36.0627326965332","36.0627326965332","18806","18806","18806"
"188109","58.946510314941406","58.946510314941406","58.946510314941406","18810","18810","18810"
"188119","74.405029296875","74.405029296875","74.405029296875","18811","18811","18811"
"188179","32.03050994873047","32.03050994873047","32.03050994873047","18817","18817","18817"
"188189","34.38323211669922","34.38323211669922","34.38323211669922","18818","18818","18818"
"188199","40.105323791503906","40.105323791503906","40.105323791503906","18819","18819","18819"
"188209","105.16348266601562","105.16348266601562","105.16348266601562","18820","18820","18820"
"188219","65.89632415771484","65.89632415771484","65.89632415771484","18821","18821","18821"
"188249","47.478485107421875","47.478485107421875","47.478485107421875","18824","18824","18824"
"188259","44.19489288330078","44.19489288330078","44.19489288330078","18825","18825","18825"
"188299","34.003379821777344","34.003379821777344","34.003379821777344","18829","18829","18829"
"188349","33.77223587036133","33.77223587036133","33.77223587036133","18834","18834","18834"
"188369","54.75426483154297","54.75426483154297","54.75426483154297","18836","18836","18836"
"188399","36.115806579589844","36.115806579589844","36.115806579589844","18839","18839","18839"
"188409","48.30791091918945","48.30791091918945","48.30791091918945","18840","18840","18840"
"188419","55.95216369628906","55.95216369628906","55.95216369628906","18841","18841","18841"
"188439","38.733123779296875","38.733123779296875","38.733123779296875","18843","18843","18843"
"188479","40.510658264160156","40.510658264160156","40.510658264160156","18847","18847","18847"
"188489","48.006187438964844","48.006187438964844","48.006187438964844","18848","18848","18848"
"188579","39.275657653808594","39.275657653808594","39.275657653808594","18857","18857","18857"
"188629","58.99156188964844","58.99156188964844","58.99156188964844","18862","18862","18862"
"188639","59.5963020324707","59.5963020324707","59.5963020324707","18863","18863","18863"
"188649","37.028350830078125","37.028350830078125","37.028350830078125","18864","18864","18864"
"188659","33.158565521240234","33.158565521240234","33.158565521240234","18865","18865","18865"
"188669","47.89402770996094","47.89402770996094","47.89402770996094","18866","18866","18866"
"188679","49.32341384887695","49.32341384887695","49.32341384887695","18867","18867","18867"
"188699","53.17958450317383","53.17958450317383","53.17958450317383","18869","18869","18869"
"188719","62.74737548828125","62.74737548828125","62.74737548828125","18871","18871","18871"
"188739","36.955345153808594","36.955345153808594","36.955345153808594","18873","18873","18873"
"188749","47.831329345703125","47.831329345703125","47.831329345703125","18874","18874","18874"
"188759","36.45036315917969","36.45036315917969","36.45036315917969","18875","18875","18875"
"188779","51.327728271484375","51.327728271484375","51.327728271484375","18877","18877","18877"
"188789","57.580928802490234","57.580928802490234","57.580928802490234","18878","18878","18878"
"188809","42.428707122802734","42.428707122802734","42.428707122802734","18880","18880","18880"
"188829","46.08207321166992","46.08207321166992","46.08207321166992","18882","18882","18882"
"188879","44.80436706542969","44.80436706542969","44.80436706542969","18887","18887","18887"
"188889","42.605567932128906","42.605567932128906","42.605567932128906","18888","18888","18888"
"188909","32.53424072265625","32.53424072265625","32.53424072265625","18890","18890","18890"
"188919","34.59494400024414","34.59494400024414","34.59494400024414","18891","18891","18891"
"188929","40.04139709472656","40.04139709472656","40.04139709472656","18892","18892","18892"
"188939","49.8608283996582","49.8608283996582","49.8608283996582","18893","18893","18893"
"188969","37.035797119140625","37.035797119140625","37.035797119140625","18896","18896","18896"
"188979","46.34294128417969","46.34294128417969","46.34294128417969","18897","18897","18897"
"189009","35.9432373046875","35.9432373046875","35.9432373046875","18900","18900","18900"
"189039","40.25957107543945","40.25957107543945","40.25957107543945","18903","18903","18903"
"189079","39.65796661376953","39.65796661376953","39.65796661376953","18907","18907","18907"
"189089","32.48698425292969","32.48698425292969","32.48698425292969","18908","18908","18908"
"189129","44.63664627075195","44.63664627075195","44.63664627075195","18912","18912","18912"
"189179","45.438232421875","45.438232421875","45.438232421875","18917","18917","18917"
"189189","39.14449691772461","39.14449691772461","39.14449691772461","18918","18918","18918"
"189199","74.2510986328125","74.2510986328125","74.2510986328125","18919","18919","18919"
"189229","50.679691314697266","50.679691314697266","50.679691314697266","18922","18922","18922"
"189239","47.183570861816406","47.183570861816406","47.183570861816406","18923","18923","18923"
"189249","47.73978805541992","47.73978805541992","47.73978805541992","18924","18924","18924"
"189259","31.849807739257812","31.849807739257812","31.849807739257812","18925","18925","18925"
"189269","45.481109619140625","45.481109619140625","45.481109619140625","18926","18926","18926"
"189289","46.643638610839844","46.643638610839844","46.643638610839844","18928","18928","18928"
"189339","52.28302001953125","52.28302001953125","52.28302001953125","18933","18933","18933"
"189349","35.36152648925781","35.36152648925781","35.36152648925781","18934","18934","18934"
"189379","60.4629020690918","60.4629020690918","60.4629020690918","18937","18937","18937"
"189419","50.4052734375","50.4052734375","50.4052734375","18941","18941","18941"
"189449","46.128379821777344","46.128379821777344","46.128379821777344","18944","18944","18944"
"189459","41.92905807495117","41.92905807495117","41.92905807495117","18945","18945","18945"
"189469","41.27500915527344","41.27500915527344","41.27500915527344","18946","18946","18946"
"189489","33.106937408447266","33.106937408447266","33.106937408447266","18948","18948","18948"
"189499","30.506908416748047","30.506908416748047","30.506908416748047","18949","18949","18949"
"189509","34.03199005126953","34.03199005126953","34.03199005126953","18950","18950","18950"
"189539","43.17938232421875","43.17938232421875","43.17938232421875","18953","18953","18953"
"189629","35.9657096862793","35.9657096862793","35.9657096862793","18962","18962","18962"
"189669","35.593910217285156","35.593910217285156","35.593910217285156","18966","18966","18966"
"189729","43.528594970703125","43.528594970703125","43.528594970703125","18972","18972","18972"
"189749","41.12454605102539","41.12454605102539","41.12454605102539","18974","18974","18974"
"189759","55.68028259277344","55.68028259277344","55.68028259277344","18975","18975","18975"
"189799","37.64242172241211","37.64242172241211","37.64242172241211","18979","18979","18979"
"189809","33.43830871582031","33.43830871582031","33.43830871582031","18980","18980","18980"
"189829","46.58476257324219","46.58476257324219","46.58476257324219","18982","18982","18982"
"189839","85.00634765625","85.00634765625","85.00634765625","18983","18983","18983"
"189849","51.28703689575195","51.28703689575195","51.28703689575195","18984","18984","18984"
"189869","32.701454162597656","32.701454162597656","32.701454162597656","18986","18986","18986"
"189899","40.7012939453125","40.7012939453125","40.7012939453125","18989","18989","18989"
"189959","35.07172775268555","35.07172775268555","35.07172775268555","18995","18995","18995"
"189979","34.35062789916992","34.35062789916992","34.35062789916992","18997","18997","18997"
"189989","46.04429626464844","46.04429626464844","46.04429626464844","18998","18998","18998"
"190019","32.12123107910156","32.12123107910156","32.12123107910156","19001","19001","19001"
"190029","45.16510772705078","45.16510772705078","45.16510772705078","19002","19002","19002"
"190059","32.75377655029297","32.75377655029297","32.75377655029297","19005","19005","19005"
"190069","35.58817672729492","35.58817672729492","35.58817672729492","19006","19006","19006"
"190099","38.105384826660156","38.105384826660156","38.105384826660156","19009","19009","19009"
"190159","35.36164093017578","35.36164093017578","35.36164093017578","19015","19015","19015"
"190209","39.97395324707031","39.97395324707031","39.97395324707031","19020","19020","19020"
"190219","33.603328704833984","33.603328704833984","33.603328704833984","19021","19021","19021"
"190229","43.208499908447266","43.208499908447266","43.208499908447266","19022","19022","19022"
"190259","49.94812774658203","49.94812774658203","49.94812774658203","19025","19025","19025"
"190269","49.36530303955078","49.36530303955078","49.36530303955078","19026","19026","19026"
"190279","41.86844253540039","41.86844253540039","41.86844253540039","19027","19027","19027"
"190299","47.764137268066406","47.764137268066406","47.764137268066406","19029","19029","19029"
"190319","37.56055450439453","37.56055450439453","37.56055450439453","19031","19031","19031"
"190349","33.02975845336914","33.02975845336914","33.02975845336914","19034","19034","19034"
"190369","43.61486053466797","43.61486053466797","43.61486053466797","19036","19036","19036"
"190399","44.96342086791992","44.96342086791992","44.96342086791992","19039","19039","19039"
"190419","40.48869323730469","40.48869323730469","40.48869323730469","19041","19041","19041"
"190439","29.20540428161621","29.20540428161621","29.20540428161621","19043","19043","19043"
"190459","37.51691436767578","37.51691436767578","37.51691436767578","19045","19045","19045"
"190509","33.92993927001953","33.92993927001953","33.92993927001953","19050","19050","19050"
"190569","32.2307014465332","32.2307014465332","32.2307014465332","19056","19056","19056"
"190579","69.63594055175781","69.63594055175781","69.63594055175781","19057","19057","19057"
"190609","67.58973693847656","67.58973693847656","67.58973693847656","19060","19060","19060"
"190619","46.33803939819336","46.33803939819336","46.33803939819336","19061","19061","19061"
"190689","39.542301177978516","39.542301177978516","39.542301177978516","19068","19068","19068"
"190729","43.020111083984375","43.020111083984375","43.020111083984375","19072","19072","19072"
"190759","36.314674377441406","36.314674377441406","36.314674377441406","19075","19075","19075"
"190789","53.353065490722656","53.353065490722656","53.353065490722656","19078","19078","19078"
"190799","39.42490768432617","39.42490768432617","39.42490768432617","19079","19079","19079"
"190869","71.28785705566406","71.28785705566406","71.28785705566406","19086","19086","19086"
"190889","31.343847274780273","31.343847274780273","31.343847274780273","19088","19088","19088"
"190909","53.36982345581055","53.36982345581055","53.36982345581055","19090","19090","19090"
"190929","50.095855712890625","50.095855712890625","50.095855712890625","19092","19092","19092"
"190949","39.939186096191406","39.939186096191406","39.939186096191406","19094","19094","19094"
"190979","27.95256805419922","27.95256805419922","27.95256805419922","19097","19097","19097"
"190989","59.65951156616211","59.65951156616211","59.65951156616211","19098","19098","19098"
"191039","39.07563018798828","39.07563018798828","39.07563018798828","19103","19103","19103"
"191079","33.11499786376953","33.11499786376953","33.11499786376953","19107","19107","19107"
"191089","32.20349884033203","32.20349884033203","32.20349884033203","19108","19108","19108"
"191109","33.3055305480957","33.3055305480957","33.3055305480957","19110","19110","19110"
"191129","54.40811538696289","54.40811538696289","54.40811538696289","19112","19112","19112"
"191139","34.558860778808594","34.558860778808594","34.558860778808594","19113","19113","19113"
"191149","38.84392547607422","38.84392547607422","38.84392547607422","19114","19114","19114"
"191159","40.12224197387695","40.12224197387695","40.12224197387695","19115","19115","19115"
"191189","51.19905471801758","51.19905471801758","51.19905471801758","19118","19118","19118"
"191199","36.955020904541016","36.955020904541016","36.955020904541016","19119","19119","19119"
"191239","43.93611145019531","43.93611145019531","43.93611145019531","19123","19123","19123"
"191249","36.9183464050293","36.9183464050293","36.9183464050293","19124","19124","19124"
"191259","45.4183464050293","45.4183464050293","45.4183464050293","19125","19125","19125"
"191269","35.42401885986328","35.42401885986328","35.42401885986328","19126","19126","19126"
"191279","39.37196350097656","39.37196350097656","39.37196350097656","19127","19127","19127"
"191309","45.99772262573242","45.99772262573242","45.99772262573242","19130","19130","19130"
"191339","37.29829025268555","37.29829025268555","37.29829025268555","19133","19133","19133"
"191349","33.896331787109375","33.896331787109375","33.896331787109375","19134","19134","19134"
"191359","54.73696517944336","54.73696517944336","54.73696517944336","19135","19135","19135"
"191369","43.52549743652344","43.52549743652344","43.52549743652344","19136","19136","19136"
"191379","41.077178955078125","41.077178955078125","41.077178955078125","19137","19137","19137"
"191389","33.28986740112305","33.28986740112305","33.28986740112305","19138","19138","19138"
"191399","41.55939483642578","41.55939483642578","41.55939483642578","19139","19139","19139"
"191409","41.097801208496094","41.097801208496094","41.097801208496094","19140","19140","19140"
"191419","69.24280548095703","69.24280548095703","69.24280548095703","19141","19141","19141"
"191449","45.51689910888672","45.51689910888672","45.51689910888672","19144","19144","19144"
"191459","38.20477294921875","38.20477294921875","38.20477294921875","19145","19145","19145"
"191479","48.14714050292969","48.14714050292969","48.14714050292969","19147","19147","19147"
"191509","51.726158142089844","51.726158142089844","51.726158142089844","19150","19150","19150"
"191539","51.07963562011719","51.07963562011719","51.07963562011719","19153","19153","19153"
"191589","43.8284797668457","43.8284797668457","43.8284797668457","19158","19158","19158"
"191599","43.43764877319336","43.43764877319336","43.43764877319336","19159","19159","19159"
"191609","37.90603256225586","37.90603256225586","37.90603256225586","19160","19160","19160"
"191669","36.68555450439453","36.68555450439453","36.68555450439453","19166","19166","19166"
"191679","45.21347427368164","45.21347427368164","45.21347427368164","19167","19167","19167"
"191689","41.671993255615234","41.671993255615234","41.671993255615234","19168","19168","19168"
"191699","34.172080993652344","34.172080993652344","34.172080993652344","19169","19169","19169"
"191739","37.027286529541016","37.027286529541016","37.027286529541016","19173","19173","19173"
"191749","64.48455047607422","64.48455047607422","64.48455047607422","19174","19174","19174"
"191759","35.992923736572266","35.992923736572266","35.992923736572266","19175","19175","19175"
"191769","38.57964324951172","38.57964324951172","38.57964324951172","19176","19176","19176"
"191779","47.73483657836914","47.73483657836914","47.73483657836914","19177","19177","19177"
"191799","41.60372543334961","41.60372543334961","41.60372543334961","19179","19179","19179"
"191809","48.24113464355469","48.24113464355469","48.24113464355469","19180","19180","19180"
"191819","41.14164733886719","41.14164733886719","41.14164733886719","19181","19181","19181"
"191869","39.2161750793457","39.2161750793457","39.2161750793457","19186","19186","19186"
"191949","37.838836669921875","37.838836669921875","37.838836669921875","19194","19194","19194"
"191969","34.02077865600586","34.02077865600586","34.02077865600586","19196","19196","19196"
"191979","36.077571868896484","36.077571868896484","36.077571868896484","19197","19197","19197"
"191989","49.29653549194336","49.29653549194336","49.29653549194336","19198","19198","19198"
"192009","36.076786041259766","36.076786041259766","36.076786041259766","19200","19200","19200"
"192019","35.19024658203125","35.19024658203125","35.19024658203125","19201","19201","19201"
"192029","142.7430877685547","142.7430877685547","142.7430877685547","19202","19202","19202"
"192039","31.434650421142578","31.434650421142578","31.434650421142578","19203","19203","19203"
"192049","39.56589126586914","39.56589126586914","39.56589126586914","19204","19204","19204"
"192059","43.74757385253906","43.74757385253906","43.74757385253906","19205","19205","19205"
"192079","36.87025451660156","36.87025451660156","36.87025451660156","19207","19207","19207"
"192089","45.26569366455078","45.26569366455078","45.26569366455078","19208","19208","19208"
"192099","37.11017608642578","37.11017608642578","37.11017608642578","19209","19209","19209"
"192129","55.8991813659668","55.8991813659668","55.8991813659668","19212","19212","19212"
"192159","37.872230529785156","37.872230529785156","37.872230529785156","19215","19215","19215"
"192199","37.46411895751953","37.46411895751953","37.46411895751953","19219","19219","19219"
"192219","37.98359680175781","37.98359680175781","37.98359680175781","19221","19221","19221"
"192239","49.306488037109375","49.306488037109375","49.306488037109375","19223","19223","19223"
"192249","43.11915588378906","43.11915588378906","43.11915588378906","19224","19224","19224"
"192259","43.02647018432617","43.02647018432617","43.02647018432617","19225","19225","19225"
"192299","43.214229583740234","43.214229583740234","43.214229583740234","19229","19229","19229"
"192319","35.297218322753906","35.297218322753906","35.297218322753906","19231","19231","19231"
"192339","49.028236389160156","49.028236389160156","49.028236389160156","19233","19233","19233"
"192349","36.60261535644531","36.60261535644531","36.60261535644531","19234","19234","19234"
"192359","49.36431884765625","49.36431884765625","49.36431884765625","19235","19235","19235"
"192429","48.73994445800781","48.73994445800781","48.73994445800781","19242","19242","19242"
"192439","46.9183235168457","46.9183235168457","46.9183235168457","19243","19243","19243"
"192489","47.024078369140625","47.024078369140625","47.024078369140625","19248","19248","19248"
"192509","54.965965270996094","54.965965270996094","54.965965270996094","19250","19250","19250"
"192529","35.52016067504883","35.52016067504883","35.52016067504883","19252","19252","19252"
"192559","40.65227508544922","40.65227508544922","40.65227508544922","19255","19255","19255"
"192579","34.66246795654297","34.66246795654297","34.66246795654297","19257","19257","19257"
"192599","46.183650970458984","46.183650970458984","46.183650970458984","19259","19259","19259"
"192609","47.71318817138672","47.71318817138672","47.71318817138672","19260","19260","19260"
"192629","55.059783935546875","55.059783935546875","55.059783935546875","19262","19262","19262"
"192639","34.59113311767578","34.59113311767578","34.59113311767578","19263","19263","19263"
"192649","33.84709548950195","33.84709548950195","33.84709548950195","19264","19264","19264"
"192659","42.016029357910156","42.016029357910156","42.016029357910156","19265","19265","19265"
"192669","42.28290557861328","42.28290557861328","42.28290557861328","19266","19266","19266"
"192689","46.416168212890625","46.416168212890625","46.416168212890625","19268","19268","19268"
"192749","57.601478576660156","57.601478576660156","57.601478576660156","19274","19274","19274"
"192769","44.213443756103516","44.213443756103516","44.213443756103516","19276","19276","19276"
"192779","40.0523567199707","40.0523567199707","40.0523567199707","19277","19277","19277"
"192809","38.243282318115234","38.243282318115234","38.243282318115234","19280","19280","19280"
"192839","45.327823638916016","45.327823638916016","45.327823638916016","19283","19283","19283"
"192849","38.52606201171875","38.52606201171875","38.52606201171875","19284","19284","19284"
"192869","43.10927963256836","43.10927963256836","43.10927963256836","19286","19286","19286"
"192879","43.67643356323242","43.67643356323242","43.67643356323242","19287","19287","19287"
"192889","43.94120407104492","43.94120407104492","43.94120407104492","19288","19288","19288"
"192899","42.5030517578125","42.5030517578125","42.5030517578125","19289","19289","19289"
"192929","33.92308044433594","33.92308044433594","33.92308044433594","19292","19292","19292"
"192959","49.4663200378418","49.4663200378418","49.4663200378418","19295","19295","19295"
"192969","38.87744140625","38.87744140625","38.87744140625","19296","19296","19296"
"192979","59.0459098815918","59.0459098815918","59.0459098815918","19297","19297","19297"
"192999","47.26589584350586","47.26589584350586","47.26589584350586","19299","19299","19299"
"193009","36.56449890136719","36.56449890136719","36.56449890136719","19300","19300","19300"
"193029","40.42686080932617","40.42686080932617","40.42686080932617","19302","19302","19302"
"193039","40.67490005493164","40.67490005493164","40.67490005493164","19303","19303","19303"
"193069","30.851646423339844","30.851646423339844","30.851646423339844","19306","19306","19306"
"193109","32.95075607299805","32.95075607299805","32.95075607299805","19310","19310","19310"
"193129","115.30047607421875","115.30047607421875","115.30047607421875","19312","19312","19312"
"193149","45.090179443359375","45.090179443359375","45.090179443359375","19314","19314","19314"
"193179","42.24147033691406","42.24147033691406","42.24147033691406","19317","19317","19317"
"193199","41.154205322265625","41.154205322265625","41.154205322265625","19319","19319","19319"
"193229","41.98052215576172","41.98052215576172","41.98052215576172","19322","19322","19322"
"193259","58.399417877197266","58.399417877197266","58.399417877197266","19325","19325","19325"
"193299","32.73196792602539","32.73196792602539","32.73196792602539","19329","19329","19329"
"193309","34.32828903198242","34.32828903198242","34.32828903198242","19330","19330","19330"
"193359","119.0916748046875","119.0916748046875","119.0916748046875","19335","19335","19335"
"193429","40.03081512451172","40.03081512451172","40.03081512451172","19342","19342","19342"
"193459","38.851966857910156","38.851966857910156","38.851966857910156","19345","19345","19345"
"193489","37.07942199707031","37.07942199707031","37.07942199707031","19348","19348","19348"
"193499","46.55847930908203","46.55847930908203","46.55847930908203","19349","19349","19349"
"193519","52.57798385620117","52.57798385620117","52.57798385620117","19351","19351","19351"
"193559","33.889801025390625","33.889801025390625","33.889801025390625","19355","19355","19355"
"193589","34.80839157104492","34.80839157104492","34.80839157104492","19358","19358","19358"
"193599","38.50836181640625","38.50836181640625","38.50836181640625","19359","19359","19359"
"193609","44.817081451416016","44.817081451416016","44.817081451416016","19360","19360","19360"
"193619","50.05519485473633","50.05519485473633","50.05519485473633","19361","19361","19361"
"193629","38.42797088623047","38.42797088623047","38.42797088623047","19362","19362","19362"
"193639","32.209434509277344","32.209434509277344","32.209434509277344","19363","19363","19363"
"193699","34.03481674194336","34.03481674194336","34.03481674194336","19369","19369","19369"
"193709","33.212650299072266","33.212650299072266","33.212650299072266","19370","19370","19370"
"193719","44.43403244018555","44.43403244018555","44.43403244018555","19371","19371","19371"
"193769","37.884193420410156","37.884193420410156","37.884193420410156","19376","19376","19376"
"193779","45.79994583129883","45.79994583129883","45.79994583129883","19377","19377","19377"
"193789","40.45174026489258","40.45174026489258","40.45174026489258","19378","19378","19378"
"193809","37.44160461425781","37.44160461425781","37.44160461425781","19380","19380","19380"
"193829","37.93230438232422","37.93230438232422","37.93230438232422","19382","19382","19382"
"193879","47.36771011352539","47.36771011352539","47.36771011352539","19387","19387","19387"
"193889","49.203433990478516","49.203433990478516","49.203433990478516","19388","19388","19388"
"193909","43.241241455078125","43.241241455078125","43.241241455078125","19390","19390","19390"
"193939","41.004390716552734","41.004390716552734","41.004390716552734","19393","19393","19393"
"193949","36.537906646728516","36.537906646728516","36.537906646728516","19394","19394","19394"
"193959","147.0736083984375","147.0736083984375","147.0736083984375","19395","19395","19395"
"193979","35.64230728149414","35.64230728149414","35.64230728149414","19397","19397","19397"
"194019","52.06743240356445","52.06743240356445","52.06743240356445","19401","19401","19401"
"194049","50.223114013671875","50.223114013671875","50.223114013671875","19404","19404","19404"
"194059","44.130455017089844","44.130455017089844","44.130455017089844","19405","19405","19405"
"194069","35.18611526489258","35.18611526489258","35.18611526489258","19406","19406","19406"
"194079","31.018346786499023","31.018346786499023","31.018346786499023","19407","19407","19407"
"194089","34.917842864990234","34.917842864990234","34.917842864990234","19408","19408","19408"
"194109","37.65391159057617","37.65391159057617","37.65391159057617","19410","19410","19410"
"194129","48.456947326660156","48.456947326660156","48.456947326660156","19412","19412","19412"
"194139","34.74046325683594","34.74046325683594","34.74046325683594","19413","19413","19413"
"194159","42.63340377807617","42.63340377807617","42.63340377807617","19415","19415","19415"
"194189","49.8629264831543","49.8629264831543","49.8629264831543","19418","19418","19418"
"194209","37.826019287109375","37.826019287109375","37.826019287109375","19420","19420","19420"
"194219","31.979368209838867","31.979368209838867","31.979368209838867","19421","19421","19421"
"194229","33.7353515625","33.7353515625","33.7353515625","19422","19422","19422"
"194289","33.840980529785156","33.840980529785156","33.840980529785156","19428","19428","19428"
"194349","39.89048385620117","39.89048385620117","39.89048385620117","19434","19434","19434"
"194359","47.07627868652344","47.07627868652344","47.07627868652344","19435","19435","19435"
"194369","90.52410125732422","90.52410125732422","90.52410125732422","19436","19436","19436"
"194379","36.913856506347656","36.913856506347656","36.913856506347656","19437","19437","19437"
"194409","35.0274658203125","35.0274658203125","35.0274658203125","19440","19440","19440"
"194439","41.5615348815918","41.5615348815918","41.5615348815918","19443","19443","19443"
"194459","41.750335693359375","41.750335693359375","41.750335693359375","19445","19445","19445"
"194469","38.62425231933594","38.62425231933594","38.62425231933594","19446","19446","19446"
"194479","34.139137268066406","34.139137268066406","34.139137268066406","19447","19447","19447"
"194489","44.28083038330078","44.28083038330078","44.28083038330078","19448","19448","19448"
"194499","57.38648223876953","57.38648223876953","57.38648223876953","19449","19449","19449"
"194529","44.53755187988281","44.53755187988281","44.53755187988281","19452","19452","19452"
"194599","52.540985107421875","52.540985107421875","52.540985107421875","19459","19459","19459"
"194609","35.59187698364258","35.59187698364258","35.59187698364258","19460","19460","19460"
"194629","41.715721130371094","41.715721130371094","41.715721130371094","19462","19462","19462"
"194639","35.575801849365234","35.575801849365234","35.575801849365234","19463","19463","19463"
"194679","35.4905891418457","35.4905891418457","35.4905891418457","19467","19467","19467"
"194709","37.327178955078125","37.327178955078125","37.327178955078125","19470","19470","19470"
"194779","32.25450134277344","32.25450134277344","32.25450134277344","19477","19477","19477"
"194789","51.006107330322266","51.006107330322266","51.006107330322266","19478","19478","19478"
"194799","37.16868209838867","37.16868209838867","37.16868209838867","19479","19479","19479"
"194809","44.79876708984375","44.79876708984375","44.79876708984375","19480","19480","19480"
"194849","42.44357681274414","42.44357681274414","42.44357681274414","19484","19484","19484"
"194859","37.27296829223633","37.27296829223633","37.27296829223633","19485","19485","19485"
"194869","29.095829010009766","29.095829010009766","29.095829010009766","19486","19486","19486"
"194889","43.90333557128906","43.90333557128906","43.90333557128906","19488","19488","19488"
"194899","35.53745651245117","35.53745651245117","35.53745651245117","19489","19489","19489"
"194909","44.2520637512207","44.2520637512207","44.2520637512207","19490","19490","19490"
"194929","35.113433837890625","35.113433837890625","35.113433837890625","19492","19492","19492"
"194939","38.69038391113281","38.69038391113281","38.69038391113281","19493","19493","19493"
"194989","32.25102233886719","32.25102233886719","32.25102233886719","19498","19498","19498"
"194999","56.67738342285156","56.67738342285156","56.67738342285156","19499","19499","19499"
"195019","36.79994201660156","36.79994201660156","36.79994201660156","19501","19501","19501"
"195029","74.40325927734375","74.40325927734375","74.40325927734375","19502","19502","19502"
"195059","43.1263542175293","43.1263542175293","43.1263542175293","19505","19505","19505"
"195069","35.585487365722656","35.585487365722656","35.585487365722656","19506","19506","19506"
"195079","34.35768508911133","34.35768508911133","34.35768508911133","19507","19507","19507"
"195099","39.593360900878906","39.593360900878906","39.593360900878906","19509","19509","19509"
"195109","69.75279235839844","69.75279235839844","69.75279235839844","19510","19510","19510"
"195119","37.908485412597656","37.908485412597656","37.908485412597656","19511","19511","19511"
"195159","38.050106048583984","38.050106048583984","38.050106048583984","19515","19515","19515"
"195179","350.8987121582031","350.8987121582031","350.8987121582031","19517","19517","19517"
"195189","35.618492126464844","35.618492126464844","35.618492126464844","19518","19518","19518"
"195199","38.515647888183594","38.515647888183594","38.515647888183594","19519","19519","19519"
"195209","37.404518127441406","37.404518127441406","37.404518127441406","19520","19520","19520"
"195219","39.73681640625","39.73681640625","39.73681640625","19521","19521","19521"
"195229","32.325557708740234","32.325557708740234","32.325557708740234","19522","19522","19522"
"195239","43.989402770996094","43.989402770996094","43.989402770996094","19523","19523","19523"
"195249","37.7337646484375","37.7337646484375","37.7337646484375","19524","19524","19524"
"195289","80.62693786621094","80.62693786621094","80.62693786621094","19528","19528","19528"
"195299","42.82930374145508","42.82930374145508","42.82930374145508","19529","19529","19529"
"195329","36.710472106933594","36.710472106933594","36.710472106933594","19532","19532","19532"
"195339","43.09934997558594","43.09934997558594","43.09934997558594","19533","19533","19533"
"195349","41.032630920410156","41.032630920410156","41.032630920410156","19534","19534","19534"
"195369","48.902252197265625","48.902252197265625","48.902252197265625","19536","19536","19536"
"195379","49.7071533203125","49.7071533203125","49.7071533203125","19537","19537","19537"
"195439","39.73619079589844","39.73619079589844","39.73619079589844","19543","19543","19543"
"195449","40.150291442871094","40.150291442871094","40.150291442871094","19544","19544","19544"
"195459","39.62356185913086","39.62356185913086","39.62356185913086","19545","19545","19545"
"195479","38.072479248046875","38.072479248046875","38.072479248046875","19547","19547","19547"
"195489","52.881065368652344","52.881065368652344","52.881065368652344","19548","19548","19548"
"195569","56.60881042480469","56.60881042480469","56.60881042480469","19556","19556","19556"
"195619","40.35094451904297","40.35094451904297","40.35094451904297","19561","19561","19561"
"195629","30.63269805908203","30.63269805908203","30.63269805908203","19562","19562","19562"
"195639","44.294334411621094","44.294334411621094","44.294334411621094","19563","19563","19563"
"195649","42.99597930908203","42.99597930908203","42.99597930908203","19564","19564","19564"
"195669","39.87798309326172","39.87798309326172","39.87798309326172","19566","19566","19566"
"195679","42.03212356567383","42.03212356567383","42.03212356567383","19567","19567","19567"
"195699","47.8114128112793","47.8114128112793","47.8114128112793","19569","19569","19569"
"195709","43.218624114990234","43.218624114990234","43.218624114990234","19570","19570","19570"
"195719","40.433692932128906","40.433692932128906","40.433692932128906","19571","19571","19571"
"195729","41.063934326171875","41.063934326171875","41.063934326171875","19572","19572","19572"
"195809","57.2537841796875","57.2537841796875","57.2537841796875","19580","19580","19580"
"195819","38.00200653076172","38.00200653076172","38.00200653076172","19581","19581","19581"
"195849","39.025428771972656","39.025428771972656","39.025428771972656","19584","19584","19584"
"195879","37.33144760131836","37.33144760131836","37.33144760131836","19587","19587","19587"
"195919","38.209739685058594","38.209739685058594","38.209739685058594","19591","19591","19591"
"195929","45.337257385253906","45.337257385253906","45.337257385253906","19592","19592","19592"
"195939","39.31746292114258","39.31746292114258","39.31746292114258","19593","19593","19593"
"195949","39.54294967651367","39.54294967651367","39.54294967651367","19594","19594","19594"
"195979","45.34075927734375","45.34075927734375","45.34075927734375","19597","19597","19597"
"196019","32.34824752807617","32.34824752807617","32.34824752807617","19601","19601","19601"
"196029","36.341060638427734","36.341060638427734","36.341060638427734","19602","19602","19602"
"196039","33.480064392089844","33.480064392089844","33.480064392089844","19603","19603","19603"
"196049","44.09840393066406","44.09840393066406","44.09840393066406","19604","19604","19604"
"196179","50.00796127319336","50.00796127319336","50.00796127319336","19617","19617","19617"
"196199","42.55845260620117","42.55845260620117","42.55845260620117","19619","19619","19619"
"196209","64.36857604980469","64.36857604980469","64.36857604980469","19620","19620","19620"
"196229","41.90303421020508","41.90303421020508","41.90303421020508","19622","19622","19622"
"196269","32.30721664428711","32.30721664428711","32.30721664428711","19626","19626","19626"
"196279","38.81829833984375","38.81829833984375","38.81829833984375","19627","19627","19627"
"196339","40.054866790771484","40.054866790771484","40.054866790771484","19633","19633","19633"
"196379","45.74189376831055","45.74189376831055","45.74189376831055","19637","19637","19637"
"196409","55.475730895996094","55.475730895996094","55.475730895996094","19640","19640","19640"
"196439","45.14223098754883","45.14223098754883","45.14223098754883","19643","19643","19643"
"196479","37.98365020751953","37.98365020751953","37.98365020751953","19647","19647","19647"
"196489","40.39617156982422","40.39617156982422","40.39617156982422","19648","19648","19648"
"196499","59.51697540283203","59.51697540283203","59.51697540283203","19649","19649","19649"
"196509","49.15311813354492","49.15311813354492","49.15311813354492","19650","19650","19650"
"196519","35.05890655517578","35.05890655517578","35.05890655517578","19651","19651","19651"
"196529","35.30527877807617","35.30527877807617","35.30527877807617","19652","19652","19652"
"196539","38.38174057006836","38.38174057006836","38.38174057006836","19653","19653","19653"
"196559","31.814424514770508","31.814424514770508","31.814424514770508","19655","19655","19655"
"196569","43.48252487182617","43.48252487182617","43.48252487182617","19656","19656","19656"
"196589","43.10845947265625","43.10845947265625","43.10845947265625","19658","19658","19658"
"196599","54.49336242675781","54.49336242675781","54.49336242675781","19659","19659","19659"
"196629","45.938819885253906","45.938819885253906","45.938819885253906","19662","19662","19662"
"196639","32.529624938964844","32.529624938964844","32.529624938964844","19663","19663","19663"
"196659","37.2596435546875","37.2596435546875","37.2596435546875","19665","19665","19665"
"196709","50.0465202331543","50.0465202331543","50.0465202331543","19670","19670","19670"
"196729","39.418434143066406","39.418434143066406","39.418434143066406","19672","19672","19672"
"196739","59.898807525634766","59.898807525634766","59.898807525634766","19673","19673","19673"
"196749","39.61381530761719","39.61381530761719","39.61381530761719","19674","19674","19674"
"196759","44.965476989746094","44.965476989746094","44.965476989746094","19675","19675","19675"
"196789","64.80619049072266","64.80619049072266","64.80619049072266","19678","19678","19678"
"196799","68.04010009765625","68.04010009765625","68.04010009765625","19679","19679","19679"
"196809","35.67197799682617","35.67197799682617","35.67197799682617","19680","19680","19680"
"196819","53.56734848022461","53.56734848022461","53.56734848022461","19681","19681","19681"
"196829","43.113677978515625","43.113677978515625","43.113677978515625","19682","19682","19682"
"196859","60.577674865722656","60.577674865722656","60.577674865722656","19685","19685","19685"
"196889","32.969207763671875","32.969207763671875","32.969207763671875","19688","19688","19688"
"196949","47.02376937866211","47.02376937866211","47.02376937866211","19694","19694","19694"
"196959","39.83625411987305","39.83625411987305","39.83625411987305","19695","19695","19695"
"197039","36.65737533569336","36.65737533569336","36.65737533569336","19703","19703","19703"
"197089","45.672515869140625","45.672515869140625","45.672515869140625","19708","19708","19708"
"197109","39.17958068847656","39.17958068847656","39.17958068847656","19710","19710","19710"
"197119","59.72776412963867","59.72776412963867","59.72776412963867","19711","19711","19711"
"197149","92.61958312988281","92.61958312988281","92.61958312988281","19714","19714","19714"
"197159","53.30424880981445","53.30424880981445","53.30424880981445","19715","19715","19715"
"197179","34.14825439453125","34.14825439453125","34.14825439453125","19717","19717","19717"
"197189","42.5659065246582","42.5659065246582","42.5659065246582","19718","19718","19718"
"197229","54.346458435058594","54.346458435058594","54.346458435058594","19722","19722","19722"
"197249","36.11800765991211","36.11800765991211","36.11800765991211","19724","19724","19724"
"197259","52.918182373046875","52.918182373046875","52.918182373046875","19725","19725","19725"
"197299","39.39775466918945","39.39775466918945","39.39775466918945","19729","19729","19729"
"197319","42.72346115112305","42.72346115112305","42.72346115112305","19731","19731","19731"
"197399","57.205448150634766","57.205448150634766","57.205448150634766","19739","19739","19739"
"197439","41.96554183959961","41.96554183959961","41.96554183959961","19743","19743","19743"
"197479","36.33375930786133","36.33375930786133","36.33375930786133","19747","19747","19747"
"197509","42.5687255859375","42.5687255859375","42.5687255859375","19750","19750","19750"
"197519","37.25362014770508","37.25362014770508","37.25362014770508","19751","19751","19751"
"197529","33.9070930480957","33.9070930480957","33.9070930480957","19752","19752","19752"
"197579","40.60032653808594","40.60032653808594","40.60032653808594","19757","19757","19757"
"197589","38.820919036865234","38.820919036865234","38.820919036865234","19758","19758","19758"
"197599","39.49418640136719","39.49418640136719","39.49418640136719","19759","19759","19759"
"197609","44.25056838989258","44.25056838989258","44.25056838989258","19760","19760","19760"
"197629","36.2412223815918","36.2412223815918","36.2412223815918","19762","19762","19762"
"197639","50.528663635253906","50.528663635253906","50.528663635253906","19763","19763","19763"
"197669","37.5566520690918","37.5566520690918","37.5566520690918","19766","19766","19766"
"197679","35.20458984375","35.20458984375","35.20458984375","19767","19767","19767"
"197699","37.93293762207031","37.93293762207031","37.93293762207031","19769","19769","19769"
"197709","36.50440979003906","36.50440979003906","36.50440979003906","19770","19770","19770"
"197719","44.593597412109375","44.593597412109375","44.593597412109375","19771","19771","19771"
"197739","51.84947967529297","51.84947967529297","51.84947967529297","19773","19773","19773"
"197769","33.72771453857422","33.72771453857422","33.72771453857422","19776","19776","19776"
"197839","36.10402297973633","36.10402297973633","36.10402297973633","19783","19783","19783"
"197869","41.762752532958984","41.762752532958984","41.762752532958984","19786","19786","19786"
"197879","44.5794677734375","44.5794677734375","44.5794677734375","19787","19787","19787"
"197889","43.91210174560547","43.91210174560547","43.91210174560547","19788","19788","19788"
"197919","52.102359771728516","52.102359771728516","52.102359771728516","19791","19791","19791"
"197949","41.503814697265625","41.503814697265625","41.503814697265625","19794","19794","19794"
"197969","190.32675170898438","190.32675170898438","190.32675170898438","19796","19796","19796"
"198009","37.19474411010742","37.19474411010742","37.19474411010742","19800","19800","19800"
"198049","48.305335998535156","48.305335998535156","48.305335998535156","19804","19804","19804"
"198059","91.1556625366211","91.1556625366211","91.1556625366211","19805","19805","19805"
"198069","37.345664978027344","37.345664978027344","37.345664978027344","19806","19806","19806"
"198079","144.4308624267578","144.4308624267578","144.4308624267578","19807","19807","19807"
"198089","55.74435043334961","55.74435043334961","55.74435043334961","19808","19808","19808"
"198179","48.76307678222656","48.76307678222656","48.76307678222656","19817","19817","19817"
"198189","66.99612426757812","66.99612426757812","66.99612426757812","19818","19818","19818"
"198199","34.509925842285156","34.509925842285156","34.509925842285156","19819","19819","19819"
"198249","36.50712966918945","36.50712966918945","36.50712966918945","19824","19824","19824"
"198269","46.862796783447266","46.862796783447266","46.862796783447266","19826","19826","19826"
"198289","35.5164794921875","35.5164794921875","35.5164794921875","19828","19828","19828"
"198359","65.62579345703125","65.62579345703125","65.62579345703125","19835","19835","19835"
"198379","41.25669479370117","41.25669479370117","41.25669479370117","19837","19837","19837"
"198389","43.42356872558594","43.42356872558594","43.42356872558594","19838","19838","19838"
"198409","33.79343795776367","33.79343795776367","33.79343795776367","19840","19840","19840"
"198429","35.80091094970703","35.80091094970703","35.80091094970703","19842","19842","19842"
"198469","42.00774383544922","42.00774383544922","42.00774383544922","19846","19846","19846"
"198519","38.9856071472168","38.9856071472168","38.9856071472168","19851","19851","19851"
"198629","34.51981735229492","34.51981735229492","34.51981735229492","19862","19862","19862"
"198639","41.52184295654297","41.52184295654297","41.52184295654297","19863","19863","19863"
"198649","34.63638687133789","34.63638687133789","34.63638687133789","19864","19864","19864"
"198669","33.24745559692383","33.24745559692383","33.24745559692383","19866","19866","19866"
"198679","38.75743103027344","38.75743103027344","38.75743103027344","19867","19867","19867"
"198699","40.07271194458008","40.07271194458008","40.07271194458008","19869","19869","19869"
"198709","40.81982421875","40.81982421875","40.81982421875","19870","19870","19870"
"198729","37.51822280883789","37.51822280883789","37.51822280883789","19872","19872","19872"
"198779","41.261234283447266","41.261234283447266","41.261234283447266","19877","19877","19877"
"198789","46.41758728027344","46.41758728027344","46.41758728027344","19878","19878","19878"
"198799","28.10500717163086","28.10500717163086","28.10500717163086","19879","19879","19879"
"198829","38.05062484741211","38.05062484741211","38.05062484741211","19882","19882","19882"
"198859","37.70199203491211","37.70199203491211","37.70199203491211","19885","19885","19885"
"198879","43.97694778442383","43.97694778442383","43.97694778442383","19887","19887","19887"
"198909","32.45829772949219","32.45829772949219","32.45829772949219","19890","19890","19890"
"198939","37.29780960083008","37.29780960083008","37.29780960083008","19893","19893","19893"
"198959","45.69660949707031","45.69660949707031","45.69660949707031","19895","19895","19895"
"198989","41.39057159423828","41.39057159423828","41.39057159423828","19898","19898","19898"
"198999","35.396366119384766","35.396366119384766","35.396366119384766","19899","19899","19899"
"199009","39.860618591308594","39.860618591308594","39.860618591308594","19900","19900","19900"
"199019","33.54997253417969","33.54997253417969","33.54997253417969","19901","19901","19901"
"199039","77.43519592285156","77.43519592285156","77.43519592285156","19903","19903","19903"
"199059","65.2907485961914","65.2907485961914","65.2907485961914","19905","19905","19905"
"199069","34.59206771850586","34.59206771850586","34.59206771850586","19906","19906","19906"
"199079","37.179073333740234","37.179073333740234","37.179073333740234","19907","19907","19907"
"199089","57.949092864990234","57.949092864990234","57.949092864990234","19908","19908","19908"
"199109","44.60204315185547","44.60204315185547","44.60204315185547","19910","19910","19910"
"199119","49.577205657958984","49.577205657958984","49.577205657958984","19911","19911","19911"
"199159","140.7275390625","140.7275390625","140.7275390625","19915","19915","19915"
"199179","42.93464279174805","42.93464279174805","42.93464279174805","19917","19917","19917"
"199209","34.985198974609375","34.985198974609375","34.985198974609375","19920","19920","19920"
"199219","38.83486557006836","38.83486557006836","38.83486557006836","19921","19921","19921"
"199239","39.429325103759766","39.429325103759766","39.429325103759766","19923","19923","19923"
"199289","34.555580139160156","34.555580139160156","34.555580139160156","19928","19928","19928"
"199299","45.79121398925781","45.79121398925781","45.79121398925781","19929","19929","19929"
"199309","39.628238677978516","39.628238677978516","39.628238677978516","19930","19930","19930"
"199319","51.25528335571289","51.25528335571289","51.25528335571289","19931","19931","19931"
"199339","160.88893127441406","160.88893127441406","160.88893127441406","19933","19933","19933"
"199349","39.24090576171875","39.24090576171875","39.24090576171875","19934","19934","19934"
"199369","30.661418914794922","30.661418914794922","30.661418914794922","19936","19936","19936"
"199379","35.330787658691406","35.330787658691406","35.330787658691406","19937","19937","19937"
"199389","57.03131866455078","57.03131866455078","57.03131866455078","19938","19938","19938"
"199409","40.05451965332031","40.05451965332031","40.05451965332031","19940","19940","19940"
"199429","34.80927658081055","34.80927658081055","34.80927658081055","19942","19942","19942"
"199449","36.44792938232422","36.44792938232422","36.44792938232422","19944","19944","19944"
"199459","43.97543716430664","43.97543716430664","43.97543716430664","19945","19945","19945"
"199489","34.095462799072266","34.095462799072266","34.095462799072266","19948","19948","19948"
"199499","71.67615509033203","71.67615509033203","71.67615509033203","19949","19949","19949"
"199539","40.569175720214844","40.569175720214844","40.569175720214844","19953","19953","19953"
"199569","35.01893615722656","35.01893615722656","35.01893615722656","19956","19956","19956"
"199589","32.78290557861328","32.78290557861328","32.78290557861328","19958","19958","19958"
"199599","39.285064697265625","39.285064697265625","39.285064697265625","19959","19959","19959"
"199619","38.335689544677734","38.335689544677734","38.335689544677734","19961","19961","19961"
"199639","92.00435638427734","92.00435638427734","92.00435638427734","19963","19963","19963"
"199659","30.968717575073242","30.968717575073242","30.968717575073242","19965","19965","19965"
"199679","47.11669921875","47.11669921875","47.11669921875","19967","19967","19967"
"199729","90.12056732177734","90.12056732177734","90.12056732177734","19972","19972","19972"
"199759","50.86056137084961","50.86056137084961","50.86056137084961","19975","19975","19975"
"199809","47.4598388671875","47.4598388671875","47.4598388671875","19980","19980","19980"
"199859","46.014076232910156","46.014076232910156","46.014076232910156","19985","19985","19985"
"199879","32.824729919433594","32.824729919433594","32.824729919433594","19987","19987","19987"
"199919","41.84760284423828","41.84760284423828","41.84760284423828","19991","19991","19991"
"199949","38.72270965576172","38.72270965576172","38.72270965576172","19994","19994","19994"
"199959","40.48360061645508","40.48360061645508","40.48360061645508","19995","19995","19995"
"199969","42.3876838684082","42.3876838684082","42.3876838684082","19996","19996","19996"
"200009","47.85203170776367","47.85203170776367","47.85203170776367","20000","20000","20000"
"200059","40.317623138427734","40.317623138427734","40.317623138427734","20005","20005","20005"
"200079","91.89033508300781","91.89033508300781","91.89033508300781","20007","20007","20007"
"200089","43.746368408203125","43.746368408203125","43.746368408203125","20008","20008","20008"
"200099","43.682132720947266","43.682132720947266","43.682132720947266","20009","20009","20009"
"200109","50.27577209472656","50.27577209472656","50.27577209472656","20010","20010","20010"
"200139","52.630123138427734","52.630123138427734","52.630123138427734","20013","20013","20013"
"200149","42.581363677978516","42.581363677978516","42.581363677978516","20014","20014","20014"
"200179","32.92974090576172","32.92974090576172","32.92974090576172","20017","20017","20017"
"200189","54.69383239746094","54.69383239746094","54.69383239746094","20018","20018","20018"
"200229","43.721580505371094","43.721580505371094","43.721580505371094","20022","20022","20022"
"200239","36.04233169555664","36.04233169555664","36.04233169555664","20023","20023","20023"
"200259","33.253414154052734","33.253414154052734","33.253414154052734","20025","20025","20025"
"200269","40.57896423339844","40.57896423339844","40.57896423339844","20026","20026","20026"
"200289","37.89442443847656","37.89442443847656","37.89442443847656","20028","20028","20028"
"200319","32.88601303100586","32.88601303100586","32.88601303100586","20031","20031","20031"
"200329","35.588504791259766","35.588504791259766","35.588504791259766","20032","20032","20032"
"200339","41.18541717529297","41.18541717529297","41.18541717529297","20033","20033","20033"
"200349","33.19384002685547","33.19384002685547","33.19384002685547","20034","20034","20034"
"200359","42.80099105834961","42.80099105834961","42.80099105834961","20035","20035","20035"
"200409","42.82142639160156","42.82142639160156","42.82142639160156","20040","20040","20040"
"200429","56.53022003173828","56.53022003173828","56.53022003173828","20042","20042","20042"
"200439","43.182403564453125","43.182403564453125","43.182403564453125","20043","20043","20043"
"200449","32.302391052246094","32.302391052246094","32.302391052246094","20044","20044","20044"
"200459","35.85469055175781","35.85469055175781","35.85469055175781","20045","20045","20045"
"200489","63.40185546875","63.40185546875","63.40185546875","20048","20048","20048"
"200519","47.276885986328125","47.276885986328125","47.276885986328125","20051","20051","20051"
"200539","48.250980377197266","48.250980377197266","48.250980377197266","20053","20053","20053"
"200549","65.32745361328125","65.32745361328125","65.32745361328125","20054","20054","20054"
"200559","36.743980407714844","36.743980407714844","36.743980407714844","20055","20055","20055"
"200619","76.70709228515625","76.70709228515625","76.70709228515625","20061","20061","20061"
"200639","45.360755920410156","45.360755920410156","45.360755920410156","20063","20063","20063"
"200659","36.55012130737305","36.55012130737305","36.55012130737305","20065","20065","20065"
"200689","42.63779067993164","42.63779067993164","42.63779067993164","20068","20068","20068"
"200699","118.01118469238281","118.01118469238281","118.01118469238281","20069","20069","20069"
"200719","44.343971252441406","44.343971252441406","44.343971252441406","20071","20071","20071"
"200749","44.688568115234375","44.688568115234375","44.688568115234375","20074","20074","20074"
"200789","35.51728439331055","35.51728439331055","35.51728439331055","20078","20078","20078"
"200809","38.97351837158203","38.97351837158203","38.97351837158203","20080","20080","20080"
"200839","53.05367660522461","53.05367660522461","53.05367660522461","20083","20083","20083"
"200849","42.00238800048828","42.00238800048828","42.00238800048828","20084","20084","20084"
"200879","44.18145751953125","44.18145751953125","44.18145751953125","20087","20087","20087"
"200919","66.17662811279297","66.17662811279297","66.17662811279297","20091","20091","20091"
"200949","30.627099990844727","30.627099990844727","30.627099990844727","20094","20094","20094"
"200969","57.53847885131836","57.53847885131836","57.53847885131836","20096","20096","20096"
"201009","41.01911163330078","41.01911163330078","41.01911163330078","20100","20100","20100"
"201059","44.987152099609375","44.987152099609375","44.987152099609375","20105","20105","20105"
"201099","35.468048095703125","35.468048095703125","35.468048095703125","20109","20109","20109"
"201149","46.15222930908203","46.15222930908203","46.15222930908203","20114","20114","20114"
"201179","47.70304489135742","47.70304489135742","47.70304489135742","20117","20117","20117"
"201199","36.21474075317383","36.21474075317383","36.21474075317383","20119","20119","20119"
"201209","41.450538635253906","41.450538635253906","41.450538635253906","20120","20120","20120"
"201219","66.7784423828125","66.7784423828125","66.7784423828125","20121","20121","20121"
"201269","47.923702239990234","47.923702239990234","47.923702239990234","20126","20126","20126"
"201279","30.258792877197266","30.258792877197266","30.258792877197266","20127","20127","20127"
"201289","35.29233169555664","35.29233169555664","35.29233169555664","20128","20128","20128"
"201299","38.15248107910156","38.15248107910156","38.15248107910156","20129","20129","20129"
"201309","36.189605712890625","36.189605712890625","36.189605712890625","20130","20130","20130"
"201329","43.24264907836914","43.24264907836914","43.24264907836914","20132","20132","20132"
"201349","38.29954528808594","38.29954528808594","38.29954528808594","20134","20134","20134"
"201369","55.85685348510742","55.85685348510742","55.85685348510742","20136","20136","20136"
"201429","35.42113494873047","35.42113494873047","35.42113494873047","20142","20142","20142"
"201449","34.2397575378418","34.2397575378418","34.2397575378418","20144","20144","20144"
"201469","38.48611831665039","38.48611831665039","38.48611831665039","20146","20146","20146"
"201519","42.88151168823242","42.88151168823242","42.88151168823242","20151","20151","20151"
"201529","48.35395812988281","48.35395812988281","48.35395812988281","20152","20152","20152"
"201559","62.50128936767578","62.50128936767578","62.50128936767578","20155","20155","20155"
"201569","42.64818572998047","42.64818572998047","42.64818572998047","20156","20156","20156"
"201579","51.97745895385742","51.97745895385742","51.97745895385742","20157","20157","20157"
"201599","34.84151077270508","34.84151077270508","34.84151077270508","20159","20159","20159"
"201639","44.01111602783203","44.01111602783203","44.01111602783203","20163","20163","20163"
"201649","37.795047760009766","37.795047760009766","37.795047760009766","20164","20164","20164"
"201659","39.09129333496094","39.09129333496094","39.09129333496094","20165","20165","20165"
"201689","40.26787185668945","40.26787185668945","40.26787185668945","20168","20168","20168"
"201699","36.43476486206055","36.43476486206055","36.43476486206055","20169","20169","20169"
"201709","41.80878448486328","41.80878448486328","41.80878448486328","20170","20170","20170"
"201729","37.87838363647461","37.87838363647461","37.87838363647461","20172","20172","20172"
"201749","37.17342758178711","37.17342758178711","37.17342758178711","20174","20174","20174"
"201759","31.387683868408203","31.387683868408203","31.387683868408203","20175","20175","20175"
"201769","41.547508239746094","41.547508239746094","41.547508239746094","20176","20176","20176"
"201779","50.131980895996094","50.131980895996094","50.131980895996094","20177","20177","20177"
"201789","34.36983871459961","34.36983871459961","34.36983871459961","20178","20178","20178"
"201809","37.02046203613281","37.02046203613281","37.02046203613281","20180","20180","20180"
"201819","52.39710998535156","52.39710998535156","52.39710998535156","20181","20181","20181"
"201829","42.28157043457031","42.28157043457031","42.28157043457031","20182","20182","20182"
"201839","47.43821334838867","47.43821334838867","47.43821334838867","20183","20183","20183"
"201909","37.19159698486328","37.19159698486328","37.19159698486328","20190","20190","20190"
"201919","55.861595153808594","55.861595153808594","55.861595153808594","20191","20191","20191"
"201979","33.92161560058594","33.92161560058594","33.92161560058594","20197","20197","20197"
"201989","49.71268081665039","49.71268081665039","49.71268081665039","20198","20198","20198"
"202019","32.749061584472656","32.749061584472656","32.749061584472656","20201","20201","20201"
"202049","37.746158599853516","37.746158599853516","37.746158599853516","20204","20204","20204"
"202079","37.14859390258789","37.14859390258789","37.14859390258789","20207","20207","20207"
"202089","34.7038459777832","34.7038459777832","34.7038459777832","20208","20208","20208"
"202109","33.64345932006836","33.64345932006836","33.64345932006836","20210","20210","20210"
"202129","33.20177459716797","33.20177459716797","33.20177459716797","20212","20212","20212"
"202149","40.767181396484375","40.767181396484375","40.767181396484375","20214","20214","20214"
"202209","45.662723541259766","45.662723541259766","45.662723541259766","20220","20220","20220"
"202229","36.21243667602539","36.21243667602539","36.21243667602539","20222","20222","20222"
"202249","29.652667999267578","29.652667999267578","29.652667999267578","20224","20224","20224"
"202259","34.0683708190918","34.0683708190918","34.0683708190918","20225","20225","20225"
"202279","37.5355110168457","37.5355110168457","37.5355110168457","20227","20227","20227"
"202289","54.48202133178711","54.48202133178711","54.48202133178711","20228","20228","20228"
"202309","39.24973678588867","39.24973678588867","39.24973678588867","20230","20230","20230"
"202319","48.753265380859375","48.753265380859375","48.753265380859375","20231","20231","20231"
"202329","52.15290069580078","52.15290069580078","52.15290069580078","20232","20232","20232"
"202339","31.677587509155273","31.677587509155273","31.677587509155273","20233","20233","20233"
"202349","38.45588302612305","38.45588302612305","38.45588302612305","20234","20234","20234"
"202369","43.70734786987305","43.70734786987305","43.70734786987305","20236","20236","20236"
"202389","38.668277740478516","38.668277740478516","38.668277740478516","20238","20238","20238"
"202409","40.371421813964844","40.371421813964844","40.371421813964844","20240","20240","20240"
"202429","39.39714050292969","39.39714050292969","39.39714050292969","20242","20242","20242"
"202439","49.210731506347656","49.210731506347656","49.210731506347656","20243","20243","20243"
"202489","50.862937927246094","50.862937927246094","50.862937927246094","20248","20248","20248"
"202509","34.423126220703125","34.423126220703125","34.423126220703125","20250","20250","20250"
"202519","42.89242172241211","42.89242172241211","42.89242172241211","20251","20251","20251"
"202529","51.63842010498047","51.63842010498047","51.63842010498047","20252","20252","20252"
"202569","38.59089279174805","38.59089279174805","38.59089279174805","20256","20256","20256"
"202589","37.3492317199707","37.3492317199707","37.3492317199707","20258","20258","20258"
"202619","41.57135009765625","41.57135009765625","41.57135009765625","20261","20261","20261"
"202649","41.542240142822266","41.542240142822266","41.542240142822266","20264","20264","20264"
"202659","67.25448608398438","67.25448608398438","67.25448608398438","20265","20265","20265"
"202679","31.38733673095703","31.38733673095703","31.38733673095703","20267","20267","20267"
"202689","43.362789154052734","43.362789154052734","43.362789154052734","20268","20268","20268"
"202699","42.7856559753418","42.7856559753418","42.7856559753418","20269","20269","20269"
"202709","39.454872131347656","39.454872131347656","39.454872131347656","20270","20270","20270"
"202729","41.48968505859375","41.48968505859375","41.48968505859375","20272","20272","20272"
"202739","47.29399108886719","47.29399108886719","47.29399108886719","20273","20273","20273"
"202759","40.385498046875","40.385498046875","40.385498046875","20275","20275","20275"
"202769","34.29995346069336","34.29995346069336","34.29995346069336","20276","20276","20276"
"202779","50.01029586791992","50.01029586791992","50.01029586791992","20277","20277","20277"
"202789","50.158111572265625","50.158111572265625","50.158111572265625","20278","20278","20278"
"202799","35.48371505737305","35.48371505737305","35.48371505737305","20279","20279","20279"
"202849","47.518150329589844","47.518150329589844","47.518150329589844","20284","20284","20284"
"202859","62.791812896728516","62.791812896728516","62.791812896728516","20285","20285","20285"
"202869","51.238250732421875","51.238250732421875","51.238250732421875","20286","20286","20286"
"202879","45.270606994628906","45.270606994628906","45.270606994628906","20287","20287","20287"
"202889","47.5491828918457","47.5491828918457","47.5491828918457","20288","20288","20288"
"202899","36.78414535522461","36.78414535522461","36.78414535522461","20289","20289","20289"
"202909","34.93870162963867","34.93870162963867","34.93870162963867","20290","20290","20290"
"202919","38.648101806640625","38.648101806640625","38.648101806640625","20291","20291","20291"
"202939","149.89031982421875","149.89031982421875","149.89031982421875","20293","20293","20293"
"202969","37.297054290771484","37.297054290771484","37.297054290771484","20296","20296","20296"
"202979","49.2600212097168","49.2600212097168","49.2600212097168","20297","20297","20297"
"203019","43.33371353149414","43.33371353149414","43.33371353149414","20301","20301","20301"
"203049","39.91822814941406","39.91822814941406","39.91822814941406","20304","20304","20304"
"203059","43.36360549926758","43.36360549926758","43.36360549926758","20305","20305","20305"
"203079","43.91090774536133","43.91090774536133","43.91090774536133","20307","20307","20307"
"203109","47.09098815917969","47.09098815917969","47.09098815917969","20310","20310","20310"
"203149","53.6368408203125","53.6368408203125","53.6368408203125","20314","20314","20314"
"203169","45.25343704223633","45.25343704223633","45.25343704223633","20316","20316","20316"
"203179","37.015724182128906","37.015724182128906","37.015724182128906","20317","20317","20317"
"203199","31.65956687927246","31.65956687927246","31.65956687927246","20319","20319","20319"
"203339","40.46072769165039","40.46072769165039","40.46072769165039","20333","20333","20333"
"203359","45.551780700683594","45.551780700683594","45.551780700683594","20335","20335","20335"
"203369","39.82911682128906","39.82911682128906","39.82911682128906","20336","20336","20336"
"203379","77.33086395263672","77.33086395263672","77.33086395263672","20337","20337","20337"
"203409","38.426937103271484","38.426937103271484","38.426937103271484","20340","20340","20340"
"203439","120.80792999267578","120.80792999267578","120.80792999267578","20343","20343","20343"
"203449","34.002418518066406","34.002418518066406","34.002418518066406","20344","20344","20344"
"203489","68.18722534179688","68.18722534179688","68.18722534179688","20348","20348","20348"
"203499","54.05070877075195","54.05070877075195","54.05070877075195","20349","20349","20349"
"203549","32.785491943359375","32.785491943359375","32.785491943359375","20354","20354","20354"
"203629","40.35014343261719","40.35014343261719","40.35014343261719","20362","20362","20362"
"203639","51.76326370239258","51.76326370239258","51.76326370239258","20363","20363","20363"
"203649","39.87370681762695","39.87370681762695","39.87370681762695","20364","20364","20364"
"203689","31.917943954467773","31.917943954467773","31.917943954467773","20368","20368","20368"
"203719","35.162567138671875","35.162567138671875","35.162567138671875","20371","20371","20371"
"203729","51.67681121826172","51.67681121826172","51.67681121826172","20372","20372","20372"
"203759","30.985942840576172","30.985942840576172","30.985942840576172","20375","20375","20375"
"203789","40.055259704589844","40.055259704589844","40.055259704589844","20378","20378","20378"
"203809","42.17332077026367","42.17332077026367","42.17332077026367","20380","20380","20380"
"203819","46.52857971191406","46.52857971191406","46.52857971191406","20381","20381","20381"
"203839","35.257747650146484","35.257747650146484","35.257747650146484","20383","20383","20383"
"203849","29.9351749420166","29.9351749420166","29.9351749420166","20384","20384","20384"
"203859","58.107059478759766","58.107059478759766","58.107059478759766","20385","20385","20385"
"203869","35.369850158691406","35.369850158691406","35.369850158691406","20386","20386","20386"
"203899","43.12513732910156","43.12513732910156","43.12513732910156","20389","20389","20389"
"203909","38.79852294921875","38.79852294921875","38.79852294921875","20390","20390","20390"
"203919","32.854759216308594","32.854759216308594","32.854759216308594","20391","20391","20391"
"203929","45.73650360107422","45.73650360107422","45.73650360107422","20392","20392","20392"
"203959","42.412620544433594","42.412620544433594","42.412620544433594","20395","20395","20395"
"203969","35.623626708984375","35.623626708984375","35.623626708984375","20396","20396","20396"
"203989","39.570980072021484","39.570980072021484","39.570980072021484","20398","20398","20398"
"204009","36.36154556274414","36.36154556274414","36.36154556274414","20400","20400","20400"
"204039","51.01433563232422","51.01433563232422","51.01433563232422","20403","20403","20403"
"204069","41.289066314697266","41.289066314697266","41.289066314697266","20406","20406","20406"
"204089","39.82154083251953","39.82154083251953","39.82154083251953","20408","20408","20408"
"204109","27.72460174560547","27.72460174560547","27.72460174560547","20410","20410","20410"
"204119","33.926231384277344","33.926231384277344","33.926231384277344","20411","20411","20411"
"204159","51.47354507446289","51.47354507446289","51.47354507446289","20415","20415","20415"
"204179","67.1791000366211","67.1791000366211","67.1791000366211","20417","20417","20417"
"204209","125.89630889892578","125.89630889892578","125.89630889892578","20420","20420","20420"
"204229","52.09381866455078","52.09381866455078","52.09381866455078","20422","20422","20422"
"204249","40.40327835083008","40.40327835083008","40.40327835083008","20424","20424","20424"
"204269","51.641563415527344","51.641563415527344","51.641563415527344","20426","20426","20426"
"204279","28.970027923583984","28.970027923583984","28.970027923583984","20427","20427","20427"
"204309","41.43882369995117","41.43882369995117","41.43882369995117","20430","20430","20430"
"204339","36.79115295410156","36.79115295410156","36.79115295410156","20433","20433","20433"
"204349","53.85564041137695","53.85564041137695","53.85564041137695","20434","20434","20434"
"204369","68.30593872070312","68.30593872070312","68.30593872070312","20436","20436","20436"
"204379","35.454978942871094","35.454978942871094","35.454978942871094","20437","20437","20437"
"204389","43.14259719848633","43.14259719848633","43.14259719848633","20438","20438","20438"
"204399","49.620853424072266","49.620853424072266","49.620853424072266","20439","20439","20439"
"204409","38.30535888671875","38.30535888671875","38.30535888671875","20440","20440","20440"
"204419","31.640928268432617","31.640928268432617","31.640928268432617","20441","20441","20441"
"204479","40.649784088134766","40.649784088134766","40.649784088134766","20447","20447","20447"
"204499","61.9658088684082","61.9658088684082","61.9658088684082","20449","20449","20449"
"204509","40.37190246582031","40.37190246582031","40.37190246582031","20450","20450","20450"
"204519","37.534515380859375","37.534515380859375","37.534515380859375","20451","20451","20451"
"204539","41.928321838378906","41.928321838378906","41.928321838378906","20453","20453","20453"
"204569","35.779754638671875","35.779754638671875","35.779754638671875","20456","20456","20456"
"204579","33.15116500854492","33.15116500854492","33.15116500854492","20457","20457","20457"
"204589","40.94670867919922","40.94670867919922","40.94670867919922","20458","20458","20458"
"204619","35.76453399658203","35.76453399658203","35.76453399658203","20461","20461","20461"
"204629","48.21560287475586","48.21560287475586","48.21560287475586","20462","20462","20462"
"204759","43.27395248413086","43.27395248413086","43.27395248413086","20475","20475","20475"
"204769","62.42875289916992","62.42875289916992","62.42875289916992","20476","20476","20476"
"204799","53.383487701416016","53.383487701416016","53.383487701416016","20479","20479","20479"
"204839","47.62217712402344","47.62217712402344","47.62217712402344","20483","20483","20483"
"204859","35.0513801574707","35.0513801574707","35.0513801574707","20485","20485","20485"
"204889","33.520164489746094","33.520164489746094","33.520164489746094","20488","20488","20488"
"204899","39.27702713012695","39.27702713012695","39.27702713012695","20489","20489","20489"
"204909","40.18965530395508","40.18965530395508","40.18965530395508","20490","20490","20490"
"204919","62.83054733276367","62.83054733276367","62.83054733276367","20491","20491","20491"
"204929","35.59010314941406","35.59010314941406","35.59010314941406","20492","20492","20492"
"204939","34.00796890258789","34.00796890258789","34.00796890258789","20493","20493","20493"
"204979","42.20930099487305","42.20930099487305","42.20930099487305","20497","20497","20497"
"204999","43.07927703857422","43.07927703857422","43.07927703857422","20499","20499","20499"
"205009","34.550819396972656","34.550819396972656","34.550819396972656","20500","20500","20500"
"205109","65.37310028076172","65.37310028076172","65.37310028076172","20510","20510","20510"
"205149","47.57556915283203","47.57556915283203","47.57556915283203","20514","20514","20514"
"205189","42.297489166259766","42.297489166259766","42.297489166259766","20518","20518","20518"
"205219","34.951202392578125","34.951202392578125","34.951202392578125","20521","20521","20521"
"205239","39.221534729003906","39.221534729003906","39.221534729003906","20523","20523","20523"
"205249","34.32228469848633","34.32228469848633","34.32228469848633","20524","20524","20524"
"205319","41.66445541381836","41.66445541381836","41.66445541381836","20531","20531","20531"
"205339","48.8799934387207","48.8799934387207","48.8799934387207","20533","20533","20533"
"205349","47.96187973022461","47.96187973022461","47.96187973022461","20534","20534","20534"
"205379","36.81681442260742","36.81681442260742","36.81681442260742","20537","20537","20537"
"205389","49.32487487792969","49.32487487792969","49.32487487792969","20538","20538","20538"
"205479","39.317325592041016","39.317325592041016","39.317325592041016","20547","20547","20547"
"205499","40.294471740722656","40.294471740722656","40.294471740722656","20549","20549","20549"
"205509","30.86894416809082","30.86894416809082","30.86894416809082","20550","20550","20550"
"205539","51.450523376464844","51.450523376464844","51.450523376464844","20553","20553","20553"
"205559","35.47670364379883","35.47670364379883","35.47670364379883","20555","20555","20555"
"205569","45.88152313232422","45.88152313232422","45.88152313232422","20556","20556","20556"
"205599","55.02083206176758","55.02083206176758","55.02083206176758","20559","20559","20559"
"205639","44.759315490722656","44.759315490722656","44.759315490722656","20563","20563","20563"
"205679","30.545745849609375","30.545745849609375","30.545745849609375","20567","20567","20567"
"205689","29.219650268554688","29.219650268554688","29.219650268554688","20568","20568","20568"
"205699","33.69048309326172","33.69048309326172","33.69048309326172","20569","20569","20569"
"205729","45.632469177246094","45.632469177246094","45.632469177246094","20572","20572","20572"
"205739","45.90986633300781","45.90986633300781","45.90986633300781","20573","20573","20573"
"205769","46.269500732421875","46.269500732421875","46.269500732421875","20576","20576","20576"
"205789","53.76813507080078","53.76813507080078","53.76813507080078","20578","20578","20578"
"205859","37.73405456542969","37.73405456542969","37.73405456542969","20585","20585","20585"
"205869","49.44456100463867","49.44456100463867","49.44456100463867","20586","20586","20586"
"205879","40.183067321777344","40.183067321777344","40.183067321777344","20587","20587","20587"
"205899","45.31935119628906","45.31935119628906","45.31935119628906","20589","20589","20589"
"205909","38.386390686035156","38.386390686035156","38.386390686035156","20590","20590","20590"
"205929","35.052764892578125","35.052764892578125","35.052764892578125","20592","20592","20592"
"205939","55.921592712402344","55.921592712402344","55.921592712402344","20593","20593","20593"
"205959","37.531761169433594","37.531761169433594","37.531761169433594","20595","20595","20595"
"205969","36.89586639404297","36.89586639404297","36.89586639404297","20596","20596","20596"
"206019","45.12245559692383","45.12245559692383","45.12245559692383","20601","20601","20601"
"206049","37.39683532714844","37.39683532714844","37.39683532714844","20604","20604","20604"
"206069","39.370113372802734","39.370113372802734","39.370113372802734","20606","20606","20606"
"206089","48.37309265136719","48.37309265136719","48.37309265136719","20608","20608","20608"
"206109","39.3807373046875","39.3807373046875","39.3807373046875","20610","20610","20610"
"206119","33.89268493652344","33.89268493652344","33.89268493652344","20611","20611","20611"
"206129","38.03608703613281","38.03608703613281","38.03608703613281","20612","20612","20612"
"206159","49.62220764160156","49.62220764160156","49.62220764160156","20615","20615","20615"
"206169","34.497650146484375","34.497650146484375","34.497650146484375","20616","20616","20616"
"206179","35.23576736450195","35.23576736450195","35.23576736450195","20617","20617","20617"
"206209","27.799772262573242","27.799772262573242","27.799772262573242","20620","20620","20620"
"206239","38.51681900024414","38.51681900024414","38.51681900024414","20623","20623","20623"
"206249","44.31341552734375","44.31341552734375","44.31341552734375","20624","20624","20624"
"206259","44.40977478027344","44.40977478027344","44.40977478027344","20625","20625","20625"
"206269","40.355220794677734","40.355220794677734","40.355220794677734","20626","20626","20626"
"206279","44.35268783569336","44.35268783569336","44.35268783569336","20627","20627","20627"
"206289","46.50165939331055","46.50165939331055","46.50165939331055","20628","20628","20628"
"206329","43.77780532836914","43.77780532836914","43.77780532836914","20632","20632","20632"
"206359","47.43102264404297","47.43102264404297","47.43102264404297","20635","20635","20635"
"206369","43.80442810058594","43.80442810058594","43.80442810058594","20636","20636","20636"
"206419","37.11333084106445","37.11333084106445","37.11333084106445","20641","20641","20641"
"206439","38.87085723876953","38.87085723876953","38.87085723876953","20643","20643","20643"
"206519","32.19470977783203","32.19470977783203","32.19470977783203","20651","20651","20651"
"206529","31.02007293701172","31.02007293701172","31.02007293701172","20652","20652","20652"
"206549","38.58909606933594","38.58909606933594","38.58909606933594","20654","20654","20654"
"206569","44.77831268310547","44.77831268310547","44.77831268310547","20656","20656","20656"
"206589","31.69190216064453","31.69190216064453","31.69190216064453","20658","20658","20658"
"206619","30.28873062133789","30.28873062133789","30.28873062133789","20661","20661","20661"
"206639","34.718353271484375","34.718353271484375","34.718353271484375","20663","20663","20663"
"206649","33.318931579589844","33.318931579589844","33.318931579589844","20664","20664","20664"
"206669","137.7173309326172","137.7173309326172","137.7173309326172","20666","20666","20666"
"206679","35.40904998779297","35.40904998779297","35.40904998779297","20667","20667","20667"
"206689","58.62944793701172","58.62944793701172","58.62944793701172","20668","20668","20668"
"206719","71.13361358642578","71.13361358642578","71.13361358642578","20671","20671","20671"
"206739","88.23644256591797","88.23644256591797","88.23644256591797","20673","20673","20673"
"206769","30.440853118896484","30.440853118896484","30.440853118896484","20676","20676","20676"
"206789","50.12173080444336","50.12173080444336","50.12173080444336","20678","20678","20678"
"206799","33.36888122558594","33.36888122558594","33.36888122558594","20679","20679","20679"
"206829","45.429359436035156","45.429359436035156","45.429359436035156","20682","20682","20682"
"206899","36.166934967041016","36.166934967041016","36.166934967041016","20689","20689","20689"
"206929","40.710060119628906","40.710060119628906","40.710060119628906","20692","20692","20692"
"206949","43.9267692565918","43.9267692565918","43.9267692565918","20694","20694","20694"
"207019","47.34983825683594","47.34983825683594","47.34983825683594","20701","20701","20701"
"207039","37.982421875","37.982421875","37.982421875","20703","20703","20703"
"207059","37.940269470214844","37.940269470214844","37.940269470214844","20705","20705","20705"
"207069","34.03281784057617","34.03281784057617","34.03281784057617","20706","20706","20706"
"207079","38.72943115234375","38.72943115234375","38.72943115234375","20707","20707","20707"
"207089","39.45892333984375","39.45892333984375","39.45892333984375","20708","20708","20708"
"207129","56.700992584228516","56.700992584228516","56.700992584228516","20712","20712","20712"
"207169","44.65693283081055","44.65693283081055","44.65693283081055","20716","20716","20716"
"207179","33.296058654785156","33.296058654785156","33.296058654785156","20717","20717","20717"
"207209","39.879398345947266","39.879398345947266","39.879398345947266","20720","20720","20720"
"207219","45.218955993652344","45.218955993652344","45.218955993652344","20721","20721","20721"
"207229","49.198448181152344","49.198448181152344","49.198448181152344","20722","20722","20722"
"207249","37.54948043823242","37.54948043823242","37.54948043823242","20724","20724","20724"
"207279","43.60557174682617","43.60557174682617","43.60557174682617","20727","20727","20727"
"207289","41.19917678833008","41.19917678833008","41.19917678833008","20728","20728","20728"
"207309","37.3235969543457","37.3235969543457","37.3235969543457","20730","20730","20730"
"207329","60.001007080078125","60.001007080078125","60.001007080078125","20732","20732","20732"
"207479","37.75008773803711","37.75008773803711","37.75008773803711","20747","20747","20747"
"207499","47.829471588134766","47.829471588134766","47.829471588134766","20749","20749","20749"
"207509","32.608360290527344","32.608360290527344","32.608360290527344","20750","20750","20750"
"207529","47.18378448486328","47.18378448486328","47.18378448486328","20752","20752","20752"
"207549","39.549591064453125","39.549591064453125","39.549591064453125","20754","20754","20754"
"207559","45.49397277832031","45.49397277832031","45.49397277832031","20755","20755","20755"
"207619","51.90521240234375","51.90521240234375","51.90521240234375","20761","20761","20761"
"207629","55.59575653076172","55.59575653076172","55.59575653076172","20762","20762","20762"
"207649","34.514068603515625","34.514068603515625","34.514068603515625","20764","20764","20764"
"207659","45.292396545410156","45.292396545410156","45.292396545410156","20765","20765","20765"
"207669","54.624595642089844","54.624595642089844","54.624595642089844","20766","20766","20766"
"207709","44.06437683105469","44.06437683105469","44.06437683105469","20770","20770","20770"
"207719","41.378170013427734","41.378170013427734","41.378170013427734","20771","20771","20771"
"207729","36.83195114135742","36.83195114135742","36.83195114135742","20772","20772","20772"
"207739","37.58135223388672","37.58135223388672","37.58135223388672","20773","20773","20773"
"207769","37.20626449584961","37.20626449584961","37.20626449584961","20776","20776","20776"
"207809","66.00838470458984","66.00838470458984","66.00838470458984","20780","20780","20780"
"207869","41.95661544799805","41.95661544799805","41.95661544799805","20786","20786","20786"
"207899","41.86693572998047","41.86693572998047","41.86693572998047","20789","20789","20789"
"207909","36.76148223876953","36.76148223876953","36.76148223876953","20790","20790","20790"
"207919","35.64495849609375","35.64495849609375","35.64495849609375","20791","20791","20791"
"207949","40.64545822143555","40.64545822143555","40.64545822143555","20794","20794","20794"
"207969","41.32781982421875","41.32781982421875","41.32781982421875","20796","20796","20796"
"208099","35.739601135253906","35.739601135253906","35.739601135253906","20809","20809","20809"
"208139","30.390365600585938","30.390365600585938","30.390365600585938","20813","20813","20813"
"208149","32.29798126220703","32.29798126220703","32.29798126220703","20814","20814","20814"
"208159","52.10171890258789","52.10171890258789","52.10171890258789","20815","20815","20815"
"208169","50.81126403808594","50.81126403808594","50.81126403808594","20816","20816","20816"
"208189","52.637184143066406","52.637184143066406","52.637184143066406","20818","20818","20818"
"208199","42.780799865722656","42.780799865722656","42.780799865722656","20819","20819","20819"
"208269","45.18634033203125","45.18634033203125","45.18634033203125","20826","20826","20826"
"208279","35.541805267333984","35.541805267333984","35.541805267333984","20827","20827","20827"
"208309","37.31095504760742","37.31095504760742","37.31095504760742","20830","20830","20830"
"208329","41.99934005737305","41.99934005737305","41.99934005737305","20832","20832","20832"
"208349","30.570337295532227","30.570337295532227","30.570337295532227","20834","20834","20834"
"208389","68.5748519897461","68.5748519897461","68.5748519897461","20838","20838","20838"
"208399","38.550621032714844","38.550621032714844","38.550621032714844","20839","20839","20839"
"208419","47.45528030395508","47.45528030395508","47.45528030395508","20841","20841","20841"
"208429","48.19002914428711","48.19002914428711","48.19002914428711","20842","20842","20842"
"208439","35.949100494384766","35.949100494384766","35.949100494384766","20843","20843","20843"
"208459","36.07329559326172","36.07329559326172","36.07329559326172","20845","20845","20845"
"208469","43.333038330078125","43.333038330078125","43.333038330078125","20846","20846","20846"
"208479","48.01830291748047","48.01830291748047","48.01830291748047","20847","20847","20847"
"208499","40.84523010253906","40.84523010253906","40.84523010253906","20849","20849","20849"
"208509","49.28036880493164","49.28036880493164","49.28036880493164","20850","20850","20850"
"208519","41.103057861328125","41.103057861328125","41.103057861328125","20851","20851","20851"
"208529","36.06736755371094","36.06736755371094","36.06736755371094","20852","20852","20852"
"208539","37.78123474121094","37.78123474121094","37.78123474121094","20853","20853","20853"
"208549","31.422901153564453","31.422901153564453","31.422901153564453","20854","20854","20854"
"208579","41.07172775268555","41.07172775268555","41.07172775268555","20857","20857","20857"
"208609","37.14945602416992","37.14945602416992","37.14945602416992","20860","20860","20860"
"208639","46.64681625366211","46.64681625366211","46.64681625366211","20863","20863","20863"
"208649","39.17500686645508","39.17500686645508","39.17500686645508","20864","20864","20864"
"208659","68.00447845458984","68.00447845458984","68.00447845458984","20865","20865","20865"
"208679","44.60102081298828","44.60102081298828","44.60102081298828","20867","20867","20867"
"208689","64.58570098876953","64.58570098876953","64.58570098876953","20868","20868","20868"
"208699","47.13935089111328","47.13935089111328","47.13935089111328","20869","20869","20869"
"208709","52.02903747558594","52.02903747558594","52.02903747558594","20870","20870","20870"
"208719","30.17440414428711","30.17440414428711","30.17440414428711","20871","20871","20871"
"208729","51.84275436401367","51.84275436401367","51.84275436401367","20872","20872","20872"
"208739","61.33679962158203","61.33679962158203","61.33679962158203","20873","20873","20873"
"208749","31.351593017578125","31.351593017578125","31.351593017578125","20874","20874","20874"
"208759","38.01084518432617","38.01084518432617","38.01084518432617","20875","20875","20875"
"208779","50.32435607910156","50.32435607910156","50.32435607910156","20877","20877","20877"
"208799","32.34327697753906","32.34327697753906","32.34327697753906","20879","20879","20879"
"208809","39.94963073730469","39.94963073730469","39.94963073730469","20880","20880","20880"
"208829","35.632225036621094","35.632225036621094","35.632225036621094","20882","20882","20882"
"208839","31.36471939086914","31.36471939086914","31.36471939086914","20883","20883","20883"
"208849","37.755130767822266","37.755130767822266","37.755130767822266","20884","20884","20884"
"208869","37.58733367919922","37.58733367919922","37.58733367919922","20886","20886","20886"
"208909","32.89691162109375","32.89691162109375","32.89691162109375","20890","20890","20890"
"208929","32.105560302734375","32.105560302734375","32.105560302734375","20892","20892","20892"
"208949","36.70772933959961","36.70772933959961","36.70772933959961","20894","20894","20894"
"208959","45.12332534790039","45.12332534790039","45.12332534790039","20895","20895","20895"
"208969","37.51496505737305","37.51496505737305","37.51496505737305","20896","20896","20896"
"208989","34.60643768310547","34.60643768310547","34.60643768310547","20898","20898","20898"
"209039","70.91841888427734","70.91841888427734","70.91841888427734","20903","20903","20903"
"209089","47.82027816772461","47.82027816772461","47.82027816772461","20908","20908","20908"
"209099","32.89118194580078","32.89118194580078","32.89118194580078","20909","20909","20909"
"209109","44.16088104248047","44.16088104248047","44.16088104248047","20910","20910","20910"
"209149","35.343772888183594","35.343772888183594","35.343772888183594","20914","20914","20914"
"209179","48.01654815673828","48.01654815673828","48.01654815673828","20917","20917","20917"
"209219","39.859703063964844","39.859703063964844","39.859703063964844","20921","20921","20921"
"209259","32.98157501220703","32.98157501220703","32.98157501220703","20925","20925","20925"
"209269","42.58467102050781","42.58467102050781","42.58467102050781","20926","20926","20926"
"209299","48.831329345703125","48.831329345703125","48.831329345703125","20929","20929","20929"
"209339","51.86790084838867","51.86790084838867","51.86790084838867","20933","20933","20933"
"209409","36.03207015991211","36.03207015991211","36.03207015991211","20940","20940","20940"
"209419","40.08966064453125","40.08966064453125","40.08966064453125","20941","20941","20941"
"209439","66.50726318359375","66.50726318359375","66.50726318359375","20943","20943","20943"
"209459","53.28755569458008","53.28755569458008","53.28755569458008","20945","20945","20945"
"209499","37.201690673828125","37.201690673828125","37.201690673828125","20949","20949","20949"
"209539","41.95590591430664","41.95590591430664","41.95590591430664","20953","20953","20953"
"209549","36.02217102050781","36.02217102050781","36.02217102050781","20954","20954","20954"
"209559","43.39116287231445","43.39116287231445","43.39116287231445","20955","20955","20955"
"209589","32.252479553222656","32.252479553222656","32.252479553222656","20958","20958","20958"
"209609","52.02827453613281","52.02827453613281","52.02827453613281","20960","20960","20960"
"209639","46.691917419433594","46.691917419433594","46.691917419433594","20963","20963","20963"
"209649","34.60376739501953","34.60376739501953","34.60376739501953","20964","20964","20964"
"209659","31.54840087890625","31.54840087890625","31.54840087890625","20965","20965","20965"
"209699","42.571311950683594","42.571311950683594","42.571311950683594","20969","20969","20969"
"209709","49.356143951416016","49.356143951416016","49.356143951416016","20970","20970","20970"
"209719","36.91433334350586","36.91433334350586","36.91433334350586","20971","20971","20971"
"209729","34.70029067993164","34.70029067993164","34.70029067993164","20972","20972","20972"
"209749","38.17205810546875","38.17205810546875","38.17205810546875","20974","20974","20974"
"209759","32.926002502441406","32.926002502441406","32.926002502441406","20975","20975","20975"
"209779","28.786361694335938","28.786361694335938","28.786361694335938","20977","20977","20977"
"209789","42.086761474609375","42.086761474609375","42.086761474609375","20978","20978","20978"
"209799","45.80606460571289","45.80606460571289","45.80606460571289","20979","20979","20979"
"209819","41.37393569946289","41.37393569946289","41.37393569946289","20981","20981","20981"
"209839","29.95021629333496","29.95021629333496","29.95021629333496","20983","20983","20983"
"209869","39.21711730957031","39.21711730957031","39.21711730957031","20986","20986","20986"
"209899","59.63078689575195","59.63078689575195","59.63078689575195","20989","20989","20989"
"209929","43.0556526184082","43.0556526184082","43.0556526184082","20992","20992","20992"
"209949","41.695369720458984","41.695369720458984","41.695369720458984","20994","20994","20994"
"209969","39.83153533935547","39.83153533935547","39.83153533935547","20996","20996","20996"
"209999","37.48149108886719","37.48149108886719","37.48149108886719","20999","20999","20999"
"210009","40.95530700683594","40.95530700683594","40.95530700683594","21000","21000","21000"
"210059","33.91628646850586","33.91628646850586","33.91628646850586","21005","21005","21005"
"210089","55.03059005737305","55.03059005737305","55.03059005737305","21008","21008","21008"
"210109","41.940032958984375","41.940032958984375","41.940032958984375","21010","21010","21010"
"210149","33.32015609741211","33.32015609741211","33.32015609741211","21014","21014","21014"
"210159","46.965049743652344","46.965049743652344","46.965049743652344","21015","21015","21015"
"210169","43.36534881591797","43.36534881591797","43.36534881591797","21016","21016","21016"
"210179","37.484466552734375","37.484466552734375","37.484466552734375","21017","21017","21017"
"210189","37.471561431884766","37.471561431884766","37.471561431884766","21018","21018","21018"
"210219","37.279937744140625","37.279937744140625","37.279937744140625","21021","21021","21021"
"210259","35.91802978515625","35.91802978515625","35.91802978515625","21025","21025","21025"
"210359","57.858970642089844","57.858970642089844","57.858970642089844","21035","21035","21035"
"210369","37.83152389526367","37.83152389526367","37.83152389526367","21036","21036","21036"
"210389","37.392234802246094","37.392234802246094","37.392234802246094","21038","21038","21038"
"210399","41.935909271240234","41.935909271240234","41.935909271240234","21039","21039","21039"
"210429","54.518531799316406","54.518531799316406","54.518531799316406","21042","21042","21042"
"210459","59.29975128173828","59.29975128173828","59.29975128173828","21045","21045","21045"
"210469","34.98384475708008","34.98384475708008","34.98384475708008","21046","21046","21046"
"210479","36.82573699951172","36.82573699951172","36.82573699951172","21047","21047","21047"
"210489","37.91425704956055","37.91425704956055","37.91425704956055","21048","21048","21048"
"210509","44.87823486328125","44.87823486328125","44.87823486328125","21050","21050","21050"
"210529","37.688812255859375","37.688812255859375","37.688812255859375","21052","21052","21052"
"210559","40.456390380859375","40.456390380859375","40.456390380859375","21055","21055","21055"
"210589","38.323219299316406","38.323219299316406","38.323219299316406","21058","21058","21058"
"210599","49.853729248046875","49.853729248046875","49.853729248046875","21059","21059","21059"
"210609","33.29137420654297","33.29137420654297","33.29137420654297","21060","21060","21060"
"210619","39.145896911621094","39.145896911621094","39.145896911621094","21061","21061","21061"
"210629","36.8538818359375","36.8538818359375","36.8538818359375","21062","21062","21062"
"210689","35.0693359375","35.0693359375","35.0693359375","21068","21068","21068"
"210709","36.759517669677734","36.759517669677734","36.759517669677734","21070","21070","21070"
"210729","38.732276916503906","38.732276916503906","38.732276916503906","21072","21072","21072"
"210749","34.64778137207031","34.64778137207031","34.64778137207031","21074","21074","21074"
"210769","39.56475830078125","39.56475830078125","39.56475830078125","21076","21076","21076"
"210789","36.6934814453125","36.6934814453125","36.6934814453125","21078","21078","21078"
"210829","36.78032684326172","36.78032684326172","36.78032684326172","21082","21082","21082"
"210839","58.01466369628906","58.01466369628906","58.01466369628906","21083","21083","21083"
"210869","32.485137939453125","32.485137939453125","32.485137939453125","21086","21086","21086"
"210889","44.90419387817383","44.90419387817383","44.90419387817383","21088","21088","21088"
"210919","40.25814437866211","40.25814437866211","40.25814437866211","21091","21091","21091"
"210929","32.71437072753906","32.71437072753906","32.71437072753906","21092","21092","21092"
"210949","41.6341667175293","41.6341667175293","41.6341667175293","21094","21094","21094"
"210959","39.72935104370117","39.72935104370117","39.72935104370117","21095","21095","21095"
"210979","51.179508209228516","51.179508209228516","51.179508209228516","21097","21097","21097"
"210999","36.522621154785156","36.522621154785156","36.522621154785156","21099","21099","21099"
"211019","40.72957992553711","40.72957992553711","40.72957992553711","21101","21101","21101"
"211039","48.8814697265625","48.8814697265625","48.8814697265625","21103","21103","21103"
"211069","45.458778381347656","45.458778381347656","45.458778381347656","21106","21106","21106"
"211119","43.78767013549805","43.78767013549805","43.78767013549805","21111","21111","21111"
"211149","35.89441680908203","35.89441680908203","35.89441680908203","21114","21114","21114"
"211159","41.295860290527344","41.295860290527344","41.295860290527344","21115","21115","21115"
"211179","50.53638458251953","50.53638458251953","50.53638458251953","21117","21117","21117"
"211199","38.4055290222168","38.4055290222168","38.4055290222168","21119","21119","21119"
"211219","57.739906311035156","57.739906311035156","57.739906311035156","21121","21121","21121"
"211229","38.191162109375","38.191162109375","38.191162109375","21122","21122","21122"
"211239","43.63365936279297","43.63365936279297","43.63365936279297","21123","21123","21123"
"211279","35.99860382080078","35.99860382080078","35.99860382080078","21127","21127","21127"
"211289","57.78710174560547","57.78710174560547","57.78710174560547","21128","21128","21128"
"211309","53.87797927856445","53.87797927856445","53.87797927856445","21130","21130","21130"
"211319","49.95011520385742","49.95011520385742","49.95011520385742","21131","21131","21131"
"211349","40.14336013793945","40.14336013793945","40.14336013793945","21134","21134","21134"
"211359","34.98834228515625","34.98834228515625","34.98834228515625","21135","21135","21135"
"211369","38.90885543823242","38.90885543823242","38.90885543823242","21136","21136","21136"
"211399","39.083412170410156","39.083412170410156","39.083412170410156","21139","21139","21139"
"211409","39.06195831298828","39.06195831298828","39.06195831298828","21140","21140","21140"
"211429","48.4776725769043","48.4776725769043","48.4776725769043","21142","21142","21142"
"211439","39.467323303222656","39.467323303222656","39.467323303222656","21143","21143","21143"
"211449","38.73529052734375","38.73529052734375","38.73529052734375","21144","21144","21144"
"211489","39.372520446777344","39.372520446777344","39.372520446777344","21148","21148","21148"
"211509","35.87615966796875","35.87615966796875","35.87615966796875","21150","21150","21150"
"211519","51.58765411376953","51.58765411376953","51.58765411376953","21151","21151","21151"
"211529","40.84400939941406","40.84400939941406","40.84400939941406","21152","21152","21152"
"211549","31.13714599609375","31.13714599609375","31.13714599609375","21154","21154","21154"
"211569","50.08710479736328","50.08710479736328","50.08710479736328","21156","21156","21156"
"211599","33.527137756347656","33.527137756347656","33.527137756347656","21159","21159","21159"
"211639","48.46809005737305","48.46809005737305","48.46809005737305","21163","21163","21163"
"211669","45.401004791259766","45.401004791259766","45.401004791259766","21166","21166","21166"
"211689","34.38115692138672","34.38115692138672","34.38115692138672","21168","21168","21168"
"211699","48.09321212768555","48.09321212768555","48.09321212768555","21169","21169","21169"
"211709","40.79767608642578","40.79767608642578","40.79767608642578","21170","21170","21170"
"211719","47.5511589050293","47.5511589050293","47.5511589050293","21171","21171","21171"
"211729","34.93836975097656","34.93836975097656","34.93836975097656","21172","21172","21172"
"211759","30.064678192138672","30.064678192138672","30.064678192138672","21175","21175","21175"
"211789","31.191755294799805","31.191755294799805","31.191755294799805","21178","21178","21178"
"211879","39.19851303100586","39.19851303100586","39.19851303100586","21187","21187","21187"
"211909","43.80327606201172","43.80327606201172","43.80327606201172","21190","21190","21190"
"211939","57.11427307128906","57.11427307128906","57.11427307128906","21193","21193","21193"
"211959","47.93589401245117","47.93589401245117","47.93589401245117","21195","21195","21195"
"211979","35.25480651855469","35.25480651855469","35.25480651855469","21197","21197","21197"
"212009","38.091285705566406","38.091285705566406","38.091285705566406","21200","21200","21200"
"212019","45.17706298828125","45.17706298828125","45.17706298828125","21201","21201","21201"
"212029","48.81778335571289","48.81778335571289","48.81778335571289","21202","21202","21202"
"212049","48.96849822998047","48.96849822998047","48.96849822998047","21204","21204","21204"
"212069","33.56686782836914","33.56686782836914","33.56686782836914","21206","21206","21206"
"212079","44.24276351928711","44.24276351928711","44.24276351928711","21207","21207","21207"
"212089","40.57267379760742","40.57267379760742","40.57267379760742","21208","21208","21208"
"212099","32.74927520751953","32.74927520751953","32.74927520751953","21209","21209","21209"
"212109","37.949649810791016","37.949649810791016","37.949649810791016","21210","21210","21210"
"212179","49.13104248046875","49.13104248046875","49.13104248046875","21217","21217","21217"
"212209","61.432472229003906","61.432472229003906","61.432472229003906","21220","21220","21220"
"212249","35.24281311035156","35.24281311035156","35.24281311035156","21224","21224","21224"
"212259","36.49892044067383","36.49892044067383","36.49892044067383","21225","21225","21225"
"212279","36.77943420410156","36.77943420410156","36.77943420410156","21227","21227","21227"
"212299","40.267906188964844","40.267906188964844","40.267906188964844","21229","21229","21229"
"212319","44.12451934814453","44.12451934814453","44.12451934814453","21231","21231","21231"
"212349","47.576316833496094","47.576316833496094","47.576316833496094","21234","21234","21234"
"212389","40.62371826171875","40.62371826171875","40.62371826171875","21238","21238","21238"
"212399","63.88212203979492","63.88212203979492","63.88212203979492","21239","21239","21239"
"212429","35.4586296081543","35.4586296081543","35.4586296081543","21242","21242","21242"
"212439","39.43212890625","39.43212890625","39.43212890625","21243","21243","21243"
"212479","32.97683334350586","32.97683334350586","32.97683334350586","21247","21247","21247"
"212539","38.236114501953125","38.236114501953125","38.236114501953125","21253","21253","21253"
"212559","48.67731475830078","48.67731475830078","48.67731475830078","21255","21255","21255"
"212609","38.342613220214844","38.342613220214844","38.342613220214844","21260","21260","21260"
"212619","34.18964767456055","34.18964767456055","34.18964767456055","21261","21261","21261"
"212649","51.761016845703125","51.761016845703125","51.761016845703125","21264","21264","21264"
"212679","37.82908630371094","37.82908630371094","37.82908630371094","21267","21267","21267"
"212709","34.538509368896484","34.538509368896484","34.538509368896484","21270","21270","21270"
"212719","34.671600341796875","34.671600341796875","34.671600341796875","21271","21271","21271"
"212739","40.339237213134766","40.339237213134766","40.339237213134766","21273","21273","21273"
"212759","37.634315490722656","37.634315490722656","37.634315490722656","21275","21275","21275"
"212779","33.56816864013672","33.56816864013672","33.56816864013672","21277","21277","21277"
"212789","36.80668258666992","36.80668258666992","36.80668258666992","21278","21278","21278"
"212819","32.60673141479492","32.60673141479492","32.60673141479492","21281","21281","21281"
"212839","32.489471435546875","32.489471435546875","32.489471435546875","21283","21283","21283"
"212849","41.56800842285156","41.56800842285156","41.56800842285156","21284","21284","21284"
"212859","42.98161315917969","42.98161315917969","42.98161315917969","21285","21285","21285"
"212899","40.276763916015625","40.276763916015625","40.276763916015625","21289","21289","21289"
"212949","54.604984283447266","54.604984283447266","54.604984283447266","21294","21294","21294"
"212969","37.30512619018555","37.30512619018555","37.30512619018555","21296","21296","21296"
"212979","50.414493560791016","50.414493560791016","50.414493560791016","21297","21297","21297"
"212999","37.82961654663086","37.82961654663086","37.82961654663086","21299","21299","21299"
"213039","137.24378967285156","137.24378967285156","137.24378967285156","21303","21303","21303"
"213049","39.85267639160156","39.85267639160156","39.85267639160156","21304","21304","21304"
"213059","41.950660705566406","41.950660705566406","41.950660705566406","21305","21305","21305"
"213099","40.971885681152344","40.971885681152344","40.971885681152344","21309","21309","21309"
"213109","37.23867416381836","37.23867416381836","37.23867416381836","21310","21310","21310"
"213119","42.98867416381836","42.98867416381836","42.98867416381836","21311","21311","21311"
"213129","36.218971252441406","36.218971252441406","36.218971252441406","21312","21312","21312"
"213139","37.562225341796875","37.562225341796875","37.562225341796875","21313","21313","21313"
"213179","49.09950256347656","49.09950256347656","49.09950256347656","21317","21317","21317"
"213219","30.711637496948242","30.711637496948242","30.711637496948242","21321","21321","21321"
"213229","229.07479858398438","229.07479858398438","229.07479858398438","21322","21322","21322"
"213239","32.52845001220703","32.52845001220703","32.52845001220703","21323","21323","21323"
"213269","41.70764923095703","41.70764923095703","41.70764923095703","21326","21326","21326"
"213279","35.25319290161133","35.25319290161133","35.25319290161133","21327","21327","21327"
"213299","35.053253173828125","35.053253173828125","35.053253173828125","21329","21329","21329"
"213339","39.23741149902344","39.23741149902344","39.23741149902344","21333","21333","21333"
"213379","60.20992660522461","60.20992660522461","60.20992660522461","21337","21337","21337"
"213389","41.08790969848633","41.08790969848633","41.08790969848633","21338","21338","21338"
"213409","39.29851531982422","39.29851531982422","39.29851531982422","21340","21340","21340"
"213439","34.0224494934082","34.0224494934082","34.0224494934082","21343","21343","21343"
"213449","36.91130065917969","36.91130065917969","36.91130065917969","21344","21344","21344"
"213469","46.78158187866211","46.78158187866211","46.78158187866211","21346","21346","21346"
"213509","36.62092590332031","36.62092590332031","36.62092590332031","21350","21350","21350"
"213519","53.62024688720703","53.62024688720703","53.62024688720703","21351","21351","21351"
"213529","42.74820327758789","42.74820327758789","42.74820327758789","21352","21352","21352"
"213539","49.7602424621582","49.7602424621582","49.7602424621582","21353","21353","21353"
"213549","46.802711486816406","46.802711486816406","46.802711486816406","21354","21354","21354"
"213559","34.10314178466797","34.10314178466797","34.10314178466797","21355","21355","21355"
"213569","42.61677551269531","42.61677551269531","42.61677551269531","21356","21356","21356"
"213579","32.101524353027344","32.101524353027344","32.101524353027344","21357","21357","21357"
"213599","49.511924743652344","49.511924743652344","49.511924743652344","21359","21359","21359"
"213629","35.305538177490234","35.305538177490234","35.305538177490234","21362","21362","21362"
"213639","33.59322738647461","33.59322738647461","33.59322738647461","21363","21363","21363"
"213659","39.81845474243164","39.81845474243164","39.81845474243164","21365","21365","21365"
"213679","46.359832763671875","46.359832763671875","46.359832763671875","21367","21367","21367"
"213699","52.901756286621094","52.901756286621094","52.901756286621094","21369","21369","21369"
"213719","43.04084014892578","43.04084014892578","43.04084014892578","21371","21371","21371"
"213749","40.80792999267578","40.80792999267578","40.80792999267578","21374","21374","21374"
"213759","40.81448745727539","40.81448745727539","40.81448745727539","21375","21375","21375"
"213789","25.610715866088867","25.610715866088867","25.610715866088867","21378","21378","21378"
"213819","32.019134521484375","32.019134521484375","32.019134521484375","21381","21381","21381"
"213829","44.36783981323242","44.36783981323242","44.36783981323242","21382","21382","21382"
"213869","36.46757888793945","36.46757888793945","36.46757888793945","21386","21386","21386"
"213879","37.643165588378906","37.643165588378906","37.643165588378906","21387","21387","21387"
"213889","72.44346618652344","72.44346618652344","72.44346618652344","21388","21388","21388"
"213919","35.42683410644531","35.42683410644531","35.42683410644531","21391","21391","21391"
"213949","57.691062927246094","57.691062927246094","57.691062927246094","21394","21394","21394"
"213989","61.20000076293945","61.20000076293945","61.20000076293945","21398","21398","21398"
"214009","36.701576232910156","36.701576232910156","36.701576232910156","21400","21400","21400"
"214019","40.33310317993164","40.33310317993164","40.33310317993164","21401","21401","21401"
"214039","31.127716064453125","31.127716064453125","31.127716064453125","21403","21403","21403"
"214059","58.487571716308594","58.487571716308594","58.487571716308594","21405","21405","21405"
"214069","33.85799026489258","33.85799026489258","33.85799026489258","21406","21406","21406"
"214079","41.942649841308594","41.942649841308594","41.942649841308594","21407","21407","21407"
"214099","37.643341064453125","37.643341064453125","37.643341064453125","21409","21409","21409"
"214139","43.64093017578125","43.64093017578125","43.64093017578125","21413","21413","21413"
"214219","42.13041687011719","42.13041687011719","42.13041687011719","21421","21421","21421"
"214279","40.970577239990234","40.970577239990234","40.970577239990234","21427","21427","21427"
"214289","44.10313415527344","44.10313415527344","44.10313415527344","21428","21428","21428"
"214319","29.50924301147461","29.50924301147461","29.50924301147461","21431","21431","21431"
"214349","44.739837646484375","44.739837646484375","44.739837646484375","21434","21434","21434"
"214409","45.56572723388672","45.56572723388672","45.56572723388672","21440","21440","21440"
"214439","41.91897964477539","41.91897964477539","41.91897964477539","21443","21443","21443"
"214469","33.676021575927734","33.676021575927734","33.676021575927734","21446","21446","21446"
"214489","38.68463897705078","38.68463897705078","38.68463897705078","21448","21448","21448"
"214499","44.698875427246094","44.698875427246094","44.698875427246094","21449","21449","21449"
"214529","40.779624938964844","40.779624938964844","40.779624938964844","21452","21452","21452"
"214559","53.165260314941406","53.165260314941406","53.165260314941406","21455","21455","21455"
"214579","41.56757354736328","41.56757354736328","41.56757354736328","21457","21457","21457"
"214589","36.1077880859375","36.1077880859375","36.1077880859375","21458","21458","21458"
"214649","34.163673400878906","34.163673400878906","34.163673400878906","21464","21464","21464"
"214669","38.412818908691406","38.412818908691406","38.412818908691406","21466","21466","21466"
"214689","41.990638732910156","41.990638732910156","41.990638732910156","21468","21468","21468"
"214719","35.47185134887695","35.47185134887695","35.47185134887695","21471","21471","21471"
"214739","38.61390686035156","38.61390686035156","38.61390686035156","21473","21473","21473"
"214769","42.365753173828125","42.365753173828125","42.365753173828125","21476","21476","21476"
"214779","37.50830078125","37.50830078125","37.50830078125","21477","21477","21477"
"214799","51.03548812866211","51.03548812866211","51.03548812866211","21479","21479","21479"
"214809","47.77473068237305","47.77473068237305","47.77473068237305","21480","21480","21480"
"214819","45.79443359375","45.79443359375","45.79443359375","21481","21481","21481"
"214869","47.625389099121094","47.625389099121094","47.625389099121094","21486","21486","21486"
"214879","33.36737060546875","33.36737060546875","33.36737060546875","21487","21487","21487"
"214909","38.91801452636719","38.91801452636719","38.91801452636719","21490","21490","21490"
"214919","39.14997100830078","39.14997100830078","39.14997100830078","21491","21491","21491"
"214929","37.00652313232422","37.00652313232422","37.00652313232422","21492","21492","21492"
"214949","54.60981369018555","54.60981369018555","54.60981369018555","21494","21494","21494"
"214959","51.80675506591797","51.80675506591797","51.80675506591797","21495","21495","21495"
"214969","34.35176086425781","34.35176086425781","34.35176086425781","21496","21496","21496"
"214979","45.01405715942383","45.01405715942383","45.01405715942383","21497","21497","21497"
"214999","33.70392608642578","33.70392608642578","33.70392608642578","21499","21499","21499"
"215039","40.55438995361328","40.55438995361328","40.55438995361328","21503","21503","21503"
"215049","41.90821075439453","41.90821075439453","41.90821075439453","21504","21504","21504"
"215129","44.146827697753906","44.146827697753906","44.146827697753906","21512","21512","21512"
"215149","35.22894287109375","35.22894287109375","35.22894287109375","21514","21514","21514"
"215219","40.103092193603516","40.103092193603516","40.103092193603516","21521","21521","21521"
"215229","31.846988677978516","31.846988677978516","31.846988677978516","21522","21522","21522"
"215249","55.90699768066406","55.90699768066406","55.90699768066406","21524","21524","21524"
"215279","46.352874755859375","46.352874755859375","46.352874755859375","21527","21527","21527"
"215299","40.13024139404297","40.13024139404297","40.13024139404297","21529","21529","21529"
"215309","32.296966552734375","32.296966552734375","32.296966552734375","21530","21530","21530"
"215329","37.04725646972656","37.04725646972656","37.04725646972656","21532","21532","21532"
"215339","35.62701416015625","35.62701416015625","35.62701416015625","21533","21533","21533"
"215369","39.61199951171875","39.61199951171875","39.61199951171875","21536","21536","21536"
"215429","41.6138801574707","41.6138801574707","41.6138801574707","21542","21542","21542"
"215459","35.84077453613281","35.84077453613281","35.84077453613281","21545","21545","21545"
"215469","56.77958679199219","56.77958679199219","56.77958679199219","21546","21546","21546"
"215489","30.525718688964844","30.525718688964844","30.525718688964844","21548","21548","21548"
"215619","47.37982177734375","47.37982177734375","47.37982177734375","21561","21561","21561"
"215649","48.1903076171875","48.1903076171875","48.1903076171875","21564","21564","21564"
"215729","45.525753021240234","45.525753021240234","45.525753021240234","21572","21572","21572"
"215739","34.79544448852539","34.79544448852539","34.79544448852539","21573","21573","21573"
"215819","31.846895217895508","31.846895217895508","31.846895217895508","21581","21581","21581"
"215839","34.75977325439453","34.75977325439453","34.75977325439453","21583","21583","21583"
"215849","41.904029846191406","41.904029846191406","41.904029846191406","21584","21584","21584"
"215869","33.13710021972656","33.13710021972656","33.13710021972656","21586","21586","21586"
"215879","32.30625915527344","32.30625915527344","32.30625915527344","21587","21587","21587"
"215899","53.97476577758789","53.97476577758789","53.97476577758789","21589","21589","21589"
"215929","39.25739288330078","39.25739288330078","39.25739288330078","21592","21592","21592"
"215939","37.266788482666016","37.266788482666016","37.266788482666016","21593","21593","21593"
"215969","52.32823944091797","52.32823944091797","52.32823944091797","21596","21596","21596"
"215979","52.58028030395508","52.58028030395508","52.58028030395508","21597","21597","21597"
"216029","35.09618377685547","35.09618377685547","35.09618377685547","21602","21602","21602"
"216039","46.51737594604492","46.51737594604492","46.51737594604492","21603","21603","21603"
"216049","39.96072006225586","39.96072006225586","39.96072006225586","21604","21604","21604"
"216119","42.9301643371582","42.9301643371582","42.9301643371582","21611","21611","21611"
"216139","33.14981460571289","33.14981460571289","33.14981460571289","21613","21613","21613"
"216209","35.226715087890625","35.226715087890625","35.226715087890625","21620","21620","21620"
"216219","37.84092712402344","37.84092712402344","37.84092712402344","21621","21621","21621"
"216229","35.801170349121094","35.801170349121094","35.801170349121094","21622","21622","21622"
"216249","39.99815368652344","39.99815368652344","39.99815368652344","21624","21624","21624"
"216279","45.7835578918457","45.7835578918457","45.7835578918457","21627","21627","21627"
"216299","43.263427734375","43.263427734375","43.263427734375","21629","21629","21629"
"216309","42.87617874145508","42.87617874145508","42.87617874145508","21630","21630","21630"
"216329","44.739315032958984","44.739315032958984","44.739315032958984","21632","21632","21632"
"216369","50.35995101928711","50.35995101928711","50.35995101928711","21636","21636","21636"
"216379","49.41466522216797","49.41466522216797","49.41466522216797","21637","21637","21637"
"216389","36.93803024291992","36.93803024291992","36.93803024291992","21638","21638","21638"
"216399","42.54375457763672","42.54375457763672","42.54375457763672","21639","21639","21639"
"216409","39.87528610229492","39.87528610229492","39.87528610229492","21640","21640","21640"
"216429","33.08567810058594","33.08567810058594","33.08567810058594","21642","21642","21642"
"216509","39.8397216796875","39.8397216796875","39.8397216796875","21650","21650","21650"
"216529","43.835426330566406","43.835426330566406","43.835426330566406","21652","21652","21652"
"216569","50.896820068359375","50.896820068359375","50.896820068359375","21656","21656","21656"
"216579","40.199466705322266","40.199466705322266","40.199466705322266","21657","21657","21657"
"216599","103.21805572509766","103.21805572509766","103.21805572509766","21659","21659","21659"
"216629","47.17794418334961","47.17794418334961","47.17794418334961","21662","21662","21662"
"216639","44.44545364379883","44.44545364379883","44.44545364379883","21663","21663","21663"
"216659","46.32733917236328","46.32733917236328","46.32733917236328","21665","21665","21665"
"216669","33.85447692871094","33.85447692871094","33.85447692871094","21666","21666","21666"
"216699","39.06987762451172","39.06987762451172","39.06987762451172","21669","21669","21669"
"216709","42.708343505859375","42.708343505859375","42.708343505859375","21670","21670","21670"
"216719","34.216270446777344","34.216270446777344","34.216270446777344","21671","21671","21671"
"216739","44.16938018798828","44.16938018798828","44.16938018798828","21673","21673","21673"
"216759","43.93194580078125","43.93194580078125","43.93194580078125","21675","21675","21675"
"216769","60.32735061645508","60.32735061645508","60.32735061645508","21676","21676","21676"
"216779","55.6439323425293","55.6439323425293","55.6439323425293","21677","21677","21677"
"216809","31.775283813476562","31.775283813476562","31.775283813476562","21680","21680","21680"
"216819","39.01683807373047","39.01683807373047","39.01683807373047","21681","21681","21681"
"216829","38.9189567565918","38.9189567565918","38.9189567565918","21682","21682","21682"
"216839","30.485116958618164","30.485116958618164","30.485116958618164","21683","21683","21683"
"216899","42.063682556152344","42.063682556152344","42.063682556152344","21689","21689","21689"
"216929","38.383148193359375","38.383148193359375","38.383148193359375","21692","21692","21692"
"216949","34.27754592895508","34.27754592895508","34.27754592895508","21694","21694","21694"
"216959","29.482685089111328","29.482685089111328","29.482685089111328","21695","21695","21695"
"216969","30.271013259887695","30.271013259887695","30.271013259887695","21696","21696","21696"
"216979","110.08638000488281","110.08638000488281","110.08638000488281","21697","21697","21697"
"217029","43.728187561035156","43.728187561035156","43.728187561035156","21702","21702","21702"
"217069","30.822141647338867","30.822141647338867","30.822141647338867","21706","21706","21706"
"217079","43.43979263305664","43.43979263305664","43.43979263305664","21707","21707","21707"
"217119","32.831398010253906","32.831398010253906","32.831398010253906","21711","21711","21711"
"217129","51.11784744262695","51.11784744262695","51.11784744262695","21712","21712","21712"
"217139","86.9720687866211","86.9720687866211","86.9720687866211","21713","21713","21713"
"217159","39.33710861206055","39.33710861206055","39.33710861206055","21715","21715","21715"
"217189","35.81144714355469","35.81144714355469","35.81144714355469","21718","21718","21718"
"217209","39.05980682373047","39.05980682373047","39.05980682373047","21720","21720","21720"
"217229","28.477127075195312","28.477127075195312","28.477127075195312","21722","21722","21722"
"217259","33.611019134521484","33.611019134521484","33.611019134521484","21725","21725","21725"
"217289","56.961509704589844","56.961509704589844","56.961509704589844","21728","21728","21728"
"217299","58.91152572631836","58.91152572631836","58.91152572631836","21729","21729","21729"
"217329","37.688087463378906","37.688087463378906","37.688087463378906","21732","21732","21732"
"217369","46.774391174316406","46.774391174316406","46.774391174316406","21736","21736","21736"
"217379","37.846336364746094","37.846336364746094","37.846336364746094","21737","21737","21737"
"217399","48.88395309448242","48.88395309448242","48.88395309448242","21739","21739","21739"
"217439","29.73244857788086","29.73244857788086","29.73244857788086","21743","21743","21743"
"217449","40.816776275634766","40.816776275634766","40.816776275634766","21744","21744","21744"
"217469","136.0010986328125","136.0010986328125","136.0010986328125","21746","21746","21746"
"217479","38.33742141723633","38.33742141723633","38.33742141723633","21747","21747","21747"
"217489","57.42095947265625","57.42095947265625","57.42095947265625","21748","21748","21748"
"217529","38.72268295288086","38.72268295288086","38.72268295288086","21752","21752","21752"
"217569","54.23693084716797","54.23693084716797","54.23693084716797","21756","21756","21756"
"217589","37.11605453491211","37.11605453491211","37.11605453491211","21758","21758","21758"
"217619","59.67781066894531","59.67781066894531","59.67781066894531","21761","21761","21761"
"217649","46.124168395996094","46.124168395996094","46.124168395996094","21764","21764","21764"
"217699","58.78834915161133","58.78834915161133","58.78834915161133","21769","21769","21769"
"217739","32.66988754272461","32.66988754272461","32.66988754272461","21773","21773","21773"
"217779","43.558128356933594","43.558128356933594","43.558128356933594","21777","21777","21777"
"217809","37.28029251098633","37.28029251098633","37.28029251098633","21780","21780","21780"
"217829","51.719276428222656","51.719276428222656","51.719276428222656","21782","21782","21782"
"217839","47.44700241088867","47.44700241088867","47.44700241088867","21783","21783","21783"
"217849","36.56964111328125","36.56964111328125","36.56964111328125","21784","21784","21784"
"217859","32.43881607055664","32.43881607055664","32.43881607055664","21785","21785","21785"
"217869","52.07426452636719","52.07426452636719","52.07426452636719","21786","21786","21786"
"217879","41.795284271240234","41.795284271240234","41.795284271240234","21787","21787","21787"
"217899","81.40557098388672","81.40557098388672","81.40557098388672","21789","21789","21789"
"217909","36.38885498046875","36.38885498046875","36.38885498046875","21790","21790","21790"
"217929","33.82650375366211","33.82650375366211","33.82650375366211","21792","21792","21792"
"217989","46.01390838623047","46.01390838623047","46.01390838623047","21798","21798","21798"
"218009","39.27464294433594","39.27464294433594","39.27464294433594","21800","21800","21800"
"218059","43.068824768066406","43.068824768066406","43.068824768066406","21805","21805","21805"
"218089","60.104366302490234","60.104366302490234","60.104366302490234","21808","21808","21808"
"218119","35.27180480957031","35.27180480957031","35.27180480957031","21811","21811","21811"
"218149","26.194536209106445","26.194536209106445","26.194536209106445","21814","21814","21814"
"218159","31.556596755981445","31.556596755981445","31.556596755981445","21815","21815","21815"
"218199","70.07406616210938","70.07406616210938","70.07406616210938","21819","21819","21819"
"218219","35.281246185302734","35.281246185302734","35.281246185302734","21821","21821","21821"
"218229","38.217079162597656","38.217079162597656","38.217079162597656","21822","21822","21822"
"218249","39.974815368652344","39.974815368652344","39.974815368652344","21824","21824","21824"
"218259","32.78607940673828","32.78607940673828","32.78607940673828","21825","21825","21825"
"218289","115.09156799316406","115.09156799316406","115.09156799316406","21828","21828","21828"
"218309","43.41324234008789","43.41324234008789","43.41324234008789","21830","21830","21830"
"218319","37.54212188720703","37.54212188720703","37.54212188720703","21831","21831","21831"
"218329","45.342567443847656","45.342567443847656","45.342567443847656","21832","21832","21832"
"218359","37.027915954589844","37.027915954589844","37.027915954589844","21835","21835","21835"
"218389","39.093448638916016","39.093448638916016","39.093448638916016","21838","21838","21838"
"218399","40.5883903503418","40.5883903503418","40.5883903503418","21839","21839","21839"
"218409","44.51441192626953","44.51441192626953","44.51441192626953","21840","21840","21840"
"218439","41.080326080322266","41.080326080322266","41.080326080322266","21843","21843","21843"
"218529","37.268699645996094","37.268699645996094","37.268699645996094","21852","21852","21852"
"218549","38.17551803588867","38.17551803588867","38.17551803588867","21854","21854","21854"
"218559","40.67375946044922","40.67375946044922","40.67375946044922","21855","21855","21855"
"218579","38.024269104003906","38.024269104003906","38.024269104003906","21857","21857","21857"
"218609","36.85677719116211","36.85677719116211","36.85677719116211","21860","21860","21860"
"218659","39.681434631347656","39.681434631347656","39.681434631347656","21865","21865","21865"
"218679","46.93309020996094","46.93309020996094","46.93309020996094","21867","21867","21867"
"218719","35.62942123413086","35.62942123413086","35.62942123413086","21871","21871","21871"
"218729","38.841068267822266","38.841068267822266","38.841068267822266","21872","21872","21872"
"218749","31.710081100463867","31.710081100463867","31.710081100463867","21874","21874","21874"
"218759","38.61573028564453","38.61573028564453","38.61573028564453","21875","21875","21875"
"218789","40.08000183105469","40.08000183105469","40.08000183105469","21878","21878","21878"
"218799","34.24020004272461","34.24020004272461","34.24020004272461","21879","21879","21879"
"218809","36.1003532409668","36.1003532409668","36.1003532409668","21880","21880","21880"
"218819","37.84579086303711","37.84579086303711","37.84579086303711","21881","21881","21881"
"218839","30.711688995361328","30.711688995361328","30.711688995361328","21883","21883","21883"
"218859","41.749637603759766","41.749637603759766","41.749637603759766","21885","21885","21885"
"218869","36.75413513183594","36.75413513183594","36.75413513183594","21886","21886","21886"
"218889","36.37788772583008","36.37788772583008","36.37788772583008","21888","21888","21888"
"218899","39.16435241699219","39.16435241699219","39.16435241699219","21889","21889","21889"
"218919","41.781471252441406","41.781471252441406","41.781471252441406","21891","21891","21891"
"218929","46.79470443725586","46.79470443725586","46.79470443725586","21892","21892","21892"
"218949","40.878089904785156","40.878089904785156","40.878089904785156","21894","21894","21894"
"218969","39.12065887451172","39.12065887451172","39.12065887451172","21896","21896","21896"
"218979","48.01580047607422","48.01580047607422","48.01580047607422","21897","21897","21897"
"218989","42.99418258666992","42.99418258666992","42.99418258666992","21898","21898","21898"
"218999","51.414886474609375","51.414886474609375","51.414886474609375","21899","21899","21899"
"219009","40.715492248535156","40.715492248535156","40.715492248535156","21900","21900","21900"
"219019","33.0591926574707","33.0591926574707","33.0591926574707","21901","21901","21901"
"219069","42.44718933105469","42.44718933105469","42.44718933105469","21906","21906","21906"
"219079","37.93145751953125","37.93145751953125","37.93145751953125","21907","21907","21907"
"219109","37.3935546875","37.3935546875","37.3935546875","21910","21910","21910"
"219129","32.546653747558594","32.546653747558594","32.546653747558594","21912","21912","21912"
"219149","53.36679458618164","53.36679458618164","53.36679458618164","21914","21914","21914"
"219169","67.75724792480469","67.75724792480469","67.75724792480469","21916","21916","21916"
"219179","36.66374588012695","36.66374588012695","36.66374588012695","21917","21917","21917"
"219189","38.321537017822266","38.321537017822266","38.321537017822266","21918","21918","21918"
"219199","35.36164093017578","35.36164093017578","35.36164093017578","21919","21919","21919"
"219209","35.638973236083984","35.638973236083984","35.638973236083984","21920","21920","21920"
"219229","38.7539176940918","38.7539176940918","38.7539176940918","21922","21922","21922"
"219249","39.79434585571289","39.79434585571289","39.79434585571289","21924","21924","21924"
"219279","38.393821716308594","38.393821716308594","38.393821716308594","21927","21927","21927"
"219309","38.80712127685547","38.80712127685547","38.80712127685547","21930","21930","21930"
"219319","56.53356170654297","56.53356170654297","56.53356170654297","21931","21931","21931"
"219329","37.46324920654297","37.46324920654297","37.46324920654297","21932","21932","21932"
"219349","39.821205139160156","39.821205139160156","39.821205139160156","21934","21934","21934"
"219369","36.00068664550781","36.00068664550781","36.00068664550781","21936","21936","21936"
"219409","34.11050796508789","34.11050796508789","34.11050796508789","21940","21940","21940"
"219469","41.34410095214844","41.34410095214844","41.34410095214844","21946","21946","21946"
"219499","41.52736282348633","41.52736282348633","41.52736282348633","21949","21949","21949"
"219509","40.43452453613281","40.43452453613281","40.43452453613281","21950","21950","21950"
"219529","27.599910736083984","27.599910736083984","27.599910736083984","21952","21952","21952"
"219549","54.75144958496094","54.75144958496094","54.75144958496094","21954","21954","21954"
"219559","35.51904296875","35.51904296875","35.51904296875","21955","21955","21955"
"219569","42.059783935546875","42.059783935546875","42.059783935546875","21956","21956","21956"
"219579","53.64551544189453","53.64551544189453","53.64551544189453","21957","21957","21957"
"219589","37.37637710571289","37.37637710571289","37.37637710571289","21958","21958","21958"
"219619","34.581790924072266","34.581790924072266","34.581790924072266","21961","21961","21961"
"219699","35.1156120300293","35.1156120300293","35.1156120300293","21969","21969","21969"
"219709","53.904396057128906","53.904396057128906","53.904396057128906","21970","21970","21970"
"219719","44.90504455566406","44.90504455566406","44.90504455566406","21971","21971","21971"
"219759","67.92643737792969","67.92643737792969","67.92643737792969","21975","21975","21975"
"219779","40.15802764892578","40.15802764892578","40.15802764892578","21977","21977","21977"
"219799","40.17198181152344","40.17198181152344","40.17198181152344","21979","21979","21979"
"219829","38.20333480834961","38.20333480834961","38.20333480834961","21982","21982","21982"
"219849","73.08731079101562","73.08731079101562","73.08731079101562","21984","21984","21984"
"219859","34.46493148803711","34.46493148803711","34.46493148803711","21985","21985","21985"
"219879","35.1484375","35.1484375","35.1484375","21987","21987","21987"
"219929","42.63425827026367","42.63425827026367","42.63425827026367","21992","21992","21992"
"219979","32.10504913330078","32.10504913330078","32.10504913330078","21997","21997","21997"
"219999","41.22064208984375","41.22064208984375","41.22064208984375","21999","21999","21999"
"220029","43.49800491333008","43.49800491333008","43.49800491333008","22002","22002","22002"
"220039","39.44548797607422","39.44548797607422","39.44548797607422","22003","22003","22003"
"220049","48.11553192138672","48.11553192138672","48.11553192138672","22004","22004","22004"
"220059","34.46775817871094","34.46775817871094","34.46775817871094","22005","22005","22005"
"220069","45.420494079589844","45.420494079589844","45.420494079589844","22006","22006","22006"
"220099","36.10190963745117","36.10190963745117","36.10190963745117","22009","22009","22009"
"220109","36.02352523803711","36.02352523803711","36.02352523803711","22010","22010","22010"
"220119","31.54473304748535","31.54473304748535","31.54473304748535","22011","22011","22011"
"220139","39.65134048461914","39.65134048461914","39.65134048461914","22013","22013","22013"
"220159","41.83795166015625","41.83795166015625","41.83795166015625","22015","22015","22015"
"220169","33.28342819213867","33.28342819213867","33.28342819213867","22016","22016","22016"
"220209","46.90913772583008","46.90913772583008","46.90913772583008","22020","22020","22020"
"220219","49.524112701416016","49.524112701416016","49.524112701416016","22021","22021","22021"
"220229","36.980472564697266","36.980472564697266","36.980472564697266","22022","22022","22022"
"220239","37.53900146484375","37.53900146484375","37.53900146484375","22023","22023","22023"
"220259","40.691139221191406","40.691139221191406","40.691139221191406","22025","22025","22025"
"220279","65.6224594116211","65.6224594116211","65.6224594116211","22027","22027","22027"
"220309","36.406394958496094","36.406394958496094","36.406394958496094","22030","22030","22030"
"220319","32.56100082397461","32.56100082397461","32.56100082397461","22031","22031","22031"
"220329","33.99034881591797","33.99034881591797","33.99034881591797","22032","22032","22032"
"220399","35.09529113769531","35.09529113769531","35.09529113769531","22039","22039","22039"
"220409","44.166656494140625","44.166656494140625","44.166656494140625","22040","22040","22040"
"220449","33.30203628540039","33.30203628540039","33.30203628540039","22044","22044","22044"
"220479","46.624977111816406","46.624977111816406","46.624977111816406","22047","22047","22047"
"220499","37.87567901611328","37.87567901611328","37.87567901611328","22049","22049","22049"
"220529","41.031211853027344","41.031211853027344","41.031211853027344","22052","22052","22052"
"220539","46.56557846069336","46.56557846069336","46.56557846069336","22053","22053","22053"
"220559","55.5625114440918","55.5625114440918","55.5625114440918","22055","22055","22055"
"220569","35.5748405456543","35.5748405456543","35.5748405456543","22056","22056","22056"
"220599","53.028907775878906","53.028907775878906","53.028907775878906","22059","22059","22059"
"220619","46.802146911621094","46.802146911621094","46.802146911621094","22061","22061","22061"
"220629","50.35192108154297","50.35192108154297","50.35192108154297","22062","22062","22062"
"220639","53.57637023925781","53.57637023925781","53.57637023925781","22063","22063","22063"
"220649","46.0234260559082","46.0234260559082","46.0234260559082","22064","22064","22064"
"220659","48.8844108581543","48.8844108581543","48.8844108581543","22065","22065","22065"
"220699","43.52766799926758","43.52766799926758","43.52766799926758","22069","22069","22069"
"220709","37.959251403808594","37.959251403808594","37.959251403808594","22070","22070","22070"
"220759","37.975852966308594","37.975852966308594","37.975852966308594","22075","22075","22075"
"220799","56.73438262939453","56.73438262939453","56.73438262939453","22079","22079","22079"
"220809","44.2239990234375","44.2239990234375","44.2239990234375","22080","22080","22080"
"220819","33.608245849609375","33.608245849609375","33.608245849609375","22081","22081","22081"
"220829","37.04732131958008","37.04732131958008","37.04732131958008","22082","22082","22082"
"220839","39.56117630004883","39.56117630004883","39.56117630004883","22083","22083","22083"
"220869","38.27891540527344","38.27891540527344","38.27891540527344","22086","22086","22086"
"220879","33.196800231933594","33.196800231933594","33.196800231933594","22087","22087","22087"
"220889","43.584678649902344","43.584678649902344","43.584678649902344","22088","22088","22088"
"220909","35.97185516357422","35.97185516357422","35.97185516357422","22090","22090","22090"
"220919","42.96356964111328","42.96356964111328","42.96356964111328","22091","22091","22091"
"220969","36.36320114135742","36.36320114135742","36.36320114135742","22096","22096","22096"
"221049","43.05747985839844","43.05747985839844","43.05747985839844","22104","22104","22104"
"221059","48.12765121459961","48.12765121459961","48.12765121459961","22105","22105","22105"
"221069","55.606605529785156","55.606605529785156","55.606605529785156","22106","22106","22106"
"221079","37.29022216796875","37.29022216796875","37.29022216796875","22107","22107","22107"
"221089","38.64583206176758","38.64583206176758","38.64583206176758","22108","22108","22108"
"221099","37.96165084838867","37.96165084838867","37.96165084838867","22109","22109","22109"
"221129","37.79820251464844","37.79820251464844","37.79820251464844","22112","22112","22112"
"221139","37.447635650634766","37.447635650634766","37.447635650634766","22113","22113","22113"
"221169","35.988739013671875","35.988739013671875","35.988739013671875","22116","22116","22116"
"221179","44.243988037109375","44.243988037109375","44.243988037109375","22117","22117","22117"
"221199","50.869041442871094","50.869041442871094","50.869041442871094","22119","22119","22119"
"221239","35.23834991455078","35.23834991455078","35.23834991455078","22123","22123","22123"
"221249","44.02482604980469","44.02482604980469","44.02482604980469","22124","22124","22124"
"221279","39.65746307373047","39.65746307373047","39.65746307373047","22127","22127","22127"
"221289","31.686798095703125","31.686798095703125","31.686798095703125","22128","22128","22128"
"221309","44.06507110595703","44.06507110595703","44.06507110595703","22130","22130","22130"
"221329","49.67469024658203","49.67469024658203","49.67469024658203","22132","22132","22132"
"221339","46.06391906738281","46.06391906738281","46.06391906738281","22133","22133","22133"
"221379","40.66494369506836","40.66494369506836","40.66494369506836","22137","22137","22137"
"221389","35.85585021972656","35.85585021972656","35.85585021972656","22138","22138","22138"
"221409","32.810874938964844","32.810874938964844","32.810874938964844","22140","22140","22140"
"221419","44.89705276489258","44.89705276489258","44.89705276489258","22141","22141","22141"
"221449","32.781578063964844","32.781578063964844","32.781578063964844","22144","22144","22144"
"221469","31.36606216430664","31.36606216430664","31.36606216430664","22146","22146","22146"
"221519","40.0959587097168","40.0959587097168","40.0959587097168","22151","22151","22151"
"221529","35.61501693725586","35.61501693725586","35.61501693725586","22152","22152","22152"
"221589","45.367713928222656","45.367713928222656","45.367713928222656","22158","22158","22158"
"221599","37.46611404418945","37.46611404418945","37.46611404418945","22159","22159","22159"
"221609","31.783262252807617","31.783262252807617","31.783262252807617","22160","22160","22160"
"221639","37.22085189819336","37.22085189819336","37.22085189819336","22163","22163","22163"
"221689","28.633739471435547","28.633739471435547","28.633739471435547","22168","22168","22168"
"221699","45.86191177368164","45.86191177368164","45.86191177368164","22169","22169","22169"
"221729","36.94807815551758","36.94807815551758","36.94807815551758","22172","22172","22172"
"221739","33.586097717285156","33.586097717285156","33.586097717285156","22173","22173","22173"
"221759","30.47509765625","30.47509765625","30.47509765625","22175","22175","22175"
"221769","38.62163543701172","38.62163543701172","38.62163543701172","22176","22176","22176"
"221809","41.12150192260742","41.12150192260742","41.12150192260742","22180","22180","22180"
"221819","41.77733612060547","41.77733612060547","41.77733612060547","22181","22181","22181"
"221829","30.12885284423828","30.12885284423828","30.12885284423828","22182","22182","22182"
"221849","50.28833770751953","50.28833770751953","50.28833770751953","22184","22184","22184"
"221899","44.65174102783203","44.65174102783203","44.65174102783203","22189","22189","22189"
"221909","33.907955169677734","33.907955169677734","33.907955169677734","22190","22190","22190"
"221929","31.031082153320312","31.031082153320312","31.031082153320312","22192","22192","22192"
"221939","33.30568313598633","33.30568313598633","33.30568313598633","22193","22193","22193"
"221949","33.9697265625","33.9697265625","33.9697265625","22194","22194","22194"
"221969","33.44642639160156","33.44642639160156","33.44642639160156","22196","22196","22196"
"221999","35.34266662597656","35.34266662597656","35.34266662597656","22199","22199","22199"
"222009","47.90675354003906","47.90675354003906","47.90675354003906","22200","22200","22200"
"222049","34.685672760009766","34.685672760009766","34.685672760009766","22204","22204","22204"
"222059","30.2611083984375","30.2611083984375","30.2611083984375","22205","22205","22205"
"222079","37.79511260986328","37.79511260986328","37.79511260986328","22207","22207","22207"
"222139","38.69436264038086","38.69436264038086","38.69436264038086","22213","22213","22213"
"222159","35.79505920410156","35.79505920410156","35.79505920410156","22215","22215","22215"
"222179","45.294647216796875","45.294647216796875","45.294647216796875","22217","22217","22217"
"222219","49.259727478027344","49.259727478027344","49.259727478027344","22221","22221","22221"
"222229","35.039634704589844","35.039634704589844","35.039634704589844","22222","22222","22222"
"222259","43.20246124267578","43.20246124267578","43.20246124267578","22225","22225","22225"
"222279","47.70448303222656","47.70448303222656","47.70448303222656","22227","22227","22227"
"222289","39.958580017089844","39.958580017089844","39.958580017089844","22228","22228","22228"
"222339","40.70027160644531","40.70027160644531","40.70027160644531","22233","22233","22233"
"222349","37.89250564575195","37.89250564575195","37.89250564575195","22234","22234","22234"
"222369","35.57951354980469","35.57951354980469","35.57951354980469","22236","22236","22236"
"222379","34.896278381347656","34.896278381347656","34.896278381347656","22237","22237","22237"
"222399","35.35212707519531","35.35212707519531","35.35212707519531","22239","22239","22239"
"222419","28.779905319213867","28.779905319213867","28.779905319213867","22241","22241","22241"
"222449","33.509727478027344","33.509727478027344","33.509727478027344","22244","22244","22244"
"222519","39.84355545043945","39.84355545043945","39.84355545043945","22251","22251","22251"
"222559","40.3447151184082","40.3447151184082","40.3447151184082","22255","22255","22255"
"222579","49.19450378417969","49.19450378417969","49.19450378417969","22257","22257","22257"
"222599","28.23716926574707","28.23716926574707","28.23716926574707","22259","22259","22259"
"222649","119.0668716430664","119.0668716430664","119.0668716430664","22264","22264","22264"
"222669","50.96499252319336","50.96499252319336","50.96499252319336","22266","22266","22266"
"222689","40.78282165527344","40.78282165527344","40.78282165527344","22268","22268","22268"
"222719","39.131690979003906","39.131690979003906","39.131690979003906","22271","22271","22271"
"222739","40.27252197265625","40.27252197265625","40.27252197265625","22273","22273","22273"
"222749","36.337886810302734","36.337886810302734","36.337886810302734","22274","22274","22274"
"222769","47.84636688232422","47.84636688232422","47.84636688232422","22276","22276","22276"
"222789","41.623477935791016","41.623477935791016","41.623477935791016","22278","22278","22278"
"222839","40.361629486083984","40.361629486083984","40.361629486083984","22283","22283","22283"
"222849","42.52251434326172","42.52251434326172","42.52251434326172","22284","22284","22284"
"222869","55.056907653808594","55.056907653808594","55.056907653808594","22286","22286","22286"
"222879","62.00104522705078","62.00104522705078","62.00104522705078","22287","22287","22287"
"222889","49.0316162109375","49.0316162109375","49.0316162109375","22288","22288","22288"
"222909","53.901302337646484","53.901302337646484","53.901302337646484","22290","22290","22290"
"222999","37.817630767822266","37.817630767822266","37.817630767822266","22299","22299","22299"
"223009","50.56984329223633","50.56984329223633","50.56984329223633","22300","22300","22300"
"223069","42.820350646972656","42.820350646972656","42.820350646972656","22306","22306","22306"
"223089","40.699764251708984","40.699764251708984","40.699764251708984","22308","22308","22308"
"223099","42.36879348754883","42.36879348754883","42.36879348754883","22309","22309","22309"
"223119","39.77507781982422","39.77507781982422","39.77507781982422","22311","22311","22311"
"223129","39.26741409301758","39.26741409301758","39.26741409301758","22312","22312","22312"
"223159","50.69749069213867","50.69749069213867","50.69749069213867","22315","22315","22315"
"223169","32.38114929199219","32.38114929199219","32.38114929199219","22316","22316","22316"
"223179","53.12549591064453","53.12549591064453","53.12549591064453","22317","22317","22317"
"223209","32.96063995361328","32.96063995361328","32.96063995361328","22320","22320","22320"
"223229","36.69358825683594","36.69358825683594","36.69358825683594","22322","22322","22322"
"223239","39.227867126464844","39.227867126464844","39.227867126464844","22323","22323","22323"
"223329","36.723876953125","36.723876953125","36.723876953125","22332","22332","22332"
"223349","39.5573844909668","39.5573844909668","39.5573844909668","22334","22334","22334"
"223369","47.32752990722656","47.32752990722656","47.32752990722656","22336","22336","22336"
"223379","47.967628479003906","47.967628479003906","47.967628479003906","22337","22337","22337"
"223399","50.10926818847656","50.10926818847656","50.10926818847656","22339","22339","22339"
"223429","36.256256103515625","36.256256103515625","36.256256103515625","22342","22342","22342"
"223439","35.88675308227539","35.88675308227539","35.88675308227539","22343","22343","22343"
"223449","42.63098907470703","42.63098907470703","42.63098907470703","22344","22344","22344"
"223499","42.88685607910156","42.88685607910156","42.88685607910156","22349","22349","22349"
"223519","37.49104309082031","37.49104309082031","37.49104309082031","22351","22351","22351"
"223569","41.96929168701172","41.96929168701172","41.96929168701172","22356","22356","22356"
"223579","42.839900970458984","42.839900970458984","42.839900970458984","22357","22357","22357"
"223589","38.98091506958008","38.98091506958008","38.98091506958008","22358","22358","22358"
"223599","56.24030685424805","56.24030685424805","56.24030685424805","22359","22359","22359"
"223609","39.1724967956543","39.1724967956543","39.1724967956543","22360","22360","22360"
"223629","71.15582275390625","71.15582275390625","71.15582275390625","22362","22362","22362"
"223649","38.50564956665039","38.50564956665039","38.50564956665039","22364","22364","22364"
"223659","41.23161315917969","41.23161315917969","41.23161315917969","22365","22365","22365"
"223749","48.034996032714844","48.034996032714844","48.034996032714844","22374","22374","22374"
"223769","41.55697250366211","41.55697250366211","41.55697250366211","22376","22376","22376"
"223789","48.78927993774414","48.78927993774414","48.78927993774414","22378","22378","22378"
"223799","43.43147277832031","43.43147277832031","43.43147277832031","22379","22379","22379"
"223839","42.637046813964844","42.637046813964844","42.637046813964844","22383","22383","22383"
"223859","45.73328399658203","45.73328399658203","45.73328399658203","22385","22385","22385"
"223869","47.346588134765625","47.346588134765625","47.346588134765625","22386","22386","22386"
"223879","31.640605926513672","31.640605926513672","31.640605926513672","22387","22387","22387"
"223899","42.173458099365234","42.173458099365234","42.173458099365234","22389","22389","22389"
"223909","41.807212829589844","41.807212829589844","41.807212829589844","22390","22390","22390"
"223919","54.23222351074219","54.23222351074219","54.23222351074219","22391","22391","22391"
"223929","54.30414962768555","54.30414962768555","54.30414962768555","22392","22392","22392"
"223939","42.27003860473633","42.27003860473633","42.27003860473633","22393","22393","22393"
"223969","38.88141632080078","38.88141632080078","38.88141632080078","22396","22396","22396"
"224009","35.82517623901367","35.82517623901367","35.82517623901367","22400","22400","22400"
"224049","34.657508850097656","34.657508850097656","34.657508850097656","22404","22404","22404"
"224059","44.08109664916992","44.08109664916992","44.08109664916992","22405","22405","22405"
"224089","42.699790954589844","42.699790954589844","42.699790954589844","22408","22408","22408"
"224159","30.854223251342773","30.854223251342773","30.854223251342773","22415","22415","22415"
"224209","53.64653015136719","53.64653015136719","53.64653015136719","22420","22420","22420"
"224229","45.31770324707031","45.31770324707031","45.31770324707031","22422","22422","22422"
"224249","34.002647399902344","34.002647399902344","34.002647399902344","22424","22424","22424"
"224259","37.298194885253906","37.298194885253906","37.298194885253906","22425","22425","22425"
"224269","37.967796325683594","37.967796325683594","37.967796325683594","22426","22426","22426"
"224289","35.71074295043945","35.71074295043945","35.71074295043945","22428","22428","22428"
"224299","35.24434280395508","35.24434280395508","35.24434280395508","22429","22429","22429"
"224309","35.55547332763672","35.55547332763672","35.55547332763672","22430","22430","22430"
"224329","47.74221420288086","47.74221420288086","47.74221420288086","22432","22432","22432"
"224339","57.1341667175293","57.1341667175293","57.1341667175293","22433","22433","22433"
"224349","42.397552490234375","42.397552490234375","42.397552490234375","22434","22434","22434"
"224379","40.21917724609375","40.21917724609375","40.21917724609375","22437","22437","22437"
"224409","38.38765335083008","38.38765335083008","38.38765335083008","22440","22440","22440"
"224419","38.80058670043945","38.80058670043945","38.80058670043945","22441","22441","22441"
"224449","37.81334686279297","37.81334686279297","37.81334686279297","22444","22444","22444"
"224459","38.98236083984375","38.98236083984375","38.98236083984375","22445","22445","22445"
"224469","43.826393127441406","43.826393127441406","43.826393127441406","22446","22446","22446"
"224509","43.3149528503418","43.3149528503418","43.3149528503418","22450","22450","22450"
"224519","42.23548126220703","42.23548126220703","42.23548126220703","22451","22451","22451"
"224569","31.194210052490234","31.194210052490234","31.194210052490234","22456","22456","22456"
"224579","54.96161651611328","54.96161651611328","54.96161651611328","22457","22457","22457"
"224669","43.947967529296875","43.947967529296875","43.947967529296875","22466","22466","22466"
"224679","37.00638198852539","37.00638198852539","37.00638198852539","22467","22467","22467"
"224689","41.893898010253906","41.893898010253906","41.893898010253906","22468","22468","22468"
"224739","80.52143096923828","80.52143096923828","80.52143096923828","22473","22473","22473"
"224759","40.2971076965332","40.2971076965332","40.2971076965332","22475","22475","22475"
"224779","49.955718994140625","49.955718994140625","49.955718994140625","22477","22477","22477"
"224809","46.05537033081055","46.05537033081055","46.05537033081055","22480","22480","22480"
"224839","34.792869567871094","34.792869567871094","34.792869567871094","22483","22483","22483"
"224859","42.01811981201172","42.01811981201172","42.01811981201172","22485","22485","22485"
"224869","37.268394470214844","37.268394470214844","37.268394470214844","22486","22486","22486"
"224879","41.51369857788086","41.51369857788086","41.51369857788086","22487","22487","22487"
"224919","38.5797119140625","38.5797119140625","38.5797119140625","22491","22491","22491"
"224929","28.507226943969727","28.507226943969727","28.507226943969727","22492","22492","22492"
"224939","47.26000213623047","47.26000213623047","47.26000213623047","22493","22493","22493"
"224959","34.8293342590332","34.8293342590332","34.8293342590332","22495","22495","22495"
"225019","36.88036346435547","36.88036346435547","36.88036346435547","22501","22501","22501"
"225029","38.462135314941406","38.462135314941406","38.462135314941406","22502","22502","22502"
"225099","75.66512298583984","75.66512298583984","75.66512298583984","22509","22509","22509"
"225109","43.29481887817383","43.29481887817383","43.29481887817383","22510","22510","22510"
"225139","35.84031295776367","35.84031295776367","35.84031295776367","22513","22513","22513"
"225149","42.40473937988281","42.40473937988281","42.40473937988281","22514","22514","22514"
"225159","48.15140914916992","48.15140914916992","48.15140914916992","22515","22515","22515"
"225189","53.600040435791016","53.600040435791016","53.600040435791016","22518","22518","22518"
"225219","54.37114715576172","54.37114715576172","54.37114715576172","22521","22521","22521"
"225239","74.40737915039062","74.40737915039062","74.40737915039062","22523","22523","22523"
"225269","36.98164367675781","36.98164367675781","36.98164367675781","22526","22526","22526"
"225309","44.62685775756836","44.62685775756836","44.62685775756836","22530","22530","22530"
"225319","27.64407730102539","27.64407730102539","27.64407730102539","22531","22531","22531"
"225349","38.882606506347656","38.882606506347656","38.882606506347656","22534","22534","22534"
"225359","50.824066162109375","50.824066162109375","50.824066162109375","22535","22535","22535"
"225379","36.24603271484375","36.24603271484375","36.24603271484375","22537","22537","22537"
"225389","30.762182235717773","30.762182235717773","30.762182235717773","22538","22538","22538"
"225419","40.696754455566406","40.696754455566406","40.696754455566406","22541","22541","22541"
"225439","45.62544631958008","45.62544631958008","45.62544631958008","22543","22543","22543"
"225479","35.027835845947266","35.027835845947266","35.027835845947266","22547","22547","22547"
"225489","34.86907958984375","34.86907958984375","34.86907958984375","22548","22548","22548"
"225499","36.39534378051758","36.39534378051758","36.39534378051758","22549","22549","22549"
"225519","35.77275466918945","35.77275466918945","35.77275466918945","22551","22551","22551"
"225559","37.37839126586914","37.37839126586914","37.37839126586914","22555","22555","22555"
"225569","42.42679214477539","42.42679214477539","42.42679214477539","22556","22556","22556"
"225599","35.74705505371094","35.74705505371094","35.74705505371094","22559","22559","22559"
"225609","32.61238479614258","32.61238479614258","32.61238479614258","22560","22560","22560"
"225649","34.7508544921875","34.7508544921875","34.7508544921875","22564","22564","22564"
"225659","37.27928161621094","37.27928161621094","37.27928161621094","22565","22565","22565"
"225739","55.40967559814453","55.40967559814453","55.40967559814453","22573","22573","22573"
"225769","41.92305374145508","41.92305374145508","41.92305374145508","22576","22576","22576"
"225779","74.01622009277344","74.01622009277344","74.01622009277344","22577","22577","22577"
"225809","42.69302749633789","42.69302749633789","42.69302749633789","22580","22580","22580"
"225839","38.195438385009766","38.195438385009766","38.195438385009766","22583","22583","22583"
"225869","54.37298583984375","54.37298583984375","54.37298583984375","22586","22586","22586"
"225879","40.811031341552734","40.811031341552734","40.811031341552734","22587","22587","22587"
"225929","34.702857971191406","34.702857971191406","34.702857971191406","22592","22592","22592"
"225939","52.72772216796875","52.72772216796875","52.72772216796875","22593","22593","22593"
"225979","36.14293670654297","36.14293670654297","36.14293670654297","22597","22597","22597"
"225989","53.46708297729492","53.46708297729492","53.46708297729492","22598","22598","22598"
"225999","40.732025146484375","40.732025146484375","40.732025146484375","22599","22599","22599"
"226009","37.807498931884766","37.807498931884766","37.807498931884766","22600","22600","22600"
"226049","44.42300796508789","44.42300796508789","44.42300796508789","22604","22604","22604"
"226059","34.60719299316406","34.60719299316406","34.60719299316406","22605","22605","22605"
"226079","39.321754455566406","39.321754455566406","39.321754455566406","22607","22607","22607"
"226089","45.595726013183594","45.595726013183594","45.595726013183594","22608","22608","22608"
"226099","32.19337463378906","32.19337463378906","32.19337463378906","22609","22609","22609"
"226109","44.975242614746094","44.975242614746094","44.975242614746094","22610","22610","22610"
"226129","35.69643783569336","35.69643783569336","35.69643783569336","22612","22612","22612"
"226149","46.09556198120117","46.09556198120117","46.09556198120117","22614","22614","22614"
"226179","29.448270797729492","29.448270797729492","29.448270797729492","22617","22617","22617"
"226239","37.41046905517578","37.41046905517578","37.41046905517578","22623","22623","22623"