"Step","pretraining - train_loss","pretraining - train_loss__MIN","pretraining - train_loss__MAX"
"0","5255.927734375","5255.927734375","5255.927734375"
"4","5981.7958984375","5981.7958984375","5981.7958984375"
"5","3742.903076171875","3742.903076171875","3742.903076171875"
"9","4782.4697265625","4782.4697265625","4782.4697265625"
"11","4817.7783203125","4817.7783203125","4817.7783203125"
"14","5803.2373046875","5803.2373046875","5803.2373046875"
"16","5328.6884765625","5328.6884765625","5328.6884765625"
"17","5151.78466796875","5151.78466796875","5151.78466796875"
"18","4247.24072265625","4247.24072265625","4247.24072265625"
"19","5076.92041015625","5076.92041015625","5076.92041015625"
"21","6012.79345703125","6012.79345703125","6012.79345703125"
"25","3625.074951171875","3625.074951171875","3625.074951171875"
"26","4200.85498046875","4200.85498046875","4200.85498046875"
"33","4555.73779296875","4555.73779296875","4555.73779296875"
"34","4079.8583984375","4079.8583984375","4079.8583984375"
"35","4058.66015625","4058.66015625","4058.66015625"
"36","2957.06884765625","2957.06884765625","2957.06884765625"
"39","4502.85546875","4502.85546875","4502.85546875"
"42","6258.17041015625","6258.17041015625","6258.17041015625"
"44","4845.556640625","4845.556640625","4845.556640625"
"46","5302.771484375","5302.771484375","5302.771484375"
"48","5487.15869140625","5487.15869140625","5487.15869140625"
"50","5050.71630859375","5050.71630859375","5050.71630859375"
"51","4530.92041015625","4530.92041015625","4530.92041015625"
"52","3269.671875","3269.671875","3269.671875"
"56","4999.96875","4999.96875","4999.96875"
"57","3823.2109375","3823.2109375","3823.2109375"
"58","3140.882568359375","3140.882568359375","3140.882568359375"
"59","5583.8427734375","5583.8427734375","5583.8427734375"
"62","6983.2109375","6983.2109375","6983.2109375"
"63","3062.948486328125","3062.948486328125","3062.948486328125"
"66","6544.8330078125","6544.8330078125","6544.8330078125"
"68","3779.86669921875","3779.86669921875","3779.86669921875"
"70","6040.55517578125","6040.55517578125","6040.55517578125"
"71","6247.35302734375","6247.35302734375","6247.35302734375"
"72","4325.50634765625","4325.50634765625","4325.50634765625"
"73","5593.1787109375","5593.1787109375","5593.1787109375"
"74","5579.37255859375","5579.37255859375","5579.37255859375"
"76","3993.333984375","3993.333984375","3993.333984375"
"77","5727.8564453125","5727.8564453125","5727.8564453125"
"79","3648.748291015625","3648.748291015625","3648.748291015625"
"82","3353.0576171875","3353.0576171875","3353.0576171875"
"83","2599.558349609375","2599.558349609375","2599.558349609375"
"87","4463.75927734375","4463.75927734375","4463.75927734375"
"88","5001.4365234375","5001.4365234375","5001.4365234375"
"91","4959.197265625","4959.197265625","4959.197265625"
"93","5025.48046875","5025.48046875","5025.48046875"
"94","4222.44921875","4222.44921875","4222.44921875"
"96","4172.88916015625","4172.88916015625","4172.88916015625"
"99","3804.395263671875","3804.395263671875","3804.395263671875"
"102","4093.88525390625","4093.88525390625","4093.88525390625"
"105","6333.5869140625","6333.5869140625","6333.5869140625"
"107","2875.79052734375","2875.79052734375","2875.79052734375"
"108","4670.35693359375","4670.35693359375","4670.35693359375"
"117","2680.78271484375","2680.78271484375","2680.78271484375"
"118","3715.388427734375","3715.388427734375","3715.388427734375"
"121","4201.3134765625","4201.3134765625","4201.3134765625"
"123","4079.17529296875","4079.17529296875","4079.17529296875"
"125","4903.63525390625","4903.63525390625","4903.63525390625"
"127","4335.85400390625","4335.85400390625","4335.85400390625"
"135","3567.735107421875","3567.735107421875","3567.735107421875"
"136","4947.2802734375","4947.2802734375","4947.2802734375"
"138","4300.78857421875","4300.78857421875","4300.78857421875"
"139","4484.88916015625","4484.88916015625","4484.88916015625"
"142","5054.3623046875","5054.3623046875","5054.3623046875"
"143","7500.79931640625","7500.79931640625","7500.79931640625"
"145","4147.296875","4147.296875","4147.296875"
"146","3891.33935546875","3891.33935546875","3891.33935546875"
"148","3165.3681640625","3165.3681640625","3165.3681640625"
"149","5241.03173828125","5241.03173828125","5241.03173828125"
"150","4283.095703125","4283.095703125","4283.095703125"
"152","2934.283935546875","2934.283935546875","2934.283935546875"
"153","3945.29150390625","3945.29150390625","3945.29150390625"
"154","4834.70947265625","4834.70947265625","4834.70947265625"
"156","2639.123291015625","2639.123291015625","2639.123291015625"
"157","5099.64501953125","5099.64501953125","5099.64501953125"
"159","5505.1943359375","5505.1943359375","5505.1943359375"
"162","3982.341796875","3982.341796875","3982.341796875"
"163","4783.056640625","4783.056640625","4783.056640625"
"166","2984.453125","2984.453125","2984.453125"
"167","4390.64404296875","4390.64404296875","4390.64404296875"
"170","3018.622314453125","3018.622314453125","3018.622314453125"
"171","4454.3515625","4454.3515625","4454.3515625"
"172","3692.7880859375","3692.7880859375","3692.7880859375"
"173","8026.56884765625","8026.56884765625","8026.56884765625"
"174","3413.65771484375","3413.65771484375","3413.65771484375"
"175","4023.762939453125","4023.762939453125","4023.762939453125"
"177","2610.797607421875","2610.797607421875","2610.797607421875"
"184","7683.63525390625","7683.63525390625","7683.63525390625"
"185","2951.80517578125","2951.80517578125","2951.80517578125"
"187","4463.9345703125","4463.9345703125","4463.9345703125"
"189","5569.349609375","5569.349609375","5569.349609375"
"192","5815.3251953125","5815.3251953125","5815.3251953125"
"194","3714.16015625","3714.16015625","3714.16015625"
"196","3549.459228515625","3549.459228515625","3549.459228515625"
"197","3434.958984375","3434.958984375","3434.958984375"
"209","3817.2197265625","3817.2197265625","3817.2197265625"
"211","4385.84716796875","4385.84716796875","4385.84716796875"
"213","4798.60595703125","4798.60595703125","4798.60595703125"
"221","4895.41064453125","4895.41064453125","4895.41064453125"
"223","3992.300048828125","3992.300048828125","3992.300048828125"
"224","3616.50341796875","3616.50341796875","3616.50341796875"
"225","3660.9736328125","3660.9736328125","3660.9736328125"
"226","3818.387451171875","3818.387451171875","3818.387451171875"
"227","3840.33984375","3840.33984375","3840.33984375"
"229","4001.19775390625","4001.19775390625","4001.19775390625"
"230","4864.10595703125","4864.10595703125","4864.10595703125"
"233","4496.24755859375","4496.24755859375","4496.24755859375"
"234","6508.5556640625","6508.5556640625","6508.5556640625"
"235","6127.3837890625","6127.3837890625","6127.3837890625"
"240","3572.687255859375","3572.687255859375","3572.687255859375"
"243","5566.392578125","5566.392578125","5566.392578125"
"244","5625.02001953125","5625.02001953125","5625.02001953125"
"246","5411.6630859375","5411.6630859375","5411.6630859375"
"247","2876.833984375","2876.833984375","2876.833984375"
"249","2752.173583984375","2752.173583984375","2752.173583984375"
"253","3898.873779296875","3898.873779296875","3898.873779296875"
"254","3402.843505859375","3402.843505859375","3402.843505859375"
"258","5622.669921875","5622.669921875","5622.669921875"
"265","2807.14794921875","2807.14794921875","2807.14794921875"
"267","5148.3515625","5148.3515625","5148.3515625"
"269","3515.44091796875","3515.44091796875","3515.44091796875"
"272","2658.43359375","2658.43359375","2658.43359375"
"273","6456.9208984375","6456.9208984375","6456.9208984375"
"276","2589.799560546875","2589.799560546875","2589.799560546875"
"277","5938.416015625","5938.416015625","5938.416015625"
"280","5739.43505859375","5739.43505859375","5739.43505859375"
"283","3127.8955078125","3127.8955078125","3127.8955078125"
"289","4285.48974609375","4285.48974609375","4285.48974609375"
"291","2765.081787109375","2765.081787109375","2765.081787109375"
"294","3289.468994140625","3289.468994140625","3289.468994140625"
"300","2123.506591796875","2123.506591796875","2123.506591796875"
"302","2630.45849609375","2630.45849609375","2630.45849609375"
"303","4244.857421875","4244.857421875","4244.857421875"
"304","4256.32861328125","4256.32861328125","4256.32861328125"
"305","3546.537841796875","3546.537841796875","3546.537841796875"
"308","3871.873291015625","3871.873291015625","3871.873291015625"
"309","4210.46435546875","4210.46435546875","4210.46435546875"
"313","3805.85986328125","3805.85986328125","3805.85986328125"
"314","4269.52734375","4269.52734375","4269.52734375"
"316","4074.557861328125","4074.557861328125","4074.557861328125"
"317","3010.272216796875","3010.272216796875","3010.272216796875"
"319","5140.03076171875","5140.03076171875","5140.03076171875"
"324","4336.3251953125","4336.3251953125","4336.3251953125"
"325","3812.478515625","3812.478515625","3812.478515625"
"330","2429.599853515625","2429.599853515625","2429.599853515625"
"331","4136.4267578125","4136.4267578125","4136.4267578125"
"335","4683.1484375","4683.1484375","4683.1484375"
"336","2647.1259765625","2647.1259765625","2647.1259765625"
"337","2981.7158203125","2981.7158203125","2981.7158203125"
"343","4919.44677734375","4919.44677734375","4919.44677734375"
"346","4354.9853515625","4354.9853515625","4354.9853515625"
"348","3429.27978515625","3429.27978515625","3429.27978515625"
"350","2079.11474609375","2079.11474609375","2079.11474609375"
"352","2032.273193359375","2032.273193359375","2032.273193359375"
"355","2686.212158203125","2686.212158203125","2686.212158203125"
"360","4185.408203125","4185.408203125","4185.408203125"
"361","2479.162841796875","2479.162841796875","2479.162841796875"
"364","4232.74169921875","4232.74169921875","4232.74169921875"
"366","3051.50048828125","3051.50048828125","3051.50048828125"
"367","2720.37109375","2720.37109375","2720.37109375"
"369","1898.0037841796875","1898.0037841796875","1898.0037841796875"
"371","3005.5146484375","3005.5146484375","3005.5146484375"
"376","3419.84130859375","3419.84130859375","3419.84130859375"
"377","2732.259765625","2732.259765625","2732.259765625"
"381","2896.700927734375","2896.700927734375","2896.700927734375"
"388","2622.70556640625","2622.70556640625","2622.70556640625"
"389","2868.663818359375","2868.663818359375","2868.663818359375"
"391","5436.251953125","5436.251953125","5436.251953125"
"394","3320.739990234375","3320.739990234375","3320.739990234375"
"396","5213.53662109375","5213.53662109375","5213.53662109375"
"400","2864.406982421875","2864.406982421875","2864.406982421875"
"404","1743.6005859375","1743.6005859375","1743.6005859375"
"405","3475.734375","3475.734375","3475.734375"
"406","4624.03076171875","4624.03076171875","4624.03076171875"
"409","4498.27734375","4498.27734375","4498.27734375"
"413","4278.8583984375","4278.8583984375","4278.8583984375"
"424","1624.2584228515625","1624.2584228515625","1624.2584228515625"
"425","1917.28271484375","1917.28271484375","1917.28271484375"
"426","3147.14111328125","3147.14111328125","3147.14111328125"
"427","4845.08837890625","4845.08837890625","4845.08837890625"
"429","1895.89404296875","1895.89404296875","1895.89404296875"
"434","3082.373779296875","3082.373779296875","3082.373779296875"
"440","1366.3349609375","1366.3349609375","1366.3349609375"
"441","1367.8544921875","1367.8544921875","1367.8544921875"
"446","1695.74169921875","1695.74169921875","1695.74169921875"
"450","3383.154052734375","3383.154052734375","3383.154052734375"
"453","2985.655029296875","2985.655029296875","2985.655029296875"
"454","2025.3057861328125","2025.3057861328125","2025.3057861328125"
"456","1441.1387939453125","1441.1387939453125","1441.1387939453125"
"457","2294.7939453125","2294.7939453125","2294.7939453125"
"459","2379.92919921875","2379.92919921875","2379.92919921875"
"460","2638.005615234375","2638.005615234375","2638.005615234375"
"461","1005.8382568359375","1005.8382568359375","1005.8382568359375"
"462","2105.4462890625","2105.4462890625","2105.4462890625"
"464","2175.26025390625","2175.26025390625","2175.26025390625"
"467","2378.264404296875","2378.264404296875","2378.264404296875"
"469","4171.9931640625","4171.9931640625","4171.9931640625"
"471","2746.793701171875","2746.793701171875","2746.793701171875"
"474","2116.95458984375","2116.95458984375","2116.95458984375"
"476","3288.345703125","3288.345703125","3288.345703125"
"481","3390.77978515625","3390.77978515625","3390.77978515625"
"482","882.6910400390625","882.6910400390625","882.6910400390625"
"487","938.8486938476562","938.8486938476562","938.8486938476562"
"488","3676.1376953125","3676.1376953125","3676.1376953125"
"489","644.7084350585938","644.7084350585938","644.7084350585938"
"493","2249.527099609375","2249.527099609375","2249.527099609375"
"494","1801.50244140625","1801.50244140625","1801.50244140625"
"495","1255.610107421875","1255.610107421875","1255.610107421875"
"496","4112.166015625","4112.166015625","4112.166015625"
"497","1971.513427734375","1971.513427734375","1971.513427734375"
"498","861.0447998046875","861.0447998046875","861.0447998046875"
"500","697.1803588867188","697.1803588867188","697.1803588867188"
"501","2559.85498046875","2559.85498046875","2559.85498046875"
"502","1635.501708984375","1635.501708984375","1635.501708984375"
"505","1991.160888671875","1991.160888671875","1991.160888671875"
"510","1199.1944580078125","1199.1944580078125","1199.1944580078125"
"511","618.5352172851562","618.5352172851562","618.5352172851562"
"512","2271.595947265625","2271.595947265625","2271.595947265625"
"513","2420.993896484375","2420.993896484375","2420.993896484375"
"514","1823.47314453125","1823.47314453125","1823.47314453125"
"516","930.5776977539062","930.5776977539062","930.5776977539062"
"518","1679.1788330078125","1679.1788330078125","1679.1788330078125"
"525","4370.849609375","4370.849609375","4370.849609375"
"526","3265.93310546875","3265.93310546875","3265.93310546875"
"531","627.679443359375","627.679443359375","627.679443359375"
"533","2405.567138671875","2405.567138671875","2405.567138671875"
"536","3119.7841796875","3119.7841796875","3119.7841796875"
"541","658.1663818359375","658.1663818359375","658.1663818359375"
"542","742.2925415039062","742.2925415039062","742.2925415039062"
"544","4036.02001953125","4036.02001953125","4036.02001953125"
"548","716.1808471679688","716.1808471679688","716.1808471679688"
"549","1250.08447265625","1250.08447265625","1250.08447265625"
"550","485.12628173828125","485.12628173828125","485.12628173828125"
"551","2158.326416015625","2158.326416015625","2158.326416015625"
"559","1472.964599609375","1472.964599609375","1472.964599609375"
"563","1502.9923095703125","1502.9923095703125","1502.9923095703125"
"564","4338.708984375","4338.708984375","4338.708984375"
"567","444.0635681152344","444.0635681152344","444.0635681152344"
"573","1797.598388671875","1797.598388671875","1797.598388671875"
"574","2444.236572265625","2444.236572265625","2444.236572265625"
"576","2504.626953125","2504.626953125","2504.626953125"
"577","3013.771728515625","3013.771728515625","3013.771728515625"
"580","2326.23583984375","2326.23583984375","2326.23583984375"
"581","768.0057373046875","768.0057373046875","768.0057373046875"
"582","904.0508422851562","904.0508422851562","904.0508422851562"
"583","1215.0765380859375","1215.0765380859375","1215.0765380859375"
"584","3708.8642578125","3708.8642578125","3708.8642578125"
"585","739.8190307617188","739.8190307617188","739.8190307617188"
"586","3365.4189453125","3365.4189453125","3365.4189453125"
"588","2090.40478515625","2090.40478515625","2090.40478515625"
"590","1105.859375","1105.859375","1105.859375"
"591","927.2633056640625","927.2633056640625","927.2633056640625"
"592","4665.4345703125","4665.4345703125","4665.4345703125"
"594","845.4640502929688","845.4640502929688","845.4640502929688"
"595","2470.83349609375","2470.83349609375","2470.83349609375"
"596","614.564453125","614.564453125","614.564453125"
"597","711.2579956054688","711.2579956054688","711.2579956054688"
"598","2775.13671875","2775.13671875","2775.13671875"
"603","1540.5177001953125","1540.5177001953125","1540.5177001953125"
"605","563.0255737304688","563.0255737304688","563.0255737304688"
"607","1606.6370849609375","1606.6370849609375","1606.6370849609375"
"608","257.47930908203125","257.47930908203125","257.47930908203125"
"612","3061.991943359375","3061.991943359375","3061.991943359375"
"613","1418.9366455078125","1418.9366455078125","1418.9366455078125"
"615","1267.190673828125","1267.190673828125","1267.190673828125"
"616","743.5618896484375","743.5618896484375","743.5618896484375"
"618","1573.12158203125","1573.12158203125","1573.12158203125"
"621","4751.46142578125","4751.46142578125","4751.46142578125"
"622","1552.885498046875","1552.885498046875","1552.885498046875"
"624","2347.9326171875","2347.9326171875","2347.9326171875"
"625","507.0536193847656","507.0536193847656","507.0536193847656"
"627","2823.44091796875","2823.44091796875","2823.44091796875"
"631","105.40948486328125","105.40948486328125","105.40948486328125"
"633","771.8137817382812","771.8137817382812","771.8137817382812"
"634","1261.8660888671875","1261.8660888671875","1261.8660888671875"
"635","84.82872009277344","84.82872009277344","84.82872009277344"
"642","185.21417236328125","185.21417236328125","185.21417236328125"
"643","1681.1748046875","1681.1748046875","1681.1748046875"
"645","1707.197021484375","1707.197021484375","1707.197021484375"
"646","1173.3111572265625","1173.3111572265625","1173.3111572265625"
"647","2252.1875","2252.1875","2252.1875"
"648","1320.080810546875","1320.080810546875","1320.080810546875"
"649","1593.5828857421875","1593.5828857421875","1593.5828857421875"
"650","560.6414794921875","560.6414794921875","560.6414794921875"
"651","1308.9940185546875","1308.9940185546875","1308.9940185546875"
"652","98.52949523925781","98.52949523925781","98.52949523925781"
"661","706.1702880859375","706.1702880859375","706.1702880859375"
"662","1611.4033203125","1611.4033203125","1611.4033203125"
"666","593.0460815429688","593.0460815429688","593.0460815429688"
"667","1239.4267578125","1239.4267578125","1239.4267578125"
"670","902.1201171875","902.1201171875","902.1201171875"
"674","305.8100891113281","305.8100891113281","305.8100891113281"
"675","110.10372924804688","110.10372924804688","110.10372924804688"
"680","1318.6439208984375","1318.6439208984375","1318.6439208984375"
"682","435.8108825683594","435.8108825683594","435.8108825683594"
"685","1979.6331787109375","1979.6331787109375","1979.6331787109375"
"690","1153.030517578125","1153.030517578125","1153.030517578125"
"691","90.07611846923828","90.07611846923828","90.07611846923828"
"692","1085.118896484375","1085.118896484375","1085.118896484375"
"694","2563.89599609375","2563.89599609375","2563.89599609375"
"696","500.923583984375","500.923583984375","500.923583984375"
"699","1236.501953125","1236.501953125","1236.501953125"
"701","2538.09619140625","2538.09619140625","2538.09619140625"
"702","1862.7147216796875","1862.7147216796875","1862.7147216796875"
"712","344.4716796875","344.4716796875","344.4716796875"
"714","1486.831298828125","1486.831298828125","1486.831298828125"
"718","1101.32763671875","1101.32763671875","1101.32763671875"
"719","2916.94775390625","2916.94775390625","2916.94775390625"
"721","276.4759521484375","276.4759521484375","276.4759521484375"
"723","656.017578125","656.017578125","656.017578125"
"725","2782.501220703125","2782.501220703125","2782.501220703125"
"726","259.09075927734375","259.09075927734375","259.09075927734375"
"728","2902.785400390625","2902.785400390625","2902.785400390625"
"730","1043.5479736328125","1043.5479736328125","1043.5479736328125"
"733","672.5731811523438","672.5731811523438","672.5731811523438"
"744","2862.63623046875","2862.63623046875","2862.63623046875"
"745","170.09564208984375","170.09564208984375","170.09564208984375"
"751","2383.326171875","2383.326171875","2383.326171875"
"754","1843.9371337890625","1843.9371337890625","1843.9371337890625"
"757","987.4100341796875","987.4100341796875","987.4100341796875"
"758","1573.4061279296875","1573.4061279296875","1573.4061279296875"
"759","408.561279296875","408.561279296875","408.561279296875"
"760","1392.6768798828125","1392.6768798828125","1392.6768798828125"
"762","990.278076171875","990.278076171875","990.278076171875"
"763","1080.8284912109375","1080.8284912109375","1080.8284912109375"
"768","513.1234741210938","513.1234741210938","513.1234741210938"
"769","1030.0042724609375","1030.0042724609375","1030.0042724609375"
"772","508.0244445800781","508.0244445800781","508.0244445800781"
"773","70.62837219238281","70.62837219238281","70.62837219238281"
"775","1053.3076171875","1053.3076171875","1053.3076171875"
"781","96.66991424560547","96.66991424560547","96.66991424560547"
"782","66.08621215820312","66.08621215820312","66.08621215820312"
"788","1208.0360107421875","1208.0360107421875","1208.0360107421875"
"789","1943.9949951171875","1943.9949951171875","1943.9949951171875"
"794","66.65779113769531","66.65779113769531","66.65779113769531"
"801","188.881591796875","188.881591796875","188.881591796875"
"804","1155.935546875","1155.935546875","1155.935546875"
"806","408.7884216308594","408.7884216308594","408.7884216308594"
"807","2268.60107421875","2268.60107421875","2268.60107421875"
"812","198.06187438964844","198.06187438964844","198.06187438964844"
"826","3406.55615234375","3406.55615234375","3406.55615234375"
"827","1195.007080078125","1195.007080078125","1195.007080078125"
"832","2129.720458984375","2129.720458984375","2129.720458984375"
"837","62.79523468017578","62.79523468017578","62.79523468017578"
"838","714.7489624023438","714.7489624023438","714.7489624023438"
"839","1212.9056396484375","1212.9056396484375","1212.9056396484375"
"848","1693.653564453125","1693.653564453125","1693.653564453125"
"853","1104.3653564453125","1104.3653564453125","1104.3653564453125"
"854","1135.60205078125","1135.60205078125","1135.60205078125"
"857","1064.89892578125","1064.89892578125","1064.89892578125"
"861","1033.910888671875","1033.910888671875","1033.910888671875"
"863","3521.755615234375","3521.755615234375","3521.755615234375"
"867","115.9451904296875","115.9451904296875","115.9451904296875"
"870","62.70769119262695","62.70769119262695","62.70769119262695"
"873","272.1093444824219","272.1093444824219","272.1093444824219"
"875","412.1790771484375","412.1790771484375","412.1790771484375"
"877","2043.71240234375","2043.71240234375","2043.71240234375"
"878","1059.6990966796875","1059.6990966796875","1059.6990966796875"
"881","1742.02197265625","1742.02197265625","1742.02197265625"
"882","2281.53271484375","2281.53271484375","2281.53271484375"
"884","255.93421936035156","255.93421936035156","255.93421936035156"
"885","60.473777770996094","60.473777770996094","60.473777770996094"
"888","1328.576904296875","1328.576904296875","1328.576904296875"
"891","3376.08447265625","3376.08447265625","3376.08447265625"
"895","502.7556457519531","502.7556457519531","502.7556457519531"
"898","1513.71923828125","1513.71923828125","1513.71923828125"
"900","63.073890686035156","63.073890686035156","63.073890686035156"
"903","1862.06884765625","1862.06884765625","1862.06884765625"
"905","988.4328002929688","988.4328002929688","988.4328002929688"
"906","3588.4130859375","3588.4130859375","3588.4130859375"
"909","1224.75146484375","1224.75146484375","1224.75146484375"
"912","3389.0625","3389.0625","3389.0625"
"913","2195.259033203125","2195.259033203125","2195.259033203125"
"916","62.8919792175293","62.8919792175293","62.8919792175293"
"919","581.921630859375","581.921630859375","581.921630859375"
"920","868.9599609375","868.9599609375","868.9599609375"
"921","59.323360443115234","59.323360443115234","59.323360443115234"
"924","1114.013671875","1114.013671875","1114.013671875"
"925","1252.2081298828125","1252.2081298828125","1252.2081298828125"
"931","145.97230529785156","145.97230529785156","145.97230529785156"
"938","66.20020294189453","66.20020294189453","66.20020294189453"
"939","65.66861724853516","65.66861724853516","65.66861724853516"
"943","1281.4404296875","1281.4404296875","1281.4404296875"
"945","997.48486328125","997.48486328125","997.48486328125"
"946","285.26458740234375","285.26458740234375","285.26458740234375"
"947","1042.6854248046875","1042.6854248046875","1042.6854248046875"
"948","65.21636962890625","65.21636962890625","65.21636962890625"
"949","1903.080810546875","1903.080810546875","1903.080810546875"
"953","2437.14306640625","2437.14306640625","2437.14306640625"
"954","699.4851684570312","699.4851684570312","699.4851684570312"
"956","177.5015869140625","177.5015869140625","177.5015869140625"
"958","219.26934814453125","219.26934814453125","219.26934814453125"
"961","959.3513793945312","959.3513793945312","959.3513793945312"
"962","1108.3753662109375","1108.3753662109375","1108.3753662109375"
"964","78.27688598632812","78.27688598632812","78.27688598632812"
"971","1017.048828125","1017.048828125","1017.048828125"
"973","834.67529296875","834.67529296875","834.67529296875"
"975","612.2718505859375","612.2718505859375","612.2718505859375"
"977","76.48956298828125","76.48956298828125","76.48956298828125"
"980","1227.549072265625","1227.549072265625","1227.549072265625"
"984","523.85888671875","523.85888671875","523.85888671875"
"988","304.96087646484375","304.96087646484375","304.96087646484375"
"989","647.0111083984375","647.0111083984375","647.0111083984375"
"990","1419.3338623046875","1419.3338623046875","1419.3338623046875"
"993","646.8250732421875","646.8250732421875","646.8250732421875"
"996","1885.756103515625","1885.756103515625","1885.756103515625"
"997","274.0169677734375","274.0169677734375","274.0169677734375"
"998","2166.467529296875","2166.467529296875","2166.467529296875"
"1000","80.6160888671875","80.6160888671875","80.6160888671875"
"1001","69.5293197631836","69.5293197631836","69.5293197631836"
"1002","552.0774536132812","552.0774536132812","552.0774536132812"
"1004","1414.17333984375","1414.17333984375","1414.17333984375"
"1007","1525.8436279296875","1525.8436279296875","1525.8436279296875"
"1008","70.36077117919922","70.36077117919922","70.36077117919922"
"1009","1870.4957275390625","1870.4957275390625","1870.4957275390625"
"1010","843.3969116210938","843.3969116210938","843.3969116210938"
"1011","962.19482421875","962.19482421875","962.19482421875"
"1012","576.7007446289062","576.7007446289062","576.7007446289062"
"1014","196.716064453125","196.716064453125","196.716064453125"
"1018","64.58341979980469","64.58341979980469","64.58341979980469"
"1019","68.05612182617188","68.05612182617188","68.05612182617188"
"1020","2191.0068359375","2191.0068359375","2191.0068359375"
"1022","1447.9642333984375","1447.9642333984375","1447.9642333984375"
"1024","792.98583984375","792.98583984375","792.98583984375"
"1025","454.6864013671875","454.6864013671875","454.6864013671875"
"1026","1296.981201171875","1296.981201171875","1296.981201171875"
"1027","1790.1376953125","1790.1376953125","1790.1376953125"
"1028","2854.69091796875","2854.69091796875","2854.69091796875"
"1030","506.93267822265625","506.93267822265625","506.93267822265625"
"1031","6535.13671875","6535.13671875","6535.13671875"
"1038","1331.7559814453125","1331.7559814453125","1331.7559814453125"
"1040","1283.3411865234375","1283.3411865234375","1283.3411865234375"
"1041","985.8025512695312","985.8025512695312","985.8025512695312"
"1042","1135.8656005859375","1135.8656005859375","1135.8656005859375"
"1044","1392.943603515625","1392.943603515625","1392.943603515625"
"1048","411.1393737792969","411.1393737792969","411.1393737792969"
"1049","876.7115478515625","876.7115478515625","876.7115478515625"
"1053","6353.40380859375","6353.40380859375","6353.40380859375"
"1054","257.8450927734375","257.8450927734375","257.8450927734375"
"1055","286.5403137207031","286.5403137207031","286.5403137207031"
"1056","685.7904052734375","685.7904052734375","685.7904052734375"
"1058","853.07177734375","853.07177734375","853.07177734375"
"1060","1505.5634765625","1505.5634765625","1505.5634765625"
"1061","1170.9931640625","1170.9931640625","1170.9931640625"
"1062","668.74951171875","668.74951171875","668.74951171875"
"1064","988.6879272460938","988.6879272460938","988.6879272460938"
"1065","456.92828369140625","456.92828369140625","456.92828369140625"
"1066","579.287353515625","579.287353515625","579.287353515625"
"1070","1726.463134765625","1726.463134765625","1726.463134765625"
"1073","64.33641052246094","64.33641052246094","64.33641052246094"
"1074","1764.0679931640625","1764.0679931640625","1764.0679931640625"
"1078","757.1519165039062","757.1519165039062","757.1519165039062"
"1081","602.1463623046875","602.1463623046875","602.1463623046875"
"1084","819.7593383789062","819.7593383789062","819.7593383789062"
"1087","455.88372802734375","455.88372802734375","455.88372802734375"
"1090","571.1205444335938","571.1205444335938","571.1205444335938"
"1096","53.47739028930664","53.47739028930664","53.47739028930664"
"1097","75.04947662353516","75.04947662353516","75.04947662353516"
"1101","1099.3072509765625","1099.3072509765625","1099.3072509765625"
"1103","530.2327880859375","530.2327880859375","530.2327880859375"
"1105","479.6322937011719","479.6322937011719","479.6322937011719"
"1107","659.7115478515625","659.7115478515625","659.7115478515625"
"1112","665.6170654296875","665.6170654296875","665.6170654296875"
"1113","2331.68017578125","2331.68017578125","2331.68017578125"
"1114","643.0537109375","643.0537109375","643.0537109375"
"1116","545.3021850585938","545.3021850585938","545.3021850585938"
"1120","1276.4052734375","1276.4052734375","1276.4052734375"
"1124","148.97940063476562","148.97940063476562","148.97940063476562"
"1127","59.71913146972656","59.71913146972656","59.71913146972656"
"1128","166.89732360839844","166.89732360839844","166.89732360839844"
"1129","66.37024688720703","66.37024688720703","66.37024688720703"
"1130","239.95242309570312","239.95242309570312","239.95242309570312"
"1131","901.4912719726562","901.4912719726562","901.4912719726562"
"1132","1945.54052734375","1945.54052734375","1945.54052734375"
"1135","190.0214080810547","190.0214080810547","190.0214080810547"
"1136","737.9322509765625","737.9322509765625","737.9322509765625"
"1137","216.438232421875","216.438232421875","216.438232421875"
"1140","64.04092407226562","64.04092407226562","64.04092407226562"
"1142","55.55257797241211","55.55257797241211","55.55257797241211"
"1144","80.5567855834961","80.5567855834961","80.5567855834961"
"1147","461.6065368652344","461.6065368652344","461.6065368652344"
"1149","368.1891784667969","368.1891784667969","368.1891784667969"
"1153","94.31637573242188","94.31637573242188","94.31637573242188"
"1154","465.4894104003906","465.4894104003906","465.4894104003906"
"1155","82.94451141357422","82.94451141357422","82.94451141357422"
"1158","278.1299743652344","278.1299743652344","278.1299743652344"
"1159","1095.6090087890625","1095.6090087890625","1095.6090087890625"
"1163","69.5245132446289","69.5245132446289","69.5245132446289"
"1164","81.50088500976562","81.50088500976562","81.50088500976562"
"1165","2659.35302734375","2659.35302734375","2659.35302734375"
"1167","648.7748413085938","648.7748413085938","648.7748413085938"
"1172","217.4879608154297","217.4879608154297","217.4879608154297"
"1173","334.9608459472656","334.9608459472656","334.9608459472656"
"1182","1123.231201171875","1123.231201171875","1123.231201171875"
"1186","926.0357666015625","926.0357666015625","926.0357666015625"
"1191","735.8563232421875","735.8563232421875","735.8563232421875"
"1193","258.89404296875","258.89404296875","258.89404296875"
"1200","739.330078125","739.330078125","739.330078125"
"1202","228.96017456054688","228.96017456054688","228.96017456054688"
"1204","90.861328125","90.861328125","90.861328125"
"1207","843.531494140625","843.531494140625","843.531494140625"
"1209","167.4748992919922","167.4748992919922","167.4748992919922"
"1211","958.1407470703125","958.1407470703125","958.1407470703125"
"1212","67.94452667236328","67.94452667236328","67.94452667236328"
"1216","57.80039596557617","57.80039596557617","57.80039596557617"
"1218","553.3191528320312","553.3191528320312","553.3191528320312"
"1219","64.16265869140625","64.16265869140625","64.16265869140625"
"1222","799.2196044921875","799.2196044921875","799.2196044921875"
"1224","236.1808319091797","236.1808319091797","236.1808319091797"
"1225","122.4922103881836","122.4922103881836","122.4922103881836"
"1228","693.2088623046875","693.2088623046875","693.2088623046875"
"1229","102.71859741210938","102.71859741210938","102.71859741210938"
"1230","320.9059143066406","320.9059143066406","320.9059143066406"
"1231","283.0456848144531","283.0456848144531","283.0456848144531"
"1232","68.30101013183594","68.30101013183594","68.30101013183594"
"1233","1170.1334228515625","1170.1334228515625","1170.1334228515625"
"1234","121.90045928955078","121.90045928955078","121.90045928955078"
"1235","1490.235595703125","1490.235595703125","1490.235595703125"
"1236","710.1818237304688","710.1818237304688","710.1818237304688"
"1238","1195.7952880859375","1195.7952880859375","1195.7952880859375"
"1239","85.93205261230469","85.93205261230469","85.93205261230469"
"1246","317.60955810546875","317.60955810546875","317.60955810546875"
"1247","65.23867797851562","65.23867797851562","65.23867797851562"
"1251","2209.893310546875","2209.893310546875","2209.893310546875"
"1252","397.2131652832031","397.2131652832031","397.2131652832031"
"1255","87.27914428710938","87.27914428710938","87.27914428710938"
"1258","257.2841796875","257.2841796875","257.2841796875"
"1259","824.6707763671875","824.6707763671875","824.6707763671875"
"1261","443.0254211425781","443.0254211425781","443.0254211425781"
"1262","84.04661560058594","84.04661560058594","84.04661560058594"
"1265","309.8228454589844","309.8228454589844","309.8228454589844"
"1268","2644.2060546875","2644.2060546875","2644.2060546875"
"1269","432.7739562988281","432.7739562988281","432.7739562988281"
"1271","351.48486328125","351.48486328125","351.48486328125"
"1273","122.72174072265625","122.72174072265625","122.72174072265625"
"1278","369.2041320800781","369.2041320800781","369.2041320800781"
"1279","1500.4010009765625","1500.4010009765625","1500.4010009765625"
"1280","176.1962432861328","176.1962432861328","176.1962432861328"
"1283","148.55039978027344","148.55039978027344","148.55039978027344"
"1285","177.357666015625","177.357666015625","177.357666015625"
"1286","800.5654296875","800.5654296875","800.5654296875"
"1287","413.8289794921875","413.8289794921875","413.8289794921875"
"1288","977.679931640625","977.679931640625","977.679931640625"
"1291","81.5109634399414","81.5109634399414","81.5109634399414"
"1294","860.6565551757812","860.6565551757812","860.6565551757812"
"1301","905.9332275390625","905.9332275390625","905.9332275390625"
"1304","623.3463134765625","623.3463134765625","623.3463134765625"
"1305","117.80740356445312","117.80740356445312","117.80740356445312"
"1310","286.31903076171875","286.31903076171875","286.31903076171875"
"1311","1326.35498046875","1326.35498046875","1326.35498046875"
"1312","600.0017700195312","600.0017700195312","600.0017700195312"
"1313","94.01398468017578","94.01398468017578","94.01398468017578"
"1315","219.73907470703125","219.73907470703125","219.73907470703125"
"1320","1692.1717529296875","1692.1717529296875","1692.1717529296875"
"1322","88.93061828613281","88.93061828613281","88.93061828613281"
"1324","9799.2236328125","9799.2236328125","9799.2236328125"
"1325","148.817626953125","148.817626953125","148.817626953125"
"1326","198.1302947998047","198.1302947998047","198.1302947998047"
"1327","89.61338806152344","89.61338806152344","89.61338806152344"
"1330","127.93811798095703","127.93811798095703","127.93811798095703"
"1332","172.40191650390625","172.40191650390625","172.40191650390625"
"1333","988.5197143554688","988.5197143554688","988.5197143554688"
"1342","78.94852447509766","78.94852447509766","78.94852447509766"
"1343","92.38699340820312","92.38699340820312","92.38699340820312"
"1346","114.95970153808594","114.95970153808594","114.95970153808594"
"1348","723.0325927734375","723.0325927734375","723.0325927734375"
"1349","488.2459411621094","488.2459411621094","488.2459411621094"
"1350","103.41795349121094","103.41795349121094","103.41795349121094"
"1351","93.0877456665039","93.0877456665039","93.0877456665039"
"1352","77.9515151977539","77.9515151977539","77.9515151977539"
"1359","163.59266662597656","163.59266662597656","163.59266662597656"
"1360","211.49261474609375","211.49261474609375","211.49261474609375"
"1362","98.74640655517578","98.74640655517578","98.74640655517578"
"1364","129.7354736328125","129.7354736328125","129.7354736328125"
"1366","207.42491149902344","207.42491149902344","207.42491149902344"
"1367","129.10057067871094","129.10057067871094","129.10057067871094"
"1369","429.340576171875","429.340576171875","429.340576171875"
"1370","522.8583374023438","522.8583374023438","522.8583374023438"
"1373","82.53995513916016","82.53995513916016","82.53995513916016"
"1377","186.81736755371094","186.81736755371094","186.81736755371094"
"1378","71.8851547241211","71.8851547241211","71.8851547241211"
"1385","196.04635620117188","196.04635620117188","196.04635620117188"
"1386","66.47853088378906","66.47853088378906","66.47853088378906"
"1391","521.410400390625","521.410400390625","521.410400390625"
"1392","101.35328674316406","101.35328674316406","101.35328674316406"
"1394","162.87928771972656","162.87928771972656","162.87928771972656"
"1395","80.29217529296875","80.29217529296875","80.29217529296875"
"1396","101.947998046875","101.947998046875","101.947998046875"
"1397","95.91737365722656","95.91737365722656","95.91737365722656"
"1398","510.4234313964844","510.4234313964844","510.4234313964844"
"1403","783.9208984375","783.9208984375","783.9208984375"
"1404","149.7258758544922","149.7258758544922","149.7258758544922"
"1405","94.45781707763672","94.45781707763672","94.45781707763672"
"1406","103.1370849609375","103.1370849609375","103.1370849609375"
"1408","90.802490234375","90.802490234375","90.802490234375"
"1410","67.91390228271484","67.91390228271484","67.91390228271484"
"1413","78.18135833740234","78.18135833740234","78.18135833740234"
"1417","225.91815185546875","225.91815185546875","225.91815185546875"
"1418","150.8847198486328","150.8847198486328","150.8847198486328"
"1424","81.24288177490234","81.24288177490234","81.24288177490234"
"1428","233.83404541015625","233.83404541015625","233.83404541015625"
"1433","147.5546417236328","147.5546417236328","147.5546417236328"
"1435","87.75918579101562","87.75918579101562","87.75918579101562"
"1436","69.4844970703125","69.4844970703125","69.4844970703125"
"1441","543.7789306640625","543.7789306640625","543.7789306640625"
"1444","67.87364959716797","67.87364959716797","67.87364959716797"
"1446","109.3269271850586","109.3269271850586","109.3269271850586"
"1447","72.7032470703125","72.7032470703125","72.7032470703125"
"1448","80.83940124511719","80.83940124511719","80.83940124511719"
"1449","123.8967514038086","123.8967514038086","123.8967514038086"
"1452","76.572998046875","76.572998046875","76.572998046875"
"1457","325.7966613769531","325.7966613769531","325.7966613769531"
"1458","226.40982055664062","226.40982055664062","226.40982055664062"
"1459","124.72047424316406","124.72047424316406","124.72047424316406"
"1461","65.83444213867188","65.83444213867188","65.83444213867188"
"1464","127.62435150146484","127.62435150146484","127.62435150146484"
"1465","318.2187805175781","318.2187805175781","318.2187805175781"
"1468","62.80419921875","62.80419921875","62.80419921875"
"1470","215.75111389160156","215.75111389160156","215.75111389160156"
"1472","138.80099487304688","138.80099487304688","138.80099487304688"
"1474","76.44279479980469","76.44279479980469","76.44279479980469"
"1479","79.3336181640625","79.3336181640625","79.3336181640625"
"1480","119.88145446777344","119.88145446777344","119.88145446777344"
"1485","94.93041229248047","94.93041229248047","94.93041229248047"
"1486","388.91705322265625","388.91705322265625","388.91705322265625"
"1487","83.71739196777344","83.71739196777344","83.71739196777344"
"1488","127.47998046875","127.47998046875","127.47998046875"
"1490","163.17189025878906","163.17189025878906","163.17189025878906"
"1494","94.31127166748047","94.31127166748047","94.31127166748047"
"1500","128.75938415527344","128.75938415527344","128.75938415527344"
"1501","214.8594207763672","214.8594207763672","214.8594207763672"
"1505","864.1688232421875","864.1688232421875","864.1688232421875"
"1507","325.8548889160156","325.8548889160156","325.8548889160156"
"1508","109.28439331054688","109.28439331054688","109.28439331054688"
"1511","91.62447357177734","91.62447357177734","91.62447357177734"
"1512","935.3851928710938","935.3851928710938","935.3851928710938"
"1518","101.16258239746094","101.16258239746094","101.16258239746094"
"1525","78.10137939453125","78.10137939453125","78.10137939453125"
"1529","176.48138427734375","176.48138427734375","176.48138427734375"
"1531","104.23503112792969","104.23503112792969","104.23503112792969"
"1532","170.17823791503906","170.17823791503906","170.17823791503906"
"1535","137.9490509033203","137.9490509033203","137.9490509033203"
"1537","70.36622619628906","70.36622619628906","70.36622619628906"
"1539","488.7591552734375","488.7591552734375","488.7591552734375"
"1540","404.07232666015625","404.07232666015625","404.07232666015625"
"1541","140.99554443359375","140.99554443359375","140.99554443359375"
"1546","196.7380828857422","196.7380828857422","196.7380828857422"
"1547","149.485595703125","149.485595703125","149.485595703125"
"1548","97.62085723876953","97.62085723876953","97.62085723876953"
"1549","125.78694152832031","125.78694152832031","125.78694152832031"
"1550","170.65957641601562","170.65957641601562","170.65957641601562"
"1551","185.72349548339844","185.72349548339844","185.72349548339844"
"1552","120.65385437011719","120.65385437011719","120.65385437011719"
"1555","336.462158203125","336.462158203125","336.462158203125"
"1556","358.8842468261719","358.8842468261719","358.8842468261719"
"1558","218.6934356689453","218.6934356689453","218.6934356689453"
"1560","65.5866928100586","65.5866928100586","65.5866928100586"
"1561","129.41098022460938","129.41098022460938","129.41098022460938"
"1565","339.63909912109375","339.63909912109375","339.63909912109375"
"1568","87.1611099243164","87.1611099243164","87.1611099243164"
"1569","118.83670043945312","118.83670043945312","118.83670043945312"
"1572","163.264892578125","163.264892578125","163.264892578125"
"1574","116.2187728881836","116.2187728881836","116.2187728881836"
"1575","159.348876953125","159.348876953125","159.348876953125"
"1576","464.478271484375","464.478271484375","464.478271484375"
"1577","136.6005859375","136.6005859375","136.6005859375"
"1585","119.02923583984375","119.02923583984375","119.02923583984375"
"1588","159.74142456054688","159.74142456054688","159.74142456054688"
"1589","85.40948486328125","85.40948486328125","85.40948486328125"
"1592","176.385986328125","176.385986328125","176.385986328125"
"1596","63.674560546875","63.674560546875","63.674560546875"
"1598","121.0311279296875","121.0311279296875","121.0311279296875"
"1600","83.41908264160156","83.41908264160156","83.41908264160156"
"1603","74.03208923339844","74.03208923339844","74.03208923339844"
"1604","470.5325622558594","470.5325622558594","470.5325622558594"
"1607","68.88924407958984","68.88924407958984","68.88924407958984"
"1608","100.70735168457031","100.70735168457031","100.70735168457031"
"1610","521.9330444335938","521.9330444335938","521.9330444335938"
"1613","619.0858154296875","619.0858154296875","619.0858154296875"
"1615","161.41082763671875","161.41082763671875","161.41082763671875"
"1616","337.710693359375","337.710693359375","337.710693359375"
"1617","88.20439910888672","88.20439910888672","88.20439910888672"
"1618","326.2136535644531","326.2136535644531","326.2136535644531"
"1620","145.34561157226562","145.34561157226562","145.34561157226562"
"1622","262.52471923828125","262.52471923828125","262.52471923828125"
"1623","1920.121337890625","1920.121337890625","1920.121337890625"
"1627","154.2995147705078","154.2995147705078","154.2995147705078"
"1631","89.969482421875","89.969482421875","89.969482421875"
"1632","214.4337158203125","214.4337158203125","214.4337158203125"
"1633","164.68617248535156","164.68617248535156","164.68617248535156"
"1635","58.806060791015625","58.806060791015625","58.806060791015625"
"1636","203.79409790039062","203.79409790039062","203.79409790039062"
"1637","74.32129669189453","74.32129669189453","74.32129669189453"
"1641","187.044677734375","187.044677734375","187.044677734375"
"1642","91.34906005859375","91.34906005859375","91.34906005859375"
"1643","169.38369750976562","169.38369750976562","169.38369750976562"
"1644","97.05452728271484","97.05452728271484","97.05452728271484"
"1646","96.33605194091797","96.33605194091797","96.33605194091797"
"1647","275.4698791503906","275.4698791503906","275.4698791503906"
"1648","68.6663589477539","68.6663589477539","68.6663589477539"
"1650","117.17951965332031","117.17951965332031","117.17951965332031"
"1652","206.43841552734375","206.43841552734375","206.43841552734375"
"1657","68.46013641357422","68.46013641357422","68.46013641357422"
"1658","84.88264465332031","84.88264465332031","84.88264465332031"
"1665","75.22821807861328","75.22821807861328","75.22821807861328"
"1670","104.25186157226562","104.25186157226562","104.25186157226562"
"1672","92.77487182617188","92.77487182617188","92.77487182617188"
"1673","133.05496215820312","133.05496215820312","133.05496215820312"
"1675","102.1678466796875","102.1678466796875","102.1678466796875"
"1677","134.4716796875","134.4716796875","134.4716796875"
"1679","78.95752716064453","78.95752716064453","78.95752716064453"
"1682","96.32649230957031","96.32649230957031","96.32649230957031"
"1684","90.20142364501953","90.20142364501953","90.20142364501953"
"1686","227.1817626953125","227.1817626953125","227.1817626953125"
"1690","3062.263671875","3062.263671875","3062.263671875"
"1691","125.01132202148438","125.01132202148438","125.01132202148438"
"1692","310.8296813964844","310.8296813964844","310.8296813964844"
"1698","273.1178894042969","273.1178894042969","273.1178894042969"
"1700","82.79176330566406","82.79176330566406","82.79176330566406"
"1702","93.7193603515625","93.7193603515625","93.7193603515625"
"1703","93.9950180053711","93.9950180053711","93.9950180053711"
"1705","238.27999877929688","238.27999877929688","238.27999877929688"
"1707","182.35433959960938","182.35433959960938","182.35433959960938"
"1709","73.46590423583984","73.46590423583984","73.46590423583984"
"1711","122.84484100341797","122.84484100341797","122.84484100341797"
"1712","79.10611724853516","79.10611724853516","79.10611724853516"
"1713","126.19816589355469","126.19816589355469","126.19816589355469"
"1714","217.432861328125","217.432861328125","217.432861328125"
"1716","135.76548767089844","135.76548767089844","135.76548767089844"
"1718","190.155029296875","190.155029296875","190.155029296875"
"1720","88.05748748779297","88.05748748779297","88.05748748779297"
"1722","144.90960693359375","144.90960693359375","144.90960693359375"
"1724","97.18270874023438","97.18270874023438","97.18270874023438"
"1725","130.3939208984375","130.3939208984375","130.3939208984375"
"1726","91.33753967285156","91.33753967285156","91.33753967285156"
"1727","80.06210327148438","80.06210327148438","80.06210327148438"
"1730","199.65008544921875","199.65008544921875","199.65008544921875"
"1732","65.00511169433594","65.00511169433594","65.00511169433594"
"1734","98.76155090332031","98.76155090332031","98.76155090332031"
"1737","103.6417236328125","103.6417236328125","103.6417236328125"
"1738","175.71783447265625","175.71783447265625","175.71783447265625"
"1741","75.08092498779297","75.08092498779297","75.08092498779297"
"1750","52.192134857177734","52.192134857177734","52.192134857177734"
"1752","60.715919494628906","60.715919494628906","60.715919494628906"
"1753","75.85486602783203","75.85486602783203","75.85486602783203"
"1754","90.81485748291016","90.81485748291016","90.81485748291016"
"1760","100.2678451538086","100.2678451538086","100.2678451538086"
"1761","77.1379165649414","77.1379165649414","77.1379165649414"
"1762","70.57186126708984","70.57186126708984","70.57186126708984"
"1763","253.04660034179688","253.04660034179688","253.04660034179688"
"1768","71.5574951171875","71.5574951171875","71.5574951171875"
"1769","66.607177734375","66.607177734375","66.607177734375"
"1770","83.0284652709961","83.0284652709961","83.0284652709961"
"1773","85.30421447753906","85.30421447753906","85.30421447753906"
"1779","339.6202392578125","339.6202392578125","339.6202392578125"
"1780","173.09754943847656","173.09754943847656","173.09754943847656"
"1781","85.8782730102539","85.8782730102539","85.8782730102539"
"1782","78.61386108398438","78.61386108398438","78.61386108398438"
"1783","133.14352416992188","133.14352416992188","133.14352416992188"
"1785","209.1402587890625","209.1402587890625","209.1402587890625"
"1788","145.9776153564453","145.9776153564453","145.9776153564453"
"1790","81.23805236816406","81.23805236816406","81.23805236816406"
"1791","162.40699768066406","162.40699768066406","162.40699768066406"
"1792","155.3334197998047","155.3334197998047","155.3334197998047"
"1793","66.3014907836914","66.3014907836914","66.3014907836914"
"1794","118.00376892089844","118.00376892089844","118.00376892089844"
"1796","137.01763916015625","137.01763916015625","137.01763916015625"
"1798","274.772216796875","274.772216796875","274.772216796875"
"1800","167.4984893798828","167.4984893798828","167.4984893798828"
"1801","125.97396850585938","125.97396850585938","125.97396850585938"
"1802","57.43394088745117","57.43394088745117","57.43394088745117"
"1803","111.98640441894531","111.98640441894531","111.98640441894531"
"1806","93.65756225585938","93.65756225585938","93.65756225585938"
"1808","80.53116607666016","80.53116607666016","80.53116607666016"
"1809","236.5724334716797","236.5724334716797","236.5724334716797"
"1810","91.15945434570312","91.15945434570312","91.15945434570312"
"1812","105.86033630371094","105.86033630371094","105.86033630371094"
"1813","89.27293395996094","89.27293395996094","89.27293395996094"
"1814","58.24368667602539","58.24368667602539","58.24368667602539"
"1819","137.18069458007812","137.18069458007812","137.18069458007812"
"1820","152.863525390625","152.863525390625","152.863525390625"
"1821","111.60829162597656","111.60829162597656","111.60829162597656"
"1822","78.96900177001953","78.96900177001953","78.96900177001953"
"1823","96.94120788574219","96.94120788574219","96.94120788574219"
"1828","74.84114837646484","74.84114837646484","74.84114837646484"
"1830","70.26575469970703","70.26575469970703","70.26575469970703"
"1832","119.19569396972656","119.19569396972656","119.19569396972656"
"1833","200.6105499267578","200.6105499267578","200.6105499267578"
"1834","116.2421875","116.2421875","116.2421875"
"1836","142.13650512695312","142.13650512695312","142.13650512695312"
"1838","245.30349731445312","245.30349731445312","245.30349731445312"
"1840","85.57521057128906","85.57521057128906","85.57521057128906"
"1843","116.50418090820312","116.50418090820312","116.50418090820312"
"1845","74.52873992919922","74.52873992919922","74.52873992919922"
"1846","120.81887817382812","120.81887817382812","120.81887817382812"
"1856","70.76840209960938","70.76840209960938","70.76840209960938"
"1859","222.2528839111328","222.2528839111328","222.2528839111328"
"1861","81.6114273071289","81.6114273071289","81.6114273071289"
"1862","128.44773864746094","128.44773864746094","128.44773864746094"
"1865","94.41940307617188","94.41940307617188","94.41940307617188"
"1867","195.12905883789062","195.12905883789062","195.12905883789062"
"1869","140.15032958984375","140.15032958984375","140.15032958984375"
"1874","89.66162109375","89.66162109375","89.66162109375"
"1875","251.88169860839844","251.88169860839844","251.88169860839844"
"1877","224.80714416503906","224.80714416503906","224.80714416503906"
"1878","196.0190887451172","196.0190887451172","196.0190887451172"
"1882","207.21954345703125","207.21954345703125","207.21954345703125"
"1883","108.3511962890625","108.3511962890625","108.3511962890625"
"1888","71.36491394042969","71.36491394042969","71.36491394042969"
"1889","85.22711944580078","85.22711944580078","85.22711944580078"
"1893","223.27664184570312","223.27664184570312","223.27664184570312"
"1897","75.389892578125","75.389892578125","75.389892578125"
"1899","95.61937713623047","95.61937713623047","95.61937713623047"
"1903","213.53733825683594","213.53733825683594","213.53733825683594"
"1905","179.0216064453125","179.0216064453125","179.0216064453125"
"1910","89.68733978271484","89.68733978271484","89.68733978271484"
"1925","97.71676635742188","97.71676635742188","97.71676635742188"
"1927","80.0438003540039","80.0438003540039","80.0438003540039"
"1928","89.9583969116211","89.9583969116211","89.9583969116211"
"1929","86.8047866821289","86.8047866821289","86.8047866821289"
"1933","173.17723083496094","173.17723083496094","173.17723083496094"
"1939","65.22749328613281","65.22749328613281","65.22749328613281"
"1941","108.825927734375","108.825927734375","108.825927734375"
"1944","108.5500717163086","108.5500717163086","108.5500717163086"
"1945","114.988037109375","114.988037109375","114.988037109375"
"1947","73.87993621826172","73.87993621826172","73.87993621826172"
"1948","90.00045776367188","90.00045776367188","90.00045776367188"
"1949","69.34373474121094","69.34373474121094","69.34373474121094"
"1951","154.11936950683594","154.11936950683594","154.11936950683594"
"1954","94.66651153564453","94.66651153564453","94.66651153564453"
"1956","187.57798767089844","187.57798767089844","187.57798767089844"
"1959","187.3064727783203","187.3064727783203","187.3064727783203"
"1960","61.4714241027832","61.4714241027832","61.4714241027832"
"1966","121.49293518066406","121.49293518066406","121.49293518066406"
"1972","87.55145263671875","87.55145263671875","87.55145263671875"
"1975","176.75875854492188","176.75875854492188","176.75875854492188"
"1977","90.0191879272461","90.0191879272461","90.0191879272461"
"1979","67.87522888183594","67.87522888183594","67.87522888183594"
"1982","81.42320251464844","81.42320251464844","81.42320251464844"
"1983","79.57122039794922","79.57122039794922","79.57122039794922"
"1985","69.02430725097656","69.02430725097656","69.02430725097656"
"1991","90.0103988647461","90.0103988647461","90.0103988647461"
"1994","122.44425964355469","122.44425964355469","122.44425964355469"
"1997","146.5201416015625","146.5201416015625","146.5201416015625"
"1999","112.79109954833984","112.79109954833984","112.79109954833984"
"2000","87.51530456542969","87.51530456542969","87.51530456542969"
"2002","152.41549682617188","152.41549682617188","152.41549682617188"
"2005","127.51373291015625","127.51373291015625","127.51373291015625"
"2006","61.67463684082031","61.67463684082031","61.67463684082031"
"2008","181.9297332763672","181.9297332763672","181.9297332763672"
"2010","292.7277526855469","292.7277526855469","292.7277526855469"
"2011","95.55033874511719","95.55033874511719","95.55033874511719"
"2012","174.70652770996094","174.70652770996094","174.70652770996094"
"2014","91.75885772705078","91.75885772705078","91.75885772705078"
"2016","141.77432250976562","141.77432250976562","141.77432250976562"
"2021","125.83808898925781","125.83808898925781","125.83808898925781"
"2024","141.8474884033203","141.8474884033203","141.8474884033203"
"2025","225.4546356201172","225.4546356201172","225.4546356201172"
"2026","84.98828887939453","84.98828887939453","84.98828887939453"
"2028","77.29071044921875","77.29071044921875","77.29071044921875"
"2030","71.86431884765625","71.86431884765625","71.86431884765625"
"2033","95.75049591064453","95.75049591064453","95.75049591064453"
"2034","252.1183624267578","252.1183624267578","252.1183624267578"
"2037","98.41402435302734","98.41402435302734","98.41402435302734"
"2039","105.81810760498047","105.81810760498047","105.81810760498047"
"2041","133.33831787109375","133.33831787109375","133.33831787109375"
"2042","152.8866729736328","152.8866729736328","152.8866729736328"
"2046","71.97503662109375","71.97503662109375","71.97503662109375"
"2047","135.92855834960938","135.92855834960938","135.92855834960938"
"2048","62.0464973449707","62.0464973449707","62.0464973449707"
"2049","90.73321533203125","90.73321533203125","90.73321533203125"
"2055","128.57302856445312","128.57302856445312","128.57302856445312"
"2067","118.12620544433594","118.12620544433594","118.12620544433594"
"2068","132.51419067382812","132.51419067382812","132.51419067382812"
"2070","86.09996032714844","86.09996032714844","86.09996032714844"
"2073","76.32575225830078","76.32575225830078","76.32575225830078"
"2076","76.27025604248047","76.27025604248047","76.27025604248047"
"2077","110.79061126708984","110.79061126708984","110.79061126708984"
"2080","682.093017578125","682.093017578125","682.093017578125"
"2082","76.37415313720703","76.37415313720703","76.37415313720703"
"2085","110.57771301269531","110.57771301269531","110.57771301269531"
"2088","114.83345031738281","114.83345031738281","114.83345031738281"
"2089","104.17710876464844","104.17710876464844","104.17710876464844"
"2090","60.319915771484375","60.319915771484375","60.319915771484375"
"2092","63.166202545166016","63.166202545166016","63.166202545166016"
"2093","69.22537994384766","69.22537994384766","69.22537994384766"
"2096","102.43817138671875","102.43817138671875","102.43817138671875"
"2098","96.81438446044922","96.81438446044922","96.81438446044922"
"2100","92.52391052246094","92.52391052246094","92.52391052246094"
"2101","129.4373779296875","129.4373779296875","129.4373779296875"
"2102","104.7880859375","104.7880859375","104.7880859375"
"2104","69.99056243896484","69.99056243896484","69.99056243896484"
"2105","67.05369567871094","67.05369567871094","67.05369567871094"
"2106","80.49786376953125","80.49786376953125","80.49786376953125"
"2110","47.957374572753906","47.957374572753906","47.957374572753906"
"2111","133.10145568847656","133.10145568847656","133.10145568847656"
"2112","76.71348571777344","76.71348571777344","76.71348571777344"
"2117","164.00375366210938","164.00375366210938","164.00375366210938"
"2120","92.95899200439453","92.95899200439453","92.95899200439453"
"2121","61.00016784667969","61.00016784667969","61.00016784667969"
"2124","57.26484680175781","57.26484680175781","57.26484680175781"
"2130","62.641685485839844","62.641685485839844","62.641685485839844"
"2131","56.02749252319336","56.02749252319336","56.02749252319336"
"2133","86.48143005371094","86.48143005371094","86.48143005371094"
"2134","63.09453582763672","63.09453582763672","63.09453582763672"
"2135","136.33059692382812","136.33059692382812","136.33059692382812"
"2136","156.75973510742188","156.75973510742188","156.75973510742188"
"2137","100.11488342285156","100.11488342285156","100.11488342285156"
"2138","144.36033630371094","144.36033630371094","144.36033630371094"
"2141","51.14118194580078","51.14118194580078","51.14118194580078"
"2143","195.65493774414062","195.65493774414062","195.65493774414062"
"2144","151.36166381835938","151.36166381835938","151.36166381835938"
"2146","52.475799560546875","52.475799560546875","52.475799560546875"
"2150","70.3218765258789","70.3218765258789","70.3218765258789"
"2152","105.87200927734375","105.87200927734375","105.87200927734375"
"2153","79.55923461914062","79.55923461914062","79.55923461914062"
"2156","118.95906066894531","118.95906066894531","118.95906066894531"
"2158","144.59478759765625","144.59478759765625","144.59478759765625"
"2159","100.11100769042969","100.11100769042969","100.11100769042969"
"2162","100.7922592163086","100.7922592163086","100.7922592163086"
"2164","71.08941650390625","71.08941650390625","71.08941650390625"
"2165","91.52847290039062","91.52847290039062","91.52847290039062"
"2166","74.6242904663086","74.6242904663086","74.6242904663086"
"2168","177.37603759765625","177.37603759765625","177.37603759765625"
"2171","110.11676788330078","110.11676788330078","110.11676788330078"
"2173","259.9468994140625","259.9468994140625","259.9468994140625"
"2178","76.41716766357422","76.41716766357422","76.41716766357422"
"2180","125.54537200927734","125.54537200927734","125.54537200927734"
"2182","118.45088195800781","118.45088195800781","118.45088195800781"
"2184","81.83283996582031","81.83283996582031","81.83283996582031"
"2185","99.29010772705078","99.29010772705078","99.29010772705078"
"2187","217.81292724609375","217.81292724609375","217.81292724609375"
"2188","137.19088745117188","137.19088745117188","137.19088745117188"
"2189","123.80298614501953","123.80298614501953","123.80298614501953"
"2192","74.78862762451172","74.78862762451172","74.78862762451172"
"2193","72.49153137207031","72.49153137207031","72.49153137207031"
"2194","63.1982421875","63.1982421875","63.1982421875"
"2197","127.27444458007812","127.27444458007812","127.27444458007812"
"2198","115.12886810302734","115.12886810302734","115.12886810302734"
"2199","136.92103576660156","136.92103576660156","136.92103576660156"
"2200","49.121700286865234","49.121700286865234","49.121700286865234"
"2201","63.74066925048828","63.74066925048828","63.74066925048828"
"2203","92.71288299560547","92.71288299560547","92.71288299560547"
"2207","195.52297973632812","195.52297973632812","195.52297973632812"
"2208","144.1534423828125","144.1534423828125","144.1534423828125"
"2209","83.15019226074219","83.15019226074219","83.15019226074219"
"2212","93.22164916992188","93.22164916992188","93.22164916992188"
"2213","94.787109375","94.787109375","94.787109375"
"2217","95.99600219726562","95.99600219726562","95.99600219726562"
"2219","102.82054138183594","102.82054138183594","102.82054138183594"
"2220","80.23514556884766","80.23514556884766","80.23514556884766"
"2232","133.30303955078125","133.30303955078125","133.30303955078125"
"2233","91.01519775390625","91.01519775390625","91.01519775390625"
"2243","67.14410400390625","67.14410400390625","67.14410400390625"
"2247","78.91417694091797","78.91417694091797","78.91417694091797"
"2248","91.70166778564453","91.70166778564453","91.70166778564453"
"2249","79.25765228271484","79.25765228271484","79.25765228271484"
"2252","131.57875061035156","131.57875061035156","131.57875061035156"
"2257","132.925048828125","132.925048828125","132.925048828125"
"2258","109.60590362548828","109.60590362548828","109.60590362548828"
"2260","212.70040893554688","212.70040893554688","212.70040893554688"
"2261","150.8857421875","150.8857421875","150.8857421875"
"2263","108.84634399414062","108.84634399414062","108.84634399414062"
"2264","88.39476776123047","88.39476776123047","88.39476776123047"
"2265","65.20272827148438","65.20272827148438","65.20272827148438"
"2269","82.9655532836914","82.9655532836914","82.9655532836914"
"2271","63.116233825683594","63.116233825683594","63.116233825683594"
"2272","88.49815368652344","88.49815368652344","88.49815368652344"
"2273","106.81510162353516","106.81510162353516","106.81510162353516"
"2275","84.56884765625","84.56884765625","84.56884765625"
"2276","151.05532836914062","151.05532836914062","151.05532836914062"
"2280","83.65229797363281","83.65229797363281","83.65229797363281"
"2282","82.59791564941406","82.59791564941406","82.59791564941406"
"2283","69.5759506225586","69.5759506225586","69.5759506225586"
"2284","67.74250793457031","67.74250793457031","67.74250793457031"
"2288","64.66785430908203","64.66785430908203","64.66785430908203"
"2289","60.47828674316406","60.47828674316406","60.47828674316406"
"2290","85.71133422851562","85.71133422851562","85.71133422851562"
"2292","85.08125305175781","85.08125305175781","85.08125305175781"
"2295","54.537200927734375","54.537200927734375","54.537200927734375"
"2296","324.9955139160156","324.9955139160156","324.9955139160156"
"2302","71.23331451416016","71.23331451416016","71.23331451416016"
"2303","62.621726989746094","62.621726989746094","62.621726989746094"
"2311","92.32979583740234","92.32979583740234","92.32979583740234"
"2318","149.06536865234375","149.06536865234375","149.06536865234375"
"2320","107.65409851074219","107.65409851074219","107.65409851074219"
"2321","61.847206115722656","61.847206115722656","61.847206115722656"
"2325","85.46012115478516","85.46012115478516","85.46012115478516"
"2326","67.30853271484375","67.30853271484375","67.30853271484375"
"2328","103.03382873535156","103.03382873535156","103.03382873535156"
"2334","75.43448638916016","75.43448638916016","75.43448638916016"
"2336","69.7110366821289","69.7110366821289","69.7110366821289"
"2338","172.92556762695312","172.92556762695312","172.92556762695312"
"2340","110.21393585205078","110.21393585205078","110.21393585205078"
"2343","55.84572219848633","55.84572219848633","55.84572219848633"
"2346","59.9555549621582","59.9555549621582","59.9555549621582"
"2348","62.850990295410156","62.850990295410156","62.850990295410156"
"2349","81.85162353515625","81.85162353515625","81.85162353515625"
"2352","62.30712127685547","62.30712127685547","62.30712127685547"
"2354","124.88619232177734","124.88619232177734","124.88619232177734"
"2356","66.63956451416016","66.63956451416016","66.63956451416016"
"2357","72.89379119873047","72.89379119873047","72.89379119873047"
"2359","166.9735107421875","166.9735107421875","166.9735107421875"
"2363","66.65141296386719","66.65141296386719","66.65141296386719"
"2371","126.23194122314453","126.23194122314453","126.23194122314453"
"2373","79.33108520507812","79.33108520507812","79.33108520507812"
"2374","50.60955810546875","50.60955810546875","50.60955810546875"
"2375","62.18260192871094","62.18260192871094","62.18260192871094"
"2377","54.86313247680664","54.86313247680664","54.86313247680664"
"2378","92.25898742675781","92.25898742675781","92.25898742675781"
"2380","74.92330932617188","74.92330932617188","74.92330932617188"
"2382","92.61677551269531","92.61677551269531","92.61677551269531"
"2383","166.55581665039062","166.55581665039062","166.55581665039062"
"2384","106.2233657836914","106.2233657836914","106.2233657836914"
"2387","77.31087493896484","77.31087493896484","77.31087493896484"
"2388","141.49746704101562","141.49746704101562","141.49746704101562"
"2390","163.04815673828125","163.04815673828125","163.04815673828125"
"2393","89.11304473876953","89.11304473876953","89.11304473876953"
"2394","98.28878021240234","98.28878021240234","98.28878021240234"
"2395","74.583740234375","74.583740234375","74.583740234375"
"2396","109.74234771728516","109.74234771728516","109.74234771728516"
"2398","65.40775299072266","65.40775299072266","65.40775299072266"
"2400","116.3725814819336","116.3725814819336","116.3725814819336"
"2404","55.64060974121094","55.64060974121094","55.64060974121094"
"2405","68.78760528564453","68.78760528564453","68.78760528564453"
"2406","64.9214859008789","64.9214859008789","64.9214859008789"
"2410","230.5380401611328","230.5380401611328","230.5380401611328"
"2415","139.6350555419922","139.6350555419922","139.6350555419922"
"2417","79.53858947753906","79.53858947753906","79.53858947753906"
"2418","137.95822143554688","137.95822143554688","137.95822143554688"
"2419","82.63382720947266","82.63382720947266","82.63382720947266"
"2420","84.99822998046875","84.99822998046875","84.99822998046875"
"2421","72.34274291992188","72.34274291992188","72.34274291992188"
"2422","63.34125518798828","63.34125518798828","63.34125518798828"
"2424","81.190185546875","81.190185546875","81.190185546875"
"2425","81.90185546875","81.90185546875","81.90185546875"
"2426","50.096920013427734","50.096920013427734","50.096920013427734"
"2427","56.42573547363281","56.42573547363281","56.42573547363281"
"2428","61.762977600097656","61.762977600097656","61.762977600097656"
"2429","360.9107666015625","360.9107666015625","360.9107666015625"
"2431","94.25064086914062","94.25064086914062","94.25064086914062"
"2436","90.95683288574219","90.95683288574219","90.95683288574219"
"2442","86.97024536132812","86.97024536132812","86.97024536132812"
"2448","74.34576416015625","74.34576416015625","74.34576416015625"
"2452","63.30150604248047","63.30150604248047","63.30150604248047"
"2453","297.14532470703125","297.14532470703125","297.14532470703125"
"2454","74.6946029663086","74.6946029663086","74.6946029663086"
"2457","97.86339569091797","97.86339569091797","97.86339569091797"
"2459","64.48193359375","64.48193359375","64.48193359375"
"2460","101.39702606201172","101.39702606201172","101.39702606201172"
"2463","68.47520446777344","68.47520446777344","68.47520446777344"
"2466","91.4734878540039","91.4734878540039","91.4734878540039"
"2467","94.75833892822266","94.75833892822266","94.75833892822266"
"2469","62.41728973388672","62.41728973388672","62.41728973388672"
"2472","84.05999755859375","84.05999755859375","84.05999755859375"
"2473","115.42223358154297","115.42223358154297","115.42223358154297"
"2477","105.69562530517578","105.69562530517578","105.69562530517578"
"2479","80.73894500732422","80.73894500732422","80.73894500732422"
"2480","97.50175476074219","97.50175476074219","97.50175476074219"
"2481","64.55319213867188","64.55319213867188","64.55319213867188"
"2485","77.0535888671875","77.0535888671875","77.0535888671875"
"2487","62.13612747192383","62.13612747192383","62.13612747192383"
"2488","93.46665954589844","93.46665954589844","93.46665954589844"
"2491","71.52714538574219","71.52714538574219","71.52714538574219"
"2493","66.33024597167969","66.33024597167969","66.33024597167969"
"2499","117.86628723144531","117.86628723144531","117.86628723144531"
"2500","54.39569854736328","54.39569854736328","54.39569854736328"
"2501","171.01263427734375","171.01263427734375","171.01263427734375"
"2505","65.30430603027344","65.30430603027344","65.30430603027344"
"2510","98.34100341796875","98.34100341796875","98.34100341796875"
"2511","81.7704849243164","81.7704849243164","81.7704849243164"
"2518","77.23721313476562","77.23721313476562","77.23721313476562"
"2520","60.485450744628906","60.485450744628906","60.485450744628906"
"2521","64.58102416992188","64.58102416992188","64.58102416992188"
"2522","56.076087951660156","56.076087951660156","56.076087951660156"
"2526","58.93273162841797","58.93273162841797","58.93273162841797"
"2527","65.52216339111328","65.52216339111328","65.52216339111328"
"2529","71.89958953857422","71.89958953857422","71.89958953857422"
"2530","98.09559631347656","98.09559631347656","98.09559631347656"
"2531","169.2451934814453","169.2451934814453","169.2451934814453"
"2533","84.95259094238281","84.95259094238281","84.95259094238281"
"2534","93.90381622314453","93.90381622314453","93.90381622314453"
"2537","4823.298828125","4823.298828125","4823.298828125"
"2539","92.05532836914062","92.05532836914062","92.05532836914062"
"2540","127.02013397216797","127.02013397216797","127.02013397216797"
"2541","55.19371795654297","55.19371795654297","55.19371795654297"
"2542","73.92160034179688","73.92160034179688","73.92160034179688"
"2544","109.250244140625","109.250244140625","109.250244140625"
"2548","87.69319915771484","87.69319915771484","87.69319915771484"
"2549","117.10443115234375","117.10443115234375","117.10443115234375"
"2551","57.53654479980469","57.53654479980469","57.53654479980469"
"2555","83.02713012695312","83.02713012695312","83.02713012695312"
"2556","86.169677734375","86.169677734375","86.169677734375"
"2557","63.21809387207031","63.21809387207031","63.21809387207031"
"2560","55.99106979370117","55.99106979370117","55.99106979370117"
"2561","166.88632202148438","166.88632202148438","166.88632202148438"
"2562","179.19033813476562","179.19033813476562","179.19033813476562"
"2563","113.99436950683594","113.99436950683594","113.99436950683594"
"2565","117.13086700439453","117.13086700439453","117.13086700439453"
"2568","86.84684753417969","86.84684753417969","86.84684753417969"
"2572","199.90469360351562","199.90469360351562","199.90469360351562"
"2573","94.59608459472656","94.59608459472656","94.59608459472656"
"2574","127.66008758544922","127.66008758544922","127.66008758544922"
"2576","106.52561950683594","106.52561950683594","106.52561950683594"
"2578","134.11651611328125","134.11651611328125","134.11651611328125"
"2580","83.22649383544922","83.22649383544922","83.22649383544922"
"2581","122.65774536132812","122.65774536132812","122.65774536132812"
"2582","75.92721557617188","75.92721557617188","75.92721557617188"
"2583","118.47496032714844","118.47496032714844","118.47496032714844"
"2584","68.39173889160156","68.39173889160156","68.39173889160156"
"2585","79.79142761230469","79.79142761230469","79.79142761230469"
"2586","109.44334411621094","109.44334411621094","109.44334411621094"
"2587","72.55091857910156","72.55091857910156","72.55091857910156"
"2590","119.41281127929688","119.41281127929688","119.41281127929688"
"2592","138.0129852294922","138.0129852294922","138.0129852294922"
"2593","137.40484619140625","137.40484619140625","137.40484619140625"
"2594","77.41700744628906","77.41700744628906","77.41700744628906"
"2599","112.119384765625","112.119384765625","112.119384765625"
"2600","85.18423461914062","85.18423461914062","85.18423461914062"
"2603","52.72487258911133","52.72487258911133","52.72487258911133"
"2606","59.51310729980469","59.51310729980469","59.51310729980469"
"2612","140.3399200439453","140.3399200439453","140.3399200439453"
"2615","104.70801544189453","104.70801544189453","104.70801544189453"
"2616","62.6729736328125","62.6729736328125","62.6729736328125"
"2621","112.16275024414062","112.16275024414062","112.16275024414062"
"2624","119.18938446044922","119.18938446044922","119.18938446044922"
"2629","95.51808166503906","95.51808166503906","95.51808166503906"
"2631","83.45226287841797","83.45226287841797","83.45226287841797"
"2632","80.05429077148438","80.05429077148438","80.05429077148438"
"2641","76.406982421875","76.406982421875","76.406982421875"
"2646","59.9753532409668","59.9753532409668","59.9753532409668"
"2647","62.26824188232422","62.26824188232422","62.26824188232422"
"2649","54.92382049560547","54.92382049560547","54.92382049560547"
"2655","82.75569152832031","82.75569152832031","82.75569152832031"
"2656","77.35245513916016","77.35245513916016","77.35245513916016"
"2658","70.9593734741211","70.9593734741211","70.9593734741211"
"2660","264.5248718261719","264.5248718261719","264.5248718261719"
"2662","162.796875","162.796875","162.796875"
"2663","83.91439056396484","83.91439056396484","83.91439056396484"
"2667","113.67207336425781","113.67207336425781","113.67207336425781"
"2670","71.25813293457031","71.25813293457031","71.25813293457031"
"2672","56.607269287109375","56.607269287109375","56.607269287109375"
"2673","75.59156799316406","75.59156799316406","75.59156799316406"
"2676","113.9911880493164","113.9911880493164","113.9911880493164"
"2680","133.8273468017578","133.8273468017578","133.8273468017578"
"2683","113.27789306640625","113.27789306640625","113.27789306640625"
"2684","73.10455322265625","73.10455322265625","73.10455322265625"
"2688","80.80778503417969","80.80778503417969","80.80778503417969"
"2699","55.437660217285156","55.437660217285156","55.437660217285156"
"2700","65.88804626464844","65.88804626464844","65.88804626464844"
"2702","74.22500610351562","74.22500610351562","74.22500610351562"
"2704","109.50133514404297","109.50133514404297","109.50133514404297"
"2705","66.96607971191406","66.96607971191406","66.96607971191406"
"2707","82.37200927734375","82.37200927734375","82.37200927734375"
"2709","100.39901733398438","100.39901733398438","100.39901733398438"
"2710","92.82862854003906","92.82862854003906","92.82862854003906"
"2712","115.1612548828125","115.1612548828125","115.1612548828125"
"2714","71.54080200195312","71.54080200195312","71.54080200195312"
"2716","90.93940734863281","90.93940734863281","90.93940734863281"
"2717","75.6313705444336","75.6313705444336","75.6313705444336"
"2718","69.98236846923828","69.98236846923828","69.98236846923828"
"2719","60.546260833740234","60.546260833740234","60.546260833740234"
"2720","65.14775848388672","65.14775848388672","65.14775848388672"
"2723","91.46863555908203","91.46863555908203","91.46863555908203"
"2725","81.28036499023438","81.28036499023438","81.28036499023438"
"2729","87.92062377929688","87.92062377929688","87.92062377929688"
"2732","133.23861694335938","133.23861694335938","133.23861694335938"
"2733","74.66424560546875","74.66424560546875","74.66424560546875"
"2735","51.001155853271484","51.001155853271484","51.001155853271484"
"2738","77.7358627319336","77.7358627319336","77.7358627319336"
"2739","77.07930755615234","77.07930755615234","77.07930755615234"
"2741","67.32473754882812","67.32473754882812","67.32473754882812"
"2742","91.49488830566406","91.49488830566406","91.49488830566406"
"2743","130.54763793945312","130.54763793945312","130.54763793945312"
"2750","90.478759765625","90.478759765625","90.478759765625"
"2751","84.11555480957031","84.11555480957031","84.11555480957031"
"2752","186.05032348632812","186.05032348632812","186.05032348632812"
"2762","61.075714111328125","61.075714111328125","61.075714111328125"
"2767","57.10757827758789","57.10757827758789","57.10757827758789"
"2769","119.21160125732422","119.21160125732422","119.21160125732422"
"2773","52.351951599121094","52.351951599121094","52.351951599121094"
"2781","71.15382385253906","71.15382385253906","71.15382385253906"
"2790","104.0900650024414","104.0900650024414","104.0900650024414"
"2791","55.28814697265625","55.28814697265625","55.28814697265625"
"2792","92.85379791259766","92.85379791259766","92.85379791259766"
"2793","118.84320068359375","118.84320068359375","118.84320068359375"
"2794","106.40266418457031","106.40266418457031","106.40266418457031"
"2797","77.89928436279297","77.89928436279297","77.89928436279297"
"2798","72.23633575439453","72.23633575439453","72.23633575439453"
"2799","91.1261215209961","91.1261215209961","91.1261215209961"
"2800","70.08848571777344","70.08848571777344","70.08848571777344"
"2802","120.95957946777344","120.95957946777344","120.95957946777344"
"2804","69.51625061035156","69.51625061035156","69.51625061035156"
"2806","48.22366714477539","48.22366714477539","48.22366714477539"
"2810","70.89241027832031","70.89241027832031","70.89241027832031"
"2815","91.9976577758789","91.9976577758789","91.9976577758789"
"2816","70.90772247314453","70.90772247314453","70.90772247314453"
"2819","48.67400360107422","48.67400360107422","48.67400360107422"
"2821","106.78536987304688","106.78536987304688","106.78536987304688"
"2825","80.14877319335938","80.14877319335938","80.14877319335938"
"2832","90.097900390625","90.097900390625","90.097900390625"
"2833","55.353912353515625","55.353912353515625","55.353912353515625"
"2834","138.12808227539062","138.12808227539062","138.12808227539062"
"2836","126.71841430664062","126.71841430664062","126.71841430664062"
"2838","85.13494110107422","85.13494110107422","85.13494110107422"
"2839","68.42106628417969","68.42106628417969","68.42106628417969"
"2841","96.5284652709961","96.5284652709961","96.5284652709961"
"2842","77.70621490478516","77.70621490478516","77.70621490478516"
"2844","101.01946258544922","101.01946258544922","101.01946258544922"
"2847","117.5650634765625","117.5650634765625","117.5650634765625"
"2849","135.6396484375","135.6396484375","135.6396484375"
"2850","63.02515411376953","63.02515411376953","63.02515411376953"
"2851","41.94127655029297","41.94127655029297","41.94127655029297"
"2853","96.68118286132812","96.68118286132812","96.68118286132812"
"2856","53.50261688232422","53.50261688232422","53.50261688232422"
"2859","91.49417877197266","91.49417877197266","91.49417877197266"
"2860","64.99649047851562","64.99649047851562","64.99649047851562"
"2862","76.09520721435547","76.09520721435547","76.09520721435547"
"2863","90.58663940429688","90.58663940429688","90.58663940429688"
"2865","62.94172668457031","62.94172668457031","62.94172668457031"
"2868","94.34852600097656","94.34852600097656","94.34852600097656"
"2869","104.07078552246094","104.07078552246094","104.07078552246094"
"2871","188.6934814453125","188.6934814453125","188.6934814453125"
"2874","82.26763916015625","82.26763916015625","82.26763916015625"
"2877","86.09782409667969","86.09782409667969","86.09782409667969"
"2879","80.93958282470703","80.93958282470703","80.93958282470703"
"2882","95.66091918945312","95.66091918945312","95.66091918945312"
"2884","65.01332092285156","65.01332092285156","65.01332092285156"
"2885","73.04595947265625","73.04595947265625","73.04595947265625"
"2892","72.79534149169922","72.79534149169922","72.79534149169922"
"2893","61.03479766845703","61.03479766845703","61.03479766845703"
"2894","80.54138946533203","80.54138946533203","80.54138946533203"
"2895","100.14486694335938","100.14486694335938","100.14486694335938"
"2896","59.86773681640625","59.86773681640625","59.86773681640625"
"2902","64.4911880493164","64.4911880493164","64.4911880493164"
"2904","78.6387710571289","78.6387710571289","78.6387710571289"
"2906","78.71647644042969","78.71647644042969","78.71647644042969"
"2909","85.93831634521484","85.93831634521484","85.93831634521484"
"2911","66.62767791748047","66.62767791748047","66.62767791748047"
"2916","56.75575256347656","56.75575256347656","56.75575256347656"
"2917","60.23774719238281","60.23774719238281","60.23774719238281"
"2918","96.40350341796875","96.40350341796875","96.40350341796875"
"2921","67.84224700927734","67.84224700927734","67.84224700927734"
"2924","92.82684326171875","92.82684326171875","92.82684326171875"
"2926","62.25654602050781","62.25654602050781","62.25654602050781"
"2927","69.90750885009766","69.90750885009766","69.90750885009766"
"2928","136.72425842285156","136.72425842285156","136.72425842285156"
"2929","50.71650695800781","50.71650695800781","50.71650695800781"
"2930","313.386474609375","313.386474609375","313.386474609375"
"2931","91.53392791748047","91.53392791748047","91.53392791748047"
"2938","54.38653564453125","54.38653564453125","54.38653564453125"
"2939","85.33181762695312","85.33181762695312","85.33181762695312"
"2941","86.96800231933594","86.96800231933594","86.96800231933594"
"2946","81.62937927246094","81.62937927246094","81.62937927246094"
"2950","62.81338882446289","62.81338882446289","62.81338882446289"
"2953","84.76210021972656","84.76210021972656","84.76210021972656"
"2954","65.09989166259766","65.09989166259766","65.09989166259766"
"2958","266.5960388183594","266.5960388183594","266.5960388183594"
"2963","67.07705688476562","67.07705688476562","67.07705688476562"
"2964","116.77426147460938","116.77426147460938","116.77426147460938"
"2966","80.7729721069336","80.7729721069336","80.7729721069336"
"2971","74.29854583740234","74.29854583740234","74.29854583740234"
"2975","98.26040649414062","98.26040649414062","98.26040649414062"
"2977","69.1820297241211","69.1820297241211","69.1820297241211"
"2981","95.75007629394531","95.75007629394531","95.75007629394531"
"2983","57.623321533203125","57.623321533203125","57.623321533203125"
"2988","85.07487487792969","85.07487487792969","85.07487487792969"
"2989","49.371604919433594","49.371604919433594","49.371604919433594"
"2991","83.43621063232422","83.43621063232422","83.43621063232422"
"2992","56.828941345214844","56.828941345214844","56.828941345214844"
"2996","74.1070785522461","74.1070785522461","74.1070785522461"
"3003","109.00772094726562","109.00772094726562","109.00772094726562"
"3005","814.6473999023438","814.6473999023438","814.6473999023438"
"3009","75.6692886352539","75.6692886352539","75.6692886352539"
"3010","195.88128662109375","195.88128662109375","195.88128662109375"
"3016","113.52972412109375","113.52972412109375","113.52972412109375"
"3017","96.44410705566406","96.44410705566406","96.44410705566406"
"3018","83.50953674316406","83.50953674316406","83.50953674316406"
"3023","116.31074523925781","116.31074523925781","116.31074523925781"
"3024","76.83001708984375","76.83001708984375","76.83001708984375"
"3027","71.65353393554688","71.65353393554688","71.65353393554688"
"3029","88.70033264160156","88.70033264160156","88.70033264160156"
"3030","81.46829986572266","81.46829986572266","81.46829986572266"
"3031","73.99153900146484","73.99153900146484","73.99153900146484"
"3032","93.75396728515625","93.75396728515625","93.75396728515625"
"3034","88.9134521484375","88.9134521484375","88.9134521484375"
"3035","96.9595718383789","96.9595718383789","96.9595718383789"
"3038","60.90351104736328","60.90351104736328","60.90351104736328"
"3040","124.52257537841797","124.52257537841797","124.52257537841797"
"3042","48.267330169677734","48.267330169677734","48.267330169677734"
"3043","70.19381713867188","70.19381713867188","70.19381713867188"
"3044","116.97958374023438","116.97958374023438","116.97958374023438"
"3046","52.29655456542969","52.29655456542969","52.29655456542969"
"3052","70.73445892333984","70.73445892333984","70.73445892333984"
"3057","67.57791137695312","67.57791137695312","67.57791137695312"
"3059","87.22710418701172","87.22710418701172","87.22710418701172"
"3060","83.81068420410156","83.81068420410156","83.81068420410156"
"3061","104.67955780029297","104.67955780029297","104.67955780029297"
"3062","59.59344482421875","59.59344482421875","59.59344482421875"
"3066","121.11981201171875","121.11981201171875","121.11981201171875"
"3068","59.622257232666016","59.622257232666016","59.622257232666016"
"3069","70.47621154785156","70.47621154785156","70.47621154785156"
"3070","54.44914627075195","54.44914627075195","54.44914627075195"
"3073","55.308876037597656","55.308876037597656","55.308876037597656"
"3074","72.87834167480469","72.87834167480469","72.87834167480469"
"3081","127.70401000976562","127.70401000976562","127.70401000976562"
"3083","69.7193832397461","69.7193832397461","69.7193832397461"
"3084","74.22892761230469","74.22892761230469","74.22892761230469"
"3085","76.1107177734375","76.1107177734375","76.1107177734375"
"3091","52.62663650512695","52.62663650512695","52.62663650512695"
"3093","81.23621368408203","81.23621368408203","81.23621368408203"
"3096","72.45037841796875","72.45037841796875","72.45037841796875"
"3097","60.020328521728516","60.020328521728516","60.020328521728516"
"3098","255.57968139648438","255.57968139648438","255.57968139648438"
"3100","81.87360382080078","81.87360382080078","81.87360382080078"
"3102","94.37406921386719","94.37406921386719","94.37406921386719"
"3103","112.17069244384766","112.17069244384766","112.17069244384766"
"3108","85.31771850585938","85.31771850585938","85.31771850585938"
"3111","284.1227722167969","284.1227722167969","284.1227722167969"
"3114","94.4090347290039","94.4090347290039","94.4090347290039"
"3117","112.97796630859375","112.97796630859375","112.97796630859375"
"3121","50.133995056152344","50.133995056152344","50.133995056152344"
"3122","67.67557525634766","67.67557525634766","67.67557525634766"
"3124","56.19584274291992","56.19584274291992","56.19584274291992"
"3125","102.29728698730469","102.29728698730469","102.29728698730469"
"3130","62.90062713623047","62.90062713623047","62.90062713623047"
"3132","73.92701721191406","73.92701721191406","73.92701721191406"
"3134","145.9073486328125","145.9073486328125","145.9073486328125"
"3135","62.00334167480469","62.00334167480469","62.00334167480469"
"3138","67.66207122802734","67.66207122802734","67.66207122802734"
"3141","50.08766174316406","50.08766174316406","50.08766174316406"
"3145","64.05437469482422","64.05437469482422","64.05437469482422"
"3149","57.824337005615234","57.824337005615234","57.824337005615234"
"3150","93.41812896728516","93.41812896728516","93.41812896728516"
"3153","97.86347198486328","97.86347198486328","97.86347198486328"
"3155","101.33964538574219","101.33964538574219","101.33964538574219"
"3156","76.31719207763672","76.31719207763672","76.31719207763672"
"3157","63.4958381652832","63.4958381652832","63.4958381652832"
"3161","53.006134033203125","53.006134033203125","53.006134033203125"
"3163","67.99832916259766","67.99832916259766","67.99832916259766"
"3167","56.167869567871094","56.167869567871094","56.167869567871094"
"3171","72.4271011352539","72.4271011352539","72.4271011352539"
"3173","66.14116668701172","66.14116668701172","66.14116668701172"
"3176","73.14881896972656","73.14881896972656","73.14881896972656"
"3177","65.02869415283203","65.02869415283203","65.02869415283203"
"3188","87.67456817626953","87.67456817626953","87.67456817626953"
"3191","78.61712646484375","78.61712646484375","78.61712646484375"
"3199","95.32891845703125","95.32891845703125","95.32891845703125"
"3201","63.51344299316406","63.51344299316406","63.51344299316406"
"3202","118.68315124511719","118.68315124511719","118.68315124511719"
"3203","72.96983337402344","72.96983337402344","72.96983337402344"
"3206","88.972900390625","88.972900390625","88.972900390625"
"3207","69.79815673828125","69.79815673828125","69.79815673828125"
"3208","115.61116790771484","115.61116790771484","115.61116790771484"
"3212","73.46192169189453","73.46192169189453","73.46192169189453"
"3213","105.91670989990234","105.91670989990234","105.91670989990234"
"3214","72.64803314208984","72.64803314208984","72.64803314208984"
"3215","73.05551147460938","73.05551147460938","73.05551147460938"
"3221","54.67475509643555","54.67475509643555","54.67475509643555"
"3223","81.18820190429688","81.18820190429688","81.18820190429688"
"3224","61.35480880737305","61.35480880737305","61.35480880737305"
"3229","115.06810760498047","115.06810760498047","115.06810760498047"
"3230","87.59756469726562","87.59756469726562","87.59756469726562"
"3231","150.5502471923828","150.5502471923828","150.5502471923828"
"3237","6508.60302734375","6508.60302734375","6508.60302734375"
"3238","140.3512420654297","140.3512420654297","140.3512420654297"
"3239","84.95818328857422","84.95818328857422","84.95818328857422"
"3241","89.08370971679688","89.08370971679688","89.08370971679688"
"3246","71.86766815185547","71.86766815185547","71.86766815185547"
"3247","61.70306396484375","61.70306396484375","61.70306396484375"
"3248","96.15576171875","96.15576171875","96.15576171875"
"3251","92.55728149414062","92.55728149414062","92.55728149414062"
"3262","78.79341125488281","78.79341125488281","78.79341125488281"
"3263","49.416778564453125","49.416778564453125","49.416778564453125"
"3265","85.08021545410156","85.08021545410156","85.08021545410156"
"3273","62.4459114074707","62.4459114074707","62.4459114074707"
"3274","67.87207794189453","67.87207794189453","67.87207794189453"
"3276","64.35737609863281","64.35737609863281","64.35737609863281"
"3277","76.4247817993164","76.4247817993164","76.4247817993164"
"3280","171.337646484375","171.337646484375","171.337646484375"
"3281","54.905494689941406","54.905494689941406","54.905494689941406"
"3282","92.01377868652344","92.01377868652344","92.01377868652344"
"3285","122.54059600830078","122.54059600830078","122.54059600830078"
"3289","66.72378540039062","66.72378540039062","66.72378540039062"
"3292","48.570556640625","48.570556640625","48.570556640625"
"3293","70.01210021972656","70.01210021972656","70.01210021972656"
"3296","51.07068634033203","51.07068634033203","51.07068634033203"
"3297","57.58982849121094","57.58982849121094","57.58982849121094"
"3304","113.24278259277344","113.24278259277344","113.24278259277344"
"3306","111.46974182128906","111.46974182128906","111.46974182128906"
"3309","346.7541198730469","346.7541198730469","346.7541198730469"
"3310","66.12430572509766","66.12430572509766","66.12430572509766"
"3312","60.407596588134766","60.407596588134766","60.407596588134766"
"3316","58.335514068603516","58.335514068603516","58.335514068603516"
"3318","105.16677856445312","105.16677856445312","105.16677856445312"
"3319","57.0039176940918","57.0039176940918","57.0039176940918"
"3321","110.31629943847656","110.31629943847656","110.31629943847656"
"3322","52.578758239746094","52.578758239746094","52.578758239746094"
"3328","58.83563995361328","58.83563995361328","58.83563995361328"
"3332","58.69760513305664","58.69760513305664","58.69760513305664"
"3335","72.27539825439453","72.27539825439453","72.27539825439453"
"3336","67.10882568359375","67.10882568359375","67.10882568359375"
"3337","100.19583892822266","100.19583892822266","100.19583892822266"
"3340","80.36691284179688","80.36691284179688","80.36691284179688"
"3341","71.43476104736328","71.43476104736328","71.43476104736328"
"3343","78.28952026367188","78.28952026367188","78.28952026367188"
"3346","82.89373779296875","82.89373779296875","82.89373779296875"
"3349","108.16980743408203","108.16980743408203","108.16980743408203"
"3353","83.34671783447266","83.34671783447266","83.34671783447266"
"3356","68.98098754882812","68.98098754882812","68.98098754882812"
"3357","72.71171569824219","72.71171569824219","72.71171569824219"
"3359","72.50746154785156","72.50746154785156","72.50746154785156"
"3360","75.3879165649414","75.3879165649414","75.3879165649414"
"3364","65.80309295654297","65.80309295654297","65.80309295654297"
"3365","61.63811492919922","61.63811492919922","61.63811492919922"
"3366","67.80200958251953","67.80200958251953","67.80200958251953"
"3367","53.281410217285156","53.281410217285156","53.281410217285156"
"3369","75.68568420410156","75.68568420410156","75.68568420410156"
"3370","69.2976303100586","69.2976303100586","69.2976303100586"
"3372","55.073421478271484","55.073421478271484","55.073421478271484"
"3373","56.95900344848633","56.95900344848633","56.95900344848633"
"3375","66.27027130126953","66.27027130126953","66.27027130126953"
"3376","44.928741455078125","44.928741455078125","44.928741455078125"
"3382","52.99828338623047","52.99828338623047","52.99828338623047"
"3383","69.67648315429688","69.67648315429688","69.67648315429688"
"3385","95.55014038085938","95.55014038085938","95.55014038085938"
"3387","98.90743255615234","98.90743255615234","98.90743255615234"
"3391","61.769874572753906","61.769874572753906","61.769874572753906"
"3392","96.280029296875","96.280029296875","96.280029296875"
"3393","73.68981170654297","73.68981170654297","73.68981170654297"
"3398","321.5147399902344","321.5147399902344","321.5147399902344"
"3399","90.22701263427734","90.22701263427734","90.22701263427734"
"3400","67.65515899658203","67.65515899658203","67.65515899658203"
"3401","89.33219146728516","89.33219146728516","89.33219146728516"
"3403","64.59378051757812","64.59378051757812","64.59378051757812"
"3408","103.63231658935547","103.63231658935547","103.63231658935547"
"3416","86.09709930419922","86.09709930419922","86.09709930419922"
"3417","179.48500061035156","179.48500061035156","179.48500061035156"
"3419","97.51204681396484","97.51204681396484","97.51204681396484"
"3421","54.586708068847656","54.586708068847656","54.586708068847656"
"3422","152.0738067626953","152.0738067626953","152.0738067626953"
"3423","84.81109619140625","84.81109619140625","84.81109619140625"
"3425","97.76109313964844","97.76109313964844","97.76109313964844"
"3427","84.70133209228516","84.70133209228516","84.70133209228516"
"3428","79.78009033203125","79.78009033203125","79.78009033203125"
"3429","70.76875305175781","70.76875305175781","70.76875305175781"
"3430","75.623779296875","75.623779296875","75.623779296875"
"3435","124.18001556396484","124.18001556396484","124.18001556396484"
"3439","64.73512268066406","64.73512268066406","64.73512268066406"
"3440","84.33147430419922","84.33147430419922","84.33147430419922"
"3441","80.23710632324219","80.23710632324219","80.23710632324219"
"3442","72.21337890625","72.21337890625","72.21337890625"
"3444","68.10310363769531","68.10310363769531","68.10310363769531"
"3446","66.58065032958984","66.58065032958984","66.58065032958984"
"3451","58.280494689941406","58.280494689941406","58.280494689941406"
"3452","92.39141082763672","92.39141082763672","92.39141082763672"
"3457","92.75728607177734","92.75728607177734","92.75728607177734"
"3458","51.837799072265625","51.837799072265625","51.837799072265625"
"3465","67.69669342041016","67.69669342041016","67.69669342041016"
"3471","66.18065643310547","66.18065643310547","66.18065643310547"
"3472","74.2042236328125","74.2042236328125","74.2042236328125"
"3475","78.34707641601562","78.34707641601562","78.34707641601562"
"3476","61.37478256225586","61.37478256225586","61.37478256225586"
"3479","63.64960479736328","63.64960479736328","63.64960479736328"
"3483","82.81019592285156","82.81019592285156","82.81019592285156"
"3484","90.90502166748047","90.90502166748047","90.90502166748047"
"3485","64.79513549804688","64.79513549804688","64.79513549804688"
"3486","68.28242492675781","68.28242492675781","68.28242492675781"
"3489","60.902381896972656","60.902381896972656","60.902381896972656"
"3492","67.83523559570312","67.83523559570312","67.83523559570312"
"3493","51.62228012084961","51.62228012084961","51.62228012084961"
"3494","47.34769821166992","47.34769821166992","47.34769821166992"
"3495","67.17166900634766","67.17166900634766","67.17166900634766"
"3496","107.13007354736328","107.13007354736328","107.13007354736328"
"3497","2363.50830078125","2363.50830078125","2363.50830078125"
"3503","57.03420639038086","57.03420639038086","57.03420639038086"
"3506","49.310577392578125","49.310577392578125","49.310577392578125"
"3511","53.94676208496094","53.94676208496094","53.94676208496094"
"3514","69.1683120727539","69.1683120727539","69.1683120727539"
"3515","56.779815673828125","56.779815673828125","56.779815673828125"
"3518","56.38182067871094","56.38182067871094","56.38182067871094"
"3520","59.77996063232422","59.77996063232422","59.77996063232422"
"3523","112.86039733886719","112.86039733886719","112.86039733886719"
"3525","87.79568481445312","87.79568481445312","87.79568481445312"
"3528","68.16476440429688","68.16476440429688","68.16476440429688"
"3529","80.03784942626953","80.03784942626953","80.03784942626953"
"3530","52.06783676147461","52.06783676147461","52.06783676147461"
"3533","99.37226867675781","99.37226867675781","99.37226867675781"
"3535","59.9397087097168","59.9397087097168","59.9397087097168"
"3536","67.92633819580078","67.92633819580078","67.92633819580078"
"3543","56.99932861328125","56.99932861328125","56.99932861328125"
"3546","85.54920196533203","85.54920196533203","85.54920196533203"
"3547","73.49820709228516","73.49820709228516","73.49820709228516"
"3557","49.847591400146484","49.847591400146484","49.847591400146484"
"3562","62.367584228515625","62.367584228515625","62.367584228515625"
"3563","66.74557495117188","66.74557495117188","66.74557495117188"
"3564","65.09468078613281","65.09468078613281","65.09468078613281"
"3566","179.99720764160156","179.99720764160156","179.99720764160156"
"3567","54.07532501220703","54.07532501220703","54.07532501220703"
"3569","56.27090835571289","56.27090835571289","56.27090835571289"
"3571","52.3592529296875","52.3592529296875","52.3592529296875"
"3574","2305.48486328125","2305.48486328125","2305.48486328125"
"3575","73.60221862792969","73.60221862792969","73.60221862792969"
"3577","62.13519287109375","62.13519287109375","62.13519287109375"
"3578","842.0542602539062","842.0542602539062","842.0542602539062"
"3582","70.13996887207031","70.13996887207031","70.13996887207031"
"3583","113.66956329345703","113.66956329345703","113.66956329345703"
"3584","61.959712982177734","61.959712982177734","61.959712982177734"
"3586","82.17743682861328","82.17743682861328","82.17743682861328"
"3588","60.50648498535156","60.50648498535156","60.50648498535156"
"3589","45.18134307861328","45.18134307861328","45.18134307861328"
"3591","62.24134826660156","62.24134826660156","62.24134826660156"
"3594","47.23902130126953","47.23902130126953","47.23902130126953"
"3595","55.714351654052734","55.714351654052734","55.714351654052734"
"3597","72.0638198852539","72.0638198852539","72.0638198852539"
"3599","97.5893325805664","97.5893325805664","97.5893325805664"
"3600","67.6594009399414","67.6594009399414","67.6594009399414"
"3601","78.86941528320312","78.86941528320312","78.86941528320312"
"3602","92.22173309326172","92.22173309326172","92.22173309326172"
"3604","53.6656494140625","53.6656494140625","53.6656494140625"
"3605","75.53155517578125","75.53155517578125","75.53155517578125"
"3608","79.89507293701172","79.89507293701172","79.89507293701172"
"3610","69.97372436523438","69.97372436523438","69.97372436523438"
"3613","92.60354614257812","92.60354614257812","92.60354614257812"
"3615","53.853538513183594","53.853538513183594","53.853538513183594"
"3618","77.24888610839844","77.24888610839844","77.24888610839844"
"3619","76.87518310546875","76.87518310546875","76.87518310546875"
"3623","73.75545501708984","73.75545501708984","73.75545501708984"
"3624","57.72540283203125","57.72540283203125","57.72540283203125"
"3628","74.81822204589844","74.81822204589844","74.81822204589844"
"3629","102.87788391113281","102.87788391113281","102.87788391113281"
"3631","63.735626220703125","63.735626220703125","63.735626220703125"
"3633","58.846038818359375","58.846038818359375","58.846038818359375"
"3636","115.99906158447266","115.99906158447266","115.99906158447266"
"3640","68.20569610595703","68.20569610595703","68.20569610595703"
"3642","136.94610595703125","136.94610595703125","136.94610595703125"
"3644","96.42520141601562","96.42520141601562","96.42520141601562"
"3646","63.01050567626953","63.01050567626953","63.01050567626953"
"3648","117.28301239013672","117.28301239013672","117.28301239013672"
"3649","45.57263946533203","45.57263946533203","45.57263946533203"
"3652","82.103759765625","82.103759765625","82.103759765625"
"3653","100.75911712646484","100.75911712646484","100.75911712646484"
"3655","68.11038208007812","68.11038208007812","68.11038208007812"
"3656","75.15612030029297","75.15612030029297","75.15612030029297"
"3658","69.14802551269531","69.14802551269531","69.14802551269531"
"3660","67.32760620117188","67.32760620117188","67.32760620117188"
"3663","77.01704406738281","77.01704406738281","77.01704406738281"
"3667","215.13113403320312","215.13113403320312","215.13113403320312"
"3673","73.41497802734375","73.41497802734375","73.41497802734375"
"3675","66.95684814453125","66.95684814453125","66.95684814453125"
"3676","47.983619689941406","47.983619689941406","47.983619689941406"
"3677","90.404052734375","90.404052734375","90.404052734375"
"3678","56.5081787109375","56.5081787109375","56.5081787109375"
"3679","54.81966781616211","54.81966781616211","54.81966781616211"
"3680","83.3075180053711","83.3075180053711","83.3075180053711"
"3683","109.64595031738281","109.64595031738281","109.64595031738281"
"3686","93.48615264892578","93.48615264892578","93.48615264892578"
"3689","115.65174102783203","115.65174102783203","115.65174102783203"
"3699","55.48415756225586","55.48415756225586","55.48415756225586"
"3701","65.55341339111328","65.55341339111328","65.55341339111328"
"3706","67.83885192871094","67.83885192871094","67.83885192871094"
"3713","80.86979675292969","80.86979675292969","80.86979675292969"
"3714","78.69615173339844","78.69615173339844","78.69615173339844"
"3719","70.31867980957031","70.31867980957031","70.31867980957031"
"3720","53.567543029785156","53.567543029785156","53.567543029785156"
"3723","48.15573501586914","48.15573501586914","48.15573501586914"
"3727","59.98172378540039","59.98172378540039","59.98172378540039"
"3729","84.91902160644531","84.91902160644531","84.91902160644531"
"3730","85.8051986694336","85.8051986694336","85.8051986694336"
"3732","69.86613464355469","69.86613464355469","69.86613464355469"
"3733","78.01581573486328","78.01581573486328","78.01581573486328"
"3734","73.15563201904297","73.15563201904297","73.15563201904297"
"3735","80.5738525390625","80.5738525390625","80.5738525390625"
"3737","91.03611755371094","91.03611755371094","91.03611755371094"
"3740","71.87825012207031","71.87825012207031","71.87825012207031"
"3741","51.255828857421875","51.255828857421875","51.255828857421875"
"3742","65.74273681640625","65.74273681640625","65.74273681640625"
"3744","93.62837219238281","93.62837219238281","93.62837219238281"
"3746","57.58928298950195","57.58928298950195","57.58928298950195"
"3748","95.55065155029297","95.55065155029297","95.55065155029297"
"3749","77.67060089111328","77.67060089111328","77.67060089111328"
"3750","86.03577423095703","86.03577423095703","86.03577423095703"
"3754","95.37444305419922","95.37444305419922","95.37444305419922"
"3756","62.36279296875","62.36279296875","62.36279296875"
"3758","63.90940856933594","63.90940856933594","63.90940856933594"
"3760","69.79386901855469","69.79386901855469","69.79386901855469"
"3764","49.05634307861328","49.05634307861328","49.05634307861328"
"3765","63.034671783447266","63.034671783447266","63.034671783447266"
"3766","54.23876953125","54.23876953125","54.23876953125"
"3767","55.313323974609375","55.313323974609375","55.313323974609375"
"3768","83.41853332519531","83.41853332519531","83.41853332519531"
"3769","66.40840148925781","66.40840148925781","66.40840148925781"
"3770","82.26739501953125","82.26739501953125","82.26739501953125"
"3771","81.10800170898438","81.10800170898438","81.10800170898438"
"3773","51.6405143737793","51.6405143737793","51.6405143737793"
"3774","70.50467681884766","70.50467681884766","70.50467681884766"
"3776","57.74512481689453","57.74512481689453","57.74512481689453"
"3783","73.29696655273438","73.29696655273438","73.29696655273438"
"3789","71.88318634033203","71.88318634033203","71.88318634033203"
"3791","59.01603317260742","59.01603317260742","59.01603317260742"
"3794","72.38816833496094","72.38816833496094","72.38816833496094"
"3798","58.065879821777344","58.065879821777344","58.065879821777344"
"3800","91.62727355957031","91.62727355957031","91.62727355957031"
"3803","84.50830078125","84.50830078125","84.50830078125"
"3811","72.2744140625","72.2744140625","72.2744140625"
"3812","56.3307991027832","56.3307991027832","56.3307991027832"
"3814","77.1772689819336","77.1772689819336","77.1772689819336"
"3815","47.28430938720703","47.28430938720703","47.28430938720703"
"3818","54.32404327392578","54.32404327392578","54.32404327392578"
"3821","75.86026763916016","75.86026763916016","75.86026763916016"
"3823","53.165000915527344","53.165000915527344","53.165000915527344"
"3824","78.00511169433594","78.00511169433594","78.00511169433594"
"3826","54.609527587890625","54.609527587890625","54.609527587890625"
"3829","110.62226867675781","110.62226867675781","110.62226867675781"
"3830","113.0201416015625","113.0201416015625","113.0201416015625"
"3832","127.11247253417969","127.11247253417969","127.11247253417969"
"3833","70.57354736328125","70.57354736328125","70.57354736328125"
"3835","76.65291595458984","76.65291595458984","76.65291595458984"
"3836","93.81928253173828","93.81928253173828","93.81928253173828"
"3838","103.45503234863281","103.45503234863281","103.45503234863281"
"3840","65.6236801147461","65.6236801147461","65.6236801147461"
"3849","140.23736572265625","140.23736572265625","140.23736572265625"
"3850","95.2353744506836","95.2353744506836","95.2353744506836"
"3853","92.25963592529297","92.25963592529297","92.25963592529297"
"3855","55.97727584838867","55.97727584838867","55.97727584838867"
"3857","97.212158203125","97.212158203125","97.212158203125"
"3860","69.76564025878906","69.76564025878906","69.76564025878906"
"3861","51.82878494262695","51.82878494262695","51.82878494262695"
"3862","99.87489318847656","99.87489318847656","99.87489318847656"
"3863","70.5611572265625","70.5611572265625","70.5611572265625"
"3868","86.94137573242188","86.94137573242188","86.94137573242188"
"3870","65.93145751953125","65.93145751953125","65.93145751953125"
"3871","111.41581726074219","111.41581726074219","111.41581726074219"
"3877","58.00038528442383","58.00038528442383","58.00038528442383"
"3878","53.49335861206055","53.49335861206055","53.49335861206055"
"3879","68.59569549560547","68.59569549560547","68.59569549560547"
"3881","52.0118408203125","52.0118408203125","52.0118408203125"
"3883","65.75900268554688","65.75900268554688","65.75900268554688"
"3885","103.57486724853516","103.57486724853516","103.57486724853516"
"3887","69.3929443359375","69.3929443359375","69.3929443359375"
"3889","59.894588470458984","59.894588470458984","59.894588470458984"
"3892","58.34434127807617","58.34434127807617","58.34434127807617"
"3893","113.70452880859375","113.70452880859375","113.70452880859375"
"3894","57.46514892578125","57.46514892578125","57.46514892578125"
"3895","64.71182250976562","64.71182250976562","64.71182250976562"
"3897","68.5484619140625","68.5484619140625","68.5484619140625"
"3899","100.57545471191406","100.57545471191406","100.57545471191406"
"3904","81.34883880615234","81.34883880615234","81.34883880615234"
"3908","81.48053741455078","81.48053741455078","81.48053741455078"
"3910","83.53060913085938","83.53060913085938","83.53060913085938"
"3912","56.290191650390625","56.290191650390625","56.290191650390625"
"3914","154.6515655517578","154.6515655517578","154.6515655517578"
"3917","85.67839050292969","85.67839050292969","85.67839050292969"
"3919","74.9873275756836","74.9873275756836","74.9873275756836"
"3920","123.00558471679688","123.00558471679688","123.00558471679688"
"3921","74.6331558227539","74.6331558227539","74.6331558227539"
"3923","93.44476318359375","93.44476318359375","93.44476318359375"
"3925","56.46222686767578","56.46222686767578","56.46222686767578"
"3931","79.43980407714844","79.43980407714844","79.43980407714844"
"3932","147.34181213378906","147.34181213378906","147.34181213378906"
"3933","68.01133728027344","68.01133728027344","68.01133728027344"
"3934","64.38864135742188","64.38864135742188","64.38864135742188"
"3937","87.14550018310547","87.14550018310547","87.14550018310547"
"3938","78.26698303222656","78.26698303222656","78.26698303222656"
"3941","72.37882995605469","72.37882995605469","72.37882995605469"
"3942","69.67924499511719","69.67924499511719","69.67924499511719"
"3943","62.48103332519531","62.48103332519531","62.48103332519531"
"3944","66.534912109375","66.534912109375","66.534912109375"
"3946","61.88785934448242","61.88785934448242","61.88785934448242"
"3950","48.16192626953125","48.16192626953125","48.16192626953125"
"3951","64.28886413574219","64.28886413574219","64.28886413574219"
"3953","50.514801025390625","50.514801025390625","50.514801025390625"
"3955","51.066734313964844","51.066734313964844","51.066734313964844"
"3956","64.1108169555664","64.1108169555664","64.1108169555664"
"3958","95.37431335449219","95.37431335449219","95.37431335449219"
"3960","81.39250946044922","81.39250946044922","81.39250946044922"
"3961","62.35123062133789","62.35123062133789","62.35123062133789"
"3966","118.91718292236328","118.91718292236328","118.91718292236328"
"3968","61.3985710144043","61.3985710144043","61.3985710144043"
"3970","59.41991424560547","59.41991424560547","59.41991424560547"
"3974","52.836936950683594","52.836936950683594","52.836936950683594"
"3975","55.045562744140625","55.045562744140625","55.045562744140625"
"3976","79.1435775756836","79.1435775756836","79.1435775756836"
"3978","97.7318115234375","97.7318115234375","97.7318115234375"
"3979","70.49165344238281","70.49165344238281","70.49165344238281"
"3981","102.46327209472656","102.46327209472656","102.46327209472656"
"3989","130.62217712402344","130.62217712402344","130.62217712402344"
"3990","103.4004135131836","103.4004135131836","103.4004135131836"
"3991","75.9460678100586","75.9460678100586","75.9460678100586"
"3993","58.59098815917969","58.59098815917969","58.59098815917969"
"3998","166.17750549316406","166.17750549316406","166.17750549316406"
"4000","57.596435546875","57.596435546875","57.596435546875"
"4001","127.63385009765625","127.63385009765625","127.63385009765625"
"4002","107.34436798095703","107.34436798095703","107.34436798095703"
"4008","77.33667755126953","77.33667755126953","77.33667755126953"
"4009","97.06089782714844","97.06089782714844","97.06089782714844"
"4012","94.29325866699219","94.29325866699219","94.29325866699219"
"4014","74.9071044921875","74.9071044921875","74.9071044921875"
"4016","74.6233901977539","74.6233901977539","74.6233901977539"
"4017","89.80950927734375","89.80950927734375","89.80950927734375"
"4021","80.99925231933594","80.99925231933594","80.99925231933594"
"4024","49.48108673095703","49.48108673095703","49.48108673095703"
"4025","105.10118103027344","105.10118103027344","105.10118103027344"
"4029","83.65168762207031","83.65168762207031","83.65168762207031"
"4032","86.95925903320312","86.95925903320312","86.95925903320312"
"4040","55.24854278564453","55.24854278564453","55.24854278564453"
"4053","89.28985595703125","89.28985595703125","89.28985595703125"
"4054","71.13873291015625","71.13873291015625","71.13873291015625"
"4055","69.3072509765625","69.3072509765625","69.3072509765625"
"4059","59.224761962890625","59.224761962890625","59.224761962890625"
"4060","48.15078353881836","48.15078353881836","48.15078353881836"
"4066","81.95436096191406","81.95436096191406","81.95436096191406"
"4074","60.91982650756836","60.91982650756836","60.91982650756836"
"4085","54.39419174194336","54.39419174194336","54.39419174194336"
"4087","66.95085906982422","66.95085906982422","66.95085906982422"
"4089","70.50906372070312","70.50906372070312","70.50906372070312"
"4090","68.59584045410156","68.59584045410156","68.59584045410156"
"4091","66.75988006591797","66.75988006591797","66.75988006591797"
"4092","53.335235595703125","53.335235595703125","53.335235595703125"
"4096","81.71875","81.71875","81.71875"
"4097","55.553916931152344","55.553916931152344","55.553916931152344"
"4100","91.29360961914062","91.29360961914062","91.29360961914062"
"4101","92.31472778320312","92.31472778320312","92.31472778320312"
"4102","82.52342987060547","82.52342987060547","82.52342987060547"
"4104","77.33212280273438","77.33212280273438","77.33212280273438"
"4105","53.575836181640625","53.575836181640625","53.575836181640625"
"4113","70.46719360351562","70.46719360351562","70.46719360351562"
"4114","136.43374633789062","136.43374633789062","136.43374633789062"
"4115","61.86342239379883","61.86342239379883","61.86342239379883"
"4116","91.41856384277344","91.41856384277344","91.41856384277344"
"4117","64.81158447265625","64.81158447265625","64.81158447265625"
"4119","81.65888214111328","81.65888214111328","81.65888214111328"
"4126","47.09648895263672","47.09648895263672","47.09648895263672"
"4131","69.45023345947266","69.45023345947266","69.45023345947266"
"4140","81.39450073242188","81.39450073242188","81.39450073242188"
"4141","88.5616226196289","88.5616226196289","88.5616226196289"
"4142","71.57828521728516","71.57828521728516","71.57828521728516"
"4143","66.40540313720703","66.40540313720703","66.40540313720703"
"4144","53.1650276184082","53.1650276184082","53.1650276184082"
"4145","96.1778335571289","96.1778335571289","96.1778335571289"
"4147","69.70426940917969","69.70426940917969","69.70426940917969"
"4148","75.51734161376953","75.51734161376953","75.51734161376953"
"4149","75.58232879638672","75.58232879638672","75.58232879638672"
"4150","67.90288543701172","67.90288543701172","67.90288543701172"
"4151","64.16067504882812","64.16067504882812","64.16067504882812"
"4152","73.38861846923828","73.38861846923828","73.38861846923828"
"4162","77.57371520996094","77.57371520996094","77.57371520996094"
"4163","59.519527435302734","59.519527435302734","59.519527435302734"
"4165","90.00117492675781","90.00117492675781","90.00117492675781"
"4170","81.3495864868164","81.3495864868164","81.3495864868164"
"4175","84.23949432373047","84.23949432373047","84.23949432373047"
"4177","73.71566772460938","73.71566772460938","73.71566772460938"
"4181","46.092105865478516","46.092105865478516","46.092105865478516"
"4184","58.25935745239258","58.25935745239258","58.25935745239258"
"4186","87.49897003173828","87.49897003173828","87.49897003173828"
"4188","111.70536804199219","111.70536804199219","111.70536804199219"
"4197","55.530067443847656","55.530067443847656","55.530067443847656"
"4198","74.15906524658203","74.15906524658203","74.15906524658203"
"4199","69.28607177734375","69.28607177734375","69.28607177734375"
"4202","51.989830017089844","51.989830017089844","51.989830017089844"
"4203","102.41139221191406","102.41139221191406","102.41139221191406"
"4210","73.27198028564453","73.27198028564453","73.27198028564453"
"4212","83.56752014160156","83.56752014160156","83.56752014160156"
"4213","59.101104736328125","59.101104736328125","59.101104736328125"
"4222","53.5801887512207","53.5801887512207","53.5801887512207"
"4224","70.82018280029297","70.82018280029297","70.82018280029297"
"4225","45.832054138183594","45.832054138183594","45.832054138183594"
"4226","65.61443328857422","65.61443328857422","65.61443328857422"
"4227","56.94974899291992","56.94974899291992","56.94974899291992"
"4228","59.018245697021484","59.018245697021484","59.018245697021484"
"4229","70.28271484375","70.28271484375","70.28271484375"
"4230","45.295074462890625","45.295074462890625","45.295074462890625"
"4231","49.16781234741211","49.16781234741211","49.16781234741211"
"4238","109.62689971923828","109.62689971923828","109.62689971923828"
"4240","69.53958892822266","69.53958892822266","69.53958892822266"
"4242","47.55322265625","47.55322265625","47.55322265625"
"4244","66.20379638671875","66.20379638671875","66.20379638671875"
"4247","64.28179168701172","64.28179168701172","64.28179168701172"
"4250","56.33727264404297","56.33727264404297","56.33727264404297"
"4251","78.9349365234375","78.9349365234375","78.9349365234375"
"4257","74.72378540039062","74.72378540039062","74.72378540039062"
"4262","57.282955169677734","57.282955169677734","57.282955169677734"
"4268","47.663848876953125","47.663848876953125","47.663848876953125"
"4269","116.24974060058594","116.24974060058594","116.24974060058594"
"4270","58.292503356933594","58.292503356933594","58.292503356933594"
"4272","95.00837707519531","95.00837707519531","95.00837707519531"
"4274","92.34153747558594","92.34153747558594","92.34153747558594"
"4275","60.27939987182617","60.27939987182617","60.27939987182617"
"4277","103.330810546875","103.330810546875","103.330810546875"
"4280","74.47923278808594","74.47923278808594","74.47923278808594"
"4281","50.614646911621094","50.614646911621094","50.614646911621094"
"4288","56.29135513305664","56.29135513305664","56.29135513305664"
"4295","89.16407775878906","89.16407775878906","89.16407775878906"
"4297","102.77212524414062","102.77212524414062","102.77212524414062"
"4298","104.346923828125","104.346923828125","104.346923828125"
"4304","80.15339660644531","80.15339660644531","80.15339660644531"
"4308","69.32963562011719","69.32963562011719","69.32963562011719"
"4312","56.475791931152344","56.475791931152344","56.475791931152344"
"4313","73.31901550292969","73.31901550292969","73.31901550292969"
"4314","52.703914642333984","52.703914642333984","52.703914642333984"
"4318","93.60789489746094","93.60789489746094","93.60789489746094"
"4319","77.37857055664062","77.37857055664062","77.37857055664062"
"4321","72.1007308959961","72.1007308959961","72.1007308959961"
"4326","67.545654296875","67.545654296875","67.545654296875"
"4328","50.74378204345703","50.74378204345703","50.74378204345703"
"4329","82.34529113769531","82.34529113769531","82.34529113769531"
"4335","66.92007446289062","66.92007446289062","66.92007446289062"
"4337","62.974510192871094","62.974510192871094","62.974510192871094"
"4338","85.64675903320312","85.64675903320312","85.64675903320312"
"4340","60.625213623046875","60.625213623046875","60.625213623046875"
"4341","60.916839599609375","60.916839599609375","60.916839599609375"
"4344","68.1247329711914","68.1247329711914","68.1247329711914"
"4345","60.32957077026367","60.32957077026367","60.32957077026367"
"4346","62.708003997802734","62.708003997802734","62.708003997802734"
"4348","72.87718200683594","72.87718200683594","72.87718200683594"
"4349","55.70648956298828","55.70648956298828","55.70648956298828"
"4351","89.97698211669922","89.97698211669922","89.97698211669922"
"4352","62.00516128540039","62.00516128540039","62.00516128540039"
"4354","62.169525146484375","62.169525146484375","62.169525146484375"
"4358","72.59707641601562","72.59707641601562","72.59707641601562"
"4359","51.8873405456543","51.8873405456543","51.8873405456543"
"4369","55.18918228149414","55.18918228149414","55.18918228149414"
"4373","73.76732635498047","73.76732635498047","73.76732635498047"
"4374","62.359745025634766","62.359745025634766","62.359745025634766"
"4375","69.81775665283203","69.81775665283203","69.81775665283203"
"4376","58.944053649902344","58.944053649902344","58.944053649902344"
"4377","82.50199127197266","82.50199127197266","82.50199127197266"
"4379","69.74906921386719","69.74906921386719","69.74906921386719"
"4381","52.65410614013672","52.65410614013672","52.65410614013672"
"4382","66.02883911132812","66.02883911132812","66.02883911132812"
"4384","88.44068145751953","88.44068145751953","88.44068145751953"
"4386","60.531333923339844","60.531333923339844","60.531333923339844"
"4390","77.60197448730469","77.60197448730469","77.60197448730469"
"4391","52.83145523071289","52.83145523071289","52.83145523071289"
"4392","50.4181022644043","50.4181022644043","50.4181022644043"
"4400","81.80614471435547","81.80614471435547","81.80614471435547"
"4402","59.19392395019531","59.19392395019531","59.19392395019531"
"4404","160.7493133544922","160.7493133544922","160.7493133544922"
"4405","72.73673248291016","72.73673248291016","72.73673248291016"
"4406","148.86907958984375","148.86907958984375","148.86907958984375"
"4408","110.60676574707031","110.60676574707031","110.60676574707031"
"4410","89.86062622070312","89.86062622070312","89.86062622070312"
"4411","59.85979461669922","59.85979461669922","59.85979461669922"
"4412","89.40725708007812","89.40725708007812","89.40725708007812"
"4413","51.82514572143555","51.82514572143555","51.82514572143555"
"4415","57.71193313598633","57.71193313598633","57.71193313598633"
"4419","54.177364349365234","54.177364349365234","54.177364349365234"
"4420","101.34587860107422","101.34587860107422","101.34587860107422"
"4424","63.11201477050781","63.11201477050781","63.11201477050781"
"4425","92.99791717529297","92.99791717529297","92.99791717529297"
"4427","85.55966186523438","85.55966186523438","85.55966186523438"
"4429","61.81845474243164","61.81845474243164","61.81845474243164"
"4432","64.55028533935547","64.55028533935547","64.55028533935547"
"4437","61.686771392822266","61.686771392822266","61.686771392822266"
"4439","70.84600830078125","70.84600830078125","70.84600830078125"
"4443","68.00224304199219","68.00224304199219","68.00224304199219"
"4445","66.26132202148438","66.26132202148438","66.26132202148438"
"4447","65.9699478149414","65.9699478149414","65.9699478149414"
"4448","46.648582458496094","46.648582458496094","46.648582458496094"
"4453","75.50565338134766","75.50565338134766","75.50565338134766"
"4458","45.8050537109375","45.8050537109375","45.8050537109375"
"4465","61.72968292236328","61.72968292236328","61.72968292236328"
"4468","61.80283737182617","61.80283737182617","61.80283737182617"
"4470","52.46683883666992","52.46683883666992","52.46683883666992"
"4471","58.652870178222656","58.652870178222656","58.652870178222656"
"4476","55.0877685546875","55.0877685546875","55.0877685546875"
"4478","77.94198608398438","77.94198608398438","77.94198608398438"
"4481","68.29756927490234","68.29756927490234","68.29756927490234"
"4486","91.0449447631836","91.0449447631836","91.0449447631836"
"4487","68.79928588867188","68.79928588867188","68.79928588867188"
"4489","52.60051345825195","52.60051345825195","52.60051345825195"
"4491","65.3884506225586","65.3884506225586","65.3884506225586"
"4493","73.0205307006836","73.0205307006836","73.0205307006836"
"4494","52.004249572753906","52.004249572753906","52.004249572753906"
"4496","54.26062774658203","54.26062774658203","54.26062774658203"
"4502","79.62154388427734","79.62154388427734","79.62154388427734"
"4503","66.2891616821289","66.2891616821289","66.2891616821289"
"4505","58.25156784057617","58.25156784057617","58.25156784057617"
"4510","64.93424987792969","64.93424987792969","64.93424987792969"
"4511","58.5172119140625","58.5172119140625","58.5172119140625"
"4512","75.3648452758789","75.3648452758789","75.3648452758789"
"4519","69.76052856445312","69.76052856445312","69.76052856445312"
"4520","59.216976165771484","59.216976165771484","59.216976165771484"
"4521","65.87529754638672","65.87529754638672","65.87529754638672"
"4522","66.00736999511719","66.00736999511719","66.00736999511719"
"4523","77.2657699584961","77.2657699584961","77.2657699584961"
"4526","55.39214324951172","55.39214324951172","55.39214324951172"
"4527","81.51078796386719","81.51078796386719","81.51078796386719"
"4530","59.188079833984375","59.188079833984375","59.188079833984375"
"4532","61.42080307006836","61.42080307006836","61.42080307006836"
"4534","84.25184631347656","84.25184631347656","84.25184631347656"
"4539","36.97016525268555","36.97016525268555","36.97016525268555"
"4541","70.61063385009766","70.61063385009766","70.61063385009766"
"4542","71.42559051513672","71.42559051513672","71.42559051513672"
"4543","51.24592590332031","51.24592590332031","51.24592590332031"
"4547","90.0494613647461","90.0494613647461","90.0494613647461"
"4549","59.580108642578125","59.580108642578125","59.580108642578125"
"4553","73.7332992553711","73.7332992553711","73.7332992553711"
"4555","64.15888214111328","64.15888214111328","64.15888214111328"
"4558","67.20552062988281","67.20552062988281","67.20552062988281"
"4559","74.23033142089844","74.23033142089844","74.23033142089844"
"4560","83.05783081054688","83.05783081054688","83.05783081054688"
"4563","56.77783203125","56.77783203125","56.77783203125"
"4564","255.5784149169922","255.5784149169922","255.5784149169922"
"4565","44.26761245727539","44.26761245727539","44.26761245727539"
"4566","73.76152038574219","73.76152038574219","73.76152038574219"
"4567","63.318355560302734","63.318355560302734","63.318355560302734"
"4570","88.033935546875","88.033935546875","88.033935546875"
"4573","67.2202377319336","67.2202377319336","67.2202377319336"
"4576","80.64219665527344","80.64219665527344","80.64219665527344"
"4577","70.45391845703125","70.45391845703125","70.45391845703125"
"4578","42.62712478637695","42.62712478637695","42.62712478637695"
"4579","66.1256103515625","66.1256103515625","66.1256103515625"
"4581","58.66865158081055","58.66865158081055","58.66865158081055"
"4582","66.04685974121094","66.04685974121094","66.04685974121094"
"4586","82.571533203125","82.571533203125","82.571533203125"
"4587","84.24662780761719","84.24662780761719","84.24662780761719"
"4591","72.04232025146484","72.04232025146484","72.04232025146484"
"4595","62.647727966308594","62.647727966308594","62.647727966308594"
"4596","57.13859939575195","57.13859939575195","57.13859939575195"
"4604","91.22554016113281","91.22554016113281","91.22554016113281"
"4606","62.411949157714844","62.411949157714844","62.411949157714844"
"4607","67.67925262451172","67.67925262451172","67.67925262451172"
"4608","63.56651306152344","63.56651306152344","63.56651306152344"
"4609","66.277587890625","66.277587890625","66.277587890625"
"4616","84.9764175415039","84.9764175415039","84.9764175415039"
"4618","62.927711486816406","62.927711486816406","62.927711486816406"
"4619","67.81836700439453","67.81836700439453","67.81836700439453"
"4621","102.05357360839844","102.05357360839844","102.05357360839844"
"4625","57.538448333740234","57.538448333740234","57.538448333740234"
"4626","64.61375427246094","64.61375427246094","64.61375427246094"
"4627","45.179542541503906","45.179542541503906","45.179542541503906"
"4630","64.38911437988281","64.38911437988281","64.38911437988281"
"4631","44.73701858520508","44.73701858520508","44.73701858520508"
"4633","117.21046447753906","117.21046447753906","117.21046447753906"
"4635","72.19119262695312","72.19119262695312","72.19119262695312"
"4637","55.8899040222168","55.8899040222168","55.8899040222168"
"4639","77.66967010498047","77.66967010498047","77.66967010498047"
"4642","63.30962371826172","63.30962371826172","63.30962371826172"
"4644","58.93737030029297","58.93737030029297","58.93737030029297"
"4647","107.38299560546875","107.38299560546875","107.38299560546875"
"4648","44.61940002441406","44.61940002441406","44.61940002441406"
"4650","75.457763671875","75.457763671875","75.457763671875"
"4651","50.514163970947266","50.514163970947266","50.514163970947266"
"4653","74.29120635986328","74.29120635986328","74.29120635986328"
"4655","61.754356384277344","61.754356384277344","61.754356384277344"
"4658","65.92703247070312","65.92703247070312","65.92703247070312"
"4659","70.95006561279297","70.95006561279297","70.95006561279297"
"4661","70.78705596923828","70.78705596923828","70.78705596923828"
"4665","93.40851593017578","93.40851593017578","93.40851593017578"
"4666","120.7552490234375","120.7552490234375","120.7552490234375"
"4670","91.34323120117188","91.34323120117188","91.34323120117188"
"4672","80.01937866210938","80.01937866210938","80.01937866210938"
"4673","93.23989868164062","93.23989868164062","93.23989868164062"
"4674","63.57011795043945","63.57011795043945","63.57011795043945"
"4676","82.19114685058594","82.19114685058594","82.19114685058594"
"4677","72.07166290283203","72.07166290283203","72.07166290283203"
"4680","43.57943344116211","43.57943344116211","43.57943344116211"
"4688","68.03620147705078","68.03620147705078","68.03620147705078"
"4689","57.162696838378906","57.162696838378906","57.162696838378906"
"4694","53.74808120727539","53.74808120727539","53.74808120727539"
"4696","71.13731384277344","71.13731384277344","71.13731384277344"
"4698","145.29481506347656","145.29481506347656","145.29481506347656"
"4704","73.28266906738281","73.28266906738281","73.28266906738281"
"4705","53.611934661865234","53.611934661865234","53.611934661865234"
"4707","49.2579231262207","49.2579231262207","49.2579231262207"
"4708","62.07851028442383","62.07851028442383","62.07851028442383"
"4710","61.67457962036133","61.67457962036133","61.67457962036133"
"4712","62.27874755859375","62.27874755859375","62.27874755859375"
"4713","67.35208892822266","67.35208892822266","67.35208892822266"
"4715","60.485504150390625","60.485504150390625","60.485504150390625"
"4719","55.96400833129883","55.96400833129883","55.96400833129883"
"4720","69.71385192871094","69.71385192871094","69.71385192871094"
"4726","81.09046173095703","81.09046173095703","81.09046173095703"
"4727","116.4832534790039","116.4832534790039","116.4832534790039"
"4729","76.2470474243164","76.2470474243164","76.2470474243164"
"4731","127.35100555419922","127.35100555419922","127.35100555419922"
"4733","61.269718170166016","61.269718170166016","61.269718170166016"
"4734","58.83184814453125","58.83184814453125","58.83184814453125"
"4735","69.33289337158203","69.33289337158203","69.33289337158203"
"4742","46.48689270019531","46.48689270019531","46.48689270019531"
"4750","75.211669921875","75.211669921875","75.211669921875"
"4751","58.46674728393555","58.46674728393555","58.46674728393555"
"4752","58.92169952392578","58.92169952392578","58.92169952392578"
"4753","76.67698669433594","76.67698669433594","76.67698669433594"
"4756","60.43414306640625","60.43414306640625","60.43414306640625"
"4758","70.80919647216797","70.80919647216797","70.80919647216797"
"4759","57.970706939697266","57.970706939697266","57.970706939697266"
"4762","117.18883514404297","117.18883514404297","117.18883514404297"
"4763","62.707645416259766","62.707645416259766","62.707645416259766"
"4771","53.81521987915039","53.81521987915039","53.81521987915039"
"4772","52.53358840942383","52.53358840942383","52.53358840942383"
"4773","66.72390747070312","66.72390747070312","66.72390747070312"
"4774","66.3848876953125","66.3848876953125","66.3848876953125"
"4775","60.95905303955078","60.95905303955078","60.95905303955078"
"4778","74.1885757446289","74.1885757446289","74.1885757446289"
"4779","108.3823471069336","108.3823471069336","108.3823471069336"
"4780","76.78946685791016","76.78946685791016","76.78946685791016"
"4783","56.025978088378906","56.025978088378906","56.025978088378906"
"4784","49.340492248535156","49.340492248535156","49.340492248535156"
"4785","63.35497283935547","63.35497283935547","63.35497283935547"
"4789","55.124351501464844","55.124351501464844","55.124351501464844"
"4790","131.55728149414062","131.55728149414062","131.55728149414062"
"4792","63.77476119995117","63.77476119995117","63.77476119995117"
"4795","51.483543395996094","51.483543395996094","51.483543395996094"
"4799","60.59442901611328","60.59442901611328","60.59442901611328"
"4800","61.51667022705078","61.51667022705078","61.51667022705078"
"4804","63.55947494506836","63.55947494506836","63.55947494506836"
"4806","74.74202728271484","74.74202728271484","74.74202728271484"
"4808","62.27711486816406","62.27711486816406","62.27711486816406"
"4812","84.9073257446289","84.9073257446289","84.9073257446289"
"4816","51.65433120727539","51.65433120727539","51.65433120727539"
"4818","60.08333206176758","60.08333206176758","60.08333206176758"
"4819","118.89166259765625","118.89166259765625","118.89166259765625"
"4822","70.1837158203125","70.1837158203125","70.1837158203125"
"4823","109.94776153564453","109.94776153564453","109.94776153564453"
"4824","93.82601928710938","93.82601928710938","93.82601928710938"
"4826","72.1239242553711","72.1239242553711","72.1239242553711"
"4829","66.21929931640625","66.21929931640625","66.21929931640625"
"4831","78.76348114013672","78.76348114013672","78.76348114013672"
"4838","70.63419342041016","70.63419342041016","70.63419342041016"
"4839","65.4449691772461","65.4449691772461","65.4449691772461"
"4843","61.16962814331055","61.16962814331055","61.16962814331055"
"4845","60.32427215576172","60.32427215576172","60.32427215576172"
"4851","55.93696594238281","55.93696594238281","55.93696594238281"
"4852","51.02447509765625","51.02447509765625","51.02447509765625"
"4860","62.43048095703125","62.43048095703125","62.43048095703125"
"4862","82.57353210449219","82.57353210449219","82.57353210449219"
"4870","99.63497161865234","99.63497161865234","99.63497161865234"
"4875","62.98220443725586","62.98220443725586","62.98220443725586"
"4878","55.64456558227539","55.64456558227539","55.64456558227539"
"4879","63.69127655029297","63.69127655029297","63.69127655029297"
"4886","43.74164962768555","43.74164962768555","43.74164962768555"
"4890","74.00415802001953","74.00415802001953","74.00415802001953"
"4893","101.57917022705078","101.57917022705078","101.57917022705078"
"4896","47.93944549560547","47.93944549560547","47.93944549560547"
"4901","59.566490173339844","59.566490173339844","59.566490173339844"
"4902","102.26618957519531","102.26618957519531","102.26618957519531"
"4906","66.41203308105469","66.41203308105469","66.41203308105469"
"4909","74.59956359863281","74.59956359863281","74.59956359863281"
"4911","82.13884735107422","82.13884735107422","82.13884735107422"
"4913","52.291507720947266","52.291507720947266","52.291507720947266"
"4914","50.170928955078125","50.170928955078125","50.170928955078125"
"4916","104.13192749023438","104.13192749023438","104.13192749023438"
"4917","88.96720123291016","88.96720123291016","88.96720123291016"
"4918","85.55818176269531","85.55818176269531","85.55818176269531"
"4919","59.875648498535156","59.875648498535156","59.875648498535156"
"4921","55.071231842041016","55.071231842041016","55.071231842041016"
"4923","64.15828704833984","64.15828704833984","64.15828704833984"
"4925","55.04707717895508","55.04707717895508","55.04707717895508"
"4930","81.15477752685547","81.15477752685547","81.15477752685547"
"4935","49.951995849609375","49.951995849609375","49.951995849609375"
"4937","51.496612548828125","51.496612548828125","51.496612548828125"
"4940","68.15448760986328","68.15448760986328","68.15448760986328"
"4942","58.33827209472656","58.33827209472656","58.33827209472656"
"4943","73.97766876220703","73.97766876220703","73.97766876220703"
"4944","62.752830505371094","62.752830505371094","62.752830505371094"
"4946","46.35887908935547","46.35887908935547","46.35887908935547"
"4950","78.34414672851562","78.34414672851562","78.34414672851562"
"4951","48.9139518737793","48.9139518737793","48.9139518737793"
"4957","56.29246139526367","56.29246139526367","56.29246139526367"
"4959","54.58141326904297","54.58141326904297","54.58141326904297"
"4962","58.36626052856445","58.36626052856445","58.36626052856445"
"4963","114.24578857421875","114.24578857421875","114.24578857421875"
"4964","87.18639373779297","87.18639373779297","87.18639373779297"
"4965","340.3464050292969","340.3464050292969","340.3464050292969"
"4967","80.75517272949219","80.75517272949219","80.75517272949219"
"4968","52.43962860107422","52.43962860107422","52.43962860107422"
"4974","47.62013626098633","47.62013626098633","47.62013626098633"
"4978","60.115135192871094","60.115135192871094","60.115135192871094"
"4979","45.68376541137695","45.68376541137695","45.68376541137695"
"4983","88.58683776855469","88.58683776855469","88.58683776855469"
"4990","1385.017822265625","1385.017822265625","1385.017822265625"
"4991","78.92093658447266","78.92093658447266","78.92093658447266"
"4992","56.05602264404297","56.05602264404297","56.05602264404297"
"4994","767.421875","767.421875","767.421875"
"4998","58.3641242980957","58.3641242980957","58.3641242980957"
"4999","69.5460433959961","69.5460433959961","69.5460433959961"
"5000","65.99826049804688","65.99826049804688","65.99826049804688"
"5004","57.16773986816406","57.16773986816406","57.16773986816406"
"5009","73.62638854980469","73.62638854980469","73.62638854980469"
"5011","77.99520874023438","77.99520874023438","77.99520874023438"
"5015","85.57661437988281","85.57661437988281","85.57661437988281"
"5016","45.460853576660156","45.460853576660156","45.460853576660156"
"5018","69.7100601196289","69.7100601196289","69.7100601196289"
"5019","62.63833999633789","62.63833999633789","62.63833999633789"
"5021","72.64714813232422","72.64714813232422","72.64714813232422"
"5023","58.8067626953125","58.8067626953125","58.8067626953125"
"5024","53.851531982421875","53.851531982421875","53.851531982421875"
"5030","86.98503112792969","86.98503112792969","86.98503112792969"
"5034","54.57205581665039","54.57205581665039","54.57205581665039"
"5035","43.623409271240234","43.623409271240234","43.623409271240234"
"5037","58.010005950927734","58.010005950927734","58.010005950927734"
"5038","63.796390533447266","63.796390533447266","63.796390533447266"
"5040","53.21846008300781","53.21846008300781","53.21846008300781"
"5041","75.34864807128906","75.34864807128906","75.34864807128906"
"5044","70.47383117675781","70.47383117675781","70.47383117675781"
"5046","76.25419616699219","76.25419616699219","76.25419616699219"
"5048","86.38740539550781","86.38740539550781","86.38740539550781"
"5050","49.4370231628418","49.4370231628418","49.4370231628418"
"5051","106.56039428710938","106.56039428710938","106.56039428710938"
"5053","142.25038146972656","142.25038146972656","142.25038146972656"
"5054","58.74168395996094","58.74168395996094","58.74168395996094"
"5056","59.02366638183594","59.02366638183594","59.02366638183594"
"5058","79.3177261352539","79.3177261352539","79.3177261352539"
"5060","47.534767150878906","47.534767150878906","47.534767150878906"
"5061","95.18446350097656","95.18446350097656","95.18446350097656"
"5062","59.710357666015625","59.710357666015625","59.710357666015625"
"5065","79.68529510498047","79.68529510498047","79.68529510498047"
"5066","43.645408630371094","43.645408630371094","43.645408630371094"
"5067","99.44295501708984","99.44295501708984","99.44295501708984"
"5069","75.71961212158203","75.71961212158203","75.71961212158203"
"5071","56.14746856689453","56.14746856689453","56.14746856689453"
"5074","71.0959243774414","71.0959243774414","71.0959243774414"
"5076","81.11490631103516","81.11490631103516","81.11490631103516"
"5078","78.85346221923828","78.85346221923828","78.85346221923828"
"5080","129.6687469482422","129.6687469482422","129.6687469482422"
"5086","2314.816162109375","2314.816162109375","2314.816162109375"
"5089","108.61597442626953","108.61597442626953","108.61597442626953"
"5091","162.23362731933594","162.23362731933594","162.23362731933594"
"5093","102.91281127929688","102.91281127929688","102.91281127929688"
"5101","79.90367126464844","79.90367126464844","79.90367126464844"
"5104","53.08404541015625","53.08404541015625","53.08404541015625"
"5105","49.20045471191406","49.20045471191406","49.20045471191406"
"5110","51.35831069946289","51.35831069946289","51.35831069946289"
"5113","70.63706970214844","70.63706970214844","70.63706970214844"
"5117","57.86472702026367","57.86472702026367","57.86472702026367"
"5119","43.26512145996094","43.26512145996094","43.26512145996094"
"5123","60.74640655517578","60.74640655517578","60.74640655517578"
"5125","88.32681274414062","88.32681274414062","88.32681274414062"
"5128","74.80537414550781","74.80537414550781","74.80537414550781"
"5130","49.222145080566406","49.222145080566406","49.222145080566406"
"5131","46.51567840576172","46.51567840576172","46.51567840576172"
"5134","48.40757751464844","48.40757751464844","48.40757751464844"
"5136","65.67021179199219","65.67021179199219","65.67021179199219"
"5140","49.5040168762207","49.5040168762207","49.5040168762207"
"5142","64.86715698242188","64.86715698242188","64.86715698242188"
"5143","71.22150421142578","71.22150421142578","71.22150421142578"
"5145","74.09780883789062","74.09780883789062","74.09780883789062"
"5148","67.40949249267578","67.40949249267578","67.40949249267578"
"5150","77.37300872802734","77.37300872802734","77.37300872802734"
"5158","57.872276306152344","57.872276306152344","57.872276306152344"
"5159","56.286170959472656","56.286170959472656","56.286170959472656"
"5161","53.49109649658203","53.49109649658203","53.49109649658203"
"5164","52.35319519042969","52.35319519042969","52.35319519042969"
"5165","45.65544509887695","45.65544509887695","45.65544509887695"
"5167","59.61640548706055","59.61640548706055","59.61640548706055"
"5168","75.9305191040039","75.9305191040039","75.9305191040039"
"5170","64.39339447021484","64.39339447021484","64.39339447021484"
"5172","51.683349609375","51.683349609375","51.683349609375"
"5173","3652.30517578125","3652.30517578125","3652.30517578125"
"5179","111.15882873535156","111.15882873535156","111.15882873535156"
"5180","60.801544189453125","60.801544189453125","60.801544189453125"
"5181","112.61300659179688","112.61300659179688","112.61300659179688"
"5182","56.37919616699219","56.37919616699219","56.37919616699219"
"5183","64.25526428222656","64.25526428222656","64.25526428222656"
"5186","47.684730529785156","47.684730529785156","47.684730529785156"
"5191","61.96434020996094","61.96434020996094","61.96434020996094"
"5193","75.96884155273438","75.96884155273438","75.96884155273438"
"5194","79.58460235595703","79.58460235595703","79.58460235595703"
"5195","56.35435485839844","56.35435485839844","56.35435485839844"
"5199","57.0936279296875","57.0936279296875","57.0936279296875"
"5200","53.40961456298828","53.40961456298828","53.40961456298828"
"5201","41.467529296875","41.467529296875","41.467529296875"
"5202","46.170555114746094","46.170555114746094","46.170555114746094"
"5203","65.15961456298828","65.15961456298828","65.15961456298828"
"5204","84.49327850341797","84.49327850341797","84.49327850341797"
"5207","45.7626838684082","45.7626838684082","45.7626838684082"
"5210","50.485477447509766","50.485477447509766","50.485477447509766"
"5211","52.530391693115234","52.530391693115234","52.530391693115234"
"5212","48.705101013183594","48.705101013183594","48.705101013183594"
"5215","54.817996978759766","54.817996978759766","54.817996978759766"
"5216","39.399261474609375","39.399261474609375","39.399261474609375"
"5218","64.54157257080078","64.54157257080078","64.54157257080078"
"5222","43.53632736206055","43.53632736206055","43.53632736206055"
"5224","61.427154541015625","61.427154541015625","61.427154541015625"
"5226","53.913612365722656","53.913612365722656","53.913612365722656"
"5227","69.3597640991211","69.3597640991211","69.3597640991211"
"5231","83.43075561523438","83.43075561523438","83.43075561523438"
"5233","65.610107421875","65.610107421875","65.610107421875"
"5234","72.01585388183594","72.01585388183594","72.01585388183594"
"5239","64.03102111816406","64.03102111816406","64.03102111816406"
"5240","74.86151123046875","74.86151123046875","74.86151123046875"
"5242","55.47431564331055","55.47431564331055","55.47431564331055"
"5248","57.80118942260742","57.80118942260742","57.80118942260742"
"5249","66.47559356689453","66.47559356689453","66.47559356689453"
"5250","55.70806121826172","55.70806121826172","55.70806121826172"
"5255","80.16848754882812","80.16848754882812","80.16848754882812"
"5259","56.19729232788086","56.19729232788086","56.19729232788086"
"5260","71.15936279296875","71.15936279296875","71.15936279296875"
"5261","44.604068756103516","44.604068756103516","44.604068756103516"
"5262","40.74108123779297","40.74108123779297","40.74108123779297"
"5266","74.31243133544922","74.31243133544922","74.31243133544922"
"5267","63.915069580078125","63.915069580078125","63.915069580078125"
"5268","57.505104064941406","57.505104064941406","57.505104064941406"
"5272","45.86452102661133","45.86452102661133","45.86452102661133"
"5273","50.368743896484375","50.368743896484375","50.368743896484375"
"5274","54.9965934753418","54.9965934753418","54.9965934753418"
"5277","50.544761657714844","50.544761657714844","50.544761657714844"
"5281","64.08219909667969","64.08219909667969","64.08219909667969"
"5284","63.18311309814453","63.18311309814453","63.18311309814453"
"5285","54.26421356201172","54.26421356201172","54.26421356201172"
"5286","66.24632263183594","66.24632263183594","66.24632263183594"
"5287","71.0047607421875","71.0047607421875","71.0047607421875"
"5294","53.179840087890625","53.179840087890625","53.179840087890625"
"5296","66.36763000488281","66.36763000488281","66.36763000488281"
"5297","72.6066665649414","72.6066665649414","72.6066665649414"
"5299","76.16207885742188","76.16207885742188","76.16207885742188"
"5301","49.59279251098633","49.59279251098633","49.59279251098633"
"5302","57.43658447265625","57.43658447265625","57.43658447265625"
"5304","51.91349792480469","51.91349792480469","51.91349792480469"
"5305","57.26873016357422","57.26873016357422","57.26873016357422"
"5313","61.613853454589844","61.613853454589844","61.613853454589844"
"5315","43.83661651611328","43.83661651611328","43.83661651611328"
"5318","56.47237777709961","56.47237777709961","56.47237777709961"
"5319","41.80059051513672","41.80059051513672","41.80059051513672"
"5322","49.80484390258789","49.80484390258789","49.80484390258789"
"5327","43.44859313964844","43.44859313964844","43.44859313964844"
"5329","55.7943229675293","55.7943229675293","55.7943229675293"
"5331","107.82685852050781","107.82685852050781","107.82685852050781"
"5332","45.48747634887695","45.48747634887695","45.48747634887695"
"5333","62.47317886352539","62.47317886352539","62.47317886352539"
"5334","57.40974807739258","57.40974807739258","57.40974807739258"
"5335","57.5399169921875","57.5399169921875","57.5399169921875"
"5336","48.83108139038086","48.83108139038086","48.83108139038086"
"5340","80.51822662353516","80.51822662353516","80.51822662353516"
"5342","59.82381057739258","59.82381057739258","59.82381057739258"
"5343","45.88606262207031","45.88606262207031","45.88606262207031"
"5346","54.694786071777344","54.694786071777344","54.694786071777344"
"5348","72.73216247558594","72.73216247558594","72.73216247558594"
"5349","44.25743865966797","44.25743865966797","44.25743865966797"
"5350","69.71049499511719","69.71049499511719","69.71049499511719"
"5352","55.189109802246094","55.189109802246094","55.189109802246094"
"5355","54.33675003051758","54.33675003051758","54.33675003051758"
"5356","54.31781005859375","54.31781005859375","54.31781005859375"
"5358","58.270050048828125","58.270050048828125","58.270050048828125"
"5360","78.47090148925781","78.47090148925781","78.47090148925781"
"5361","53.79679870605469","53.79679870605469","53.79679870605469"
"5369","70.84030151367188","70.84030151367188","70.84030151367188"
"5372","67.27605438232422","67.27605438232422","67.27605438232422"
"5376","50.33139419555664","50.33139419555664","50.33139419555664"
"5379","74.68582153320312","74.68582153320312","74.68582153320312"
"5382","56.67252731323242","56.67252731323242","56.67252731323242"
"5383","59.354129791259766","59.354129791259766","59.354129791259766"
"5384","93.89737701416016","93.89737701416016","93.89737701416016"
"5388","61.76105880737305","61.76105880737305","61.76105880737305"
"5389","58.066322326660156","58.066322326660156","58.066322326660156"
"5390","57.776493072509766","57.776493072509766","57.776493072509766"
"5392","52.15040969848633","52.15040969848633","52.15040969848633"
"5393","63.78567886352539","63.78567886352539","63.78567886352539"
"5394","56.01121139526367","56.01121139526367","56.01121139526367"
"5395","59.36390686035156","59.36390686035156","59.36390686035156"
"5396","4051.3759765625","4051.3759765625","4051.3759765625"
"5398","48.9974479675293","48.9974479675293","48.9974479675293"
"5399","63.72478103637695","63.72478103637695","63.72478103637695"
"5401","59.10134506225586","59.10134506225586","59.10134506225586"
"5403","51.37419128417969","51.37419128417969","51.37419128417969"
"5405","62.22576904296875","62.22576904296875","62.22576904296875"
"5406","71.84989166259766","71.84989166259766","71.84989166259766"
"5412","63.81223678588867","63.81223678588867","63.81223678588867"
"5416","62.62659454345703","62.62659454345703","62.62659454345703"
"5419","83.91584777832031","83.91584777832031","83.91584777832031"
"5421","95.68075561523438","95.68075561523438","95.68075561523438"
"5423","71.65878295898438","71.65878295898438","71.65878295898438"
"5427","55.06926727294922","55.06926727294922","55.06926727294922"
"5428","78.38230895996094","78.38230895996094","78.38230895996094"
"5431","110.8045654296875","110.8045654296875","110.8045654296875"
"5434","108.01204681396484","108.01204681396484","108.01204681396484"
"5435","56.437503814697266","56.437503814697266","56.437503814697266"
"5437","73.0712890625","73.0712890625","73.0712890625"
"5438","136.45474243164062","136.45474243164062","136.45474243164062"
"5439","66.2034912109375","66.2034912109375","66.2034912109375"
"5443","87.33612823486328","87.33612823486328","87.33612823486328"
"5444","68.3311996459961","68.3311996459961","68.3311996459961"
"5445","118.79055786132812","118.79055786132812","118.79055786132812"
"5446","55.82643127441406","55.82643127441406","55.82643127441406"
"5448","64.85482788085938","64.85482788085938","64.85482788085938"
"5449","66.69209289550781","66.69209289550781","66.69209289550781"
"5454","56.337772369384766","56.337772369384766","56.337772369384766"
"5456","50.24333190917969","50.24333190917969","50.24333190917969"
"5458","50.2082405090332","50.2082405090332","50.2082405090332"
"5459","62.888118743896484","62.888118743896484","62.888118743896484"
"5462","55.82923889160156","55.82923889160156","55.82923889160156"
"5463","57.129676818847656","57.129676818847656","57.129676818847656"
"5465","48.64767074584961","48.64767074584961","48.64767074584961"
"5468","43.73786544799805","43.73786544799805","43.73786544799805"
"5469","43.31452178955078","43.31452178955078","43.31452178955078"
"5473","57.96074295043945","57.96074295043945","57.96074295043945"
"5481","42.63905334472656","42.63905334472656","42.63905334472656"
"5483","109.46503448486328","109.46503448486328","109.46503448486328"
"5485","57.42198944091797","57.42198944091797","57.42198944091797"
"5486","96.35609436035156","96.35609436035156","96.35609436035156"
"5493","49.02147674560547","49.02147674560547","49.02147674560547"
"5494","40.022762298583984","40.022762298583984","40.022762298583984"
"5497","60.23311996459961","60.23311996459961","60.23311996459961"
"5498","75.08759307861328","75.08759307861328","75.08759307861328"
"5500","90.78377532958984","90.78377532958984","90.78377532958984"
"5510","61.0982666015625","61.0982666015625","61.0982666015625"
"5514","75.05780029296875","75.05780029296875","75.05780029296875"
"5516","52.027671813964844","52.027671813964844","52.027671813964844"
"5517","75.75028228759766","75.75028228759766","75.75028228759766"
"5520","629.6876831054688","629.6876831054688","629.6876831054688"
"5523","113.81932830810547","113.81932830810547","113.81932830810547"
"5525","56.66212463378906","56.66212463378906","56.66212463378906"
"5529","62.09638214111328","62.09638214111328","62.09638214111328"
"5533","71.99857330322266","71.99857330322266","71.99857330322266"
"5535","118.98487854003906","118.98487854003906","118.98487854003906"
"5544","43.85137176513672","43.85137176513672","43.85137176513672"
"5545","52.41648483276367","52.41648483276367","52.41648483276367"
"5547","76.51610565185547","76.51610565185547","76.51610565185547"
"5548","60.410308837890625","60.410308837890625","60.410308837890625"
"5551","57.16051483154297","57.16051483154297","57.16051483154297"
"5557","52.01380920410156","52.01380920410156","52.01380920410156"
"5559","52.87041473388672","52.87041473388672","52.87041473388672"
"5561","49.79730224609375","49.79730224609375","49.79730224609375"
"5565","51.92326736450195","51.92326736450195","51.92326736450195"
"5570","108.10707092285156","108.10707092285156","108.10707092285156"
"5573","70.75048065185547","70.75048065185547","70.75048065185547"
"5581","57.64316177368164","57.64316177368164","57.64316177368164"
"5583","49.757720947265625","49.757720947265625","49.757720947265625"
"5587","65.87417602539062","65.87417602539062","65.87417602539062"
"5588","49.93260955810547","49.93260955810547","49.93260955810547"
"5592","63.980262756347656","63.980262756347656","63.980262756347656"
"5593","51.20415115356445","51.20415115356445","51.20415115356445"
"5596","45.01439666748047","45.01439666748047","45.01439666748047"
"5598","37.806640625","37.806640625","37.806640625"
"5599","71.02713775634766","71.02713775634766","71.02713775634766"
"5602","101.55819702148438","101.55819702148438","101.55819702148438"
"5604","60.930824279785156","60.930824279785156","60.930824279785156"
"5607","54.219703674316406","54.219703674316406","54.219703674316406"
"5608","44.93318176269531","44.93318176269531","44.93318176269531"
"5610","93.66594696044922","93.66594696044922","93.66594696044922"
"5613","87.29420471191406","87.29420471191406","87.29420471191406"
"5614","88.45700073242188","88.45700073242188","88.45700073242188"
"5616","48.605308532714844","48.605308532714844","48.605308532714844"
"5617","75.04773712158203","75.04773712158203","75.04773712158203"
"5618","68.85950469970703","68.85950469970703","68.85950469970703"
"5620","84.96321105957031","84.96321105957031","84.96321105957031"
"5621","52.741302490234375","52.741302490234375","52.741302490234375"
"5625","79.2135238647461","79.2135238647461","79.2135238647461"
"5628","81.30711364746094","81.30711364746094","81.30711364746094"
"5629","53.12855529785156","53.12855529785156","53.12855529785156"
"5633","60.684349060058594","60.684349060058594","60.684349060058594"
"5634","45.07060241699219","45.07060241699219","45.07060241699219"
"5640","61.08675765991211","61.08675765991211","61.08675765991211"
"5642","44.450801849365234","44.450801849365234","44.450801849365234"
"5644","57.69880676269531","57.69880676269531","57.69880676269531"
"5645","43.802940368652344","43.802940368652344","43.802940368652344"
"5647","88.20494079589844","88.20494079589844","88.20494079589844"
"5648","43.727230072021484","43.727230072021484","43.727230072021484"
"5651","51.12895965576172","51.12895965576172","51.12895965576172"
"5653","85.56251525878906","85.56251525878906","85.56251525878906"
"5655","56.582130432128906","56.582130432128906","56.582130432128906"
"5658","56.01169967651367","56.01169967651367","56.01169967651367"
"5659","58.456912994384766","58.456912994384766","58.456912994384766"
"5661","49.2034912109375","49.2034912109375","49.2034912109375"
"5662","78.34025573730469","78.34025573730469","78.34025573730469"
"5663","46.3790283203125","46.3790283203125","46.3790283203125"
"5664","49.6402587890625","49.6402587890625","49.6402587890625"
"5666","62.86408233642578","62.86408233642578","62.86408233642578"
"5670","49.97145462036133","49.97145462036133","49.97145462036133"
"5673","69.01354217529297","69.01354217529297","69.01354217529297"
"5674","53.30401611328125","53.30401611328125","53.30401611328125"
"5681","53.69048309326172","53.69048309326172","53.69048309326172"
"5683","89.99488067626953","89.99488067626953","89.99488067626953"
"5685","68.9100341796875","68.9100341796875","68.9100341796875"
"5687","60.900413513183594","60.900413513183594","60.900413513183594"
"5691","61.692237854003906","61.692237854003906","61.692237854003906"
"5694","49.65469741821289","49.65469741821289","49.65469741821289"
"5701","74.8531494140625","74.8531494140625","74.8531494140625"
"5704","66.30448913574219","66.30448913574219","66.30448913574219"
"5706","69.93254089355469","69.93254089355469","69.93254089355469"
"5708","60.350868225097656","60.350868225097656","60.350868225097656"
"5710","52.796974182128906","52.796974182128906","52.796974182128906"
"5714","52.64070129394531","52.64070129394531","52.64070129394531"
"5718","65.98038482666016","65.98038482666016","65.98038482666016"
"5720","51.401756286621094","51.401756286621094","51.401756286621094"
"5721","58.673072814941406","58.673072814941406","58.673072814941406"
"5724","58.95021057128906","58.95021057128906","58.95021057128906"
"5727","57.96025466918945","57.96025466918945","57.96025466918945"
"5733","87.87512969970703","87.87512969970703","87.87512969970703"
"5735","41.387123107910156","41.387123107910156","41.387123107910156"
"5741","47.05596923828125","47.05596923828125","47.05596923828125"
"5744","48.653865814208984","48.653865814208984","48.653865814208984"
"5747","51.27918243408203","51.27918243408203","51.27918243408203"
"5751","80.91203308105469","80.91203308105469","80.91203308105469"
"5752","64.084716796875","64.084716796875","64.084716796875"
"5753","64.86842346191406","64.86842346191406","64.86842346191406"
"5755","59.570491790771484","59.570491790771484","59.570491790771484"
"5756","47.19403839111328","47.19403839111328","47.19403839111328"
"5757","53.56282043457031","53.56282043457031","53.56282043457031"
"5760","50.33830261230469","50.33830261230469","50.33830261230469"
"5761","74.4610824584961","74.4610824584961","74.4610824584961"
"5764","73.05352783203125","73.05352783203125","73.05352783203125"
"5765","58.221771240234375","58.221771240234375","58.221771240234375"
"5769","75.2611083984375","75.2611083984375","75.2611083984375"
"5772","76.3692398071289","76.3692398071289","76.3692398071289"
"5773","61.30702209472656","61.30702209472656","61.30702209472656"
"5776","71.75196838378906","71.75196838378906","71.75196838378906"
"5777","146.6326904296875","146.6326904296875","146.6326904296875"
"5778","60.87224578857422","60.87224578857422","60.87224578857422"
"5785","100.27519989013672","100.27519989013672","100.27519989013672"
"5795","71.38436126708984","71.38436126708984","71.38436126708984"
"5796","61.27326202392578","61.27326202392578","61.27326202392578"
"5797","75.76060485839844","75.76060485839844","75.76060485839844"
"5800","86.39704895019531","86.39704895019531","86.39704895019531"
"5801","64.310791015625","64.310791015625","64.310791015625"
"5802","51.49079513549805","51.49079513549805","51.49079513549805"
"5804","85.47238159179688","85.47238159179688","85.47238159179688"
"5805","48.507694244384766","48.507694244384766","48.507694244384766"
"5807","58.562870025634766","58.562870025634766","58.562870025634766"
"5808","64.33494567871094","64.33494567871094","64.33494567871094"
"5817","55.61142349243164","55.61142349243164","55.61142349243164"
"5818","55.23348617553711","55.23348617553711","55.23348617553711"
"5819","103.62971496582031","103.62971496582031","103.62971496582031"
"5821","117.98900604248047","117.98900604248047","117.98900604248047"
"5822","70.8172378540039","70.8172378540039","70.8172378540039"
"5824","48.56319808959961","48.56319808959961","48.56319808959961"
"5830","60.5806884765625","60.5806884765625","60.5806884765625"
"5831","83.17877197265625","83.17877197265625","83.17877197265625"
"5833","64.62432861328125","64.62432861328125","64.62432861328125"
"5835","65.27823638916016","65.27823638916016","65.27823638916016"
"5836","80.74825286865234","80.74825286865234","80.74825286865234"
"5840","67.85454559326172","67.85454559326172","67.85454559326172"
"5846","56.92109298706055","56.92109298706055","56.92109298706055"
"5847","42.534549713134766","42.534549713134766","42.534549713134766"
"5848","36.78821563720703","36.78821563720703","36.78821563720703"
"5850","51.48638153076172","51.48638153076172","51.48638153076172"
"5852","46.876914978027344","46.876914978027344","46.876914978027344"
"5855","60.76179885864258","60.76179885864258","60.76179885864258"
"5856","47.32282257080078","47.32282257080078","47.32282257080078"
"5859","72.00721740722656","72.00721740722656","72.00721740722656"
"5862","70.06642150878906","70.06642150878906","70.06642150878906"
"5863","273.3008117675781","273.3008117675781","273.3008117675781"
"5864","74.78227996826172","74.78227996826172","74.78227996826172"
"5866","62.61355972290039","62.61355972290039","62.61355972290039"
"5867","57.501678466796875","57.501678466796875","57.501678466796875"
"5869","48.41341781616211","48.41341781616211","48.41341781616211"
"5874","59.01584243774414","59.01584243774414","59.01584243774414"
"5875","69.95903015136719","69.95903015136719","69.95903015136719"
"5876","57.39201354980469","57.39201354980469","57.39201354980469"
"5879","100.61643981933594","100.61643981933594","100.61643981933594"
"5881","53.23971939086914","53.23971939086914","53.23971939086914"
"5883","55.06364440917969","55.06364440917969","55.06364440917969"
"5886","64.80843353271484","64.80843353271484","64.80843353271484"
"5889","74.11318969726562","74.11318969726562","74.11318969726562"
"5890","59.497432708740234","59.497432708740234","59.497432708740234"
"5895","49.07440948486328","49.07440948486328","49.07440948486328"
"5901","112.9632339477539","112.9632339477539","112.9632339477539"
"5904","51.61886978149414","51.61886978149414","51.61886978149414"
"5908","55.64934539794922","55.64934539794922","55.64934539794922"
"5909","72.82835388183594","72.82835388183594","72.82835388183594"
"5910","45.46217727661133","45.46217727661133","45.46217727661133"
"5913","82.58262634277344","82.58262634277344","82.58262634277344"
"5915","83.06330108642578","83.06330108642578","83.06330108642578"
"5919","68.31771087646484","68.31771087646484","68.31771087646484"
"5920","51.61967849731445","51.61967849731445","51.61967849731445"
"5921","640.783447265625","640.783447265625","640.783447265625"
"5922","85.39925384521484","85.39925384521484","85.39925384521484"
"5927","61.78423309326172","61.78423309326172","61.78423309326172"
"5930","60.91326904296875","60.91326904296875","60.91326904296875"
"5933","63.205326080322266","63.205326080322266","63.205326080322266"
"5936","50.245391845703125","50.245391845703125","50.245391845703125"
"5937","5123.06396484375","5123.06396484375","5123.06396484375"
"5940","52.042850494384766","52.042850494384766","52.042850494384766"
"5941","51.780757904052734","51.780757904052734","51.780757904052734"
"5942","51.00164031982422","51.00164031982422","51.00164031982422"
"5944","70.53250122070312","70.53250122070312","70.53250122070312"
"5945","47.38983154296875","47.38983154296875","47.38983154296875"
"5946","46.56941604614258","46.56941604614258","46.56941604614258"
"5947","64.91148376464844","64.91148376464844","64.91148376464844"
"5950","75.6467514038086","75.6467514038086","75.6467514038086"
"5952","60.27949523925781","60.27949523925781","60.27949523925781"
"5954","65.25517272949219","65.25517272949219","65.25517272949219"
"5955","69.89277648925781","69.89277648925781","69.89277648925781"
"5956","48.771907806396484","48.771907806396484","48.771907806396484"
"5959","53.42158126831055","53.42158126831055","53.42158126831055"
"5960","53.46202850341797","53.46202850341797","53.46202850341797"
"5961","67.09593200683594","67.09593200683594","67.09593200683594"
"5966","63.992340087890625","63.992340087890625","63.992340087890625"
"5968","40.785484313964844","40.785484313964844","40.785484313964844"
"5969","54.9340705871582","54.9340705871582","54.9340705871582"
"5971","48.61785888671875","48.61785888671875","48.61785888671875"
"5972","76.44017028808594","76.44017028808594","76.44017028808594"
"5975","49.71861267089844","49.71861267089844","49.71861267089844"
"5977","76.95652770996094","76.95652770996094","76.95652770996094"
"5978","74.23050689697266","74.23050689697266","74.23050689697266"
"5979","64.73619842529297","64.73619842529297","64.73619842529297"
"5980","44.81382369995117","44.81382369995117","44.81382369995117"
"5984","56.9230842590332","56.9230842590332","56.9230842590332"
"5995","56.514060974121094","56.514060974121094","56.514060974121094"
"5996","45.33183288574219","45.33183288574219","45.33183288574219"
"5999","62.26702880859375","62.26702880859375","62.26702880859375"
"6000","85.79977416992188","85.79977416992188","85.79977416992188"
"6007","62.30016326904297","62.30016326904297","62.30016326904297"
"6009","54.948402404785156","54.948402404785156","54.948402404785156"
"6011","54.616214752197266","54.616214752197266","54.616214752197266"
"6014","50.07085037231445","50.07085037231445","50.07085037231445"
"6018","48.49283981323242","48.49283981323242","48.49283981323242"
"6021","47.53704833984375","47.53704833984375","47.53704833984375"
"6022","70.35137176513672","70.35137176513672","70.35137176513672"
"6023","49.196231842041016","49.196231842041016","49.196231842041016"
"6024","44.83992385864258","44.83992385864258","44.83992385864258"
"6026","45.342491149902344","45.342491149902344","45.342491149902344"
"6028","67.80348205566406","67.80348205566406","67.80348205566406"
"6031","53.803611755371094","53.803611755371094","53.803611755371094"
"6032","54.644649505615234","54.644649505615234","54.644649505615234"
"6042","65.63561248779297","65.63561248779297","65.63561248779297"
"6043","57.74821472167969","57.74821472167969","57.74821472167969"
"6054","83.26266479492188","83.26266479492188","83.26266479492188"
"6057","49.729801177978516","49.729801177978516","49.729801177978516"
"6059","50.94783020019531","50.94783020019531","50.94783020019531"
"6060","53.9323616027832","53.9323616027832","53.9323616027832"
"6063","54.58796691894531","54.58796691894531","54.58796691894531"
"6068","51.04883575439453","51.04883575439453","51.04883575439453"
"6070","60.15851974487305","60.15851974487305","60.15851974487305"
"6076","46.03080368041992","46.03080368041992","46.03080368041992"
"6077","111.08735656738281","111.08735656738281","111.08735656738281"
"6078","51.82952117919922","51.82952117919922","51.82952117919922"
"6079","69.57195281982422","69.57195281982422","69.57195281982422"
"6081","54.92379379272461","54.92379379272461","54.92379379272461"
"6082","61.19658660888672","61.19658660888672","61.19658660888672"
"6086","50.9813346862793","50.9813346862793","50.9813346862793"
"6087","47.29620361328125","47.29620361328125","47.29620361328125"
"6089","47.125511169433594","47.125511169433594","47.125511169433594"
"6096","82.9073257446289","82.9073257446289","82.9073257446289"
"6101","51.119712829589844","51.119712829589844","51.119712829589844"
"6103","55.82783126831055","55.82783126831055","55.82783126831055"
"6104","82.33340454101562","82.33340454101562","82.33340454101562"
"6106","52.48157501220703","52.48157501220703","52.48157501220703"
"6114","52.877708435058594","52.877708435058594","52.877708435058594"
"6115","52.19760513305664","52.19760513305664","52.19760513305664"
"6117","177.772705078125","177.772705078125","177.772705078125"
"6120","60.7755241394043","60.7755241394043","60.7755241394043"
"6125","147.33778381347656","147.33778381347656","147.33778381347656"
"6133","67.2774429321289","67.2774429321289","67.2774429321289"
"6134","46.490318298339844","46.490318298339844","46.490318298339844"
"6137","38.077030181884766","38.077030181884766","38.077030181884766"
"6139","65.04501342773438","65.04501342773438","65.04501342773438"
"6142","48.63998794555664","48.63998794555664","48.63998794555664"
"6143","80.41827392578125","80.41827392578125","80.41827392578125"
"6146","54.37388229370117","54.37388229370117","54.37388229370117"
"6147","46.63648223876953","46.63648223876953","46.63648223876953"
"6150","58.32624053955078","58.32624053955078","58.32624053955078"
"6151","47.109352111816406","47.109352111816406","47.109352111816406"
"6152","46.61893844604492","46.61893844604492","46.61893844604492"
"6167","48.64330291748047","48.64330291748047","48.64330291748047"
"6170","50.96614074707031","50.96614074707031","50.96614074707031"
"6179","93.10407257080078","93.10407257080078","93.10407257080078"
"6182","51.95518493652344","51.95518493652344","51.95518493652344"
"6183","45.48664474487305","45.48664474487305","45.48664474487305"
"6186","82.13446807861328","82.13446807861328","82.13446807861328"
"6187","51.370994567871094","51.370994567871094","51.370994567871094"
"6189","45.09506607055664","45.09506607055664","45.09506607055664"
"6192","69.72782897949219","69.72782897949219","69.72782897949219"
"6193","61.67610549926758","61.67610549926758","61.67610549926758"
"6196","57.58463668823242","57.58463668823242","57.58463668823242"
"6200","49.28865051269531","49.28865051269531","49.28865051269531"
"6201","44.81195068359375","44.81195068359375","44.81195068359375"
"6202","53.37464904785156","53.37464904785156","53.37464904785156"
"6205","52.43061828613281","52.43061828613281","52.43061828613281"
"6206","5292.88671875","5292.88671875","5292.88671875"
"6207","53.75654602050781","53.75654602050781","53.75654602050781"
"6208","56.4782600402832","56.4782600402832","56.4782600402832"
"6211","50.11560821533203","50.11560821533203","50.11560821533203"
"6212","68.85655212402344","68.85655212402344","68.85655212402344"
"6214","48.27524185180664","48.27524185180664","48.27524185180664"
"6216","61.9295654296875","61.9295654296875","61.9295654296875"
"6218","60.69828796386719","60.69828796386719","60.69828796386719"
"6219","44.79444885253906","44.79444885253906","44.79444885253906"
"6221","605.4676513671875","605.4676513671875","605.4676513671875"
"6225","42.556610107421875","42.556610107421875","42.556610107421875"
"6231","45.264137268066406","45.264137268066406","45.264137268066406"
"6232","56.38937759399414","56.38937759399414","56.38937759399414"
"6236","63.32538604736328","63.32538604736328","63.32538604736328"
"6240","53.79686737060547","53.79686737060547","53.79686737060547"
"6241","66.37328338623047","66.37328338623047","66.37328338623047"
"6243","56.16560745239258","56.16560745239258","56.16560745239258"
"6245","47.53377151489258","47.53377151489258","47.53377151489258"
"6249","50.798194885253906","50.798194885253906","50.798194885253906"
"6258","50.792667388916016","50.792667388916016","50.792667388916016"
"6259","54.0169792175293","54.0169792175293","54.0169792175293"
"6261","56.14125442504883","56.14125442504883","56.14125442504883"
"6265","41.90441131591797","41.90441131591797","41.90441131591797"
"6268","55.3851432800293","55.3851432800293","55.3851432800293"
"6269","96.63275909423828","96.63275909423828","96.63275909423828"
"6270","61.373985290527344","61.373985290527344","61.373985290527344"
"6276","71.39816284179688","71.39816284179688","71.39816284179688"
"6280","70.36738586425781","70.36738586425781","70.36738586425781"
"6281","66.33380889892578","66.33380889892578","66.33380889892578"
"6282","78.85407257080078","78.85407257080078","78.85407257080078"
"6283","57.85029220581055","57.85029220581055","57.85029220581055"
"6284","60.97920227050781","60.97920227050781","60.97920227050781"
"6289","78.98854064941406","78.98854064941406","78.98854064941406"
"6291","52.32078170776367","52.32078170776367","52.32078170776367"
"6293","60.76872253417969","60.76872253417969","60.76872253417969"
"6295","54.40005111694336","54.40005111694336","54.40005111694336"
"6297","61.465728759765625","61.465728759765625","61.465728759765625"
"6305","42.51503372192383","42.51503372192383","42.51503372192383"
"6306","50.59252166748047","50.59252166748047","50.59252166748047"
"6307","76.72130584716797","76.72130584716797","76.72130584716797"
"6309","43.89639663696289","43.89639663696289","43.89639663696289"
"6310","63.10425567626953","63.10425567626953","63.10425567626953"
"6312","48.15308380126953","48.15308380126953","48.15308380126953"
"6316","67.61666107177734","67.61666107177734","67.61666107177734"
"6318","46.02399826049805","46.02399826049805","46.02399826049805"
"6322","66.62300109863281","66.62300109863281","66.62300109863281"
"6328","66.10346221923828","66.10346221923828","66.10346221923828"
"6334","77.27041625976562","77.27041625976562","77.27041625976562"
"6337","55.72509002685547","55.72509002685547","55.72509002685547"
"6340","50.728153228759766","50.728153228759766","50.728153228759766"
"6341","45.69923782348633","45.69923782348633","45.69923782348633"
"6342","67.04803466796875","67.04803466796875","67.04803466796875"
"6343","56.79899597167969","56.79899597167969","56.79899597167969"
"6344","45.847412109375","45.847412109375","45.847412109375"
"6348","58.902610778808594","58.902610778808594","58.902610778808594"
"6349","114.04181671142578","114.04181671142578","114.04181671142578"
"6351","184.24655151367188","184.24655151367188","184.24655151367188"
"6357","55.060447692871094","55.060447692871094","55.060447692871094"
"6362","59.812164306640625","59.812164306640625","59.812164306640625"
"6370","60.242835998535156","60.242835998535156","60.242835998535156"
"6371","44.64994812011719","44.64994812011719","44.64994812011719"
"6375","105.17447662353516","105.17447662353516","105.17447662353516"
"6377","104.80903625488281","104.80903625488281","104.80903625488281"
"6378","53.519309997558594","53.519309997558594","53.519309997558594"
"6380","61.37723922729492","61.37723922729492","61.37723922729492"
"6382","69.13458251953125","69.13458251953125","69.13458251953125"
"6383","58.2930793762207","58.2930793762207","58.2930793762207"
"6385","55.24272918701172","55.24272918701172","55.24272918701172"
"6386","67.06256103515625","67.06256103515625","67.06256103515625"
"6387","46.91062545776367","46.91062545776367","46.91062545776367"
"6395","54.530303955078125","54.530303955078125","54.530303955078125"
"6396","65.79789733886719","65.79789733886719","65.79789733886719"
"6399","64.55023193359375","64.55023193359375","64.55023193359375"
"6401","61.92742919921875","61.92742919921875","61.92742919921875"
"6402","63.72605895996094","63.72605895996094","63.72605895996094"
"6405","44.86551284790039","44.86551284790039","44.86551284790039"
"6408","53.12379837036133","53.12379837036133","53.12379837036133"
"6412","66.94932556152344","66.94932556152344","66.94932556152344"
"6414","57.93379592895508","57.93379592895508","57.93379592895508"
"6415","50.71867370605469","50.71867370605469","50.71867370605469"
"6416","59.269344329833984","59.269344329833984","59.269344329833984"
"6417","43.8697509765625","43.8697509765625","43.8697509765625"
"6422","70.38615417480469","70.38615417480469","70.38615417480469"
"6423","97.65995788574219","97.65995788574219","97.65995788574219"
"6424","72.11878967285156","72.11878967285156","72.11878967285156"
"6426","82.66382598876953","82.66382598876953","82.66382598876953"
"6430","80.3994369506836","80.3994369506836","80.3994369506836"
"6432","39.55833435058594","39.55833435058594","39.55833435058594"
"6438","61.768192291259766","61.768192291259766","61.768192291259766"
"6439","44.19163513183594","44.19163513183594","44.19163513183594"
"6440","87.05488586425781","87.05488586425781","87.05488586425781"
"6442","50.83910369873047","50.83910369873047","50.83910369873047"
"6446","82.31441497802734","82.31441497802734","82.31441497802734"
"6447","79.3835678100586","79.3835678100586","79.3835678100586"
"6453","58.844444274902344","58.844444274902344","58.844444274902344"
"6454","46.83738327026367","46.83738327026367","46.83738327026367"
"6455","85.38512420654297","85.38512420654297","85.38512420654297"
"6459","55.307003021240234","55.307003021240234","55.307003021240234"
"6463","41.83436965942383","41.83436965942383","41.83436965942383"
"6465","49.70476531982422","49.70476531982422","49.70476531982422"
"6468","52.53227233886719","52.53227233886719","52.53227233886719"
"6469","74.55255889892578","74.55255889892578","74.55255889892578"
"6470","78.04048919677734","78.04048919677734","78.04048919677734"
"6471","39.87484359741211","39.87484359741211","39.87484359741211"
"6473","2002.2518310546875","2002.2518310546875","2002.2518310546875"
"6474","45.430294036865234","45.430294036865234","45.430294036865234"
"6477","34.558067321777344","34.558067321777344","34.558067321777344"
"6480","53.39841079711914","53.39841079711914","53.39841079711914"
"6484","43.740684509277344","43.740684509277344","43.740684509277344"
"6486","58.04062271118164","58.04062271118164","58.04062271118164"
"6490","44.67601013183594","44.67601013183594","44.67601013183594"
"6492","129.49148559570312","129.49148559570312","129.49148559570312"
"6494","48.192283630371094","48.192283630371094","48.192283630371094"
"6495","53.25672912597656","53.25672912597656","53.25672912597656"
"6496","52.28157424926758","52.28157424926758","52.28157424926758"
"6505","48.84333801269531","48.84333801269531","48.84333801269531"
"6507","36.09488296508789","36.09488296508789","36.09488296508789"
"6510","54.5052604675293","54.5052604675293","54.5052604675293"
"6511","67.49403381347656","67.49403381347656","67.49403381347656"
"6514","69.8307113647461","69.8307113647461","69.8307113647461"
"6515","50.70406723022461","50.70406723022461","50.70406723022461"
"6518","48.813331604003906","48.813331604003906","48.813331604003906"
"6520","54.20606994628906","54.20606994628906","54.20606994628906"
"6522","64.37689971923828","64.37689971923828","64.37689971923828"
"6525","62.32605743408203","62.32605743408203","62.32605743408203"
"6526","57.638648986816406","57.638648986816406","57.638648986816406"
"6528","156.32322692871094","156.32322692871094","156.32322692871094"
"6530","54.750213623046875","54.750213623046875","54.750213623046875"
"6534","55.305450439453125","55.305450439453125","55.305450439453125"
"6535","45.269134521484375","45.269134521484375","45.269134521484375"
"6536","56.70758056640625","56.70758056640625","56.70758056640625"
"6537","53.64641571044922","53.64641571044922","53.64641571044922"
"6538","42.128875732421875","42.128875732421875","42.128875732421875"
"6539","53.26313781738281","53.26313781738281","53.26313781738281"
"6542","57.00852966308594","57.00852966308594","57.00852966308594"
"6544","159.7611846923828","159.7611846923828","159.7611846923828"
"6545","49.76579666137695","49.76579666137695","49.76579666137695"
"6551","49.07071304321289","49.07071304321289","49.07071304321289"
"6552","53.05714416503906","53.05714416503906","53.05714416503906"
"6555","40.807857513427734","40.807857513427734","40.807857513427734"
"6556","43.250640869140625","43.250640869140625","43.250640869140625"
"6557","57.67698669433594","57.67698669433594","57.67698669433594"
"6562","108.412109375","108.412109375","108.412109375"
"6565","116.681884765625","116.681884765625","116.681884765625"
"6568","58.54035949707031","58.54035949707031","58.54035949707031"
"6570","84.38432312011719","84.38432312011719","84.38432312011719"
"6575","47.109886169433594","47.109886169433594","47.109886169433594"
"6576","71.44912719726562","71.44912719726562","71.44912719726562"
"6578","44.5240478515625","44.5240478515625","44.5240478515625"
"6579","49.632171630859375","49.632171630859375","49.632171630859375"
"6580","59.763553619384766","59.763553619384766","59.763553619384766"
"6582","41.10963821411133","41.10963821411133","41.10963821411133"
"6583","50.00403594970703","50.00403594970703","50.00403594970703"
"6584","50.382774353027344","50.382774353027344","50.382774353027344"
"6585","52.28746795654297","52.28746795654297","52.28746795654297"
"6586","65.05792999267578","65.05792999267578","65.05792999267578"
"6588","53.59153747558594","53.59153747558594","53.59153747558594"
"6589","43.53237533569336","43.53237533569336","43.53237533569336"
"6590","44.16253662109375","44.16253662109375","44.16253662109375"
"6595","61.53359603881836","61.53359603881836","61.53359603881836"
"6597","56.0518798828125","56.0518798828125","56.0518798828125"
"6600","59.88063049316406","59.88063049316406","59.88063049316406"
"6602","86.72022247314453","86.72022247314453","86.72022247314453"
"6603","52.13768005371094","52.13768005371094","52.13768005371094"
"6605","50.34417724609375","50.34417724609375","50.34417724609375"
"6606","78.00651550292969","78.00651550292969","78.00651550292969"
"6609","53.93359375","53.93359375","53.93359375"
"6610","42.54019546508789","42.54019546508789","42.54019546508789"
"6611","41.63520050048828","41.63520050048828","41.63520050048828"
"6614","47.176021575927734","47.176021575927734","47.176021575927734"
"6621","89.93412780761719","89.93412780761719","89.93412780761719"
"6623","37.032928466796875","37.032928466796875","37.032928466796875"
"6625","57.98029327392578","57.98029327392578","57.98029327392578"
"6626","168.27105712890625","168.27105712890625","168.27105712890625"
"6627","48.28415298461914","48.28415298461914","48.28415298461914"
"6630","66.94331359863281","66.94331359863281","66.94331359863281"
"6633","51.528297424316406","51.528297424316406","51.528297424316406"
"6637","43.339805603027344","43.339805603027344","43.339805603027344"
"6638","41.27016067504883","41.27016067504883","41.27016067504883"
"6643","51.37138366699219","51.37138366699219","51.37138366699219"
"6644","54.733421325683594","54.733421325683594","54.733421325683594"
"6645","48.067840576171875","48.067840576171875","48.067840576171875"
"6650","48.25325012207031","48.25325012207031","48.25325012207031"
"6651","65.13668823242188","65.13668823242188","65.13668823242188"
"6655","49.39924621582031","49.39924621582031","49.39924621582031"
"6656","68.9542465209961","68.9542465209961","68.9542465209961"
"6659","1967.892822265625","1967.892822265625","1967.892822265625"
"6661","81.82508087158203","81.82508087158203","81.82508087158203"
"6663","62.10418701171875","62.10418701171875","62.10418701171875"
"6664","56.13854217529297","56.13854217529297","56.13854217529297"
"6670","49.88008499145508","49.88008499145508","49.88008499145508"
"6672","98.68852996826172","98.68852996826172","98.68852996826172"
"6673","67.78675842285156","67.78675842285156","67.78675842285156"
"6676","40.04545593261719","40.04545593261719","40.04545593261719"
"6678","64.14237213134766","64.14237213134766","64.14237213134766"
"6680","57.81824493408203","57.81824493408203","57.81824493408203"
"6681","43.906402587890625","43.906402587890625","43.906402587890625"
"6684","62.592708587646484","62.592708587646484","62.592708587646484"
"6685","52.27695083618164","52.27695083618164","52.27695083618164"
"6688","54.43257141113281","54.43257141113281","54.43257141113281"
"6691","74.71033477783203","74.71033477783203","74.71033477783203"
"6692","39.60471725463867","39.60471725463867","39.60471725463867"
"6693","77.08951568603516","77.08951568603516","77.08951568603516"
"6694","52.62568664550781","52.62568664550781","52.62568664550781"
"6695","90.8316421508789","90.8316421508789","90.8316421508789"
"6696","60.297603607177734","60.297603607177734","60.297603607177734"
"6700","52.310543060302734","52.310543060302734","52.310543060302734"
"6706","79.39535522460938","79.39535522460938","79.39535522460938"
"6707","45.15891647338867","45.15891647338867","45.15891647338867"
"6709","88.41455078125","88.41455078125","88.41455078125"
"6711","80.95142364501953","80.95142364501953","80.95142364501953"
"6714","66.147705078125","66.147705078125","66.147705078125"
"6715","50.43125915527344","50.43125915527344","50.43125915527344"
"6716","48.46990203857422","48.46990203857422","48.46990203857422"
"6717","49.91032028198242","49.91032028198242","49.91032028198242"
"6718","51.03019714355469","51.03019714355469","51.03019714355469"
"6719","53.52942657470703","53.52942657470703","53.52942657470703"
"6722","62.885223388671875","62.885223388671875","62.885223388671875"
"6727","41.0125732421875","41.0125732421875","41.0125732421875"
"6729","53.71546173095703","53.71546173095703","53.71546173095703"
"6733","51.75236511230469","51.75236511230469","51.75236511230469"
"6736","54.43729782104492","54.43729782104492","54.43729782104492"
"6737","46.00367736816406","46.00367736816406","46.00367736816406"
"6742","43.6065788269043","43.6065788269043","43.6065788269043"
"6743","49.625160217285156","49.625160217285156","49.625160217285156"
"6746","57.071266174316406","57.071266174316406","57.071266174316406"
"6747","61.77177429199219","61.77177429199219","61.77177429199219"
"6749","80.3684310913086","80.3684310913086","80.3684310913086"
"6756","92.16535949707031","92.16535949707031","92.16535949707031"
"6759","64.04088592529297","64.04088592529297","64.04088592529297"
"6762","78.383056640625","78.383056640625","78.383056640625"
"6763","77.15406799316406","77.15406799316406","77.15406799316406"
"6766","42.918853759765625","42.918853759765625","42.918853759765625"
"6767","43.257938385009766","43.257938385009766","43.257938385009766"
"6772","4029.406494140625","4029.406494140625","4029.406494140625"
"6775","46.1982307434082","46.1982307434082","46.1982307434082"
"6776","56.531410217285156","56.531410217285156","56.531410217285156"
"6778","52.795589447021484","52.795589447021484","52.795589447021484"
"6780","60.887420654296875","60.887420654296875","60.887420654296875"
"6782","47.70325469970703","47.70325469970703","47.70325469970703"
"6783","52.54106140136719","52.54106140136719","52.54106140136719"
"6786","54.98922348022461","54.98922348022461","54.98922348022461"
"6789","43.087791442871094","43.087791442871094","43.087791442871094"
"6792","56.73370361328125","56.73370361328125","56.73370361328125"
"6794","56.02142333984375","56.02142333984375","56.02142333984375"
"6797","44.81727600097656","44.81727600097656","44.81727600097656"
"6800","49.69908905029297","49.69908905029297","49.69908905029297"
"6802","45.71099090576172","45.71099090576172","45.71099090576172"
"6803","45.862403869628906","45.862403869628906","45.862403869628906"
"6805","49.034088134765625","49.034088134765625","49.034088134765625"
"6809","72.99998474121094","72.99998474121094","72.99998474121094"
"6811","47.99090576171875","47.99090576171875","47.99090576171875"
"6815","50.161109924316406","50.161109924316406","50.161109924316406"
"6819","50.65776824951172","50.65776824951172","50.65776824951172"
"6821","66.16311645507812","66.16311645507812","66.16311645507812"
"6823","62.785858154296875","62.785858154296875","62.785858154296875"
"6826","50.07953643798828","50.07953643798828","50.07953643798828"
"6827","44.36571502685547","44.36571502685547","44.36571502685547"
"6828","65.98690032958984","65.98690032958984","65.98690032958984"
"6829","50.73206329345703","50.73206329345703","50.73206329345703"
"6830","54.142059326171875","54.142059326171875","54.142059326171875"
"6832","43.49092483520508","43.49092483520508","43.49092483520508"
"6834","45.766971588134766","45.766971588134766","45.766971588134766"
"6836","45.972923278808594","45.972923278808594","45.972923278808594"
"6844","52.011539459228516","52.011539459228516","52.011539459228516"
"6845","54.468658447265625","54.468658447265625","54.468658447265625"
"6850","57.42428970336914","57.42428970336914","57.42428970336914"
"6855","103.81021881103516","103.81021881103516","103.81021881103516"
"6860","65.61229705810547","65.61229705810547","65.61229705810547"
"6867","549.4983520507812","549.4983520507812","549.4983520507812"
"6868","44.070186614990234","44.070186614990234","44.070186614990234"
"6869","56.91788864135742","56.91788864135742","56.91788864135742"
"6873","42.944969177246094","42.944969177246094","42.944969177246094"
"6874","59.48027801513672","59.48027801513672","59.48027801513672"
"6875","75.41603088378906","75.41603088378906","75.41603088378906"
"6881","84.45790100097656","84.45790100097656","84.45790100097656"
"6882","50.23883056640625","50.23883056640625","50.23883056640625"
"6885","49.88972091674805","49.88972091674805","49.88972091674805"
"6886","63.57794952392578","63.57794952392578","63.57794952392578"
"6894","43.42698287963867","43.42698287963867","43.42698287963867"
"6895","66.372802734375","66.372802734375","66.372802734375"
"6898","62.625946044921875","62.625946044921875","62.625946044921875"
"6899","55.77545928955078","55.77545928955078","55.77545928955078"
"6900","45.31330490112305","45.31330490112305","45.31330490112305"
"6902","66.52349853515625","66.52349853515625","66.52349853515625"
"6905","61.85132598876953","61.85132598876953","61.85132598876953"
"6906","62.96268844604492","62.96268844604492","62.96268844604492"
"6910","49.57937240600586","49.57937240600586","49.57937240600586"
"6912","52.56581115722656","52.56581115722656","52.56581115722656"
"6914","53.640769958496094","53.640769958496094","53.640769958496094"
"6916","42.60341262817383","42.60341262817383","42.60341262817383"
"6919","60.02840805053711","60.02840805053711","60.02840805053711"
"6920","54.05900573730469","54.05900573730469","54.05900573730469"
"6921","54.23068618774414","54.23068618774414","54.23068618774414"
"6924","57.20322036743164","57.20322036743164","57.20322036743164"
"6931","51.73237228393555","51.73237228393555","51.73237228393555"
"6934","55.161277770996094","55.161277770996094","55.161277770996094"
"6935","53.95987319946289","53.95987319946289","53.95987319946289"
"6936","70.10243225097656","70.10243225097656","70.10243225097656"
"6939","38.69518280029297","38.69518280029297","38.69518280029297"
"6943","66.78301239013672","66.78301239013672","66.78301239013672"
"6944","46.94552993774414","46.94552993774414","46.94552993774414"
"6946","243.19142150878906","243.19142150878906","243.19142150878906"
"6947","79.55137634277344","79.55137634277344","79.55137634277344"
"6950","51.689754486083984","51.689754486083984","51.689754486083984"
"6955","54.197364807128906","54.197364807128906","54.197364807128906"
"6958","44.1314697265625","44.1314697265625","44.1314697265625"
"6961","50.1905517578125","50.1905517578125","50.1905517578125"
"6964","68.91230010986328","68.91230010986328","68.91230010986328"
"6965","47.9237060546875","47.9237060546875","47.9237060546875"
"6966","54.30784225463867","54.30784225463867","54.30784225463867"
"6968","1030.948486328125","1030.948486328125","1030.948486328125"
"6971","41.56955337524414","41.56955337524414","41.56955337524414"
"6973","45.02522277832031","45.02522277832031","45.02522277832031"
"6975","89.88400268554688","89.88400268554688","89.88400268554688"
"6980","77.39779663085938","77.39779663085938","77.39779663085938"
"6982","62.782073974609375","62.782073974609375","62.782073974609375"
"6984","57.205116271972656","57.205116271972656","57.205116271972656"
"6985","46.97372817993164","46.97372817993164","46.97372817993164"
"6987","48.840110778808594","48.840110778808594","48.840110778808594"
"6988","55.85142135620117","55.85142135620117","55.85142135620117"
"6989","68.84693145751953","68.84693145751953","68.84693145751953"
"6990","56.234493255615234","56.234493255615234","56.234493255615234"
"6994","50.412750244140625","50.412750244140625","50.412750244140625"
"7002","70.63321685791016","70.63321685791016","70.63321685791016"
"7003","70.015869140625","70.015869140625","70.015869140625"
"7004","58.388755798339844","58.388755798339844","58.388755798339844"
"7005","57.441749572753906","57.441749572753906","57.441749572753906"
"7007","53.21692657470703","53.21692657470703","53.21692657470703"
"7010","49.9735107421875","49.9735107421875","49.9735107421875"
"7011","78.55965423583984","78.55965423583984","78.55965423583984"
"7013","100.5716781616211","100.5716781616211","100.5716781616211"
"7017","76.15380096435547","76.15380096435547","76.15380096435547"
"7018","74.10270690917969","74.10270690917969","74.10270690917969"
"7022","54.262123107910156","54.262123107910156","54.262123107910156"
"7023","50.2664909362793","50.2664909362793","50.2664909362793"
"7025","44.23261260986328","44.23261260986328","44.23261260986328"
"7029","45.066715240478516","45.066715240478516","45.066715240478516"
"7037","59.613258361816406","59.613258361816406","59.613258361816406"
"7040","52.76393127441406","52.76393127441406","52.76393127441406"
"7041","55.24901580810547","55.24901580810547","55.24901580810547"
"7042","49.7010498046875","49.7010498046875","49.7010498046875"
"7048","78.60786437988281","78.60786437988281","78.60786437988281"
"7051","136.36180114746094","136.36180114746094","136.36180114746094"
"7056","67.09823608398438","67.09823608398438","67.09823608398438"
"7058","72.5271987915039","72.5271987915039","72.5271987915039"
"7059","59.51437759399414","59.51437759399414","59.51437759399414"
"7060","49.26316833496094","49.26316833496094","49.26316833496094"
"7061","57.14012908935547","57.14012908935547","57.14012908935547"
"7062","44.51730728149414","44.51730728149414","44.51730728149414"
"7064","60.04066467285156","60.04066467285156","60.04066467285156"
"7066","50.42097091674805","50.42097091674805","50.42097091674805"
"7070","73.93482971191406","73.93482971191406","73.93482971191406"
"7073","52.74026870727539","52.74026870727539","52.74026870727539"
"7077","60.60205078125","60.60205078125","60.60205078125"
"7081","58.672767639160156","58.672767639160156","58.672767639160156"
"7082","43.06097412109375","43.06097412109375","43.06097412109375"
"7083","47.5937385559082","47.5937385559082","47.5937385559082"
"7087","44.24237060546875","44.24237060546875","44.24237060546875"
"7089","47.709903717041016","47.709903717041016","47.709903717041016"
"7090","60.69260025024414","60.69260025024414","60.69260025024414"
"7091","48.43891906738281","48.43891906738281","48.43891906738281"
"7094","35.34379196166992","35.34379196166992","35.34379196166992"
"7097","40.65692901611328","40.65692901611328","40.65692901611328"
"7112","44.497955322265625","44.497955322265625","44.497955322265625"
"7113","49.74799346923828","49.74799346923828","49.74799346923828"
"7114","46.82221221923828","46.82221221923828","46.82221221923828"
"7119","61.51581573486328","61.51581573486328","61.51581573486328"
"7121","45.52821731567383","45.52821731567383","45.52821731567383"
"7125","45.72413635253906","45.72413635253906","45.72413635253906"
"7128","41.81245803833008","41.81245803833008","41.81245803833008"
"7129","56.843055725097656","56.843055725097656","56.843055725097656"
"7131","48.75658416748047","48.75658416748047","48.75658416748047"
"7132","41.3559455871582","41.3559455871582","41.3559455871582"
"7136","44.671730041503906","44.671730041503906","44.671730041503906"
"7137","41.30775833129883","41.30775833129883","41.30775833129883"
"7140","70.19963073730469","70.19963073730469","70.19963073730469"
"7144","52.00413513183594","52.00413513183594","52.00413513183594"
"7149","84.04993438720703","84.04993438720703","84.04993438720703"
"7151","48.97895050048828","48.97895050048828","48.97895050048828"
"7154","55.00465393066406","55.00465393066406","55.00465393066406"
"7159","45.409942626953125","45.409942626953125","45.409942626953125"
"7160","58.18975067138672","58.18975067138672","58.18975067138672"
"7162","88.12548828125","88.12548828125","88.12548828125"
"7164","41.62437057495117","41.62437057495117","41.62437057495117"
"7166","56.69411087036133","56.69411087036133","56.69411087036133"
"7168","37.91474151611328","37.91474151611328","37.91474151611328"
"7173","41.042999267578125","41.042999267578125","41.042999267578125"
"7174","78.31925201416016","78.31925201416016","78.31925201416016"
"7176","52.49627685546875","52.49627685546875","52.49627685546875"
"7184","48.80549621582031","48.80549621582031","48.80549621582031"
"7186","62.79334259033203","62.79334259033203","62.79334259033203"
"7188","66.44456481933594","66.44456481933594","66.44456481933594"
"7190","46.31550979614258","46.31550979614258","46.31550979614258"
"7193","67.62429809570312","67.62429809570312","67.62429809570312"
"7194","45.83504867553711","45.83504867553711","45.83504867553711"
"7196","35.9951057434082","35.9951057434082","35.9951057434082"
"7198","50.44530487060547","50.44530487060547","50.44530487060547"
"7200","63.508949279785156","63.508949279785156","63.508949279785156"
"7205","55.6231689453125","55.6231689453125","55.6231689453125"
"7206","50.454105377197266","50.454105377197266","50.454105377197266"
"7207","51.88093566894531","51.88093566894531","51.88093566894531"
"7208","55.04120635986328","55.04120635986328","55.04120635986328"
"7210","58.45973205566406","58.45973205566406","58.45973205566406"
"7212","54.31780242919922","54.31780242919922","54.31780242919922"
"7213","57.06398391723633","57.06398391723633","57.06398391723633"
"7214","62.51715087890625","62.51715087890625","62.51715087890625"
"7220","52.81658935546875","52.81658935546875","52.81658935546875"
"7225","45.170684814453125","45.170684814453125","45.170684814453125"
"7226","46.83500671386719","46.83500671386719","46.83500671386719"
"7229","38.312557220458984","38.312557220458984","38.312557220458984"
"7234","57.305824279785156","57.305824279785156","57.305824279785156"
"7235","737.0286254882812","737.0286254882812","737.0286254882812"
"7236","84.27120971679688","84.27120971679688","84.27120971679688"
"7238","300.4262390136719","300.4262390136719","300.4262390136719"
"7239","44.149593353271484","44.149593353271484","44.149593353271484"
"7240","47.164710998535156","47.164710998535156","47.164710998535156"
"7241","46.78580856323242","46.78580856323242","46.78580856323242"
"7242","71.26895904541016","71.26895904541016","71.26895904541016"
"7244","59.888587951660156","59.888587951660156","59.888587951660156"
"7245","58.40422058105469","58.40422058105469","58.40422058105469"
"7246","60.95257568359375","60.95257568359375","60.95257568359375"
"7247","47.723548889160156","47.723548889160156","47.723548889160156"
"7248","62.38517761230469","62.38517761230469","62.38517761230469"
"7249","67.2274169921875","67.2274169921875","67.2274169921875"
"7251","69.23518371582031","69.23518371582031","69.23518371582031"
"7253","98.82810974121094","98.82810974121094","98.82810974121094"
"7254","64.86451721191406","64.86451721191406","64.86451721191406"
"7257","41.51811599731445","41.51811599731445","41.51811599731445"
"7260","52.42721939086914","52.42721939086914","52.42721939086914"
"7263","52.39189910888672","52.39189910888672","52.39189910888672"
"7264","54.63082504272461","54.63082504272461","54.63082504272461"
"7265","52.25934982299805","52.25934982299805","52.25934982299805"
"7267","44.97298049926758","44.97298049926758","44.97298049926758"
"7268","46.69102096557617","46.69102096557617","46.69102096557617"
"7269","75.30619049072266","75.30619049072266","75.30619049072266"
"7274","42.401344299316406","42.401344299316406","42.401344299316406"
"7275","40.07368850708008","40.07368850708008","40.07368850708008"
"7277","39.76333236694336","39.76333236694336","39.76333236694336"
"7278","62.43926239013672","62.43926239013672","62.43926239013672"
"7279","52.46581268310547","52.46581268310547","52.46581268310547"
"7280","46.1074333190918","46.1074333190918","46.1074333190918"
"7285","45.250701904296875","45.250701904296875","45.250701904296875"
"7286","44.04037094116211","44.04037094116211","44.04037094116211"
"7290","63.9432373046875","63.9432373046875","63.9432373046875"
"7291","61.29011535644531","61.29011535644531","61.29011535644531"
"7292","48.042518615722656","48.042518615722656","48.042518615722656"
"7293","75.36309814453125","75.36309814453125","75.36309814453125"
"7295","46.668819427490234","46.668819427490234","46.668819427490234"
"7296","59.47651672363281","59.47651672363281","59.47651672363281"
"7298","45.39398193359375","45.39398193359375","45.39398193359375"
"7299","75.18805694580078","75.18805694580078","75.18805694580078"
"7301","49.70585632324219","49.70585632324219","49.70585632324219"
"7304","41.16374969482422","41.16374969482422","41.16374969482422"
"7308","66.2392578125","66.2392578125","66.2392578125"
"7310","58.768157958984375","58.768157958984375","58.768157958984375"
"7313","57.65297317504883","57.65297317504883","57.65297317504883"
"7315","60.338592529296875","60.338592529296875","60.338592529296875"
"7325","38.87285614013672","38.87285614013672","38.87285614013672"
"7328","51.349754333496094","51.349754333496094","51.349754333496094"
"7329","56.04880142211914","56.04880142211914","56.04880142211914"
"7330","123.46241760253906","123.46241760253906","123.46241760253906"
"7332","43.17964172363281","43.17964172363281","43.17964172363281"
"7340","47.330806732177734","47.330806732177734","47.330806732177734"
"7342","69.55580139160156","69.55580139160156","69.55580139160156"
"7344","42.36683654785156","42.36683654785156","42.36683654785156"
"7345","55.43395233154297","55.43395233154297","55.43395233154297"
"7347","173.25498962402344","173.25498962402344","173.25498962402344"
"7349","51.64672088623047","51.64672088623047","51.64672088623047"
"7355","53.08692169189453","53.08692169189453","53.08692169189453"
"7357","43.282772064208984","43.282772064208984","43.282772064208984"
"7358","40.764801025390625","40.764801025390625","40.764801025390625"
"7361","63.29756546020508","63.29756546020508","63.29756546020508"
"7364","46.5407829284668","46.5407829284668","46.5407829284668"
"7365","59.50917053222656","59.50917053222656","59.50917053222656"
"7367","54.271568298339844","54.271568298339844","54.271568298339844"
"7373","49.63143539428711","49.63143539428711","49.63143539428711"
"7378","55.00950622558594","55.00950622558594","55.00950622558594"
"7381","64.77458953857422","64.77458953857422","64.77458953857422"
"7383","66.31585693359375","66.31585693359375","66.31585693359375"
"7384","64.95951843261719","64.95951843261719","64.95951843261719"
"7389","56.02106475830078","56.02106475830078","56.02106475830078"
"7390","79.974609375","79.974609375","79.974609375"
"7391","62.399105072021484","62.399105072021484","62.399105072021484"
"7397","59.430423736572266","59.430423736572266","59.430423736572266"
"7399","43.14252471923828","43.14252471923828","43.14252471923828"
"7400","42.97227478027344","42.97227478027344","42.97227478027344"
"7403","59.71888732910156","59.71888732910156","59.71888732910156"
"7407","52.44439697265625","52.44439697265625","52.44439697265625"
"7410","42.07798767089844","42.07798767089844","42.07798767089844"
"7411","61.166542053222656","61.166542053222656","61.166542053222656"
"7413","45.6990966796875","45.6990966796875","45.6990966796875"
"7415","49.55949783325195","49.55949783325195","49.55949783325195"
"7416","41.97147750854492","41.97147750854492","41.97147750854492"
"7417","61.845645904541016","61.845645904541016","61.845645904541016"
"7419","45.63060760498047","45.63060760498047","45.63060760498047"
"7422","50.447879791259766","50.447879791259766","50.447879791259766"
"7425","66.27152252197266","66.27152252197266","66.27152252197266"
"7428","58.92120361328125","58.92120361328125","58.92120361328125"
"7429","55.222713470458984","55.222713470458984","55.222713470458984"
"7430","59.52617645263672","59.52617645263672","59.52617645263672"
"7431","48.50939178466797","48.50939178466797","48.50939178466797"
"7433","232.8054656982422","232.8054656982422","232.8054656982422"
"7434","84.12886047363281","84.12886047363281","84.12886047363281"
"7435","44.36164474487305","44.36164474487305","44.36164474487305"
"7437","600.0155029296875","600.0155029296875","600.0155029296875"
"7440","58.387847900390625","58.387847900390625","58.387847900390625"
"7441","85.91281127929688","85.91281127929688","85.91281127929688"
"7444","42.009220123291016","42.009220123291016","42.009220123291016"
"7445","43.529319763183594","43.529319763183594","43.529319763183594"
"7451","55.137962341308594","55.137962341308594","55.137962341308594"
"7454","40.10260009765625","40.10260009765625","40.10260009765625"
"7457","49.0152587890625","49.0152587890625","49.0152587890625"
"7458","42.028343200683594","42.028343200683594","42.028343200683594"
"7459","109.46439361572266","109.46439361572266","109.46439361572266"
"7463","59.05600357055664","59.05600357055664","59.05600357055664"
"7464","68.00086212158203","68.00086212158203","68.00086212158203"
"7470","55.11728286743164","55.11728286743164","55.11728286743164"
"7472","68.55675506591797","68.55675506591797","68.55675506591797"
"7478","45.95953369140625","45.95953369140625","45.95953369140625"
"7481","58.84083557128906","58.84083557128906","58.84083557128906"
"7482","66.8341064453125","66.8341064453125","66.8341064453125"
"7483","52.684295654296875","52.684295654296875","52.684295654296875"
"7488","46.298072814941406","46.298072814941406","46.298072814941406"
"7496","57.046295166015625","57.046295166015625","57.046295166015625"
"7498","70.3018569946289","70.3018569946289","70.3018569946289"
"7501","55.87435531616211","55.87435531616211","55.87435531616211"
"7506","72.21726989746094","72.21726989746094","72.21726989746094"
"7509","55.02394104003906","55.02394104003906","55.02394104003906"
"7510","56.177093505859375","56.177093505859375","56.177093505859375"
"7512","60.94512939453125","60.94512939453125","60.94512939453125"
"7514","59.102752685546875","59.102752685546875","59.102752685546875"
"7515","63.03059768676758","63.03059768676758","63.03059768676758"
"7516","49.14945602416992","49.14945602416992","49.14945602416992"
"7518","60.06928253173828","60.06928253173828","60.06928253173828"
"7520","108.07806396484375","108.07806396484375","108.07806396484375"
"7522","57.946739196777344","57.946739196777344","57.946739196777344"
"7523","68.26172637939453","68.26172637939453","68.26172637939453"
"7526","41.221248626708984","41.221248626708984","41.221248626708984"
"7528","53.426231384277344","53.426231384277344","53.426231384277344"
"7535","62.32575225830078","62.32575225830078","62.32575225830078"
"7536","84.01785278320312","84.01785278320312","84.01785278320312"
"7538","63.74550247192383","63.74550247192383","63.74550247192383"
"7539","54.757041931152344","54.757041931152344","54.757041931152344"
"7543","150.39462280273438","150.39462280273438","150.39462280273438"
"7547","52.274139404296875","52.274139404296875","52.274139404296875"
"7550","61.271026611328125","61.271026611328125","61.271026611328125"
"7553","50.417171478271484","50.417171478271484","50.417171478271484"
"7556","57.00740432739258","57.00740432739258","57.00740432739258"
"7558","65.0406494140625","65.0406494140625","65.0406494140625"
"7559","49.06357955932617","49.06357955932617","49.06357955932617"
"7560","51.18656921386719","51.18656921386719","51.18656921386719"
"7563","53.47560119628906","53.47560119628906","53.47560119628906"
"7566","45.762672424316406","45.762672424316406","45.762672424316406"
"7567","50.11531448364258","50.11531448364258","50.11531448364258"
"7570","44.356292724609375","44.356292724609375","44.356292724609375"
"7572","43.60008239746094","43.60008239746094","43.60008239746094"
"7574","44.67915725708008","44.67915725708008","44.67915725708008"
"7575","50.189918518066406","50.189918518066406","50.189918518066406"
"7578","43.91319274902344","43.91319274902344","43.91319274902344"
"7584","55.9688606262207","55.9688606262207","55.9688606262207"
"7587","43.582191467285156","43.582191467285156","43.582191467285156"
"7589","55.56782150268555","55.56782150268555","55.56782150268555"
"7591","52.4613037109375","52.4613037109375","52.4613037109375"
"7592","51.979530334472656","51.979530334472656","51.979530334472656"
"7595","53.11111831665039","53.11111831665039","53.11111831665039"
"7599","47.58405303955078","47.58405303955078","47.58405303955078"
"7600","50.464385986328125","50.464385986328125","50.464385986328125"
"7602","63.442474365234375","63.442474365234375","63.442474365234375"
"7605","48.64762496948242","48.64762496948242","48.64762496948242"
"7606","43.9377555847168","43.9377555847168","43.9377555847168"
"7608","54.299800872802734","54.299800872802734","54.299800872802734"
"7612","74.42715454101562","74.42715454101562","74.42715454101562"
"7613","48.58049011230469","48.58049011230469","48.58049011230469"
"7614","49.379154205322266","49.379154205322266","49.379154205322266"
"7615","49.49821472167969","49.49821472167969","49.49821472167969"
"7617","2537.472900390625","2537.472900390625","2537.472900390625"
"7619","42.80839538574219","42.80839538574219","42.80839538574219"
"7620","60.54172134399414","60.54172134399414","60.54172134399414"
"7621","36.988006591796875","36.988006591796875","36.988006591796875"
"7626","55.786949157714844","55.786949157714844","55.786949157714844"
"7627","53.084285736083984","53.084285736083984","53.084285736083984"
"7629","44.074974060058594","44.074974060058594","44.074974060058594"
"7631","47.75271224975586","47.75271224975586","47.75271224975586"
"7634","50.00463104248047","50.00463104248047","50.00463104248047"
"7637","55.70524597167969","55.70524597167969","55.70524597167969"
"7638","47.25517654418945","47.25517654418945","47.25517654418945"
"7639","37.70625686645508","37.70625686645508","37.70625686645508"
"7641","42.74222183227539","42.74222183227539","42.74222183227539"
"7644","37.707210540771484","37.707210540771484","37.707210540771484"
"7646","49.91009521484375","49.91009521484375","49.91009521484375"
"7647","46.096893310546875","46.096893310546875","46.096893310546875"
"7649","39.742984771728516","39.742984771728516","39.742984771728516"
"7650","50.45497131347656","50.45497131347656","50.45497131347656"
"7652","43.118717193603516","43.118717193603516","43.118717193603516"
"7654","46.277183532714844","46.277183532714844","46.277183532714844"
"7656","62.31906509399414","62.31906509399414","62.31906509399414"
"7659","55.24907684326172","55.24907684326172","55.24907684326172"
"7661","54.86327362060547","54.86327362060547","54.86327362060547"
"7662","76.44690704345703","76.44690704345703","76.44690704345703"
"7667","59.89259719848633","59.89259719848633","59.89259719848633"
"7669","48.27467727661133","48.27467727661133","48.27467727661133"
"7670","67.03295135498047","67.03295135498047","67.03295135498047"
"7671","35.943565368652344","35.943565368652344","35.943565368652344"
"7672","45.35987854003906","45.35987854003906","45.35987854003906"
"7674","76.57030487060547","76.57030487060547","76.57030487060547"
"7675","63.325958251953125","63.325958251953125","63.325958251953125"
"7676","66.78984832763672","66.78984832763672","66.78984832763672"
"7681","51.7465705871582","51.7465705871582","51.7465705871582"
"7684","62.27888107299805","62.27888107299805","62.27888107299805"
"7686","53.78923034667969","53.78923034667969","53.78923034667969"
"7689","47.209537506103516","47.209537506103516","47.209537506103516"
"7690","47.829559326171875","47.829559326171875","47.829559326171875"
"7691","59.59028625488281","59.59028625488281","59.59028625488281"
"7696","67.48369598388672","67.48369598388672","67.48369598388672"
"7702","49.16328430175781","49.16328430175781","49.16328430175781"
"7703","46.220420837402344","46.220420837402344","46.220420837402344"
"7705","50.12612533569336","50.12612533569336","50.12612533569336"
"7708","81.84126281738281","81.84126281738281","81.84126281738281"
"7710","46.99930953979492","46.99930953979492","46.99930953979492"
"7713","50.38352584838867","50.38352584838867","50.38352584838867"
"7717","51.578224182128906","51.578224182128906","51.578224182128906"
"7720","122.1594467163086","122.1594467163086","122.1594467163086"
"7722","39.597068786621094","39.597068786621094","39.597068786621094"
"7726","52.92586135864258","52.92586135864258","52.92586135864258"
"7727","50.96284484863281","50.96284484863281","50.96284484863281"
"7731","39.6011848449707","39.6011848449707","39.6011848449707"
"7734","47.163536071777344","47.163536071777344","47.163536071777344"
"7737","54.16474151611328","54.16474151611328","54.16474151611328"
"7739","159.52882385253906","159.52882385253906","159.52882385253906"
"7740","46.34294509887695","46.34294509887695","46.34294509887695"
"7741","64.78421020507812","64.78421020507812","64.78421020507812"
"7751","40.583030700683594","40.583030700683594","40.583030700683594"
"7755","60.105621337890625","60.105621337890625","60.105621337890625"
"7760","53.10194396972656","53.10194396972656","53.10194396972656"
"7761","61.134490966796875","61.134490966796875","61.134490966796875"
"7762","72.60589599609375","72.60589599609375","72.60589599609375"
"7763","57.86688232421875","57.86688232421875","57.86688232421875"
"7764","53.576805114746094","53.576805114746094","53.576805114746094"
"7765","43.08502960205078","43.08502960205078","43.08502960205078"
"7771","58.29051971435547","58.29051971435547","58.29051971435547"
"7776","81.09394073486328","81.09394073486328","81.09394073486328"
"7777","57.97010803222656","57.97010803222656","57.97010803222656"
"7778","75.21778106689453","75.21778106689453","75.21778106689453"
"7779","53.286109924316406","53.286109924316406","53.286109924316406"
"7784","64.61599731445312","64.61599731445312","64.61599731445312"
"7785","45.87867736816406","45.87867736816406","45.87867736816406"
"7789","69.9444580078125","69.9444580078125","69.9444580078125"
"7792","44.24152374267578","44.24152374267578","44.24152374267578"
"7793","62.8251953125","62.8251953125","62.8251953125"
"7794","49.53761291503906","49.53761291503906","49.53761291503906"
"7795","45.952125549316406","45.952125549316406","45.952125549316406"
"7797","54.1454963684082","54.1454963684082","54.1454963684082"
"7799","41.67884826660156","41.67884826660156","41.67884826660156"
"7800","44.269134521484375","44.269134521484375","44.269134521484375"
"7802","51.397369384765625","51.397369384765625","51.397369384765625"
"7806","48.36619567871094","48.36619567871094","48.36619567871094"
"7807","53.34809112548828","53.34809112548828","53.34809112548828"
"7809","40.74448013305664","40.74448013305664","40.74448013305664"
"7810","44.14018249511719","44.14018249511719","44.14018249511719"
"7814","63.96368408203125","63.96368408203125","63.96368408203125"
"7816","66.5354995727539","66.5354995727539","66.5354995727539"
"7823","46.46638488769531","46.46638488769531","46.46638488769531"
"7824","55.618621826171875","55.618621826171875","55.618621826171875"
"7828","43.98298263549805","43.98298263549805","43.98298263549805"
"7832","62.56494140625","62.56494140625","62.56494140625"
"7833","50.916709899902344","50.916709899902344","50.916709899902344"
"7835","61.69015884399414","61.69015884399414","61.69015884399414"
"7837","87.7553939819336","87.7553939819336","87.7553939819336"
"7838","54.23687744140625","54.23687744140625","54.23687744140625"
"7841","50.44676971435547","50.44676971435547","50.44676971435547"
"7843","48.554229736328125","48.554229736328125","48.554229736328125"
"7844","57.212074279785156","57.212074279785156","57.212074279785156"
"7848","53.09069061279297","53.09069061279297","53.09069061279297"
"7850","49.89899444580078","49.89899444580078","49.89899444580078"
"7851","59.78663635253906","59.78663635253906","59.78663635253906"
"7852","51.174625396728516","51.174625396728516","51.174625396728516"
"7853","56.77231216430664","56.77231216430664","56.77231216430664"
"7855","66.93832397460938","66.93832397460938","66.93832397460938"
"7857","48.95545196533203","48.95545196533203","48.95545196533203"
"7858","67.9461669921875","67.9461669921875","67.9461669921875"
"7863","33.84660720825195","33.84660720825195","33.84660720825195"
"7867","43.929595947265625","43.929595947265625","43.929595947265625"
"7869","75.86393737792969","75.86393737792969","75.86393737792969"
"7871","42.663700103759766","42.663700103759766","42.663700103759766"
"7874","36.088706970214844","36.088706970214844","36.088706970214844"
"7875","41.442222595214844","41.442222595214844","41.442222595214844"
"7877","49.38916015625","49.38916015625","49.38916015625"
"7882","46.02970504760742","46.02970504760742","46.02970504760742"
"7883","42.231815338134766","42.231815338134766","42.231815338134766"
"7885","42.92942428588867","42.92942428588867","42.92942428588867"
"7886","50.30130386352539","50.30130386352539","50.30130386352539"
"7894","48.145992279052734","48.145992279052734","48.145992279052734"
"7897","66.40570831298828","66.40570831298828","66.40570831298828"
"7898","41.47407531738281","41.47407531738281","41.47407531738281"
"7900","54.45023727416992","54.45023727416992","54.45023727416992"
"7901","63.08159637451172","63.08159637451172","63.08159637451172"
"7904","65.44096374511719","65.44096374511719","65.44096374511719"
"7905","50.45556640625","50.45556640625","50.45556640625"
"7908","45.25171661376953","45.25171661376953","45.25171661376953"
"7909","40.8731689453125","40.8731689453125","40.8731689453125"
"7912","45.38798141479492","45.38798141479492","45.38798141479492"
"7913","44.15203094482422","44.15203094482422","44.15203094482422"
"7914","36.14009475708008","36.14009475708008","36.14009475708008"
"7915","50.29319381713867","50.29319381713867","50.29319381713867"
"7917","48.94853973388672","48.94853973388672","48.94853973388672"
"7924","37.851993560791016","37.851993560791016","37.851993560791016"
"7930","45.43804168701172","45.43804168701172","45.43804168701172"
"7933","46.57464599609375","46.57464599609375","46.57464599609375"
"7939","43.08344268798828","43.08344268798828","43.08344268798828"
"7941","49.28338623046875","49.28338623046875","49.28338623046875"
"7943","42.83605194091797","42.83605194091797","42.83605194091797"
"7945","43.01956558227539","43.01956558227539","43.01956558227539"
"7946","45.81309127807617","45.81309127807617","45.81309127807617"
"7947","49.88726043701172","49.88726043701172","49.88726043701172"
"7948","45.49768829345703","45.49768829345703","45.49768829345703"
"7950","57.00115966796875","57.00115966796875","57.00115966796875"
"7951","65.31783294677734","65.31783294677734","65.31783294677734"
"7953","39.336273193359375","39.336273193359375","39.336273193359375"
"7954","44.719539642333984","44.719539642333984","44.719539642333984"
"7957","41.27690124511719","41.27690124511719","41.27690124511719"
"7962","43.4996223449707","43.4996223449707","43.4996223449707"
"7963","52.75808334350586","52.75808334350586","52.75808334350586"
"7965","51.40871810913086","51.40871810913086","51.40871810913086"
"7966","48.02974319458008","48.02974319458008","48.02974319458008"
"7967","70.24223327636719","70.24223327636719","70.24223327636719"
"7971","44.80034637451172","44.80034637451172","44.80034637451172"
"7972","43.88752365112305","43.88752365112305","43.88752365112305"
"7973","57.67744064331055","57.67744064331055","57.67744064331055"
"7988","51.79244613647461","51.79244613647461","51.79244613647461"
"7992","56.54661560058594","56.54661560058594","56.54661560058594"
"7994","72.23431396484375","72.23431396484375","72.23431396484375"
"7996","54.113121032714844","54.113121032714844","54.113121032714844"
"7999","46.31016159057617","46.31016159057617","46.31016159057617"
"8002","40.43083953857422","40.43083953857422","40.43083953857422"
"8003","45.201202392578125","45.201202392578125","45.201202392578125"
"8004","43.830047607421875","43.830047607421875","43.830047607421875"
"8008","65.45768737792969","65.45768737792969","65.45768737792969"
"8009","46.86082458496094","46.86082458496094","46.86082458496094"
"8013","35.30460739135742","35.30460739135742","35.30460739135742"
"8014","49.11382293701172","49.11382293701172","49.11382293701172"
"8018","51.37350082397461","51.37350082397461","51.37350082397461"
"8022","48.8013916015625","48.8013916015625","48.8013916015625"
"8023","66.55899810791016","66.55899810791016","66.55899810791016"
"8027","46.542999267578125","46.542999267578125","46.542999267578125"
"8029","41.66569519042969","41.66569519042969","41.66569519042969"
"8032","39.938453674316406","39.938453674316406","39.938453674316406"
"8033","36.68553161621094","36.68553161621094","36.68553161621094"
"8035","44.13846969604492","44.13846969604492","44.13846969604492"
"8036","43.88595199584961","43.88595199584961","43.88595199584961"
"8042","48.39070129394531","48.39070129394531","48.39070129394531"
"8043","42.07781219482422","42.07781219482422","42.07781219482422"
"8045","49.432682037353516","49.432682037353516","49.432682037353516"
"8048","60.638328552246094","60.638328552246094","60.638328552246094"
"8050","41.942420959472656","41.942420959472656","41.942420959472656"
"8052","39.78398132324219","39.78398132324219","39.78398132324219"
"8055","42.82438659667969","42.82438659667969","42.82438659667969"
"8059","43.5330924987793","43.5330924987793","43.5330924987793"
"8060","50.2083740234375","50.2083740234375","50.2083740234375"
"8064","52.86406707763672","52.86406707763672","52.86406707763672"
"8066","50.03778076171875","50.03778076171875","50.03778076171875"
"8067","44.720951080322266","44.720951080322266","44.720951080322266"
"8073","48.41927719116211","48.41927719116211","48.41927719116211"
"8074","36.77445602416992","36.77445602416992","36.77445602416992"
"8075","46.17821502685547","46.17821502685547","46.17821502685547"
"8079","52.249664306640625","52.249664306640625","52.249664306640625"
"8081","53.5405387878418","53.5405387878418","53.5405387878418"
"8085","56.11371612548828","56.11371612548828","56.11371612548828"
"8086","44.721736907958984","44.721736907958984","44.721736907958984"
"8088","52.50136184692383","52.50136184692383","52.50136184692383"
"8090","47.23094177246094","47.23094177246094","47.23094177246094"
"8091","64.3722152709961","64.3722152709961","64.3722152709961"
"8092","62.04539108276367","62.04539108276367","62.04539108276367"
"8095","48.87714385986328","48.87714385986328","48.87714385986328"
"8096","47.098690032958984","47.098690032958984","47.098690032958984"
"8101","78.43211364746094","78.43211364746094","78.43211364746094"
"8105","66.42234802246094","66.42234802246094","66.42234802246094"
"8106","58.13087463378906","58.13087463378906","58.13087463378906"
"8107","51.55426788330078","51.55426788330078","51.55426788330078"
"8108","52.326045989990234","52.326045989990234","52.326045989990234"
"8109","63.989410400390625","63.989410400390625","63.989410400390625"
"8111","37.14786148071289","37.14786148071289","37.14786148071289"
"8112","62.12417984008789","62.12417984008789","62.12417984008789"
"8114","61.759681701660156","61.759681701660156","61.759681701660156"
"8118","55.8548698425293","55.8548698425293","55.8548698425293"
"8119","39.47560119628906","39.47560119628906","39.47560119628906"
"8123","85.75355529785156","85.75355529785156","85.75355529785156"
"8129","47.61600112915039","47.61600112915039","47.61600112915039"
"8133","35.77146530151367","35.77146530151367","35.77146530151367"
"8135","52.54499053955078","52.54499053955078","52.54499053955078"
"8136","66.52921295166016","66.52921295166016","66.52921295166016"
"8139","49.270198822021484","49.270198822021484","49.270198822021484"
"8143","59.19987106323242","59.19987106323242","59.19987106323242"
"8144","49.446624755859375","49.446624755859375","49.446624755859375"
"8145","66.90615844726562","66.90615844726562","66.90615844726562"
"8147","53.183780670166016","53.183780670166016","53.183780670166016"
"8148","46.412261962890625","46.412261962890625","46.412261962890625"
"8149","49.66853713989258","49.66853713989258","49.66853713989258"
"8151","48.07960510253906","48.07960510253906","48.07960510253906"
"8152","60.24610137939453","60.24610137939453","60.24610137939453"
"8153","52.949214935302734","52.949214935302734","52.949214935302734"
"8158","53.48575973510742","53.48575973510742","53.48575973510742"
"8160","43.76246643066406","43.76246643066406","43.76246643066406"
"8166","52.22776794433594","52.22776794433594","52.22776794433594"
"8167","46.70415115356445","46.70415115356445","46.70415115356445"
"8175","77.15472412109375","77.15472412109375","77.15472412109375"
"8178","55.76240921020508","55.76240921020508","55.76240921020508"
"8180","48.59758758544922","48.59758758544922","48.59758758544922"
"8183","48.349273681640625","48.349273681640625","48.349273681640625"
"8186","40.94063949584961","40.94063949584961","40.94063949584961"
"8188","57.454856872558594","57.454856872558594","57.454856872558594"
"8189","52.28141403198242","52.28141403198242","52.28141403198242"
"8191","43.167686462402344","43.167686462402344","43.167686462402344"
"8192","42.43907165527344","42.43907165527344","42.43907165527344"
"8195","60.787567138671875","60.787567138671875","60.787567138671875"
"8196","41.7108154296875","41.7108154296875","41.7108154296875"
"8197","54.07093048095703","54.07093048095703","54.07093048095703"
"8198","83.29255676269531","83.29255676269531","83.29255676269531"
"8202","344.89013671875","344.89013671875","344.89013671875"
"8204","73.98362731933594","73.98362731933594","73.98362731933594"
"8205","58.18396759033203","58.18396759033203","58.18396759033203"
"8206","56.60475158691406","56.60475158691406","56.60475158691406"
"8207","58.81854248046875","58.81854248046875","58.81854248046875"
"8209","56.32588195800781","56.32588195800781","56.32588195800781"
"8212","50.58218765258789","50.58218765258789","50.58218765258789"
"8213","42.46049880981445","42.46049880981445","42.46049880981445"
"8214","66.18000030517578","66.18000030517578","66.18000030517578"
"8215","50.232730865478516","50.232730865478516","50.232730865478516"
"8217","39.2461051940918","39.2461051940918","39.2461051940918"
"8219","73.25639343261719","73.25639343261719","73.25639343261719"
"8220","63.786190032958984","63.786190032958984","63.786190032958984"
"8223","71.17523193359375","71.17523193359375","71.17523193359375"
"8225","50.29409408569336","50.29409408569336","50.29409408569336"
"8228","53.44110107421875","53.44110107421875","53.44110107421875"
"8229","45.531646728515625","45.531646728515625","45.531646728515625"
"8230","66.99421691894531","66.99421691894531","66.99421691894531"
"8231","67.70746612548828","67.70746612548828","67.70746612548828"
"8235","61.371498107910156","61.371498107910156","61.371498107910156"
"8238","62.21394348144531","62.21394348144531","62.21394348144531"
"8240","51.74858474731445","51.74858474731445","51.74858474731445"
"8246","51.40034103393555","51.40034103393555","51.40034103393555"
"8250","44.33250427246094","44.33250427246094","44.33250427246094"
"8251","54.824073791503906","54.824073791503906","54.824073791503906"
"8255","56.27507019042969","56.27507019042969","56.27507019042969"
"8256","206.36337280273438","206.36337280273438","206.36337280273438"
"8259","64.19552612304688","64.19552612304688","64.19552612304688"
"8260","53.23532485961914","53.23532485961914","53.23532485961914"
"8262","48.40332794189453","48.40332794189453","48.40332794189453"
"8263","48.57098388671875","48.57098388671875","48.57098388671875"
"8264","37.184173583984375","37.184173583984375","37.184173583984375"
"8266","46.77751541137695","46.77751541137695","46.77751541137695"
"8267","48.562469482421875","48.562469482421875","48.562469482421875"
"8269","59.7755241394043","59.7755241394043","59.7755241394043"
"8270","42.92109680175781","42.92109680175781","42.92109680175781"
"8271","67.05140686035156","67.05140686035156","67.05140686035156"
"8274","45.09138870239258","45.09138870239258","45.09138870239258"
"8275","66.7131576538086","66.7131576538086","66.7131576538086"
"8276","51.788795471191406","51.788795471191406","51.788795471191406"
"8278","81.02699279785156","81.02699279785156","81.02699279785156"
"8279","70.65038299560547","70.65038299560547","70.65038299560547"
"8282","54.44267272949219","54.44267272949219","54.44267272949219"
"8284","48.771270751953125","48.771270751953125","48.771270751953125"
"8287","46.076568603515625","46.076568603515625","46.076568603515625"
"8289","38.34699249267578","38.34699249267578","38.34699249267578"
"8294","51.00267791748047","51.00267791748047","51.00267791748047"
"8295","38.61637878417969","38.61637878417969","38.61637878417969"
"8302","39.28337860107422","39.28337860107422","39.28337860107422"
"8307","50.663291931152344","50.663291931152344","50.663291931152344"
"8311","78.92737579345703","78.92737579345703","78.92737579345703"
"8315","42.413597106933594","42.413597106933594","42.413597106933594"
"8318","48.6304931640625","48.6304931640625","48.6304931640625"
"8321","43.798553466796875","43.798553466796875","43.798553466796875"
"8322","47.40604019165039","47.40604019165039","47.40604019165039"
"8327","54.34514617919922","54.34514617919922","54.34514617919922"
"8328","52.002197265625","52.002197265625","52.002197265625"
"8330","44.117431640625","44.117431640625","44.117431640625"
"8331","64.48223114013672","64.48223114013672","64.48223114013672"
"8332","59.212520599365234","59.212520599365234","59.212520599365234"
"8334","53.10296630859375","53.10296630859375","53.10296630859375"
"8335","38.983360290527344","38.983360290527344","38.983360290527344"
"8336","34.81890869140625","34.81890869140625","34.81890869140625"
"8339","45.52720642089844","45.52720642089844","45.52720642089844"
"8343","49.64992904663086","49.64992904663086","49.64992904663086"
"8346","54.115509033203125","54.115509033203125","54.115509033203125"
"8347","57.5273551940918","57.5273551940918","57.5273551940918"
"8349","52.251922607421875","52.251922607421875","52.251922607421875"
"8352","50.185569763183594","50.185569763183594","50.185569763183594"
"8353","44.161678314208984","44.161678314208984","44.161678314208984"
"8354","38.91047668457031","38.91047668457031","38.91047668457031"
"8356","50.52068328857422","50.52068328857422","50.52068328857422"
"8357","39.244422912597656","39.244422912597656","39.244422912597656"
"8359","51.46733856201172","51.46733856201172","51.46733856201172"
"8362","45.26115036010742","45.26115036010742","45.26115036010742"
"8370","55.32921600341797","55.32921600341797","55.32921600341797"
"8371","53.36603546142578","53.36603546142578","53.36603546142578"
"8372","47.437095642089844","47.437095642089844","47.437095642089844"
"8373","47.06827163696289","47.06827163696289","47.06827163696289"
"8377","64.22616577148438","64.22616577148438","64.22616577148438"
"8378","52.043495178222656","52.043495178222656","52.043495178222656"
"8381","42.25297927856445","42.25297927856445","42.25297927856445"
"8388","56.893402099609375","56.893402099609375","56.893402099609375"
"8389","56.71321105957031","56.71321105957031","56.71321105957031"
"8390","43.96063232421875","43.96063232421875","43.96063232421875"
"8391","43.724388122558594","43.724388122558594","43.724388122558594"
"8393","79.54676818847656","79.54676818847656","79.54676818847656"
"8397","61.8836784362793","61.8836784362793","61.8836784362793"
"8398","76.89180755615234","76.89180755615234","76.89180755615234"
"8404","56.34852600097656","56.34852600097656","56.34852600097656"
"8413","43.167911529541016","43.167911529541016","43.167911529541016"
"8416","50.334014892578125","50.334014892578125","50.334014892578125"
"8418","43.871437072753906","43.871437072753906","43.871437072753906"
"8420","54.0732421875","54.0732421875","54.0732421875"
"8421","39.70438766479492","39.70438766479492","39.70438766479492"
"8422","55.02983856201172","55.02983856201172","55.02983856201172"
"8423","56.23368453979492","56.23368453979492","56.23368453979492"
"8424","51.24751663208008","51.24751663208008","51.24751663208008"
"8425","43.986244201660156","43.986244201660156","43.986244201660156"
"8427","50.71926498413086","50.71926498413086","50.71926498413086"
"8430","47.582801818847656","47.582801818847656","47.582801818847656"
"8432","123.60254669189453","123.60254669189453","123.60254669189453"
"8433","55.471763610839844","55.471763610839844","55.471763610839844"
"8434","41.889808654785156","41.889808654785156","41.889808654785156"
"8435","53.23659133911133","53.23659133911133","53.23659133911133"
"8439","60.88970184326172","60.88970184326172","60.88970184326172"
"8440","56.22062683105469","56.22062683105469","56.22062683105469"
"8447","53.21940994262695","53.21940994262695","53.21940994262695"
"8448","43.80540084838867","43.80540084838867","43.80540084838867"
"8449","39.90494155883789","39.90494155883789","39.90494155883789"
"8452","39.109474182128906","39.109474182128906","39.109474182128906"
"8456","47.57099151611328","47.57099151611328","47.57099151611328"
"8457","41.031837463378906","41.031837463378906","41.031837463378906"
"8460","40.035003662109375","40.035003662109375","40.035003662109375"
"8461","46.6761589050293","46.6761589050293","46.6761589050293"
"8466","67.91508483886719","67.91508483886719","67.91508483886719"
"8467","69.89035034179688","69.89035034179688","69.89035034179688"
"8474","38.54465866088867","38.54465866088867","38.54465866088867"
"8475","41.42054748535156","41.42054748535156","41.42054748535156"
"8482","50.87570571899414","50.87570571899414","50.87570571899414"
"8485","39.81940460205078","39.81940460205078","39.81940460205078"
"8486","47.332908630371094","47.332908630371094","47.332908630371094"
"8491","42.57856750488281","42.57856750488281","42.57856750488281"
"8492","67.72297668457031","67.72297668457031","67.72297668457031"
"8494","40.528480529785156","40.528480529785156","40.528480529785156"
"8502","43.714752197265625","43.714752197265625","43.714752197265625"
"8505","35.12908172607422","35.12908172607422","35.12908172607422"
"8509","48.733360290527344","48.733360290527344","48.733360290527344"
"8510","56.46862030029297","56.46862030029297","56.46862030029297"
"8511","40.96528625488281","40.96528625488281","40.96528625488281"
"8514","39.85938262939453","39.85938262939453","39.85938262939453"
"8515","39.440223693847656","39.440223693847656","39.440223693847656"
"8522","53.43092346191406","53.43092346191406","53.43092346191406"
"8524","50.126487731933594","50.126487731933594","50.126487731933594"
"8528","70.85617065429688","70.85617065429688","70.85617065429688"
"8530","44.775962829589844","44.775962829589844","44.775962829589844"
"8531","37.089271545410156","37.089271545410156","37.089271545410156"
"8532","38.77602767944336","38.77602767944336","38.77602767944336"
"8533","50.87785339355469","50.87785339355469","50.87785339355469"
"8534","49.300418853759766","49.300418853759766","49.300418853759766"
"8535","38.88365936279297","38.88365936279297","38.88365936279297"
"8537","61.659664154052734","61.659664154052734","61.659664154052734"
"8540","55.17596435546875","55.17596435546875","55.17596435546875"
"8541","38.16550827026367","38.16550827026367","38.16550827026367"
"8544","49.015647888183594","49.015647888183594","49.015647888183594"
"8547","46.206512451171875","46.206512451171875","46.206512451171875"
"8550","49.56340026855469","49.56340026855469","49.56340026855469"
"8551","41.0440673828125","41.0440673828125","41.0440673828125"
"8555","48.261993408203125","48.261993408203125","48.261993408203125"
"8560","41.527957916259766","41.527957916259766","41.527957916259766"
"8564","47.391292572021484","47.391292572021484","47.391292572021484"
"8568","62.858070373535156","62.858070373535156","62.858070373535156"
"8569","46.29514694213867","46.29514694213867","46.29514694213867"
"8573","43.638858795166016","43.638858795166016","43.638858795166016"
"8579","38.971065521240234","38.971065521240234","38.971065521240234"
"8583","49.407470703125","49.407470703125","49.407470703125"
"8584","53.95399475097656","53.95399475097656","53.95399475097656"
"8589","53.85248565673828","53.85248565673828","53.85248565673828"
"8590","53.871482849121094","53.871482849121094","53.871482849121094"
"8591","73.73100280761719","73.73100280761719","73.73100280761719"
"8592","46.263607025146484","46.263607025146484","46.263607025146484"
"8597","35.4495849609375","35.4495849609375","35.4495849609375"
"8604","47.18118667602539","47.18118667602539","47.18118667602539"
"8609","43.3907585144043","43.3907585144043","43.3907585144043"
"8610","41.09079360961914","41.09079360961914","41.09079360961914"
"8612","40.638797760009766","40.638797760009766","40.638797760009766"
"8615","54.72265625","54.72265625","54.72265625"
"8619","47.60728454589844","47.60728454589844","47.60728454589844"
"8621","50.57268142700195","50.57268142700195","50.57268142700195"
"8622","41.829471588134766","41.829471588134766","41.829471588134766"
"8625","48.32405090332031","48.32405090332031","48.32405090332031"
"8627","41.0467529296875","41.0467529296875","41.0467529296875"
"8631","48.55027770996094","48.55027770996094","48.55027770996094"
"8632","52.3436393737793","52.3436393737793","52.3436393737793"
"8634","53.93428039550781","53.93428039550781","53.93428039550781"
"8636","37.90544128417969","37.90544128417969","37.90544128417969"
"8637","49.55205535888672","49.55205535888672","49.55205535888672"
"8640","68.40421295166016","68.40421295166016","68.40421295166016"
"8643","43.654762268066406","43.654762268066406","43.654762268066406"
"8645","86.10405731201172","86.10405731201172","86.10405731201172"
"8646","38.325740814208984","38.325740814208984","38.325740814208984"
"8647","71.68124389648438","71.68124389648438","71.68124389648438"
"8649","44.8980598449707","44.8980598449707","44.8980598449707"
"8657","57.49817657470703","57.49817657470703","57.49817657470703"
"8660","48.097808837890625","48.097808837890625","48.097808837890625"
"8661","51.95287322998047","51.95287322998047","51.95287322998047"
"8662","39.58344268798828","39.58344268798828","39.58344268798828"
"8663","41.55406188964844","41.55406188964844","41.55406188964844"
"8666","69.2961654663086","69.2961654663086","69.2961654663086"
"8668","62.761104583740234","62.761104583740234","62.761104583740234"
"8669","44.00361251831055","44.00361251831055","44.00361251831055"
"8670","46.76043701171875","46.76043701171875","46.76043701171875"
"8676","43.557315826416016","43.557315826416016","43.557315826416016"
"8677","47.04922866821289","47.04922866821289","47.04922866821289"
"8682","60.64527130126953","60.64527130126953","60.64527130126953"
"8683","71.76294708251953","71.76294708251953","71.76294708251953"
"8684","36.134971618652344","36.134971618652344","36.134971618652344"
"8687","48.19708251953125","48.19708251953125","48.19708251953125"
"8691","45.25006866455078","45.25006866455078","45.25006866455078"
"8692","81.68807983398438","81.68807983398438","81.68807983398438"
"8696","53.667152404785156","53.667152404785156","53.667152404785156"
"8698","43.525325775146484","43.525325775146484","43.525325775146484"
"8699","36.277889251708984","36.277889251708984","36.277889251708984"
"8700","44.72855758666992","44.72855758666992","44.72855758666992"
"8709","48.63595199584961","48.63595199584961","48.63595199584961"
"8710","48.880592346191406","48.880592346191406","48.880592346191406"
"8714","43.702537536621094","43.702537536621094","43.702537536621094"
"8716","39.88323211669922","39.88323211669922","39.88323211669922"
"8720","53.486846923828125","53.486846923828125","53.486846923828125"
"8722","35.35626220703125","35.35626220703125","35.35626220703125"
"8723","39.59925842285156","39.59925842285156","39.59925842285156"
"8724","42.15446853637695","42.15446853637695","42.15446853637695"
"8727","45.6231689453125","45.6231689453125","45.6231689453125"
"8728","39.428951263427734","39.428951263427734","39.428951263427734"
"8733","47.76900100708008","47.76900100708008","47.76900100708008"
"8735","50.043785095214844","50.043785095214844","50.043785095214844"
"8736","43.6588020324707","43.6588020324707","43.6588020324707"
"8737","48.253639221191406","48.253639221191406","48.253639221191406"
"8739","34.728294372558594","34.728294372558594","34.728294372558594"
"8750","54.3902587890625","54.3902587890625","54.3902587890625"
"8752","44.524959564208984","44.524959564208984","44.524959564208984"
"8754","77.00765228271484","77.00765228271484","77.00765228271484"
"8755","54.12555694580078","54.12555694580078","54.12555694580078"
"8763","53.19229507446289","53.19229507446289","53.19229507446289"
"8764","42.46862030029297","42.46862030029297","42.46862030029297"
"8773","48.83741760253906","48.83741760253906","48.83741760253906"
"8774","48.91187286376953","48.91187286376953","48.91187286376953"
"8777","61.41388702392578","61.41388702392578","61.41388702392578"
"8778","38.84020233154297","38.84020233154297","38.84020233154297"
"8781","44.82228469848633","44.82228469848633","44.82228469848633"
"8783","51.767337799072266","51.767337799072266","51.767337799072266"
"8784","62.592491149902344","62.592491149902344","62.592491149902344"
"8787","244.31973266601562","244.31973266601562","244.31973266601562"
"8788","41.95295715332031","41.95295715332031","41.95295715332031"
"8791","39.38740539550781","39.38740539550781","39.38740539550781"
"8800","62.61721420288086","62.61721420288086","62.61721420288086"
"8802","62.840938568115234","62.840938568115234","62.840938568115234"
"8803","53.30922317504883","53.30922317504883","53.30922317504883"
"8805","46.536903381347656","46.536903381347656","46.536903381347656"
"8806","45.710487365722656","45.710487365722656","45.710487365722656"
"8810","42.3253288269043","42.3253288269043","42.3253288269043"
"8812","57.50252914428711","57.50252914428711","57.50252914428711"
"8814","51.02956008911133","51.02956008911133","51.02956008911133"
"8815","57.3359489440918","57.3359489440918","57.3359489440918"
"8816","51.761653900146484","51.761653900146484","51.761653900146484"
"8822","44.91232681274414","44.91232681274414","44.91232681274414"
"8824","37.224632263183594","37.224632263183594","37.224632263183594"
"8825","53.53932571411133","53.53932571411133","53.53932571411133"
"8827","48.42799758911133","48.42799758911133","48.42799758911133"
"8830","40.561927795410156","40.561927795410156","40.561927795410156"
"8834","41.450157165527344","41.450157165527344","41.450157165527344"
"8836","41.665077209472656","41.665077209472656","41.665077209472656"
"8839","52.39412307739258","52.39412307739258","52.39412307739258"
"8843","43.257591247558594","43.257591247558594","43.257591247558594"
"8845","48.02573776245117","48.02573776245117","48.02573776245117"
"8846","50.01573181152344","50.01573181152344","50.01573181152344"
"8847","44.51902770996094","44.51902770996094","44.51902770996094"
"8849","39.798030853271484","39.798030853271484","39.798030853271484"
"8851","47.299346923828125","47.299346923828125","47.299346923828125"
"8855","72.9209976196289","72.9209976196289","72.9209976196289"
"8856","50.09956359863281","50.09956359863281","50.09956359863281"
"8860","41.95871353149414","41.95871353149414","41.95871353149414"
"8861","46.28337860107422","46.28337860107422","46.28337860107422"
"8863","50.683929443359375","50.683929443359375","50.683929443359375"
"8865","46.39933395385742","46.39933395385742","46.39933395385742"
"8869","40.17341613769531","40.17341613769531","40.17341613769531"
"8870","39.7945442199707","39.7945442199707","39.7945442199707"
"8871","38.314640045166016","38.314640045166016","38.314640045166016"
"8872","55.068023681640625","55.068023681640625","55.068023681640625"
"8873","51.52722930908203","51.52722930908203","51.52722930908203"
"8875","46.86531066894531","46.86531066894531","46.86531066894531"
"8878","72.33670043945312","72.33670043945312","72.33670043945312"
"8881","45.34452819824219","45.34452819824219","45.34452819824219"
"8884","40.60646057128906","40.60646057128906","40.60646057128906"
"8886","48.04316329956055","48.04316329956055","48.04316329956055"
"8894","68.45857238769531","68.45857238769531","68.45857238769531"
"8895","43.37297439575195","43.37297439575195","43.37297439575195"
"8897","55.03199005126953","55.03199005126953","55.03199005126953"
"8900","40.60234832763672","40.60234832763672","40.60234832763672"
"8902","46.05665969848633","46.05665969848633","46.05665969848633"
"8904","49.11417007446289","49.11417007446289","49.11417007446289"
"8905","65.95184326171875","65.95184326171875","65.95184326171875"
"8906","48.279273986816406","48.279273986816406","48.279273986816406"
"8911","42.4257926940918","42.4257926940918","42.4257926940918"
"8914","37.248046875","37.248046875","37.248046875"
"8916","49.12834930419922","49.12834930419922","49.12834930419922"
"8919","36.527809143066406","36.527809143066406","36.527809143066406"
"8920","36.11811447143555","36.11811447143555","36.11811447143555"
"8923","87.7723159790039","87.7723159790039","87.7723159790039"
"8924","45.13865661621094","45.13865661621094","45.13865661621094"
"8926","46.346343994140625","46.346343994140625","46.346343994140625"
"8927","54.18611526489258","54.18611526489258","54.18611526489258"
"8928","39.00595474243164","39.00595474243164","39.00595474243164"
"8932","40.187828063964844","40.187828063964844","40.187828063964844"
"8939","46.8934440612793","46.8934440612793","46.8934440612793"
"8943","41.996734619140625","41.996734619140625","41.996734619140625"
"8945","44.99296951293945","44.99296951293945","44.99296951293945"
"8946","53.39219284057617","53.39219284057617","53.39219284057617"
"8947","48.278202056884766","48.278202056884766","48.278202056884766"
"8950","52.602943420410156","52.602943420410156","52.602943420410156"
"8953","41.18225860595703","41.18225860595703","41.18225860595703"
"8956","52.842838287353516","52.842838287353516","52.842838287353516"
"8959","60.65745544433594","60.65745544433594","60.65745544433594"
"8962","46.53831100463867","46.53831100463867","46.53831100463867"
"8963","38.979736328125","38.979736328125","38.979736328125"
"8966","39.140838623046875","39.140838623046875","39.140838623046875"
"8967","43.90860366821289","43.90860366821289","43.90860366821289"
"8969","63.39851760864258","63.39851760864258","63.39851760864258"
"8971","54.404937744140625","54.404937744140625","54.404937744140625"
"8974","43.35318374633789","43.35318374633789","43.35318374633789"
"8975","61.40950012207031","61.40950012207031","61.40950012207031"
"8976","42.52271270751953","42.52271270751953","42.52271270751953"
"8977","58.90448760986328","58.90448760986328","58.90448760986328"
"8978","49.722618103027344","49.722618103027344","49.722618103027344"
"8979","48.411895751953125","48.411895751953125","48.411895751953125"
"8981","46.133235931396484","46.133235931396484","46.133235931396484"
"8982","44.459712982177734","44.459712982177734","44.459712982177734"
"8983","44.68815994262695","44.68815994262695","44.68815994262695"
"8988","44.737060546875","44.737060546875","44.737060546875"
"8993","45.27381896972656","45.27381896972656","45.27381896972656"
"8997","46.8165168762207","46.8165168762207","46.8165168762207"
"8999","42.75397491455078","42.75397491455078","42.75397491455078"
"9002","56.01209259033203","56.01209259033203","56.01209259033203"
"9007","42.346492767333984","42.346492767333984","42.346492767333984"
"9008","50.10763931274414","50.10763931274414","50.10763931274414"
"9009","49.36273956298828","49.36273956298828","49.36273956298828"
"9011","39.796058654785156","39.796058654785156","39.796058654785156"
"9016","64.50643920898438","64.50643920898438","64.50643920898438"
"9017","223.71240234375","223.71240234375","223.71240234375"
"9018","80.33851623535156","80.33851623535156","80.33851623535156"
"9019","39.50506591796875","39.50506591796875","39.50506591796875"
"9020","44.71599578857422","44.71599578857422","44.71599578857422"
"9022","52.69407272338867","52.69407272338867","52.69407272338867"
"9023","46.40365219116211","46.40365219116211","46.40365219116211"
"9025","51.159854888916016","51.159854888916016","51.159854888916016"
"9026","40.4025764465332","40.4025764465332","40.4025764465332"
"9027","39.48173904418945","39.48173904418945","39.48173904418945"
"9030","46.85342025756836","46.85342025756836","46.85342025756836"
"9031","39.070350646972656","39.070350646972656","39.070350646972656"
"9034","37.36516571044922","37.36516571044922","37.36516571044922"
"9037","49.47985076904297","49.47985076904297","49.47985076904297"
"9041","47.795013427734375","47.795013427734375","47.795013427734375"
"9043","71.78353118896484","71.78353118896484","71.78353118896484"
"9046","53.73299026489258","53.73299026489258","53.73299026489258"
"9054","37.92094039916992","37.92094039916992","37.92094039916992"
"9056","36.443817138671875","36.443817138671875","36.443817138671875"
"9057","46.0024528503418","46.0024528503418","46.0024528503418"
"9059","47.86623764038086","47.86623764038086","47.86623764038086"
"9061","50.718849182128906","50.718849182128906","50.718849182128906"
"9064","52.91633605957031","52.91633605957031","52.91633605957031"
"9065","38.06588363647461","38.06588363647461","38.06588363647461"
"9067","52.71035385131836","52.71035385131836","52.71035385131836"
"9068","42.77995681762695","42.77995681762695","42.77995681762695"
"9070","43.46456527709961","43.46456527709961","43.46456527709961"
"9073","39.65991973876953","39.65991973876953","39.65991973876953"
"9074","39.15583038330078","39.15583038330078","39.15583038330078"
"9085","40.55558776855469","40.55558776855469","40.55558776855469"
"9088","50.649940490722656","50.649940490722656","50.649940490722656"
"9091","44.550331115722656","44.550331115722656","44.550331115722656"
"9093","37.844627380371094","37.844627380371094","37.844627380371094"
"9095","58.94932556152344","58.94932556152344","58.94932556152344"
"9096","41.94731903076172","41.94731903076172","41.94731903076172"
"9102","45.61273956298828","45.61273956298828","45.61273956298828"
"9103","38.58725357055664","38.58725357055664","38.58725357055664"
"9104","47.32643508911133","47.32643508911133","47.32643508911133"
"9106","63.88975524902344","63.88975524902344","63.88975524902344"
"9107","64.76951599121094","64.76951599121094","64.76951599121094"
"9108","54.34841537475586","54.34841537475586","54.34841537475586"
"9109","51.94312286376953","51.94312286376953","51.94312286376953"
"9111","59.65888977050781","59.65888977050781","59.65888977050781"
"9113","62.465179443359375","62.465179443359375","62.465179443359375"
"9116","71.30001831054688","71.30001831054688","71.30001831054688"
"9119","52.82371139526367","52.82371139526367","52.82371139526367"
"9122","47.263187408447266","47.263187408447266","47.263187408447266"
"9133","46.77430725097656","46.77430725097656","46.77430725097656"
"9134","70.03668212890625","70.03668212890625","70.03668212890625"
"9141","43.01079559326172","43.01079559326172","43.01079559326172"
"9142","38.89512252807617","38.89512252807617","38.89512252807617"
"9143","42.01494598388672","42.01494598388672","42.01494598388672"
"9145","47.3868293762207","47.3868293762207","47.3868293762207"
"9146","44.06657028198242","44.06657028198242","44.06657028198242"
"9147","39.186683654785156","39.186683654785156","39.186683654785156"
"9153","54.031375885009766","54.031375885009766","54.031375885009766"
"9155","52.2286376953125","52.2286376953125","52.2286376953125"
"9158","40.47557830810547","40.47557830810547","40.47557830810547"
"9162","46.977882385253906","46.977882385253906","46.977882385253906"
"9163","51.08527374267578","51.08527374267578","51.08527374267578"
"9165","40.04859924316406","40.04859924316406","40.04859924316406"
"9166","54.01737976074219","54.01737976074219","54.01737976074219"
"9167","47.40538024902344","47.40538024902344","47.40538024902344"
"9168","47.72050857543945","47.72050857543945","47.72050857543945"
"9170","60.29930877685547","60.29930877685547","60.29930877685547"
"9173","43.111454010009766","43.111454010009766","43.111454010009766"
"9174","44.028656005859375","44.028656005859375","44.028656005859375"
"9176","38.0910758972168","38.0910758972168","38.0910758972168"
"9177","43.226654052734375","43.226654052734375","43.226654052734375"
"9179","43.98760986328125","43.98760986328125","43.98760986328125"
"9182","60.60565185546875","60.60565185546875","60.60565185546875"
"9183","45.094329833984375","45.094329833984375","45.094329833984375"
"9188","51.778194427490234","51.778194427490234","51.778194427490234"
"9189","53.94929885864258","53.94929885864258","53.94929885864258"
"9190","194.3099822998047","194.3099822998047","194.3099822998047"
"9193","53.567928314208984","53.567928314208984","53.567928314208984"
"9196","43.70638656616211","43.70638656616211","43.70638656616211"
"9197","83.50540161132812","83.50540161132812","83.50540161132812"
"9198","61.64918518066406","61.64918518066406","61.64918518066406"
"9208","32.65171432495117","32.65171432495117","32.65171432495117"
"9210","51.69329833984375","51.69329833984375","51.69329833984375"
"9211","45.07491683959961","45.07491683959961","45.07491683959961"
"9213","45.86927795410156","45.86927795410156","45.86927795410156"
"9214","422.42877197265625","422.42877197265625","422.42877197265625"
"9215","54.58403778076172","54.58403778076172","54.58403778076172"
"9216","69.30131530761719","69.30131530761719","69.30131530761719"
"9220","201.54200744628906","201.54200744628906","201.54200744628906"
"9222","43.5943603515625","43.5943603515625","43.5943603515625"
"9236","46.1335563659668","46.1335563659668","46.1335563659668"
"9242","86.46916198730469","86.46916198730469","86.46916198730469"
"9243","39.219566345214844","39.219566345214844","39.219566345214844"
"9245","34.46872329711914","34.46872329711914","34.46872329711914"
"9247","40.43495559692383","40.43495559692383","40.43495559692383"
"9253","2279.442626953125","2279.442626953125","2279.442626953125"
"9254","39.29409408569336","39.29409408569336","39.29409408569336"
"9255","32.47149658203125","32.47149658203125","32.47149658203125"
"9261","43.187889099121094","43.187889099121094","43.187889099121094"
"9266","49.77198028564453","49.77198028564453","49.77198028564453"
"9268","39.12190246582031","39.12190246582031","39.12190246582031"
"9270","40.57899856567383","40.57899856567383","40.57899856567383"
"9276","112.68695068359375","112.68695068359375","112.68695068359375"
"9279","35.60987091064453","35.60987091064453","35.60987091064453"
"9284","41.768733978271484","41.768733978271484","41.768733978271484"
"9285","51.59420394897461","51.59420394897461","51.59420394897461"
"9289","37.410457611083984","37.410457611083984","37.410457611083984"
"9290","50.37873840332031","50.37873840332031","50.37873840332031"
"9296","55.17083740234375","55.17083740234375","55.17083740234375"
"9298","44.00141143798828","44.00141143798828","44.00141143798828"
"9299","42.02434158325195","42.02434158325195","42.02434158325195"
"9303","37.11808776855469","37.11808776855469","37.11808776855469"
"9304","40.00199508666992","40.00199508666992","40.00199508666992"
"9308","35.412960052490234","35.412960052490234","35.412960052490234"
"9309","34.26847457885742","34.26847457885742","34.26847457885742"
"9315","46.109336853027344","46.109336853027344","46.109336853027344"
"9321","63.58810043334961","63.58810043334961","63.58810043334961"
"9323","41.582122802734375","41.582122802734375","41.582122802734375"
"9324","52.36082458496094","52.36082458496094","52.36082458496094"
"9330","38.46265411376953","38.46265411376953","38.46265411376953"
"9331","41.904964447021484","41.904964447021484","41.904964447021484"
"9332","48.86676788330078","48.86676788330078","48.86676788330078"
"9333","35.287925720214844","35.287925720214844","35.287925720214844"
"9336","48.635040283203125","48.635040283203125","48.635040283203125"
"9337","48.621185302734375","48.621185302734375","48.621185302734375"
"9338","45.015533447265625","45.015533447265625","45.015533447265625"
"9339","46.5765266418457","46.5765266418457","46.5765266418457"
"9340","52.14851379394531","52.14851379394531","52.14851379394531"
"9342","37.247215270996094","37.247215270996094","37.247215270996094"
"9343","33.492252349853516","33.492252349853516","33.492252349853516"
"9346","47.56117248535156","47.56117248535156","47.56117248535156"
"9347","46.78133010864258","46.78133010864258","46.78133010864258"
"9348","65.22230529785156","65.22230529785156","65.22230529785156"
"9350","56.27132034301758","56.27132034301758","56.27132034301758"
"9352","37.38584518432617","37.38584518432617","37.38584518432617"
"9355","51.89006042480469","51.89006042480469","51.89006042480469"
"9360","48.51903533935547","48.51903533935547","48.51903533935547"
"9363","42.21295166015625","42.21295166015625","42.21295166015625"
"9366","50.76343536376953","50.76343536376953","50.76343536376953"
"9370","52.05734634399414","52.05734634399414","52.05734634399414"
"9371","55.969635009765625","55.969635009765625","55.969635009765625"
"9374","41.22653579711914","41.22653579711914","41.22653579711914"
"9375","44.385658264160156","44.385658264160156","44.385658264160156"
"9379","41.1669807434082","41.1669807434082","41.1669807434082"
"9381","53.8323974609375","53.8323974609375","53.8323974609375"
"9382","49.906700134277344","49.906700134277344","49.906700134277344"
"9383","48.467472076416016","48.467472076416016","48.467472076416016"
"9384","34.847965240478516","34.847965240478516","34.847965240478516"
"9385","67.77806854248047","67.77806854248047","67.77806854248047"
"9390","44.82697677612305","44.82697677612305","44.82697677612305"
"9394","51.731040954589844","51.731040954589844","51.731040954589844"
"9397","47.983219146728516","47.983219146728516","47.983219146728516"
"9398","49.56000518798828","49.56000518798828","49.56000518798828"
"9399","56.05925369262695","56.05925369262695","56.05925369262695"
"9400","36.901763916015625","36.901763916015625","36.901763916015625"
"9402","50.37889099121094","50.37889099121094","50.37889099121094"
"9423","38.86915969848633","38.86915969848633","38.86915969848633"
"9424","46.555259704589844","46.555259704589844","46.555259704589844"
"9426","38.281612396240234","38.281612396240234","38.281612396240234"
"9427","44.11652755737305","44.11652755737305","44.11652755737305"
"9429","45.4326057434082","45.4326057434082","45.4326057434082"
"9430","38.661460876464844","38.661460876464844","38.661460876464844"
"9431","39.42174530029297","39.42174530029297","39.42174530029297"
"9433","46.52187728881836","46.52187728881836","46.52187728881836"
"9434","54.56461715698242","54.56461715698242","54.56461715698242"
"9435","40.44249725341797","40.44249725341797","40.44249725341797"
"9436","40.4329833984375","40.4329833984375","40.4329833984375"
"9437","44.80937194824219","44.80937194824219","44.80937194824219"
"9438","46.61174392700195","46.61174392700195","46.61174392700195"
"9440","56.538997650146484","56.538997650146484","56.538997650146484"
"9442","44.7249755859375","44.7249755859375","44.7249755859375"
"9444","48.00876235961914","48.00876235961914","48.00876235961914"
"9445","39.60758972167969","39.60758972167969","39.60758972167969"
"9446","36.34506607055664","36.34506607055664","36.34506607055664"
"9447","39.403480529785156","39.403480529785156","39.403480529785156"
"9448","34.77810287475586","34.77810287475586","34.77810287475586"
"9449","42.853023529052734","42.853023529052734","42.853023529052734"
"9455","3539.79296875","3539.79296875","3539.79296875"
"9456","53.04835891723633","53.04835891723633","53.04835891723633"
"9458","47.407413482666016","47.407413482666016","47.407413482666016"
"9464","37.255672454833984","37.255672454833984","37.255672454833984"
"9465","43.540863037109375","43.540863037109375","43.540863037109375"
"9467","44.270870208740234","44.270870208740234","44.270870208740234"
"9470","58.60517120361328","58.60517120361328","58.60517120361328"
"9471","41.32931900024414","41.32931900024414","41.32931900024414"
"9472","44.23921203613281","44.23921203613281","44.23921203613281"
"9473","37.4091796875","37.4091796875","37.4091796875"
"9484","42.791812896728516","42.791812896728516","42.791812896728516"
"9485","51.6726188659668","51.6726188659668","51.6726188659668"
"9486","47.898399353027344","47.898399353027344","47.898399353027344"
"9487","42.89867401123047","42.89867401123047","42.89867401123047"
"9489","37.389137268066406","37.389137268066406","37.389137268066406"
"9490","35.40586853027344","35.40586853027344","35.40586853027344"
"9493","54.99209213256836","54.99209213256836","54.99209213256836"
"9495","48.84959411621094","48.84959411621094","48.84959411621094"
"9499","479.3954772949219","479.3954772949219","479.3954772949219"
"9502","43.64111328125","43.64111328125","43.64111328125"
"9508","51.03839111328125","51.03839111328125","51.03839111328125"
"9509","42.815345764160156","42.815345764160156","42.815345764160156"
"9510","41.3243522644043","41.3243522644043","41.3243522644043"
"9511","39.17967224121094","39.17967224121094","39.17967224121094"
"9512","43.89849853515625","43.89849853515625","43.89849853515625"
"9513","43.91279602050781","43.91279602050781","43.91279602050781"
"9518","54.31288146972656","54.31288146972656","54.31288146972656"
"9520","50.43478775024414","50.43478775024414","50.43478775024414"
"9522","39.59122085571289","39.59122085571289","39.59122085571289"
"9528","52.70942687988281","52.70942687988281","52.70942687988281"
"9530","46.277435302734375","46.277435302734375","46.277435302734375"
"9531","44.1544189453125","44.1544189453125","44.1544189453125"
"9532","45.12569808959961","45.12569808959961","45.12569808959961"
"9533","41.53472900390625","41.53472900390625","41.53472900390625"
"9535","39.71691131591797","39.71691131591797","39.71691131591797"
"9542","39.193355560302734","39.193355560302734","39.193355560302734"
"9544","34.063987731933594","34.063987731933594","34.063987731933594"
"9547","45.57249450683594","45.57249450683594","45.57249450683594"
"9548","47.59978103637695","47.59978103637695","47.59978103637695"
"9554","54.14390182495117","54.14390182495117","54.14390182495117"
"9556","73.68022155761719","73.68022155761719","73.68022155761719"
"9558","43.36213684082031","43.36213684082031","43.36213684082031"
"9559","43.88980484008789","43.88980484008789","43.88980484008789"
"9561","51.225154876708984","51.225154876708984","51.225154876708984"
"9569","39.83244323730469","39.83244323730469","39.83244323730469"
"9571","47.94869613647461","47.94869613647461","47.94869613647461"
"9572","71.56379699707031","71.56379699707031","71.56379699707031"
"9582","49.670318603515625","49.670318603515625","49.670318603515625"
"9586","41.37080383300781","41.37080383300781","41.37080383300781"
"9589","48.08519744873047","48.08519744873047","48.08519744873047"
"9590","49.31178665161133","49.31178665161133","49.31178665161133"
"9598","42.05873489379883","42.05873489379883","42.05873489379883"
"9599","50.23876190185547","50.23876190185547","50.23876190185547"
"9600","34.881778717041016","34.881778717041016","34.881778717041016"
"9605","51.25545883178711","51.25545883178711","51.25545883178711"
"9606","33.77756881713867","33.77756881713867","33.77756881713867"
"9607","45.461830139160156","45.461830139160156","45.461830139160156"
"9612","49.071685791015625","49.071685791015625","49.071685791015625"
"9616","47.91011428833008","47.91011428833008","47.91011428833008"
"9619","41.93952178955078","41.93952178955078","41.93952178955078"
"9620","40.28368377685547","40.28368377685547","40.28368377685547"
"9621","51.20085525512695","51.20085525512695","51.20085525512695"
"9622","62.920318603515625","62.920318603515625","62.920318603515625"
"9626","46.138641357421875","46.138641357421875","46.138641357421875"
"9628","49.683570861816406","49.683570861816406","49.683570861816406"
"9629","45.12063980102539","45.12063980102539","45.12063980102539"
"9630","49.54052734375","49.54052734375","49.54052734375"
"9633","36.00869369506836","36.00869369506836","36.00869369506836"
"9634","47.54497528076172","47.54497528076172","47.54497528076172"
"9635","42.196250915527344","42.196250915527344","42.196250915527344"
"9637","38.761680603027344","38.761680603027344","38.761680603027344"
"9638","40.04535675048828","40.04535675048828","40.04535675048828"
"9641","46.45432662963867","46.45432662963867","46.45432662963867"
"9645","45.6651496887207","45.6651496887207","45.6651496887207"
"9648","35.648277282714844","35.648277282714844","35.648277282714844"
"9649","36.74547576904297","36.74547576904297","36.74547576904297"
"9650","56.453086853027344","56.453086853027344","56.453086853027344"
"9651","41.85049819946289","41.85049819946289","41.85049819946289"
"9652","46.49689865112305","46.49689865112305","46.49689865112305"
"9654","51.177520751953125","51.177520751953125","51.177520751953125"
"9657","61.7669792175293","61.7669792175293","61.7669792175293"
"9659","46.31654739379883","46.31654739379883","46.31654739379883"
"9660","46.80378341674805","46.80378341674805","46.80378341674805"
"9661","44.806983947753906","44.806983947753906","44.806983947753906"
"9662","35.693443298339844","35.693443298339844","35.693443298339844"
"9668","34.31852722167969","34.31852722167969","34.31852722167969"
"9670","36.873783111572266","36.873783111572266","36.873783111572266"
"9672","39.566375732421875","39.566375732421875","39.566375732421875"
"9674","49.39570617675781","49.39570617675781","49.39570617675781"
"9677","46.10295867919922","46.10295867919922","46.10295867919922"
"9681","63.34442901611328","63.34442901611328","63.34442901611328"
"9683","42.33589172363281","42.33589172363281","42.33589172363281"
"9684","48.659542083740234","48.659542083740234","48.659542083740234"
"9688","45.92940139770508","45.92940139770508","45.92940139770508"
"9692","40.59343719482422","40.59343719482422","40.59343719482422"
"9693","39.863525390625","39.863525390625","39.863525390625"
"9694","37.603939056396484","37.603939056396484","37.603939056396484"
"9696","397.11187744140625","397.11187744140625","397.11187744140625"
"9698","46.93673324584961","46.93673324584961","46.93673324584961"
"9700","47.070552825927734","47.070552825927734","47.070552825927734"
"9701","43.18267059326172","43.18267059326172","43.18267059326172"
"9703","46.789573669433594","46.789573669433594","46.789573669433594"
"9705","45.171958923339844","45.171958923339844","45.171958923339844"
"9706","56.97914123535156","56.97914123535156","56.97914123535156"
"9711","42.36188888549805","42.36188888549805","42.36188888549805"
"9713","36.90617752075195","36.90617752075195","36.90617752075195"
"9717","52.10627746582031","52.10627746582031","52.10627746582031"
"9718","57.10732650756836","57.10732650756836","57.10732650756836"
"9719","48.09698486328125","48.09698486328125","48.09698486328125"
"9720","39.38397979736328","39.38397979736328","39.38397979736328"
"9725","43.259918212890625","43.259918212890625","43.259918212890625"
"9731","38.185447692871094","38.185447692871094","38.185447692871094"
"9734","42.711021423339844","42.711021423339844","42.711021423339844"
"9736","43.48645782470703","43.48645782470703","43.48645782470703"
"9737","40.189453125","40.189453125","40.189453125"
"9740","43.681270599365234","43.681270599365234","43.681270599365234"
"9743","50.86703109741211","50.86703109741211","50.86703109741211"
"9748","37.730499267578125","37.730499267578125","37.730499267578125"
"9749","43.27297592163086","43.27297592163086","43.27297592163086"
"9751","44.052406311035156","44.052406311035156","44.052406311035156"
"9752","37.231834411621094","37.231834411621094","37.231834411621094"
"9754","55.388572692871094","55.388572692871094","55.388572692871094"
"9757","54.392173767089844","54.392173767089844","54.392173767089844"
"9760","43.431312561035156","43.431312561035156","43.431312561035156"
"9762","52.515655517578125","52.515655517578125","52.515655517578125"
"9764","35.18799591064453","35.18799591064453","35.18799591064453"
"9766","51.633644104003906","51.633644104003906","51.633644104003906"
"9770","46.384307861328125","46.384307861328125","46.384307861328125"
"9771","41.333431243896484","41.333431243896484","41.333431243896484"
"9772","38.99834442138672","38.99834442138672","38.99834442138672"
"9774","41.20378875732422","41.20378875732422","41.20378875732422"
"9783","42.43009948730469","42.43009948730469","42.43009948730469"
"9786","36.305335998535156","36.305335998535156","36.305335998535156"
"9788","37.12162399291992","37.12162399291992","37.12162399291992"
"9789","35.64152908325195","35.64152908325195","35.64152908325195"
"9791","40.41775894165039","40.41775894165039","40.41775894165039"
"9792","36.270286560058594","36.270286560058594","36.270286560058594"
"9794","45.70189666748047","45.70189666748047","45.70189666748047"
"9800","44.82067108154297","44.82067108154297","44.82067108154297"
"9801","42.179019927978516","42.179019927978516","42.179019927978516"
"9804","37.883399963378906","37.883399963378906","37.883399963378906"
"9812","45.11762237548828","45.11762237548828","45.11762237548828"
"9813","36.570892333984375","36.570892333984375","36.570892333984375"
"9818","46.92460632324219","46.92460632324219","46.92460632324219"
"9820","39.201759338378906","39.201759338378906","39.201759338378906"
"9821","35.98883819580078","35.98883819580078","35.98883819580078"
"9825","55.48778533935547","55.48778533935547","55.48778533935547"
"9826","34.66458511352539","34.66458511352539","34.66458511352539"
"9836","35.91585922241211","35.91585922241211","35.91585922241211"
"9840","36.69947814941406","36.69947814941406","36.69947814941406"
"9844","56.51355743408203","56.51355743408203","56.51355743408203"
"9847","40.987709045410156","40.987709045410156","40.987709045410156"
"9849","38.53959655761719","38.53959655761719","38.53959655761719"
"9852","55.61109924316406","55.61109924316406","55.61109924316406"
"9854","46.69890594482422","46.69890594482422","46.69890594482422"
"9855","56.658233642578125","56.658233642578125","56.658233642578125"
"9858","56.302391052246094","56.302391052246094","56.302391052246094"
"9862","68.63587951660156","68.63587951660156","68.63587951660156"
"9868","65.25102233886719","65.25102233886719","65.25102233886719"
"9869","42.623435974121094","42.623435974121094","42.623435974121094"
"9871","45.37240219116211","45.37240219116211","45.37240219116211"
"9873","55.267818450927734","55.267818450927734","55.267818450927734"
"9877","37.974853515625","37.974853515625","37.974853515625"
"9879","46.458343505859375","46.458343505859375","46.458343505859375"
"9880","44.59210968017578","44.59210968017578","44.59210968017578"
"9881","41.80058670043945","41.80058670043945","41.80058670043945"
"9883","49.012393951416016","49.012393951416016","49.012393951416016"
"9884","45.71465301513672","45.71465301513672","45.71465301513672"
"9887","40.96376037597656","40.96376037597656","40.96376037597656"
"9894","52.83722686767578","52.83722686767578","52.83722686767578"
"9895","39.5174674987793","39.5174674987793","39.5174674987793"
"9900","35.450401306152344","35.450401306152344","35.450401306152344"
"9901","38.855079650878906","38.855079650878906","38.855079650878906"
"9903","37.37732696533203","37.37732696533203","37.37732696533203"
"9904","43.46855926513672","43.46855926513672","43.46855926513672"
"9905","47.84702682495117","47.84702682495117","47.84702682495117"
"9906","47.03836441040039","47.03836441040039","47.03836441040039"
"9907","50.24955749511719","50.24955749511719","50.24955749511719"
"9909","36.97757339477539","36.97757339477539","36.97757339477539"
"9910","39.906944274902344","39.906944274902344","39.906944274902344"
"9915","49.25641632080078","49.25641632080078","49.25641632080078"
"9916","43.420814514160156","43.420814514160156","43.420814514160156"
"9917","42.71903610229492","42.71903610229492","42.71903610229492"
"9918","54.492759704589844","54.492759704589844","54.492759704589844"
"9919","46.62181854248047","46.62181854248047","46.62181854248047"
"9920","35.571224212646484","35.571224212646484","35.571224212646484"
"9923","39.80464172363281","39.80464172363281","39.80464172363281"
"9924","41.56232833862305","41.56232833862305","41.56232833862305"
"9930","47.212890625","47.212890625","47.212890625"
"9933","39.275691986083984","39.275691986083984","39.275691986083984"
"9934","58.860687255859375","58.860687255859375","58.860687255859375"
"9935","41.859832763671875","41.859832763671875","41.859832763671875"
"9941","44.62548828125","44.62548828125","44.62548828125"
"9952","41.25885009765625","41.25885009765625","41.25885009765625"
"9954","46.555931091308594","46.555931091308594","46.555931091308594"
"9958","41.296180725097656","41.296180725097656","41.296180725097656"
"9959","38.588218688964844","38.588218688964844","38.588218688964844"
"9964","37.10243225097656","37.10243225097656","37.10243225097656"
"9965","38.9794921875","38.9794921875","38.9794921875"
"9966","170.8293914794922","170.8293914794922","170.8293914794922"
"9967","61.5064582824707","61.5064582824707","61.5064582824707"
"9968","38.624481201171875","38.624481201171875","38.624481201171875"
"9969","37.41214370727539","37.41214370727539","37.41214370727539"
"9970","62.4031982421875","62.4031982421875","62.4031982421875"
"9971","41.487770080566406","41.487770080566406","41.487770080566406"
"9973","35.537841796875","35.537841796875","35.537841796875"
"9979","41.626319885253906","41.626319885253906","41.626319885253906"
"9981","49.347259521484375","49.347259521484375","49.347259521484375"
"9983","40.618377685546875","40.618377685546875","40.618377685546875"
"9990","47.99966049194336","47.99966049194336","47.99966049194336"
"9991","43.50421142578125","43.50421142578125","43.50421142578125"
"9992","40.945770263671875","40.945770263671875","40.945770263671875"
"9993","42.9786376953125","42.9786376953125","42.9786376953125"
"9995","43.49530029296875","43.49530029296875","43.49530029296875"
"10003","34.791290283203125","34.791290283203125","34.791290283203125"
"10004","50.127506256103516","50.127506256103516","50.127506256103516"
"10007","54.647003173828125","54.647003173828125","54.647003173828125"
"10008","40.862674713134766","40.862674713134766","40.862674713134766"
"10009","41.34409713745117","41.34409713745117","41.34409713745117"
"10013","39.691307067871094","39.691307067871094","39.691307067871094"
"10014","34.43563461303711","34.43563461303711","34.43563461303711"
"10015","48.25913619995117","48.25913619995117","48.25913619995117"
"10017","38.951515197753906","38.951515197753906","38.951515197753906"
"10020","364.7742614746094","364.7742614746094","364.7742614746094"
"10023","35.993125915527344","35.993125915527344","35.993125915527344"
"10024","40.515350341796875","40.515350341796875","40.515350341796875"
"10026","49.205352783203125","49.205352783203125","49.205352783203125"
"10029","71.63733673095703","71.63733673095703","71.63733673095703"
"10030","35.98139190673828","35.98139190673828","35.98139190673828"
"10032","41.404911041259766","41.404911041259766","41.404911041259766"
"10033","40.14869689941406","40.14869689941406","40.14869689941406"
"10035","33.092464447021484","33.092464447021484","33.092464447021484"
"10038","51.40196990966797","51.40196990966797","51.40196990966797"
"10040","54.923728942871094","54.923728942871094","54.923728942871094"
"10042","41.294315338134766","41.294315338134766","41.294315338134766"
"10043","40.27198028564453","40.27198028564453","40.27198028564453"
"10044","43.222442626953125","43.222442626953125","43.222442626953125"
"10045","48.969505310058594","48.969505310058594","48.969505310058594"
"10047","46.738563537597656","46.738563537597656","46.738563537597656"
"10048","39.15495300292969","39.15495300292969","39.15495300292969"
"10051","41.160789489746094","41.160789489746094","41.160789489746094"
"10052","34.49811553955078","34.49811553955078","34.49811553955078"
"10053","45.7330322265625","45.7330322265625","45.7330322265625"
"10054","41.86709976196289","41.86709976196289","41.86709976196289"
"10055","48.007835388183594","48.007835388183594","48.007835388183594"
"10056","42.06854248046875","42.06854248046875","42.06854248046875"
"10057","38.877227783203125","38.877227783203125","38.877227783203125"
"10058","36.67411422729492","36.67411422729492","36.67411422729492"
"10060","39.822593688964844","39.822593688964844","39.822593688964844"
"10067","52.285438537597656","52.285438537597656","52.285438537597656"
"10069","44.623775482177734","44.623775482177734","44.623775482177734"
"10071","36.7421875","36.7421875","36.7421875"
"10072","41.27946090698242","41.27946090698242","41.27946090698242"
"10075","38.945430755615234","38.945430755615234","38.945430755615234"
"10076","47.83924865722656","47.83924865722656","47.83924865722656"
"10077","67.84770965576172","67.84770965576172","67.84770965576172"
"10082","38.915306091308594","38.915306091308594","38.915306091308594"
"10084","40.65226745605469","40.65226745605469","40.65226745605469"
"10085","37.60742950439453","37.60742950439453","37.60742950439453"
"10086","46.925567626953125","46.925567626953125","46.925567626953125"
"10087","46.4444465637207","46.4444465637207","46.4444465637207"
"10089","36.19489288330078","36.19489288330078","36.19489288330078"
"10090","37.868980407714844","37.868980407714844","37.868980407714844"
"10091","52.23605728149414","52.23605728149414","52.23605728149414"
"10097","42.31456756591797","42.31456756591797","42.31456756591797"
"10098","52.50536346435547","52.50536346435547","52.50536346435547"
"10104","37.437599182128906","37.437599182128906","37.437599182128906"
"10105","41.503273010253906","41.503273010253906","41.503273010253906"
"10106","81.82234191894531","81.82234191894531","81.82234191894531"
"10107","46.74846267700195","46.74846267700195","46.74846267700195"
"10109","35.4803352355957","35.4803352355957","35.4803352355957"
"10110","43.10343933105469","43.10343933105469","43.10343933105469"
"10111","53.749576568603516","53.749576568603516","53.749576568603516"
"10112","46.07956314086914","46.07956314086914","46.07956314086914"
"10114","44.21514892578125","44.21514892578125","44.21514892578125"
"10118","37.57686996459961","37.57686996459961","37.57686996459961"
"10121","36.83257293701172","36.83257293701172","36.83257293701172"
"10123","63.5115852355957","63.5115852355957","63.5115852355957"
"10126","52.41071319580078","52.41071319580078","52.41071319580078"
"10129","39.8258056640625","39.8258056640625","39.8258056640625"
"10140","47.88581085205078","47.88581085205078","47.88581085205078"
"10142","43.765132904052734","43.765132904052734","43.765132904052734"
"10149","64.29000091552734","64.29000091552734","64.29000091552734"
"10150","43.86111068725586","43.86111068725586","43.86111068725586"
"10152","40.9341926574707","40.9341926574707","40.9341926574707"
"10153","37.042110443115234","37.042110443115234","37.042110443115234"
"10156","36.185482025146484","36.185482025146484","36.185482025146484"
"10157","32.85075759887695","32.85075759887695","32.85075759887695"
"10158","39.93303298950195","39.93303298950195","39.93303298950195"
"10159","40.732757568359375","40.732757568359375","40.732757568359375"
"10160","44.1068115234375","44.1068115234375","44.1068115234375"
"10163","40.473018646240234","40.473018646240234","40.473018646240234"
"10164","34.005714416503906","34.005714416503906","34.005714416503906"
"10165","43.743675231933594","43.743675231933594","43.743675231933594"
"10166","37.30179977416992","37.30179977416992","37.30179977416992"
"10170","38.24521255493164","38.24521255493164","38.24521255493164"
"10175","43.59854507446289","43.59854507446289","43.59854507446289"
"10177","46.158363342285156","46.158363342285156","46.158363342285156"
"10179","45.32415771484375","45.32415771484375","45.32415771484375"
"10180","39.91093063354492","39.91093063354492","39.91093063354492"
"10183","45.07649612426758","45.07649612426758","45.07649612426758"
"10184","3147.86669921875","3147.86669921875","3147.86669921875"
"10185","38.936676025390625","38.936676025390625","38.936676025390625"
"10191","39.28933334350586","39.28933334350586","39.28933334350586"
"10192","46.12846755981445","46.12846755981445","46.12846755981445"
"10195","41.59978485107422","41.59978485107422","41.59978485107422"
"10196","40.14443588256836","40.14443588256836","40.14443588256836"
"10197","39.61460876464844","39.61460876464844","39.61460876464844"
"10199","32.79306411743164","32.79306411743164","32.79306411743164"
"10200","42.28677749633789","42.28677749633789","42.28677749633789"
"10204","38.385982513427734","38.385982513427734","38.385982513427734"
"10206","36.74287414550781","36.74287414550781","36.74287414550781"
"10208","51.165584564208984","51.165584564208984","51.165584564208984"
"10209","48.21305847167969","48.21305847167969","48.21305847167969"
"10212","49.712745666503906","49.712745666503906","49.712745666503906"
"10218","53.967506408691406","53.967506408691406","53.967506408691406"
"10219","46.64186096191406","46.64186096191406","46.64186096191406"
"10222","67.3288803100586","67.3288803100586","67.3288803100586"
"10225","35.805511474609375","35.805511474609375","35.805511474609375"
"10226","54.916160583496094","54.916160583496094","54.916160583496094"
"10228","39.690128326416016","39.690128326416016","39.690128326416016"
"10232","36.98468017578125","36.98468017578125","36.98468017578125"
"10234","159.40867614746094","159.40867614746094","159.40867614746094"
"10236","37.32286071777344","37.32286071777344","37.32286071777344"
"10237","39.52842712402344","39.52842712402344","39.52842712402344"
"10242","40.777015686035156","40.777015686035156","40.777015686035156"
"10244","36.382781982421875","36.382781982421875","36.382781982421875"
"10246","40.934600830078125","40.934600830078125","40.934600830078125"
"10247","41.19820785522461","41.19820785522461","41.19820785522461"
"10248","35.432373046875","35.432373046875","35.432373046875"
"10252","37.792236328125","37.792236328125","37.792236328125"
"10253","349.4585266113281","349.4585266113281","349.4585266113281"
"10258","40.62356185913086","40.62356185913086","40.62356185913086"
"10263","33.775203704833984","33.775203704833984","33.775203704833984"
"10264","45.558067321777344","45.558067321777344","45.558067321777344"
"10266","4050.5712890625","4050.5712890625","4050.5712890625"
"10268","41.048213958740234","41.048213958740234","41.048213958740234"
"10269","41.833248138427734","41.833248138427734","41.833248138427734"
"10270","46.61417007446289","46.61417007446289","46.61417007446289"
"10272","45.10210418701172","45.10210418701172","45.10210418701172"
"10274","40.587894439697266","40.587894439697266","40.587894439697266"
"10276","39.11910629272461","39.11910629272461","39.11910629272461"
"10280","52.67121124267578","52.67121124267578","52.67121124267578"
"10284","49.45197677612305","49.45197677612305","49.45197677612305"
"10285","37.36929702758789","37.36929702758789","37.36929702758789"
"10289","48.79780578613281","48.79780578613281","48.79780578613281"
"10290","34.87578582763672","34.87578582763672","34.87578582763672"
"10295","40.12980270385742","40.12980270385742","40.12980270385742"
"10296","47.363853454589844","47.363853454589844","47.363853454589844"
"10300","36.007606506347656","36.007606506347656","36.007606506347656"
"10302","36.31401062011719","36.31401062011719","36.31401062011719"
"10303","40.79823303222656","40.79823303222656","40.79823303222656"
"10305","45.30367660522461","45.30367660522461","45.30367660522461"
"10306","38.90882110595703","38.90882110595703","38.90882110595703"
"10317","48.1948127746582","48.1948127746582","48.1948127746582"
"10319","45.74357986450195","45.74357986450195","45.74357986450195"
"10322","43.67893600463867","43.67893600463867","43.67893600463867"
"10325","41.80921936035156","41.80921936035156","41.80921936035156"
"10328","34.08394241333008","34.08394241333008","34.08394241333008"
"10329","41.561710357666016","41.561710357666016","41.561710357666016"
"10330","38.90258026123047","38.90258026123047","38.90258026123047"
"10332","40.26126480102539","40.26126480102539","40.26126480102539"
"10334","43.2976188659668","43.2976188659668","43.2976188659668"
"10335","47.86831283569336","47.86831283569336","47.86831283569336"
"10336","41.254390716552734","41.254390716552734","41.254390716552734"
"10338","54.9286003112793","54.9286003112793","54.9286003112793"
"10342","52.50323486328125","52.50323486328125","52.50323486328125"
"10347","42.89638900756836","42.89638900756836","42.89638900756836"
"10349","56.99951934814453","56.99951934814453","56.99951934814453"
"10351","41.27199935913086","41.27199935913086","41.27199935913086"
"10352","49.573150634765625","49.573150634765625","49.573150634765625"
"10353","48.33389663696289","48.33389663696289","48.33389663696289"
"10355","42.815216064453125","42.815216064453125","42.815216064453125"
"10357","45.36566162109375","45.36566162109375","45.36566162109375"
"10359","37.513832092285156","37.513832092285156","37.513832092285156"
"10361","42.25813293457031","42.25813293457031","42.25813293457031"
"10364","40.391971588134766","40.391971588134766","40.391971588134766"
"10368","38.819156646728516","38.819156646728516","38.819156646728516"
"10372","36.27745056152344","36.27745056152344","36.27745056152344"
"10375","49.43407440185547","49.43407440185547","49.43407440185547"
"10376","60.7576904296875","60.7576904296875","60.7576904296875"
"10380","38.412696838378906","38.412696838378906","38.412696838378906"
"10382","71.67296600341797","71.67296600341797","71.67296600341797"
"10384","33.40353775024414","33.40353775024414","33.40353775024414"
"10389","200.7157440185547","200.7157440185547","200.7157440185547"
"10391","41.48963928222656","41.48963928222656","41.48963928222656"
"10394","36.469322204589844","36.469322204589844","36.469322204589844"
"10395","39.10026168823242","39.10026168823242","39.10026168823242"
"10398","46.52420425415039","46.52420425415039","46.52420425415039"
"10400","43.455928802490234","43.455928802490234","43.455928802490234"
"10401","34.96833801269531","34.96833801269531","34.96833801269531"
"10402","38.27311706542969","38.27311706542969","38.27311706542969"
"10403","40.201358795166016","40.201358795166016","40.201358795166016"
"10404","41.698177337646484","41.698177337646484","41.698177337646484"
"10406","42.59771728515625","42.59771728515625","42.59771728515625"
"10410","40.50346374511719","40.50346374511719","40.50346374511719"
"10412","41.077659606933594","41.077659606933594","41.077659606933594"
"10413","112.9724349975586","112.9724349975586","112.9724349975586"
"10416","38.549190521240234","38.549190521240234","38.549190521240234"
"10422","33.601295471191406","33.601295471191406","33.601295471191406"
"10427","43.51445770263672","43.51445770263672","43.51445770263672"
"10431","33.82301712036133","33.82301712036133","33.82301712036133"
"10432","36.048553466796875","36.048553466796875","36.048553466796875"
"10433","41.281959533691406","41.281959533691406","41.281959533691406"
"10435","35.65635681152344","35.65635681152344","35.65635681152344"
"10436","44.153297424316406","44.153297424316406","44.153297424316406"
"10439","39.06038284301758","39.06038284301758","39.06038284301758"
"10440","142.24075317382812","142.24075317382812","142.24075317382812"
"10442","36.80370330810547","36.80370330810547","36.80370330810547"
"10443","39.8739128112793","39.8739128112793","39.8739128112793"
"10444","36.64221954345703","36.64221954345703","36.64221954345703"
"10445","53.2242431640625","53.2242431640625","53.2242431640625"
"10449","44.2228889465332","44.2228889465332","44.2228889465332"
"10450","47.316898345947266","47.316898345947266","47.316898345947266"
"10453","58.48210525512695","58.48210525512695","58.48210525512695"
"10455","54.517642974853516","54.517642974853516","54.517642974853516"
"10458","43.33219909667969","43.33219909667969","43.33219909667969"
"10459","35.19017791748047","35.19017791748047","35.19017791748047"
"10462","45.24641418457031","45.24641418457031","45.24641418457031"
"10464","49.712242126464844","49.712242126464844","49.712242126464844"
"10467","37.5634880065918","37.5634880065918","37.5634880065918"
"10468","38.805137634277344","38.805137634277344","38.805137634277344"
"10469","34.58045959472656","34.58045959472656","34.58045959472656"
"10470","42.64027786254883","42.64027786254883","42.64027786254883"
"10472","55.82246017456055","55.82246017456055","55.82246017456055"
"10473","41.058349609375","41.058349609375","41.058349609375"
"10474","40.5360107421875","40.5360107421875","40.5360107421875"
"10475","48.02240753173828","48.02240753173828","48.02240753173828"
"10480","45.23500061035156","45.23500061035156","45.23500061035156"
"10485","47.709320068359375","47.709320068359375","47.709320068359375"
"10488","48.421878814697266","48.421878814697266","48.421878814697266"
"10491","40.719993591308594","40.719993591308594","40.719993591308594"
"10498","57.55021667480469","57.55021667480469","57.55021667480469"
"10501","40.3733024597168","40.3733024597168","40.3733024597168"
"10503","38.43777847290039","38.43777847290039","38.43777847290039"
"10504","48.29646682739258","48.29646682739258","48.29646682739258"
"10506","41.63336181640625","41.63336181640625","41.63336181640625"
"10509","40.40620422363281","40.40620422363281","40.40620422363281"
"10510","54.65203094482422","54.65203094482422","54.65203094482422"
"10512","36.105045318603516","36.105045318603516","36.105045318603516"
"10514","39.89937210083008","39.89937210083008","39.89937210083008"
"10517","44.35760498046875","44.35760498046875","44.35760498046875"
"10518","59.773624420166016","59.773624420166016","59.773624420166016"
"10522","42.926231384277344","42.926231384277344","42.926231384277344"
"10524","49.55733108520508","49.55733108520508","49.55733108520508"
"10525","40.43487548828125","40.43487548828125","40.43487548828125"
"10527","35.69318771362305","35.69318771362305","35.69318771362305"
"10531","44.61588668823242","44.61588668823242","44.61588668823242"
"10533","34.311065673828125","34.311065673828125","34.311065673828125"
"10534","46.01976776123047","46.01976776123047","46.01976776123047"
"10537","47.87983703613281","47.87983703613281","47.87983703613281"
"10540","40.39915466308594","40.39915466308594","40.39915466308594"
"10541","40.30354309082031","40.30354309082031","40.30354309082031"
"10542","54.31320571899414","54.31320571899414","54.31320571899414"
"10550","39.58546829223633","39.58546829223633","39.58546829223633"
"10552","350.54022216796875","350.54022216796875","350.54022216796875"
"10554","41.953651428222656","41.953651428222656","41.953651428222656"
"10555","51.07259750366211","51.07259750366211","51.07259750366211"
"10559","49.402870178222656","49.402870178222656","49.402870178222656"
"10563","102.46075439453125","102.46075439453125","102.46075439453125"
"10564","39.33629608154297","39.33629608154297","39.33629608154297"
"10565","40.25659942626953","40.25659942626953","40.25659942626953"
"10568","45.975379943847656","45.975379943847656","45.975379943847656"
"10570","46.188446044921875","46.188446044921875","46.188446044921875"
"10571","48.11354446411133","48.11354446411133","48.11354446411133"
"10572","40.76316452026367","40.76316452026367","40.76316452026367"
"10577","47.36831283569336","47.36831283569336","47.36831283569336"
"10580","36.27140426635742","36.27140426635742","36.27140426635742"
"10581","47.56844711303711","47.56844711303711","47.56844711303711"
"10588","53.79843521118164","53.79843521118164","53.79843521118164"
"10589","38.503753662109375","38.503753662109375","38.503753662109375"
"10590","47.10003662109375","47.10003662109375","47.10003662109375"
"10592","53.81657409667969","53.81657409667969","53.81657409667969"
"10597","43.72404098510742","43.72404098510742","43.72404098510742"
"10598","58.30387496948242","58.30387496948242","58.30387496948242"
"10605","37.580623626708984","37.580623626708984","37.580623626708984"
"10606","40.89476776123047","40.89476776123047","40.89476776123047"
"10614","48.82940673828125","48.82940673828125","48.82940673828125"
"10616","43.483062744140625","43.483062744140625","43.483062744140625"
"10618","65.28923034667969","65.28923034667969","65.28923034667969"
"10619","36.00592803955078","36.00592803955078","36.00592803955078"
"10625","41.79201126098633","41.79201126098633","41.79201126098633"
"10626","47.884803771972656","47.884803771972656","47.884803771972656"
"10627","38.286766052246094","38.286766052246094","38.286766052246094"
"10628","37.276947021484375","37.276947021484375","37.276947021484375"
"10632","35.670997619628906","35.670997619628906","35.670997619628906"
"10635","42.2415657043457","42.2415657043457","42.2415657043457"
"10636","45.06645965576172","45.06645965576172","45.06645965576172"
"10637","49.26558303833008","49.26558303833008","49.26558303833008"
"10639","34.08484649658203","34.08484649658203","34.08484649658203"
"10640","34.35985565185547","34.35985565185547","34.35985565185547"
"10643","39.738155364990234","39.738155364990234","39.738155364990234"
"10661","50.588600158691406","50.588600158691406","50.588600158691406"
"10662","41.332401275634766","41.332401275634766","41.332401275634766"
"10666","45.405845642089844","45.405845642089844","45.405845642089844"
"10668","41.03789520263672","41.03789520263672","41.03789520263672"
"10669","54.615230560302734","54.615230560302734","54.615230560302734"
"10673","45.178260803222656","45.178260803222656","45.178260803222656"
"10675","39.21207046508789","39.21207046508789","39.21207046508789"
"10677","51.44585418701172","51.44585418701172","51.44585418701172"
"10678","39.25164031982422","39.25164031982422","39.25164031982422"
"10680","36.88126754760742","36.88126754760742","36.88126754760742"
"10681","47.77339172363281","47.77339172363281","47.77339172363281"
"10685","38.334739685058594","38.334739685058594","38.334739685058594"
"10688","37.81122589111328","37.81122589111328","37.81122589111328"
"10689","36.48329162597656","36.48329162597656","36.48329162597656"
"10692","46.892520904541016","46.892520904541016","46.892520904541016"
"10695","56.628746032714844","56.628746032714844","56.628746032714844"
"10697","35.910255432128906","35.910255432128906","35.910255432128906"
"10700","37.48518371582031","37.48518371582031","37.48518371582031"
"10702","35.62645721435547","35.62645721435547","35.62645721435547"
"10705","42.687015533447266","42.687015533447266","42.687015533447266"
"10707","39.324867248535156","39.324867248535156","39.324867248535156"
"10708","36.18256378173828","36.18256378173828","36.18256378173828"
"10710","38.80532455444336","38.80532455444336","38.80532455444336"
"10713","48.745567321777344","48.745567321777344","48.745567321777344"
"10717","35.757686614990234","35.757686614990234","35.757686614990234"
"10719","1808.4796142578125","1808.4796142578125","1808.4796142578125"
"10722","41.91094207763672","41.91094207763672","41.91094207763672"
"10725","43.44650650024414","43.44650650024414","43.44650650024414"
"10726","35.04459762573242","35.04459762573242","35.04459762573242"
"10727","37.371253967285156","37.371253967285156","37.371253967285156"
"10730","43.974117279052734","43.974117279052734","43.974117279052734"
"10731","38.024192810058594","38.024192810058594","38.024192810058594"
"10732","42.770599365234375","42.770599365234375","42.770599365234375"
"10734","46.375701904296875","46.375701904296875","46.375701904296875"
"10739","69.80027770996094","69.80027770996094","69.80027770996094"
"10742","47.07662582397461","47.07662582397461","47.07662582397461"
"10743","36.0091552734375","36.0091552734375","36.0091552734375"
"10747","37.106868743896484","37.106868743896484","37.106868743896484"
"10749","45.734806060791016","45.734806060791016","45.734806060791016"
"10751","37.65699005126953","37.65699005126953","37.65699005126953"
"10754","42.84491729736328","42.84491729736328","42.84491729736328"
"10757","46.96844482421875","46.96844482421875","46.96844482421875"
"10758","36.12293243408203","36.12293243408203","36.12293243408203"
"10759","42.037391662597656","42.037391662597656","42.037391662597656"
"10763","43.766685485839844","43.766685485839844","43.766685485839844"
"10764","33.57864761352539","33.57864761352539","33.57864761352539"
"10770","36.549827575683594","36.549827575683594","36.549827575683594"
"10773","42.704002380371094","42.704002380371094","42.704002380371094"
"10774","36.36439514160156","36.36439514160156","36.36439514160156"
"10776","46.725765228271484","46.725765228271484","46.725765228271484"
"10777","42.59619903564453","42.59619903564453","42.59619903564453"
"10779","89.27192687988281","89.27192687988281","89.27192687988281"
"10781","43.65096664428711","43.65096664428711","43.65096664428711"
"10782","42.34308624267578","42.34308624267578","42.34308624267578"
"10783","43.38982391357422","43.38982391357422","43.38982391357422"
"10784","46.29396438598633","46.29396438598633","46.29396438598633"
"10785","45.99053192138672","45.99053192138672","45.99053192138672"
"10791","37.793304443359375","37.793304443359375","37.793304443359375"
"10798","48.039649963378906","48.039649963378906","48.039649963378906"
"10800","41.63419723510742","41.63419723510742","41.63419723510742"
"10807","34.25836181640625","34.25836181640625","34.25836181640625"
"10808","49.48303985595703","49.48303985595703","49.48303985595703"
"10812","42.40489959716797","42.40489959716797","42.40489959716797"
"10813","36.27482223510742","36.27482223510742","36.27482223510742"
"10814","37.67750549316406","37.67750549316406","37.67750549316406"
"10817","41.36595916748047","41.36595916748047","41.36595916748047"
"10820","37.48259353637695","37.48259353637695","37.48259353637695"
"10822","37.04351806640625","37.04351806640625","37.04351806640625"
"10823","41.80434036254883","41.80434036254883","41.80434036254883"
"10824","35.19575500488281","35.19575500488281","35.19575500488281"
"10827","36.757198333740234","36.757198333740234","36.757198333740234"
"10828","89.17958068847656","89.17958068847656","89.17958068847656"
"10829","37.84480285644531","37.84480285644531","37.84480285644531"
"10830","49.40544891357422","49.40544891357422","49.40544891357422"
"10833","36.86013412475586","36.86013412475586","36.86013412475586"
"10834","43.019046783447266","43.019046783447266","43.019046783447266"
"10838","39.62372970581055","39.62372970581055","39.62372970581055"
"10839","36.7586784362793","36.7586784362793","36.7586784362793"
"10842","40.01115798950195","40.01115798950195","40.01115798950195"
"10847","40.767303466796875","40.767303466796875","40.767303466796875"
"10852","39.487342834472656","39.487342834472656","39.487342834472656"
"10853","42.235076904296875","42.235076904296875","42.235076904296875"
"10857","32.16912078857422","32.16912078857422","32.16912078857422"
"10864","34.4744758605957","34.4744758605957","34.4744758605957"
"10867","43.91283416748047","43.91283416748047","43.91283416748047"
"10872","44.12350082397461","44.12350082397461","44.12350082397461"
"10874","38.58344268798828","38.58344268798828","38.58344268798828"
"10877","40.34482955932617","40.34482955932617","40.34482955932617"
"10878","41.01338195800781","41.01338195800781","41.01338195800781"
"10881","46.323822021484375","46.323822021484375","46.323822021484375"
"10882","52.71965026855469","52.71965026855469","52.71965026855469"
"10883","40.01350784301758","40.01350784301758","40.01350784301758"
"10885","35.13574981689453","35.13574981689453","35.13574981689453"
"10886","65.22802734375","65.22802734375","65.22802734375"
"10887","34.68025588989258","34.68025588989258","34.68025588989258"
"10892","39.496604919433594","39.496604919433594","39.496604919433594"
"10893","38.89693832397461","38.89693832397461","38.89693832397461"
"10894","44.315887451171875","44.315887451171875","44.315887451171875"
"10895","37.02262878417969","37.02262878417969","37.02262878417969"
"10896","47.60852813720703","47.60852813720703","47.60852813720703"
"10899","37.75379943847656","37.75379943847656","37.75379943847656"
"10901","40.62431716918945","40.62431716918945","40.62431716918945"
"10903","39.62990188598633","39.62990188598633","39.62990188598633"
"10905","42.40300750732422","42.40300750732422","42.40300750732422"
"10908","34.156593322753906","34.156593322753906","34.156593322753906"
"10909","46.75282287597656","46.75282287597656","46.75282287597656"
"10912","40.9025764465332","40.9025764465332","40.9025764465332"
"10915","42.68235778808594","42.68235778808594","42.68235778808594"
"10916","75.1511459350586","75.1511459350586","75.1511459350586"
"10917","46.416873931884766","46.416873931884766","46.416873931884766"
"10920","47.965293884277344","47.965293884277344","47.965293884277344"
"10922","41.20515823364258","41.20515823364258","41.20515823364258"
"10923","38.0448112487793","38.0448112487793","38.0448112487793"
"10924","41.22726821899414","41.22726821899414","41.22726821899414"
"10925","39.141868591308594","39.141868591308594","39.141868591308594"
"10928","53.81031799316406","53.81031799316406","53.81031799316406"
"10930","39.71052932739258","39.71052932739258","39.71052932739258"
"10931","44.49797821044922","44.49797821044922","44.49797821044922"
"10934","36.751556396484375","36.751556396484375","36.751556396484375"
"10936","37.82769775390625","37.82769775390625","37.82769775390625"
"10937","46.15659713745117","46.15659713745117","46.15659713745117"
"10939","32.20485305786133","32.20485305786133","32.20485305786133"
"10941","38.99930191040039","38.99930191040039","38.99930191040039"
"10946","35.174800872802734","35.174800872802734","35.174800872802734"
"10947","5916.44384765625","5916.44384765625","5916.44384765625"
"10948","49.1461296081543","49.1461296081543","49.1461296081543"
"10949","39.104740142822266","39.104740142822266","39.104740142822266"
"10952","44.304412841796875","44.304412841796875","44.304412841796875"
"10953","39.159603118896484","39.159603118896484","39.159603118896484"
"10954","44.06657791137695","44.06657791137695","44.06657791137695"
"10957","33.41061782836914","33.41061782836914","33.41061782836914"
"10958","41.29902648925781","41.29902648925781","41.29902648925781"
"10959","35.82038116455078","35.82038116455078","35.82038116455078"
"10962","42.7996826171875","42.7996826171875","42.7996826171875"
"10966","38.736751556396484","38.736751556396484","38.736751556396484"
"10971","31.95732307434082","31.95732307434082","31.95732307434082"
"10974","44.691246032714844","44.691246032714844","44.691246032714844"
"10979","35.385990142822266","35.385990142822266","35.385990142822266"
"10981","38.63557815551758","38.63557815551758","38.63557815551758"
"10982","39.0367431640625","39.0367431640625","39.0367431640625"
"10983","31.85281753540039","31.85281753540039","31.85281753540039"
"10984","46.681175231933594","46.681175231933594","46.681175231933594"
"10985","34.659324645996094","34.659324645996094","34.659324645996094"
"10991","30.889873504638672","30.889873504638672","30.889873504638672"
"10993","44.489219665527344","44.489219665527344","44.489219665527344"
"10997","36.77667236328125","36.77667236328125","36.77667236328125"
"11003","36.71492385864258","36.71492385864258","36.71492385864258"
"11006","51.4949951171875","51.4949951171875","51.4949951171875"
"11008","34.6123161315918","34.6123161315918","34.6123161315918"
"11012","45.2986946105957","45.2986946105957","45.2986946105957"
"11013","44.816650390625","44.816650390625","44.816650390625"
"11014","42.17463684082031","42.17463684082031","42.17463684082031"
"11015","37.55663299560547","37.55663299560547","37.55663299560547"
"11016","34.391815185546875","34.391815185546875","34.391815185546875"
"11018","46.11402130126953","46.11402130126953","46.11402130126953"
"11023","36.965797424316406","36.965797424316406","36.965797424316406"
"11027","43.525718688964844","43.525718688964844","43.525718688964844"
"11028","36.53166961669922","36.53166961669922","36.53166961669922"
"11030","37.65570068359375","37.65570068359375","37.65570068359375"
"11032","38.47730255126953","38.47730255126953","38.47730255126953"
"11034","33.06706619262695","33.06706619262695","33.06706619262695"
"11035","42.16926193237305","42.16926193237305","42.16926193237305"
"11038","33.22029495239258","33.22029495239258","33.22029495239258"
"11039","43.74861145019531","43.74861145019531","43.74861145019531"
"11045","42.7816276550293","42.7816276550293","42.7816276550293"
"11046","40.52994155883789","40.52994155883789","40.52994155883789"
"11049","74.89778137207031","74.89778137207031","74.89778137207031"
"11050","37.379188537597656","37.379188537597656","37.379188537597656"
"11051","56.75642395019531","56.75642395019531","56.75642395019531"
"11052","42.442508697509766","42.442508697509766","42.442508697509766"
"11055","41.84691619873047","41.84691619873047","41.84691619873047"
"11057","3968.942138671875","3968.942138671875","3968.942138671875"
"11058","41.684078216552734","41.684078216552734","41.684078216552734"
"11061","45.940513610839844","45.940513610839844","45.940513610839844"
"11066","42.24341583251953","42.24341583251953","42.24341583251953"
"11071","39.31169891357422","39.31169891357422","39.31169891357422"
"11074","38.82990264892578","38.82990264892578","38.82990264892578"
"11075","39.686492919921875","39.686492919921875","39.686492919921875"
"11080","53.090267181396484","53.090267181396484","53.090267181396484"
"11085","43.2899284362793","43.2899284362793","43.2899284362793"
"11087","39.70040512084961","39.70040512084961","39.70040512084961"
"11088","37.83714294433594","37.83714294433594","37.83714294433594"
"11090","44.67610549926758","44.67610549926758","44.67610549926758"
"11093","259.5674743652344","259.5674743652344","259.5674743652344"
"11094","36.82489013671875","36.82489013671875","36.82489013671875"
"11097","43.08799743652344","43.08799743652344","43.08799743652344"
"11100","44.2109260559082","44.2109260559082","44.2109260559082"
"11101","36.200565338134766","36.200565338134766","36.200565338134766"
"11104","37.43396759033203","37.43396759033203","37.43396759033203"
"11108","39.361976623535156","39.361976623535156","39.361976623535156"
"11111","46.389888763427734","46.389888763427734","46.389888763427734"
"11112","38.12961196899414","38.12961196899414","38.12961196899414"
"11113","43.48418426513672","43.48418426513672","43.48418426513672"
"11114","39.05025863647461","39.05025863647461","39.05025863647461"
"11116","45.679527282714844","45.679527282714844","45.679527282714844"
"11117","48.81859588623047","48.81859588623047","48.81859588623047"
"11123","37.52316665649414","37.52316665649414","37.52316665649414"
"11125","40.92483139038086","40.92483139038086","40.92483139038086"
"11126","39.002357482910156","39.002357482910156","39.002357482910156"
"11132","40.388587951660156","40.388587951660156","40.388587951660156"
"11133","40.94939422607422","40.94939422607422","40.94939422607422"
"11135","38.67819595336914","38.67819595336914","38.67819595336914"
"11136","39.02531051635742","39.02531051635742","39.02531051635742"
"11137","31.459619522094727","31.459619522094727","31.459619522094727"
"11140","39.671714782714844","39.671714782714844","39.671714782714844"
"11141","53.504302978515625","53.504302978515625","53.504302978515625"
"11144","46.361549377441406","46.361549377441406","46.361549377441406"
"11145","35.82316589355469","35.82316589355469","35.82316589355469"
"11146","41.61467742919922","41.61467742919922","41.61467742919922"
"11150","37.50601577758789","37.50601577758789","37.50601577758789"
"11153","34.331417083740234","34.331417083740234","34.331417083740234"
"11158","42.85359191894531","42.85359191894531","42.85359191894531"
"11159","33.00833511352539","33.00833511352539","33.00833511352539"
"11160","39.461734771728516","39.461734771728516","39.461734771728516"
"11161","38.494239807128906","38.494239807128906","38.494239807128906"
"11164","38.38211441040039","38.38211441040039","38.38211441040039"
"11165","46.242366790771484","46.242366790771484","46.242366790771484"
"11174","41.652122497558594","41.652122497558594","41.652122497558594"
"11175","45.09711456298828","45.09711456298828","45.09711456298828"
"11178","49.40253448486328","49.40253448486328","49.40253448486328"
"11179","45.38734817504883","45.38734817504883","45.38734817504883"
"11182","39.26291275024414","39.26291275024414","39.26291275024414"
"11188","43.091644287109375","43.091644287109375","43.091644287109375"
"11190","37.233848571777344","37.233848571777344","37.233848571777344"
"11191","48.13120651245117","48.13120651245117","48.13120651245117"
"11193","43.74176025390625","43.74176025390625","43.74176025390625"
"11194","35.9632453918457","35.9632453918457","35.9632453918457"
"11196","77.2586898803711","77.2586898803711","77.2586898803711"
"11203","35.29738235473633","35.29738235473633","35.29738235473633"
"11206","52.61417007446289","52.61417007446289","52.61417007446289"
"11209","207.10902404785156","207.10902404785156","207.10902404785156"
"11213","61.42399215698242","61.42399215698242","61.42399215698242"
"11214","43.28276824951172","43.28276824951172","43.28276824951172"
"11215","43.891231536865234","43.891231536865234","43.891231536865234"
"11216","54.223690032958984","54.223690032958984","54.223690032958984"
"11218","46.695472717285156","46.695472717285156","46.695472717285156"
"11223","41.55440902709961","41.55440902709961","41.55440902709961"
"11225","39.33274459838867","39.33274459838867","39.33274459838867"
"11227","41.54092788696289","41.54092788696289","41.54092788696289"
"11229","45.872535705566406","45.872535705566406","45.872535705566406"
"11231","50.48699951171875","50.48699951171875","50.48699951171875"
"11232","43.32097244262695","43.32097244262695","43.32097244262695"
"11234","38.30820846557617","38.30820846557617","38.30820846557617"
"11238","43.084754943847656","43.084754943847656","43.084754943847656"
"11239","71.65989685058594","71.65989685058594","71.65989685058594"
"11240","32.623680114746094","32.623680114746094","32.623680114746094"
"11246","36.138057708740234","36.138057708740234","36.138057708740234"
"11248","34.942726135253906","34.942726135253906","34.942726135253906"
"11255","42.351646423339844","42.351646423339844","42.351646423339844"
"11257","46.7873420715332","46.7873420715332","46.7873420715332"
"11258","45.40443420410156","45.40443420410156","45.40443420410156"
"11260","50.39449691772461","50.39449691772461","50.39449691772461"
"11261","42.6636848449707","42.6636848449707","42.6636848449707"
"11262","41.5333137512207","41.5333137512207","41.5333137512207"
"11264","41.531715393066406","41.531715393066406","41.531715393066406"
"11265","41.40680694580078","41.40680694580078","41.40680694580078"
"11267","42.17127227783203","42.17127227783203","42.17127227783203"
"11268","38.34849548339844","38.34849548339844","38.34849548339844"
"11271","43.447410583496094","43.447410583496094","43.447410583496094"
"11272","40.280555725097656","40.280555725097656","40.280555725097656"
"11276","37.313392639160156","37.313392639160156","37.313392639160156"
"11277","36.77608108520508","36.77608108520508","36.77608108520508"
"11279","38.41146469116211","38.41146469116211","38.41146469116211"
"11280","33.81389236450195","33.81389236450195","33.81389236450195"
"11290","36.340171813964844","36.340171813964844","36.340171813964844"
"11292","39.173912048339844","39.173912048339844","39.173912048339844"
"11293","48.528297424316406","48.528297424316406","48.528297424316406"
"11295","46.75929260253906","46.75929260253906","46.75929260253906"
"11298","40.692848205566406","40.692848205566406","40.692848205566406"
"11300","41.01273727416992","41.01273727416992","41.01273727416992"
"11304","49.09696960449219","49.09696960449219","49.09696960449219"
"11305","40.22019577026367","40.22019577026367","40.22019577026367"
"11306","43.35527420043945","43.35527420043945","43.35527420043945"
"11308","44.866249084472656","44.866249084472656","44.866249084472656"
"11309","44.3371696472168","44.3371696472168","44.3371696472168"
"11310","43.650211334228516","43.650211334228516","43.650211334228516"
"11311","41.02561569213867","41.02561569213867","41.02561569213867"
"11312","37.51862335205078","37.51862335205078","37.51862335205078"
"11313","47.74924087524414","47.74924087524414","47.74924087524414"
"11314","39.14299774169922","39.14299774169922","39.14299774169922"
"11315","96.0876235961914","96.0876235961914","96.0876235961914"
"11318","40.41143798828125","40.41143798828125","40.41143798828125"
"11320","34.12066650390625","34.12066650390625","34.12066650390625"
"11322","38.18367004394531","38.18367004394531","38.18367004394531"
"11324","40.67139434814453","40.67139434814453","40.67139434814453"
"11327","39.808040618896484","39.808040618896484","39.808040618896484"
"11328","1575.2235107421875","1575.2235107421875","1575.2235107421875"
"11329","48.60972213745117","48.60972213745117","48.60972213745117"
"11334","38.73365783691406","38.73365783691406","38.73365783691406"
"11337","35.94215393066406","35.94215393066406","35.94215393066406"
"11339","38.31061553955078","38.31061553955078","38.31061553955078"
"11345","33.59895324707031","33.59895324707031","33.59895324707031"
"11346","33.75557327270508","33.75557327270508","33.75557327270508"
"11347","36.25639724731445","36.25639724731445","36.25639724731445"
"11349","45.28186798095703","45.28186798095703","45.28186798095703"
"11353","437.68646240234375","437.68646240234375","437.68646240234375"
"11354","44.69319152832031","44.69319152832031","44.69319152832031"
"11358","37.975868225097656","37.975868225097656","37.975868225097656"
"11363","40.75322341918945","40.75322341918945","40.75322341918945"
"11364","35.72596740722656","35.72596740722656","35.72596740722656"
"11365","37.84763717651367","37.84763717651367","37.84763717651367"
"11366","42.155250549316406","42.155250549316406","42.155250549316406"
"11367","51.956321716308594","51.956321716308594","51.956321716308594"
"11369","35.58335876464844","35.58335876464844","35.58335876464844"
"11370","46.67792510986328","46.67792510986328","46.67792510986328"
"11373","39.54279327392578","39.54279327392578","39.54279327392578"
"11374","79.68184661865234","79.68184661865234","79.68184661865234"
"11377","36.49272155761719","36.49272155761719","36.49272155761719"
"11380","39.639373779296875","39.639373779296875","39.639373779296875"
"11381","35.88456726074219","35.88456726074219","35.88456726074219"
"11384","42.21064376831055","42.21064376831055","42.21064376831055"
"11385","40.59136199951172","40.59136199951172","40.59136199951172"
"11391","38.22969055175781","38.22969055175781","38.22969055175781"
"11396","44.24549865722656","44.24549865722656","44.24549865722656"
"11405","42.007591247558594","42.007591247558594","42.007591247558594"
"11408","45.04113006591797","45.04113006591797","45.04113006591797"
"11409","48.82360076904297","48.82360076904297","48.82360076904297"
"11412","44.048789978027344","44.048789978027344","44.048789978027344"
"11413","37.71954345703125","37.71954345703125","37.71954345703125"
"11415","39.62537384033203","39.62537384033203","39.62537384033203"
"11416","36.43693542480469","36.43693542480469","36.43693542480469"
"11422","35.71928405761719","35.71928405761719","35.71928405761719"
"11423","39.912254333496094","39.912254333496094","39.912254333496094"
"11426","43.00496292114258","43.00496292114258","43.00496292114258"
"11430","38.842525482177734","38.842525482177734","38.842525482177734"
"11432","42.60313034057617","42.60313034057617","42.60313034057617"
"11433","48.515357971191406","48.515357971191406","48.515357971191406"
"11434","43.1522331237793","43.1522331237793","43.1522331237793"
"11436","35.29617691040039","35.29617691040039","35.29617691040039"
"11439","36.989742279052734","36.989742279052734","36.989742279052734"
"11440","49.091636657714844","49.091636657714844","49.091636657714844"
"11442","44.713401794433594","44.713401794433594","44.713401794433594"
"11443","40.291072845458984","40.291072845458984","40.291072845458984"
"11446","39.64692687988281","39.64692687988281","39.64692687988281"
"11447","36.80061721801758","36.80061721801758","36.80061721801758"
"11448","39.79545593261719","39.79545593261719","39.79545593261719"
"11450","46.2041130065918","46.2041130065918","46.2041130065918"
"11458","36.26817321777344","36.26817321777344","36.26817321777344"
"11459","42.02579879760742","42.02579879760742","42.02579879760742"
"11461","38.881019592285156","38.881019592285156","38.881019592285156"
"11462","41.185791015625","41.185791015625","41.185791015625"
"11465","39.02043151855469","39.02043151855469","39.02043151855469"
"11468","47.834556579589844","47.834556579589844","47.834556579589844"
"11470","45.376991271972656","45.376991271972656","45.376991271972656"
"11475","40.60211944580078","40.60211944580078","40.60211944580078"
"11476","45.653289794921875","45.653289794921875","45.653289794921875"
"11477","33.576393127441406","33.576393127441406","33.576393127441406"
"11478","43.83296203613281","43.83296203613281","43.83296203613281"
"11480","33.75067901611328","33.75067901611328","33.75067901611328"
"11481","43.44654846191406","43.44654846191406","43.44654846191406"
"11485","172.65243530273438","172.65243530273438","172.65243530273438"
"11490","35.5313720703125","35.5313720703125","35.5313720703125"
"11493","37.61503601074219","37.61503601074219","37.61503601074219"
"11496","38.539894104003906","38.539894104003906","38.539894104003906"
"11497","32.656124114990234","32.656124114990234","32.656124114990234"
"11500","37.29804229736328","37.29804229736328","37.29804229736328"
"11501","42.399139404296875","42.399139404296875","42.399139404296875"
"11507","48.079166412353516","48.079166412353516","48.079166412353516"
"11512","45.05579376220703","45.05579376220703","45.05579376220703"
"11514","37.98954772949219","37.98954772949219","37.98954772949219"
"11518","1252.0220947265625","1252.0220947265625","1252.0220947265625"
"11521","39.99229431152344","39.99229431152344","39.99229431152344"
"11524","38.824005126953125","38.824005126953125","38.824005126953125"
"11528","43.73512649536133","43.73512649536133","43.73512649536133"
"11529","50.626861572265625","50.626861572265625","50.626861572265625"
"11531","43.731693267822266","43.731693267822266","43.731693267822266"
"11534","47.17314910888672","47.17314910888672","47.17314910888672"
"11535","36.49098205566406","36.49098205566406","36.49098205566406"
"11537","42.0893669128418","42.0893669128418","42.0893669128418"
"11538","41.228981018066406","41.228981018066406","41.228981018066406"
"11539","35.60830307006836","35.60830307006836","35.60830307006836"
"11542","39.978248596191406","39.978248596191406","39.978248596191406"
"11543","44.84300231933594","44.84300231933594","44.84300231933594"
"11544","37.46526336669922","37.46526336669922","37.46526336669922"
"11548","34.81967544555664","34.81967544555664","34.81967544555664"
"11549","42.001976013183594","42.001976013183594","42.001976013183594"
"11550","37.10167694091797","37.10167694091797","37.10167694091797"
"11551","42.72898864746094","42.72898864746094","42.72898864746094"
"11556","34.26734161376953","34.26734161376953","34.26734161376953"
"11558","40.53628158569336","40.53628158569336","40.53628158569336"
"11559","72.77316284179688","72.77316284179688","72.77316284179688"
"11561","44.964683532714844","44.964683532714844","44.964683532714844"
"11562","37.445762634277344","37.445762634277344","37.445762634277344"
"11564","43.114017486572266","43.114017486572266","43.114017486572266"
"11565","40.14754104614258","40.14754104614258","40.14754104614258"
"11567","42.175453186035156","42.175453186035156","42.175453186035156"
"11569","40.50205993652344","40.50205993652344","40.50205993652344"
"11573","33.607521057128906","33.607521057128906","33.607521057128906"
"11575","36.1334228515625","36.1334228515625","36.1334228515625"
"11581","42.48719024658203","42.48719024658203","42.48719024658203"
"11582","36.886199951171875","36.886199951171875","36.886199951171875"
"11583","38.14900207519531","38.14900207519531","38.14900207519531"
"11585","30.71417808532715","30.71417808532715","30.71417808532715"
"11586","42.09554672241211","42.09554672241211","42.09554672241211"
"11587","40.86482620239258","40.86482620239258","40.86482620239258"
"11590","37.123313903808594","37.123313903808594","37.123313903808594"
"11593","40.93042755126953","40.93042755126953","40.93042755126953"
"11594","33.383663177490234","33.383663177490234","33.383663177490234"
"11596","38.5059814453125","38.5059814453125","38.5059814453125"
"11605","38.60009002685547","38.60009002685547","38.60009002685547"
"11606","34.72736740112305","34.72736740112305","34.72736740112305"
"11607","34.51259994506836","34.51259994506836","34.51259994506836"
"11608","40.13386917114258","40.13386917114258","40.13386917114258"
"11609","41.47349548339844","41.47349548339844","41.47349548339844"
"11612","47.344078063964844","47.344078063964844","47.344078063964844"
"11614","36.528385162353516","36.528385162353516","36.528385162353516"
"11615","43.824256896972656","43.824256896972656","43.824256896972656"
"11616","39.36759948730469","39.36759948730469","39.36759948730469"
"11617","628.9108276367188","628.9108276367188","628.9108276367188"
"11618","47.263641357421875","47.263641357421875","47.263641357421875"
"11619","37.42742156982422","37.42742156982422","37.42742156982422"
"11621","45.12281799316406","45.12281799316406","45.12281799316406"
"11623","41.35749816894531","41.35749816894531","41.35749816894531"
"11625","40.30673599243164","40.30673599243164","40.30673599243164"
"11627","38.553958892822266","38.553958892822266","38.553958892822266"
"11628","79.16499328613281","79.16499328613281","79.16499328613281"
"11629","43.04045867919922","43.04045867919922","43.04045867919922"
"11632","39.44281768798828","39.44281768798828","39.44281768798828"
"11633","41.35065460205078","41.35065460205078","41.35065460205078"
"11634","40.9887809753418","40.9887809753418","40.9887809753418"
"11637","42.83967208862305","42.83967208862305","42.83967208862305"
"11638","35.40668487548828","35.40668487548828","35.40668487548828"
"11640","37.66658401489258","37.66658401489258","37.66658401489258"
"11641","37.14083480834961","37.14083480834961","37.14083480834961"
"11642","35.413787841796875","35.413787841796875","35.413787841796875"
"11646","55.40482711791992","55.40482711791992","55.40482711791992"
"11647","33.66274642944336","33.66274642944336","33.66274642944336"
"11650","41.12692642211914","41.12692642211914","41.12692642211914"
"11651","37.11103820800781","37.11103820800781","37.11103820800781"
"11656","38.04541015625","38.04541015625","38.04541015625"
"11658","42.85992431640625","42.85992431640625","42.85992431640625"
"11659","38.540809631347656","38.540809631347656","38.540809631347656"
"11660","49.15178298950195","49.15178298950195","49.15178298950195"
"11661","40.22099685668945","40.22099685668945","40.22099685668945"
"11663","36.26798629760742","36.26798629760742","36.26798629760742"
"11664","31.08936309814453","31.08936309814453","31.08936309814453"
"11665","40.82805633544922","40.82805633544922","40.82805633544922"
"11666","41.2763786315918","41.2763786315918","41.2763786315918"
"11667","36.306514739990234","36.306514739990234","36.306514739990234"
"11669","35.23829650878906","35.23829650878906","35.23829650878906"
"11671","41.464149475097656","41.464149475097656","41.464149475097656"
"11672","37.248252868652344","37.248252868652344","37.248252868652344"
"11675","44.25092315673828","44.25092315673828","44.25092315673828"
"11688","40.22218704223633","40.22218704223633","40.22218704223633"
"11693","38.4792594909668","38.4792594909668","38.4792594909668"
"11698","36.3795166015625","36.3795166015625","36.3795166015625"
"11699","36.728389739990234","36.728389739990234","36.728389739990234"
"11705","36.10639572143555","36.10639572143555","36.10639572143555"
"11710","44.102088928222656","44.102088928222656","44.102088928222656"
"11712","38.651180267333984","38.651180267333984","38.651180267333984"
"11717","39.83385467529297","39.83385467529297","39.83385467529297"
"11718","34.961387634277344","34.961387634277344","34.961387634277344"
"11719","41.14350891113281","41.14350891113281","41.14350891113281"
"11721","32.21923065185547","32.21923065185547","32.21923065185547"
"11724","35.532806396484375","35.532806396484375","35.532806396484375"
"11727","34.95295333862305","34.95295333862305","34.95295333862305"
"11732","35.0516242980957","35.0516242980957","35.0516242980957"
"11736","36.08262252807617","36.08262252807617","36.08262252807617"
"11738","39.65126037597656","39.65126037597656","39.65126037597656"
"11739","39.303897857666016","39.303897857666016","39.303897857666016"
"11742","42.778839111328125","42.778839111328125","42.778839111328125"
"11744","34.51374435424805","34.51374435424805","34.51374435424805"
"11745","44.53483581542969","44.53483581542969","44.53483581542969"
"11747","46.68541717529297","46.68541717529297","46.68541717529297"
"11753","38.58851623535156","38.58851623535156","38.58851623535156"
"11756","40.73756408691406","40.73756408691406","40.73756408691406"
"11758","32.00511932373047","32.00511932373047","32.00511932373047"
"11760","37.27853012084961","37.27853012084961","37.27853012084961"
"11765","30.718074798583984","30.718074798583984","30.718074798583984"
"11767","42.75653839111328","42.75653839111328","42.75653839111328"
"11771","47.18898010253906","47.18898010253906","47.18898010253906"
"11772","42.81969451904297","42.81969451904297","42.81969451904297"
"11777","29.911357879638672","29.911357879638672","29.911357879638672"
"11782","286.0882263183594","286.0882263183594","286.0882263183594"
"11787","40.02728271484375","40.02728271484375","40.02728271484375"
"11788","38.71681213378906","38.71681213378906","38.71681213378906"
"11789","44.31909942626953","44.31909942626953","44.31909942626953"
"11792","42.47141647338867","42.47141647338867","42.47141647338867"
"11793","31.678852081298828","31.678852081298828","31.678852081298828"
"11794","35.213600158691406","35.213600158691406","35.213600158691406"
"11797","43.761505126953125","43.761505126953125","43.761505126953125"
"11798","42.20057678222656","42.20057678222656","42.20057678222656"
"11799","36.14142608642578","36.14142608642578","36.14142608642578"
"11800","33.75750732421875","33.75750732421875","33.75750732421875"
"11805","51.500244140625","51.500244140625","51.500244140625"
"11806","48.307220458984375","48.307220458984375","48.307220458984375"
"11807","32.519203186035156","32.519203186035156","32.519203186035156"
"11809","41.40293502807617","41.40293502807617","41.40293502807617"
"11810","40.50486755371094","40.50486755371094","40.50486755371094"
"11812","37.07752990722656","37.07752990722656","37.07752990722656"
"11813","40.08940124511719","40.08940124511719","40.08940124511719"
"11814","41.970436096191406","41.970436096191406","41.970436096191406"
"11815","34.14731979370117","34.14731979370117","34.14731979370117"
"11816","30.974809646606445","30.974809646606445","30.974809646606445"
"11825","31.960609436035156","31.960609436035156","31.960609436035156"
"11826","35.4050407409668","35.4050407409668","35.4050407409668"
"11827","56.63728713989258","56.63728713989258","56.63728713989258"
"11828","46.24585723876953","46.24585723876953","46.24585723876953"
"11834","42.187644958496094","42.187644958496094","42.187644958496094"
"11838","42.74458312988281","42.74458312988281","42.74458312988281"
"11848","41.89606475830078","41.89606475830078","41.89606475830078"
"11849","35.07483673095703","35.07483673095703","35.07483673095703"
"11856","35.26839065551758","35.26839065551758","35.26839065551758"
"11857","35.39790344238281","35.39790344238281","35.39790344238281"
"11859","32.157440185546875","32.157440185546875","32.157440185546875"
"11861","34.67560958862305","34.67560958862305","34.67560958862305"
"11862","35.69633483886719","35.69633483886719","35.69633483886719"
"11863","36.99630355834961","36.99630355834961","36.99630355834961"
"11864","41.276161193847656","41.276161193847656","41.276161193847656"
"11865","40.727569580078125","40.727569580078125","40.727569580078125"
"11866","40.33769607543945","40.33769607543945","40.33769607543945"
"11867","35.735496520996094","35.735496520996094","35.735496520996094"
"11868","38.68102264404297","38.68102264404297","38.68102264404297"
"11870","52.381446838378906","52.381446838378906","52.381446838378906"
"11872","38.22835922241211","38.22835922241211","38.22835922241211"
"11873","42.324092864990234","42.324092864990234","42.324092864990234"
"11874","42.488216400146484","42.488216400146484","42.488216400146484"
"11876","45.775917053222656","45.775917053222656","45.775917053222656"
"11879","38.23249816894531","38.23249816894531","38.23249816894531"
"11884","41.678138732910156","41.678138732910156","41.678138732910156"
"11889","40.92873001098633","40.92873001098633","40.92873001098633"
"11890","39.87528991699219","39.87528991699219","39.87528991699219"
"11895","40.95243835449219","40.95243835449219","40.95243835449219"
"11896","40.325260162353516","40.325260162353516","40.325260162353516"
"11899","41.89141082763672","41.89141082763672","41.89141082763672"
"11904","39.7454948425293","39.7454948425293","39.7454948425293"
"11905","52.23628234863281","52.23628234863281","52.23628234863281"
"11908","35.52389144897461","35.52389144897461","35.52389144897461"
"11910","55.90062713623047","55.90062713623047","55.90062713623047"
"11914","39.27168655395508","39.27168655395508","39.27168655395508"
"11917","38.15821075439453","38.15821075439453","38.15821075439453"
"11919","40.527427673339844","40.527427673339844","40.527427673339844"
"11920","38.90537643432617","38.90537643432617","38.90537643432617"
"11923","44.29987716674805","44.29987716674805","44.29987716674805"
"11925","44.52878189086914","44.52878189086914","44.52878189086914"
"11929","56.68123245239258","56.68123245239258","56.68123245239258"
"11932","45.59864807128906","45.59864807128906","45.59864807128906"
"11933","36.48016357421875","36.48016357421875","36.48016357421875"
"11935","49.61214065551758","49.61214065551758","49.61214065551758"
"11936","34.66693115234375","34.66693115234375","34.66693115234375"
"11938","44.947113037109375","44.947113037109375","44.947113037109375"
"11939","43.794620513916016","43.794620513916016","43.794620513916016"
"11941","37.08621597290039","37.08621597290039","37.08621597290039"
"11942","36.81462860107422","36.81462860107422","36.81462860107422"
"11943","42.3566780090332","42.3566780090332","42.3566780090332"
"11950","39.32879638671875","39.32879638671875","39.32879638671875"
"11951","43.82730484008789","43.82730484008789","43.82730484008789"
"11952","47.22358703613281","47.22358703613281","47.22358703613281"
"11953","36.251548767089844","36.251548767089844","36.251548767089844"
"11955","39.36932373046875","39.36932373046875","39.36932373046875"
"11956","40.1751708984375","40.1751708984375","40.1751708984375"
"11960","94.96524047851562","94.96524047851562","94.96524047851562"
"11961","79.12608337402344","79.12608337402344","79.12608337402344"
"11964","35.63837432861328","35.63837432861328","35.63837432861328"
"11965","36.75758361816406","36.75758361816406","36.75758361816406"
"11968","87.36558532714844","87.36558532714844","87.36558532714844"
"11970","47.81736373901367","47.81736373901367","47.81736373901367"
"11974","44.04738998413086","44.04738998413086","44.04738998413086"
"11979","45.68672180175781","45.68672180175781","45.68672180175781"
"11982","34.26713562011719","34.26713562011719","34.26713562011719"
"11985","31.363744735717773","31.363744735717773","31.363744735717773"
"11986","36.2097053527832","36.2097053527832","36.2097053527832"
"11988","45.413291931152344","45.413291931152344","45.413291931152344"
"11989","46.504478454589844","46.504478454589844","46.504478454589844"
"11990","43.750179290771484","43.750179290771484","43.750179290771484"
"11991","37.83829116821289","37.83829116821289","37.83829116821289"
"11992","37.36515426635742","37.36515426635742","37.36515426635742"
"11993","32.67851638793945","32.67851638793945","32.67851638793945"
"11994","56.74216079711914","56.74216079711914","56.74216079711914"
"11995","43.519561767578125","43.519561767578125","43.519561767578125"
"11996","37.466773986816406","37.466773986816406","37.466773986816406"
"11997","36.24687194824219","36.24687194824219","36.24687194824219"
"12002","68.80615234375","68.80615234375","68.80615234375"
"12012","125.21160125732422","125.21160125732422","125.21160125732422"
"12017","41.412567138671875","41.412567138671875","41.412567138671875"
"12018","38.6488037109375","38.6488037109375","38.6488037109375"
"12019","38.342193603515625","38.342193603515625","38.342193603515625"
"12022","43.44511795043945","43.44511795043945","43.44511795043945"
"12024","59.14502716064453","59.14502716064453","59.14502716064453"
"12038","51.837162017822266","51.837162017822266","51.837162017822266"
"12040","46.035789489746094","46.035789489746094","46.035789489746094"
"12043","44.899574279785156","44.899574279785156","44.899574279785156"
"12046","45.03834533691406","45.03834533691406","45.03834533691406"
"12047","36.500404357910156","36.500404357910156","36.500404357910156"
"12048","34.02528381347656","34.02528381347656","34.02528381347656"
"12053","40.78377914428711","40.78377914428711","40.78377914428711"
"12056","43.01539611816406","43.01539611816406","43.01539611816406"
"12058","37.55690383911133","37.55690383911133","37.55690383911133"
"12060","45.38078308105469","45.38078308105469","45.38078308105469"
"12063","30.16336441040039","30.16336441040039","30.16336441040039"
"12064","46.512474060058594","46.512474060058594","46.512474060058594"
"12069","46.81055450439453","46.81055450439453","46.81055450439453"
"12075","32.93532943725586","32.93532943725586","32.93532943725586"
"12078","52.15740203857422","52.15740203857422","52.15740203857422"
"12082","41.52115249633789","41.52115249633789","41.52115249633789"
"12083","38.688987731933594","38.688987731933594","38.688987731933594"
"12084","28.875656127929688","28.875656127929688","28.875656127929688"
"12085","38.07332992553711","38.07332992553711","38.07332992553711"
"12086","42.95145797729492","42.95145797729492","42.95145797729492"
"12090","45.07032012939453","45.07032012939453","45.07032012939453"
"12095","40.43698501586914","40.43698501586914","40.43698501586914"
"12098","39.12071990966797","39.12071990966797","39.12071990966797"
"12100","65.39727783203125","65.39727783203125","65.39727783203125"
"12101","40.168453216552734","40.168453216552734","40.168453216552734"
"12102","35.7942008972168","35.7942008972168","35.7942008972168"
"12107","35.185264587402344","35.185264587402344","35.185264587402344"
"12108","35.117130279541016","35.117130279541016","35.117130279541016"
"12110","36.17461395263672","36.17461395263672","36.17461395263672"
"12111","39.69895935058594","39.69895935058594","39.69895935058594"
"12112","34.53546142578125","34.53546142578125","34.53546142578125"
"12114","34.774253845214844","34.774253845214844","34.774253845214844"
"12115","42.635704040527344","42.635704040527344","42.635704040527344"
"12118","36.38447952270508","36.38447952270508","36.38447952270508"
"12119","41.47883605957031","41.47883605957031","41.47883605957031"
"12122","38.91437530517578","38.91437530517578","38.91437530517578"
"12123","55.90005874633789","55.90005874633789","55.90005874633789"
"12124","64.0979995727539","64.0979995727539","64.0979995727539"
"12125","39.0018196105957","39.0018196105957","39.0018196105957"
"12127","37.57640838623047","37.57640838623047","37.57640838623047"
"12128","34.69628143310547","34.69628143310547","34.69628143310547"
"12131","43.35285186767578","43.35285186767578","43.35285186767578"
"12132","39.15156555175781","39.15156555175781","39.15156555175781"
"12133","34.44447326660156","34.44447326660156","34.44447326660156"
"12137","54.334110260009766","54.334110260009766","54.334110260009766"
"12139","44.08641052246094","44.08641052246094","44.08641052246094"
"12140","46.958702087402344","46.958702087402344","46.958702087402344"
"12143","35.48483657836914","35.48483657836914","35.48483657836914"
"12144","41.417964935302734","41.417964935302734","41.417964935302734"
"12146","42.790733337402344","42.790733337402344","42.790733337402344"
"12151","35.79473114013672","35.79473114013672","35.79473114013672"
"12153","32.33009719848633","32.33009719848633","32.33009719848633"
"12154","96.8359603881836","96.8359603881836","96.8359603881836"
"12156","44.9849853515625","44.9849853515625","44.9849853515625"
"12160","41.447357177734375","41.447357177734375","41.447357177734375"
"12170","35.666744232177734","35.666744232177734","35.666744232177734"
"12171","46.97572326660156","46.97572326660156","46.97572326660156"
"12172","49.862632751464844","49.862632751464844","49.862632751464844"
"12176","41.51017379760742","41.51017379760742","41.51017379760742"
"12179","50.9125862121582","50.9125862121582","50.9125862121582"
"12183","38.47799301147461","38.47799301147461","38.47799301147461"
"12186","35.19646453857422","35.19646453857422","35.19646453857422"
"12188","33.513275146484375","33.513275146484375","33.513275146484375"
"12189","37.691036224365234","37.691036224365234","37.691036224365234"
"12190","44.1138801574707","44.1138801574707","44.1138801574707"
"12192","37.1052131652832","37.1052131652832","37.1052131652832"
"12194","54.900821685791016","54.900821685791016","54.900821685791016"
"12196","41.73922348022461","41.73922348022461","41.73922348022461"
"12198","38.8661003112793","38.8661003112793","38.8661003112793"
"12201","43.95897674560547","43.95897674560547","43.95897674560547"
"12202","33.04098892211914","33.04098892211914","33.04098892211914"
"12203","36.98284912109375","36.98284912109375","36.98284912109375"
"12204","36.371665954589844","36.371665954589844","36.371665954589844"
"12209","40.087364196777344","40.087364196777344","40.087364196777344"
"12210","36.07895278930664","36.07895278930664","36.07895278930664"
"12214","36.77397155761719","36.77397155761719","36.77397155761719"
"12219","36.97819900512695","36.97819900512695","36.97819900512695"
"12225","37.919403076171875","37.919403076171875","37.919403076171875"
"12226","41.76960372924805","41.76960372924805","41.76960372924805"
"12227","37.09735870361328","37.09735870361328","37.09735870361328"
"12228","40.39479446411133","40.39479446411133","40.39479446411133"
"12229","39.66350555419922","39.66350555419922","39.66350555419922"
"12234","32.63978958129883","32.63978958129883","32.63978958129883"
"12238","33.57292938232422","33.57292938232422","33.57292938232422"
"12239","42.72677230834961","42.72677230834961","42.72677230834961"
"12240","36.377803802490234","36.377803802490234","36.377803802490234"
"12242","37.8925895690918","37.8925895690918","37.8925895690918"
"12243","33.89284133911133","33.89284133911133","33.89284133911133"
"12244","40.692867279052734","40.692867279052734","40.692867279052734"
"12246","37.744544982910156","37.744544982910156","37.744544982910156"
"12249","44.69960021972656","44.69960021972656","44.69960021972656"
"12256","42.55168151855469","42.55168151855469","42.55168151855469"
"12260","51.95582962036133","51.95582962036133","51.95582962036133"
"12262","32.91183090209961","32.91183090209961","32.91183090209961"
"12267","42.104347229003906","42.104347229003906","42.104347229003906"
"12270","33.948036193847656","33.948036193847656","33.948036193847656"
"12273","32.8770637512207","32.8770637512207","32.8770637512207"
"12274","27.480228424072266","27.480228424072266","27.480228424072266"
"12275","44.55942153930664","44.55942153930664","44.55942153930664"
"12276","40.37271499633789","40.37271499633789","40.37271499633789"
"12278","36.842403411865234","36.842403411865234","36.842403411865234"
"12279","38.746612548828125","38.746612548828125","38.746612548828125"
"12286","40.42974853515625","40.42974853515625","40.42974853515625"
"12291","40.62196731567383","40.62196731567383","40.62196731567383"
"12292","42.007347106933594","42.007347106933594","42.007347106933594"
"12294","50.35862350463867","50.35862350463867","50.35862350463867"
"12296","43.53688049316406","43.53688049316406","43.53688049316406"
"12297","46.614925384521484","46.614925384521484","46.614925384521484"
"12301","34.27083206176758","34.27083206176758","34.27083206176758"
"12304","48.449058532714844","48.449058532714844","48.449058532714844"
"12305","44.836856842041016","44.836856842041016","44.836856842041016"
"12311","33.522117614746094","33.522117614746094","33.522117614746094"
"12312","41.48664093017578","41.48664093017578","41.48664093017578"
"12314","37.893524169921875","37.893524169921875","37.893524169921875"
"12316","41.929481506347656","41.929481506347656","41.929481506347656"
"12318","32.050384521484375","32.050384521484375","32.050384521484375"
"12320","42.15647888183594","42.15647888183594","42.15647888183594"
"12324","45.97690963745117","45.97690963745117","45.97690963745117"
"12328","38.75724792480469","38.75724792480469","38.75724792480469"
"12329","39.30900955200195","39.30900955200195","39.30900955200195"
"12330","44.18273162841797","44.18273162841797","44.18273162841797"
"12331","39.6944580078125","39.6944580078125","39.6944580078125"
"12336","36.73926544189453","36.73926544189453","36.73926544189453"
"12339","37.463165283203125","37.463165283203125","37.463165283203125"
"12341","40.67291259765625","40.67291259765625","40.67291259765625"
"12342","40.608272552490234","40.608272552490234","40.608272552490234"
"12343","37.080810546875","37.080810546875","37.080810546875"
"12344","38.043113708496094","38.043113708496094","38.043113708496094"
"12345","171.81503295898438","171.81503295898438","171.81503295898438"
"12347","37.1329231262207","37.1329231262207","37.1329231262207"
"12348","42.69585037231445","42.69585037231445","42.69585037231445"
"12352","52.34833908081055","52.34833908081055","52.34833908081055"
"12355","40.06280517578125","40.06280517578125","40.06280517578125"
"12358","41.76897048950195","41.76897048950195","41.76897048950195"
"12360","42.93064498901367","42.93064498901367","42.93064498901367"
"12361","45.23414611816406","45.23414611816406","45.23414611816406"
"12362","48.359588623046875","48.359588623046875","48.359588623046875"
"12366","61.28734588623047","61.28734588623047","61.28734588623047"
"12370","35.4043083190918","35.4043083190918","35.4043083190918"
"12372","40.17625427246094","40.17625427246094","40.17625427246094"
"12375","35.28254318237305","35.28254318237305","35.28254318237305"
"12377","36.70207977294922","36.70207977294922","36.70207977294922"
"12379","46.539833068847656","46.539833068847656","46.539833068847656"
"12385","38.7874641418457","38.7874641418457","38.7874641418457"
"12388","38.67272186279297","38.67272186279297","38.67272186279297"
"12390","38.12074279785156","38.12074279785156","38.12074279785156"
"12391","38.6697998046875","38.6697998046875","38.6697998046875"
"12394","35.12441635131836","35.12441635131836","35.12441635131836"
"12396","38.56340408325195","38.56340408325195","38.56340408325195"
"12399","43.17140197753906","43.17140197753906","43.17140197753906"
"12401","42.060874938964844","42.060874938964844","42.060874938964844"
"12410","38.785343170166016","38.785343170166016","38.785343170166016"
"12414","34.448974609375","34.448974609375","34.448974609375"
"12416","38.68971252441406","38.68971252441406","38.68971252441406"
"12417","34.50374221801758","34.50374221801758","34.50374221801758"
"12418","33.65296173095703","33.65296173095703","33.65296173095703"
"12420","35.42567825317383","35.42567825317383","35.42567825317383"
"12421","39.88124465942383","39.88124465942383","39.88124465942383"
"12426","38.67970657348633","38.67970657348633","38.67970657348633"
"12427","38.48942565917969","38.48942565917969","38.48942565917969"
"12428","43.261863708496094","43.261863708496094","43.261863708496094"
"12429","38.880374908447266","38.880374908447266","38.880374908447266"
"12432","35.286930084228516","35.286930084228516","35.286930084228516"
"12434","33.508934020996094","33.508934020996094","33.508934020996094"
"12436","35.89848709106445","35.89848709106445","35.89848709106445"
"12446","32.54093551635742","32.54093551635742","32.54093551635742"
"12447","48.01896667480469","48.01896667480469","48.01896667480469"
"12449","34.71384048461914","34.71384048461914","34.71384048461914"
"12450","36.59684371948242","36.59684371948242","36.59684371948242"
"12451","35.87876892089844","35.87876892089844","35.87876892089844"
"12452","33.69143295288086","33.69143295288086","33.69143295288086"
"12453","41.67821502685547","41.67821502685547","41.67821502685547"
"12455","35.27467727661133","35.27467727661133","35.27467727661133"
"12465","39.348228454589844","39.348228454589844","39.348228454589844"
"12466","40.77607727050781","40.77607727050781","40.77607727050781"
"12469","38.64795684814453","38.64795684814453","38.64795684814453"
"12470","38.153804779052734","38.153804779052734","38.153804779052734"
"12471","32.905914306640625","32.905914306640625","32.905914306640625"
"12474","41.231910705566406","41.231910705566406","41.231910705566406"
"12476","44.47957992553711","44.47957992553711","44.47957992553711"
"12478","39.6544189453125","39.6544189453125","39.6544189453125"
"12479","39.93355178833008","39.93355178833008","39.93355178833008"
"12481","38.200294494628906","38.200294494628906","38.200294494628906"
"12483","39.296714782714844","39.296714782714844","39.296714782714844"
"12484","41.74543762207031","41.74543762207031","41.74543762207031"
"12486","36.5614128112793","36.5614128112793","36.5614128112793"
"12488","47.15311813354492","47.15311813354492","47.15311813354492"
"12497","34.359107971191406","34.359107971191406","34.359107971191406"
"12498","47.23693084716797","47.23693084716797","47.23693084716797"
"12501","42.75889205932617","42.75889205932617","42.75889205932617"
"12502","38.071075439453125","38.071075439453125","38.071075439453125"
"12508","33.20529556274414","33.20529556274414","33.20529556274414"
"12511","36.19676208496094","36.19676208496094","36.19676208496094"
"12513","48.72221755981445","48.72221755981445","48.72221755981445"
"12514","42.13405227661133","42.13405227661133","42.13405227661133"
"12516","44.6025505065918","44.6025505065918","44.6025505065918"
"12523","44.60378646850586","44.60378646850586","44.60378646850586"
"12525","34.73464584350586","34.73464584350586","34.73464584350586"
"12526","39.573692321777344","39.573692321777344","39.573692321777344"
"12532","39.75584411621094","39.75584411621094","39.75584411621094"
"12534","40.332725524902344","40.332725524902344","40.332725524902344"
"12539","46.075721740722656","46.075721740722656","46.075721740722656"
"12542","35.76984405517578","35.76984405517578","35.76984405517578"
"12546","38.61293411254883","38.61293411254883","38.61293411254883"
"12548","38.46009826660156","38.46009826660156","38.46009826660156"
"12549","37.006649017333984","37.006649017333984","37.006649017333984"
"12550","36.69607925415039","36.69607925415039","36.69607925415039"
"12559","43.51884841918945","43.51884841918945","43.51884841918945"
"12560","38.92329788208008","38.92329788208008","38.92329788208008"
"12564","33.166080474853516","33.166080474853516","33.166080474853516"
"12566","42.16473388671875","42.16473388671875","42.16473388671875"
"12569","36.4998779296875","36.4998779296875","36.4998779296875"
"12572","33.06324005126953","33.06324005126953","33.06324005126953"
"12573","43.28690719604492","43.28690719604492","43.28690719604492"
"12574","42.24985122680664","42.24985122680664","42.24985122680664"
"12575","44.845542907714844","44.845542907714844","44.845542907714844"
"12579","41.631553649902344","41.631553649902344","41.631553649902344"
"12581","47.60591125488281","47.60591125488281","47.60591125488281"
"12584","35.891632080078125","35.891632080078125","35.891632080078125"
"12585","34.016998291015625","34.016998291015625","34.016998291015625"
"12586","40.0432243347168","40.0432243347168","40.0432243347168"
"12592","45.264530181884766","45.264530181884766","45.264530181884766"
"12594","692.572021484375","692.572021484375","692.572021484375"
"12598","34.1219482421875","34.1219482421875","34.1219482421875"
"12600","41.4056282043457","41.4056282043457","41.4056282043457"
"12601","38.526641845703125","38.526641845703125","38.526641845703125"
"12605","44.825538635253906","44.825538635253906","44.825538635253906"
"12606","41.36006546020508","41.36006546020508","41.36006546020508"
"12608","39.18988037109375","39.18988037109375","39.18988037109375"
"12609","43.11930847167969","43.11930847167969","43.11930847167969"
"12616","37.9586296081543","37.9586296081543","37.9586296081543"
"12619","39.24127197265625","39.24127197265625","39.24127197265625"
"12621","201.32144165039062","201.32144165039062","201.32144165039062"
"12627","35.167213439941406","35.167213439941406","35.167213439941406"
"12630","43.496803283691406","43.496803283691406","43.496803283691406"
"12631","42.45855712890625","42.45855712890625","42.45855712890625"
"12632","50.72758483886719","50.72758483886719","50.72758483886719"
"12634","36.136863708496094","36.136863708496094","36.136863708496094"
"12638","37.167388916015625","37.167388916015625","37.167388916015625"
"12639","35.71221923828125","35.71221923828125","35.71221923828125"
"12641","40.902198791503906","40.902198791503906","40.902198791503906"
"12642","36.10752487182617","36.10752487182617","36.10752487182617"
"12643","34.03912353515625","34.03912353515625","34.03912353515625"
"12644","35.42948532104492","35.42948532104492","35.42948532104492"
"12648","36.5599250793457","36.5599250793457","36.5599250793457"
"12651","44.378143310546875","44.378143310546875","44.378143310546875"
"12652","36.42268753051758","36.42268753051758","36.42268753051758"
"12654","40.274688720703125","40.274688720703125","40.274688720703125"
"12655","33.19877624511719","33.19877624511719","33.19877624511719"
"12656","33.5347785949707","33.5347785949707","33.5347785949707"
"12657","46.98831558227539","46.98831558227539","46.98831558227539"
"12659","36.305076599121094","36.305076599121094","36.305076599121094"
"12660","30.857173919677734","30.857173919677734","30.857173919677734"
"12662","40.79301834106445","40.79301834106445","40.79301834106445"
"12666","34.36902618408203","34.36902618408203","34.36902618408203"
"12668","33.457252502441406","33.457252502441406","33.457252502441406"
"12669","45.45219039916992","45.45219039916992","45.45219039916992"
"12671","39.84878921508789","39.84878921508789","39.84878921508789"
"12673","37.94365692138672","37.94365692138672","37.94365692138672"
"12675","53.62580108642578","53.62580108642578","53.62580108642578"
"12683","33.81824493408203","33.81824493408203","33.81824493408203"
"12689","77.48033905029297","77.48033905029297","77.48033905029297"
"12693","37.06254196166992","37.06254196166992","37.06254196166992"
"12699","121.08369445800781","121.08369445800781","121.08369445800781"
"12702","52.29347610473633","52.29347610473633","52.29347610473633"
"12704","34.89205551147461","34.89205551147461","34.89205551147461"
"12707","34.120948791503906","34.120948791503906","34.120948791503906"
"12712","30.488378524780273","30.488378524780273","30.488378524780273"
"12713","44.31145477294922","44.31145477294922","44.31145477294922"
"12718","42.11305236816406","42.11305236816406","42.11305236816406"
"12720","35.23403549194336","35.23403549194336","35.23403549194336"
"12722","35.725242614746094","35.725242614746094","35.725242614746094"
"12724","52.16899871826172","52.16899871826172","52.16899871826172"
"12725","58.84880828857422","58.84880828857422","58.84880828857422"
"12727","39.929405212402344","39.929405212402344","39.929405212402344"
"12730","47.4256591796875","47.4256591796875","47.4256591796875"
"12731","33.35192108154297","33.35192108154297","33.35192108154297"
"12733","37.66581726074219","37.66581726074219","37.66581726074219"
"12734","43.93470001220703","43.93470001220703","43.93470001220703"
"12735","40.27500534057617","40.27500534057617","40.27500534057617"
"12736","39.6368522644043","39.6368522644043","39.6368522644043"
"12738","35.04801940917969","35.04801940917969","35.04801940917969"
"12742","38.58484649658203","38.58484649658203","38.58484649658203"
"12743","32.33294677734375","32.33294677734375","32.33294677734375"
"12746","38.83540725708008","38.83540725708008","38.83540725708008"
"12748","46.02138137817383","46.02138137817383","46.02138137817383"
"12749","121.3475341796875","121.3475341796875","121.3475341796875"
"12752","51.90227127075195","51.90227127075195","51.90227127075195"
"12755","40.137168884277344","40.137168884277344","40.137168884277344"
"12757","33.77322769165039","33.77322769165039","33.77322769165039"
"12758","37.38194274902344","37.38194274902344","37.38194274902344"
"12765","41.689640045166016","41.689640045166016","41.689640045166016"
"12766","33.86348342895508","33.86348342895508","33.86348342895508"
"12767","49.5866813659668","49.5866813659668","49.5866813659668"
"12769","34.705841064453125","34.705841064453125","34.705841064453125"
"12771","33.704532623291016","33.704532623291016","33.704532623291016"
"12772","45.9509162902832","45.9509162902832","45.9509162902832"
"12777","32.74089431762695","32.74089431762695","32.74089431762695"
"12779","40.30756759643555","40.30756759643555","40.30756759643555"
"12785","32.6960334777832","32.6960334777832","32.6960334777832"
"12789","30.89852523803711","30.89852523803711","30.89852523803711"
"12790","33.799564361572266","33.799564361572266","33.799564361572266"
"12792","37.10299301147461","37.10299301147461","37.10299301147461"
"12793","36.647396087646484","36.647396087646484","36.647396087646484"
"12794","33.707740783691406","33.707740783691406","33.707740783691406"
"12797","34.78687286376953","34.78687286376953","34.78687286376953"
"12799","36.39392852783203","36.39392852783203","36.39392852783203"
"12802","38.006629943847656","38.006629943847656","38.006629943847656"
"12805","34.255584716796875","34.255584716796875","34.255584716796875"
"12806","41.07432174682617","41.07432174682617","41.07432174682617"
"12808","41.91937255859375","41.91937255859375","41.91937255859375"
"12814","37.39543151855469","37.39543151855469","37.39543151855469"
"12815","36.20730972290039","36.20730972290039","36.20730972290039"
"12816","42.83974838256836","42.83974838256836","42.83974838256836"
"12818","38.899688720703125","38.899688720703125","38.899688720703125"
"12819","34.11062240600586","34.11062240600586","34.11062240600586"
"12820","41.60051345825195","41.60051345825195","41.60051345825195"
"12825","44.66902160644531","44.66902160644531","44.66902160644531"
"12828","73.3772201538086","73.3772201538086","73.3772201538086"
"12830","42.2169189453125","42.2169189453125","42.2169189453125"
"12832","846.4987182617188","846.4987182617188","846.4987182617188"
"12833","41.238319396972656","41.238319396972656","41.238319396972656"
"12837","42.77472686767578","42.77472686767578","42.77472686767578"
"12841","36.92523956298828","36.92523956298828","36.92523956298828"
"12843","30.748987197875977","30.748987197875977","30.748987197875977"
"12844","42.752559661865234","42.752559661865234","42.752559661865234"
"12847","31.491750717163086","31.491750717163086","31.491750717163086"
"12848","39.042667388916016","39.042667388916016","39.042667388916016"
"12849","40.58954620361328","40.58954620361328","40.58954620361328"
"12850","34.77723693847656","34.77723693847656","34.77723693847656"
"12857","35.96784210205078","35.96784210205078","35.96784210205078"
"12862","37.15550994873047","37.15550994873047","37.15550994873047"
"12864","35.97137451171875","35.97137451171875","35.97137451171875"
"12866","44.34196472167969","44.34196472167969","44.34196472167969"
"12870","237.05088806152344","237.05088806152344","237.05088806152344"
"12876","39.90974426269531","39.90974426269531","39.90974426269531"
"12879","151.1297149658203","151.1297149658203","151.1297149658203"
"12880","34.026275634765625","34.026275634765625","34.026275634765625"
"12881","33.154056549072266","33.154056549072266","33.154056549072266"
"12882","38.55824661254883","38.55824661254883","38.55824661254883"
"12884","39.22846984863281","39.22846984863281","39.22846984863281"
"12885","36.34028244018555","36.34028244018555","36.34028244018555"
"12887","35.60450744628906","35.60450744628906","35.60450744628906"
"12888","45.25337600708008","45.25337600708008","45.25337600708008"
"12893","44.893306732177734","44.893306732177734","44.893306732177734"
"12897","34.888240814208984","34.888240814208984","34.888240814208984"
"12903","47.11793899536133","47.11793899536133","47.11793899536133"
"12907","33.199012756347656","33.199012756347656","33.199012756347656"
"12917","33.07988357543945","33.07988357543945","33.07988357543945"
"12920","41.34955596923828","41.34955596923828","41.34955596923828"
"12922","35.952972412109375","35.952972412109375","35.952972412109375"
"12923","46.488529205322266","46.488529205322266","46.488529205322266"
"12924","36.52296447753906","36.52296447753906","36.52296447753906"
"12928","37.27327346801758","37.27327346801758","37.27327346801758"
"12929","33.60123825073242","33.60123825073242","33.60123825073242"
"12930","50.210079193115234","50.210079193115234","50.210079193115234"
"12931","171.0761260986328","171.0761260986328","171.0761260986328"
"12933","38.68766784667969","38.68766784667969","38.68766784667969"
"12934","7190.1123046875","7190.1123046875","7190.1123046875"
"12940","30.90570831298828","30.90570831298828","30.90570831298828"
"12941","34.4171028137207","34.4171028137207","34.4171028137207"
"12944","34.08407211303711","34.08407211303711","34.08407211303711"
"12948","45.4144401550293","45.4144401550293","45.4144401550293"
"12949","40.377098083496094","40.377098083496094","40.377098083496094"
"12953","39.19136047363281","39.19136047363281","39.19136047363281"
"12955","36.62337112426758","36.62337112426758","36.62337112426758"
"12956","38.48442459106445","38.48442459106445","38.48442459106445"
"12957","54.45563888549805","54.45563888549805","54.45563888549805"
"12959","34.38330078125","34.38330078125","34.38330078125"
"12965","181.25904846191406","181.25904846191406","181.25904846191406"
"12966","35.59467315673828","35.59467315673828","35.59467315673828"
"12967","38.832054138183594","38.832054138183594","38.832054138183594"
"12970","40.856178283691406","40.856178283691406","40.856178283691406"
"12971","42.878360748291016","42.878360748291016","42.878360748291016"
"12972","37.88665771484375","37.88665771484375","37.88665771484375"
"12975","33.04975509643555","33.04975509643555","33.04975509643555"
"12981","44.02262496948242","44.02262496948242","44.02262496948242"
"12984","31.897932052612305","31.897932052612305","31.897932052612305"
"12989","34.07209777832031","34.07209777832031","34.07209777832031"
"12990","36.591190338134766","36.591190338134766","36.591190338134766"
"12992","39.28847885131836","39.28847885131836","39.28847885131836"
"12993","38.389739990234375","38.389739990234375","38.389739990234375"
"12996","33.26966857910156","33.26966857910156","33.26966857910156"
"12997","41.827911376953125","41.827911376953125","41.827911376953125"
"12998","33.44124221801758","33.44124221801758","33.44124221801758"
"13001","44.069950103759766","44.069950103759766","44.069950103759766"
"13003","38.45811462402344","38.45811462402344","38.45811462402344"
"13004","40.485992431640625","40.485992431640625","40.485992431640625"
"13009","43.660499572753906","43.660499572753906","43.660499572753906"
"13011","41.63908004760742","41.63908004760742","41.63908004760742"
"13012","32.13406753540039","32.13406753540039","32.13406753540039"
"13015","34.966148376464844","34.966148376464844","34.966148376464844"
"13018","46.95949935913086","46.95949935913086","46.95949935913086"
"13019","39.93861389160156","39.93861389160156","39.93861389160156"
"13020","43.404048919677734","43.404048919677734","43.404048919677734"
"13021","43.65699005126953","43.65699005126953","43.65699005126953"
"13025","35.589210510253906","35.589210510253906","35.589210510253906"
"13027","38.735809326171875","38.735809326171875","38.735809326171875"
"13028","36.38522720336914","36.38522720336914","36.38522720336914"
"13030","37.991756439208984","37.991756439208984","37.991756439208984"
"13031","37.15690994262695","37.15690994262695","37.15690994262695"
"13034","35.34939956665039","35.34939956665039","35.34939956665039"
"13035","42.062625885009766","42.062625885009766","42.062625885009766"
"13038","36.89610290527344","36.89610290527344","36.89610290527344"
"13039","36.40241241455078","36.40241241455078","36.40241241455078"
"13041","54.290313720703125","54.290313720703125","54.290313720703125"
"13042","48.96421432495117","48.96421432495117","48.96421432495117"
"13044","32.5990104675293","32.5990104675293","32.5990104675293"
"13046","39.226959228515625","39.226959228515625","39.226959228515625"
"13049","35.539764404296875","35.539764404296875","35.539764404296875"
"13050","32.0014533996582","32.0014533996582","32.0014533996582"
"13051","38.353492736816406","38.353492736816406","38.353492736816406"
"13052","39.53675079345703","39.53675079345703","39.53675079345703"
"13053","37.14678955078125","37.14678955078125","37.14678955078125"
"13054","34.5097541809082","34.5097541809082","34.5097541809082"
"13056","39.064056396484375","39.064056396484375","39.064056396484375"
"13058","40.354217529296875","40.354217529296875","40.354217529296875"
"13061","44.06395721435547","44.06395721435547","44.06395721435547"
"13065","36.54893493652344","36.54893493652344","36.54893493652344"
"13067","33.894779205322266","33.894779205322266","33.894779205322266"
"13068","39.92493438720703","39.92493438720703","39.92493438720703"
"13072","38.064090728759766","38.064090728759766","38.064090728759766"
"13073","42.6488151550293","42.6488151550293","42.6488151550293"
"13077","43.12903594970703","43.12903594970703","43.12903594970703"
"13081","36.51221466064453","36.51221466064453","36.51221466064453"
"13083","40.67378234863281","40.67378234863281","40.67378234863281"
"13084","34.321754455566406","34.321754455566406","34.321754455566406"
"13089","38.720306396484375","38.720306396484375","38.720306396484375"
"13090","39.297088623046875","39.297088623046875","39.297088623046875"
"13091","38.75509262084961","38.75509262084961","38.75509262084961"
"13096","36.048095703125","36.048095703125","36.048095703125"
"13097","33.2230339050293","33.2230339050293","33.2230339050293"
"13098","37.04137420654297","37.04137420654297","37.04137420654297"
"13100","48.171531677246094","48.171531677246094","48.171531677246094"
"13101","42.126888275146484","42.126888275146484","42.126888275146484"
"13104","52.81476593017578","52.81476593017578","52.81476593017578"
"13106","62.0892448425293","62.0892448425293","62.0892448425293"
"13108","35.80292510986328","35.80292510986328","35.80292510986328"
"13109","36.45389938354492","36.45389938354492","36.45389938354492"
"13110","55.880191802978516","55.880191802978516","55.880191802978516"
"13111","30.427696228027344","30.427696228027344","30.427696228027344"
"13113","46.6483268737793","46.6483268737793","46.6483268737793"
"13115","36.681522369384766","36.681522369384766","36.681522369384766"
"13116","62.47401809692383","62.47401809692383","62.47401809692383"
"13120","41.047767639160156","41.047767639160156","41.047767639160156"
"13128","46.52165222167969","46.52165222167969","46.52165222167969"
"13129","37.598106384277344","37.598106384277344","37.598106384277344"
"13131","34.7253303527832","34.7253303527832","34.7253303527832"
"13134","36.85469436645508","36.85469436645508","36.85469436645508"
"13136","39.595401763916016","39.595401763916016","39.595401763916016"
"13138","33.96815490722656","33.96815490722656","33.96815490722656"
"13141","49.300392150878906","49.300392150878906","49.300392150878906"
"13142","29.54026222229004","29.54026222229004","29.54026222229004"
"13144","40.52058792114258","40.52058792114258","40.52058792114258"
"13149","39.41621398925781","39.41621398925781","39.41621398925781"
"13150","33.8543701171875","33.8543701171875","33.8543701171875"
"13151","35.424251556396484","35.424251556396484","35.424251556396484"
"13155","38.137413024902344","38.137413024902344","38.137413024902344"
"13156","38.86259841918945","38.86259841918945","38.86259841918945"
"13157","36.81598663330078","36.81598663330078","36.81598663330078"
"13158","29.76601791381836","29.76601791381836","29.76601791381836"
"13160","38.051937103271484","38.051937103271484","38.051937103271484"
"13161","50.034996032714844","50.034996032714844","50.034996032714844"
"13162","41.99723815917969","41.99723815917969","41.99723815917969"
"13163","34.65978240966797","34.65978240966797","34.65978240966797"
"13166","36.99845886230469","36.99845886230469","36.99845886230469"
"13172","33.65538024902344","33.65538024902344","33.65538024902344"
"13173","37.524776458740234","37.524776458740234","37.524776458740234"
"13174","35.4781379699707","35.4781379699707","35.4781379699707"
"13176","33.375587463378906","33.375587463378906","33.375587463378906"
"13177","37.39713668823242","37.39713668823242","37.39713668823242"
"13179","42.242652893066406","42.242652893066406","42.242652893066406"
"13181","55.41876220703125","55.41876220703125","55.41876220703125"
"13182","39.115623474121094","39.115623474121094","39.115623474121094"
"13185","34.62305450439453","34.62305450439453","34.62305450439453"
"13190","37.46675109863281","37.46675109863281","37.46675109863281"
"13192","45.10795593261719","45.10795593261719","45.10795593261719"
"13198","37.48821258544922","37.48821258544922","37.48821258544922"
"13199","50.721702575683594","50.721702575683594","50.721702575683594"
"13200","35.609344482421875","35.609344482421875","35.609344482421875"
"13201","31.32967758178711","31.32967758178711","31.32967758178711"
"13202","201.28857421875","201.28857421875","201.28857421875"
"13204","36.57292556762695","36.57292556762695","36.57292556762695"
"13208","35.534053802490234","35.534053802490234","35.534053802490234"
"13209","45.34223937988281","45.34223937988281","45.34223937988281"
"13211","35.0014762878418","35.0014762878418","35.0014762878418"
"13218","42.16950988769531","42.16950988769531","42.16950988769531"
"13222","38.1932373046875","38.1932373046875","38.1932373046875"
"13223","33.24278259277344","33.24278259277344","33.24278259277344"
"13224","44.78544616699219","44.78544616699219","44.78544616699219"
"13229","41.820465087890625","41.820465087890625","41.820465087890625"
"13231","39.604957580566406","39.604957580566406","39.604957580566406"
"13232","51.13554763793945","51.13554763793945","51.13554763793945"
"13236","95.20833587646484","95.20833587646484","95.20833587646484"
"13237","42.602882385253906","42.602882385253906","42.602882385253906"
"13238","41.8440055847168","41.8440055847168","41.8440055847168"
"13241","49.64568328857422","49.64568328857422","49.64568328857422"
"13244","45.17366027832031","45.17366027832031","45.17366027832031"
"13245","34.93717956542969","34.93717956542969","34.93717956542969"
"13247","34.030513763427734","34.030513763427734","34.030513763427734"
"13250","30.495874404907227","30.495874404907227","30.495874404907227"
"13252","160.3225555419922","160.3225555419922","160.3225555419922"
"13253","35.62412643432617","35.62412643432617","35.62412643432617"
"13257","36.03096389770508","36.03096389770508","36.03096389770508"
"13258","40.795677185058594","40.795677185058594","40.795677185058594"
"13260","41.66577911376953","41.66577911376953","41.66577911376953"
"13261","36.30867004394531","36.30867004394531","36.30867004394531"
"13264","39.335819244384766","39.335819244384766","39.335819244384766"
"13265","42.476131439208984","42.476131439208984","42.476131439208984"
"13267","45.65531921386719","45.65531921386719","45.65531921386719"
"13273","35.59514236450195","35.59514236450195","35.59514236450195"
"13277","37.26847457885742","37.26847457885742","37.26847457885742"
"13278","40.29645919799805","40.29645919799805","40.29645919799805"
"13280","43.107906341552734","43.107906341552734","43.107906341552734"
"13283","35.336944580078125","35.336944580078125","35.336944580078125"
"13288","40.421592712402344","40.421592712402344","40.421592712402344"
"13289","46.799774169921875","46.799774169921875","46.799774169921875"
"13290","29.49774169921875","29.49774169921875","29.49774169921875"
"13291","36.50910949707031","36.50910949707031","36.50910949707031"
"13293","37.55250549316406","37.55250549316406","37.55250549316406"
"13295","38.90803909301758","38.90803909301758","38.90803909301758"
"13297","36.740562438964844","36.740562438964844","36.740562438964844"
"13298","34.8597297668457","34.8597297668457","34.8597297668457"
"13299","43.1571044921875","43.1571044921875","43.1571044921875"
"13302","45.20965576171875","45.20965576171875","45.20965576171875"
"13303","36.83047103881836","36.83047103881836","36.83047103881836"
"13304","39.70231246948242","39.70231246948242","39.70231246948242"
"13306","33.905094146728516","33.905094146728516","33.905094146728516"
"13307","52.62435531616211","52.62435531616211","52.62435531616211"
"13309","35.996925354003906","35.996925354003906","35.996925354003906"
"13310","62.837188720703125","62.837188720703125","62.837188720703125"
"13311","36.195674896240234","36.195674896240234","36.195674896240234"
"13315","36.572792053222656","36.572792053222656","36.572792053222656"
"13317","36.743839263916016","36.743839263916016","36.743839263916016"
"13318","42.29024124145508","42.29024124145508","42.29024124145508"
"13320","38.1355094909668","38.1355094909668","38.1355094909668"
"13321","67.54032135009766","67.54032135009766","67.54032135009766"
"13323","100.69139862060547","100.69139862060547","100.69139862060547"
"13324","33.19594955444336","33.19594955444336","33.19594955444336"
"13328","35.086219787597656","35.086219787597656","35.086219787597656"
"13330","42.83078384399414","42.83078384399414","42.83078384399414"
"13332","41.15041732788086","41.15041732788086","41.15041732788086"
"13335","32.26394271850586","32.26394271850586","32.26394271850586"
"13336","32.36404800415039","32.36404800415039","32.36404800415039"
"13337","36.49493408203125","36.49493408203125","36.49493408203125"
"13338","34.04431915283203","34.04431915283203","34.04431915283203"
"13340","36.44499206542969","36.44499206542969","36.44499206542969"
"13341","40.87071228027344","40.87071228027344","40.87071228027344"
"13343","36.480682373046875","36.480682373046875","36.480682373046875"
"13345","38.956825256347656","38.956825256347656","38.956825256347656"
"13347","34.03406524658203","34.03406524658203","34.03406524658203"
"13348","44.80611801147461","44.80611801147461","44.80611801147461"
"13349","55.39482116699219","55.39482116699219","55.39482116699219"
"13352","43.99078369140625","43.99078369140625","43.99078369140625"
"13354","38.05149459838867","38.05149459838867","38.05149459838867"
"13357","36.17971420288086","36.17971420288086","36.17971420288086"
"13359","32.86093521118164","32.86093521118164","32.86093521118164"
"13365","48.6276969909668","48.6276969909668","48.6276969909668"
"13367","36.050575256347656","36.050575256347656","36.050575256347656"
"13368","41.20207977294922","41.20207977294922","41.20207977294922"
"13369","41.14763641357422","41.14763641357422","41.14763641357422"
"13370","40.56621551513672","40.56621551513672","40.56621551513672"
"13371","38.562129974365234","38.562129974365234","38.562129974365234"
"13375","37.338356018066406","37.338356018066406","37.338356018066406"
"13376","33.26606369018555","33.26606369018555","33.26606369018555"
"13379","53.64659881591797","53.64659881591797","53.64659881591797"
"13381","43.00703430175781","43.00703430175781","43.00703430175781"
"13384","31.686809539794922","31.686809539794922","31.686809539794922"
"13386","34.40615463256836","34.40615463256836","34.40615463256836"
"13388","32.142822265625","32.142822265625","32.142822265625"
"13393","39.014408111572266","39.014408111572266","39.014408111572266"
"13394","33.70211410522461","33.70211410522461","33.70211410522461"
"13398","37.443572998046875","37.443572998046875","37.443572998046875"
"13399","39.2006721496582","39.2006721496582","39.2006721496582"
"13400","53.54689025878906","53.54689025878906","53.54689025878906"
"13402","33.19371032714844","33.19371032714844","33.19371032714844"
"13405","1045.0450439453125","1045.0450439453125","1045.0450439453125"
"13410","39.634979248046875","39.634979248046875","39.634979248046875"
"13417","45.49928283691406","45.49928283691406","45.49928283691406"
"13422","33.96135711669922","33.96135711669922","33.96135711669922"
"13425","40.884647369384766","40.884647369384766","40.884647369384766"
"13429","36.6358528137207","36.6358528137207","36.6358528137207"
"13433","40.9759521484375","40.9759521484375","40.9759521484375"
"13437","30.9061279296875","30.9061279296875","30.9061279296875"
"13438","36.2133674621582","36.2133674621582","36.2133674621582"
"13439","37.493221282958984","37.493221282958984","37.493221282958984"
"13440","33.48486328125","33.48486328125","33.48486328125"
"13443","40.638938903808594","40.638938903808594","40.638938903808594"
"13444","35.117286682128906","35.117286682128906","35.117286682128906"
"13446","34.31709289550781","34.31709289550781","34.31709289550781"
"13452","36.431156158447266","36.431156158447266","36.431156158447266"
"13453","35.51582717895508","35.51582717895508","35.51582717895508"
"13455","42.08679962158203","42.08679962158203","42.08679962158203"
"13456","32.82293701171875","32.82293701171875","32.82293701171875"
"13458","54.51980209350586","54.51980209350586","54.51980209350586"
"13459","40.69845962524414","40.69845962524414","40.69845962524414"
"13461","47.76496124267578","47.76496124267578","47.76496124267578"
"13462","32.29265594482422","32.29265594482422","32.29265594482422"
"13463","39.61882781982422","39.61882781982422","39.61882781982422"
"13465","34.01381301879883","34.01381301879883","34.01381301879883"
"13467","36.55769348144531","36.55769348144531","36.55769348144531"
"13468","38.93992233276367","38.93992233276367","38.93992233276367"
"13469","31.625246047973633","31.625246047973633","31.625246047973633"
"13472","37.28028869628906","37.28028869628906","37.28028869628906"
"13473","35.48884582519531","35.48884582519531","35.48884582519531"
"13475","37.61516571044922","37.61516571044922","37.61516571044922"
"13476","37.86069869995117","37.86069869995117","37.86069869995117"
"13477","41.125953674316406","41.125953674316406","41.125953674316406"
"13479","39.68207931518555","39.68207931518555","39.68207931518555"
"13480","32.84437942504883","32.84437942504883","32.84437942504883"
"13481","30.438682556152344","30.438682556152344","30.438682556152344"
"13485","38.264102935791016","38.264102935791016","38.264102935791016"
"13487","42.8734245300293","42.8734245300293","42.8734245300293"
"13488","41.78437423706055","41.78437423706055","41.78437423706055"
"13489","47.71190643310547","47.71190643310547","47.71190643310547"
"13490","37.60010528564453","37.60010528564453","37.60010528564453"
"13493","38.98774719238281","38.98774719238281","38.98774719238281"
"13496","31.692903518676758","31.692903518676758","31.692903518676758"
"13498","36.08918380737305","36.08918380737305","36.08918380737305"
"13500","34.61227035522461","34.61227035522461","34.61227035522461"
"13501","34.809356689453125","34.809356689453125","34.809356689453125"
"13504","36.94920349121094","36.94920349121094","36.94920349121094"
"13506","40.55405807495117","40.55405807495117","40.55405807495117"
"13507","31.5659236907959","31.5659236907959","31.5659236907959"
"13511","37.94609069824219","37.94609069824219","37.94609069824219"
"13512","36.024940490722656","36.024940490722656","36.024940490722656"
"13513","37.54399490356445","37.54399490356445","37.54399490356445"
"13514","31.83638572692871","31.83638572692871","31.83638572692871"
"13517","38.996482849121094","38.996482849121094","38.996482849121094"
"13518","39.879859924316406","39.879859924316406","39.879859924316406"
"13519","40.148643493652344","40.148643493652344","40.148643493652344"
"13522","44.28718185424805","44.28718185424805","44.28718185424805"
"13525","37.52095031738281","37.52095031738281","37.52095031738281"
"13526","43.242149353027344","43.242149353027344","43.242149353027344"
"13528","35.573402404785156","35.573402404785156","35.573402404785156"
"13532","37.7607421875","37.7607421875","37.7607421875"
"13536","38.250572204589844","38.250572204589844","38.250572204589844"
"13537","40.32927703857422","40.32927703857422","40.32927703857422"
"13538","32.23512268066406","32.23512268066406","32.23512268066406"
"13539","32.561370849609375","32.561370849609375","32.561370849609375"
"13542","41.184608459472656","41.184608459472656","41.184608459472656"
"13544","35.131752014160156","35.131752014160156","35.131752014160156"
"13546","39.90920639038086","39.90920639038086","39.90920639038086"
"13547","39.89024353027344","39.89024353027344","39.89024353027344"
"13550","38.807830810546875","38.807830810546875","38.807830810546875"
"13551","33.36529541015625","33.36529541015625","33.36529541015625"
"13552","55.835994720458984","55.835994720458984","55.835994720458984"
"13553","42.151153564453125","42.151153564453125","42.151153564453125"
"13554","38.08384323120117","38.08384323120117","38.08384323120117"
"13556","41.27662658691406","41.27662658691406","41.27662658691406"
"13557","44.94470977783203","44.94470977783203","44.94470977783203"
"13559","35.90339660644531","35.90339660644531","35.90339660644531"
"13560","57.74623107910156","57.74623107910156","57.74623107910156"
"13562","32.28512191772461","32.28512191772461","32.28512191772461"
"13563","36.24150085449219","36.24150085449219","36.24150085449219"
"13564","44.05280303955078","44.05280303955078","44.05280303955078"
"13566","38.42718505859375","38.42718505859375","38.42718505859375"
"13568","34.94196319580078","34.94196319580078","34.94196319580078"
"13569","38.71311569213867","38.71311569213867","38.71311569213867"
"13573","36.08679962158203","36.08679962158203","36.08679962158203"
"13574","40.02626037597656","40.02626037597656","40.02626037597656"
"13575","42.43960952758789","42.43960952758789","42.43960952758789"
"13576","39.774261474609375","39.774261474609375","39.774261474609375"
"13577","42.57144546508789","42.57144546508789","42.57144546508789"
"13579","35.72257614135742","35.72257614135742","35.72257614135742"
"13581","33.172122955322266","33.172122955322266","33.172122955322266"
"13586","32.84376907348633","32.84376907348633","32.84376907348633"
"13587","32.407997131347656","32.407997131347656","32.407997131347656"
"13588","48.14442443847656","48.14442443847656","48.14442443847656"
"13590","37.80287170410156","37.80287170410156","37.80287170410156"
"13593","35.15088653564453","35.15088653564453","35.15088653564453"
"13596","36.28483200073242","36.28483200073242","36.28483200073242"
"13597","35.410125732421875","35.410125732421875","35.410125732421875"
"13599","40.45901107788086","40.45901107788086","40.45901107788086"
"13603","58.77812194824219","58.77812194824219","58.77812194824219"
"13604","40.785865783691406","40.785865783691406","40.785865783691406"
"13606","33.39058303833008","33.39058303833008","33.39058303833008"
"13610","44.99808120727539","44.99808120727539","44.99808120727539"
"13614","32.60384750366211","32.60384750366211","32.60384750366211"
"13616","42.200096130371094","42.200096130371094","42.200096130371094"
"13617","36.596065521240234","36.596065521240234","36.596065521240234"
"13618","40.16086959838867","40.16086959838867","40.16086959838867"
"13620","39.963924407958984","39.963924407958984","39.963924407958984"
"13624","32.69462585449219","32.69462585449219","32.69462585449219"
"13626","35.152061462402344","35.152061462402344","35.152061462402344"
"13627","35.48979949951172","35.48979949951172","35.48979949951172"
"13628","36.234771728515625","36.234771728515625","36.234771728515625"
"13630","34.25279235839844","34.25279235839844","34.25279235839844"
"13631","30.84391975402832","30.84391975402832","30.84391975402832"
"13636","34.02989196777344","34.02989196777344","34.02989196777344"
"13637","33.04768753051758","33.04768753051758","33.04768753051758"
"13639","152.5575714111328","152.5575714111328","152.5575714111328"
"13643","44.73615646362305","44.73615646362305","44.73615646362305"
"13647","34.265838623046875","34.265838623046875","34.265838623046875"
"13650","52.513397216796875","52.513397216796875","52.513397216796875"
"13651","33.76008224487305","33.76008224487305","33.76008224487305"
"13658","37.30772018432617","37.30772018432617","37.30772018432617"
"13659","44.193519592285156","44.193519592285156","44.193519592285156"
"13661","40.9675178527832","40.9675178527832","40.9675178527832"
"13662","41.38963317871094","41.38963317871094","41.38963317871094"
"13663","35.88456726074219","35.88456726074219","35.88456726074219"
"13665","42.267547607421875","42.267547607421875","42.267547607421875"
"13666","40.52889633178711","40.52889633178711","40.52889633178711"
"13667","36.1334114074707","36.1334114074707","36.1334114074707"
"13669","35.3464241027832","35.3464241027832","35.3464241027832"
"13670","65.3890380859375","65.3890380859375","65.3890380859375"
"13672","37.48101043701172","37.48101043701172","37.48101043701172"
"13674","32.19602966308594","32.19602966308594","32.19602966308594"
"13680","37.054298400878906","37.054298400878906","37.054298400878906"
"13683","184.2040557861328","184.2040557861328","184.2040557861328"
"13688","37.14336013793945","37.14336013793945","37.14336013793945"
"13692","34.49275588989258","34.49275588989258","34.49275588989258"
"13695","35.49735641479492","35.49735641479492","35.49735641479492"
"13697","34.139156341552734","34.139156341552734","34.139156341552734"
"13698","1829.7330322265625","1829.7330322265625","1829.7330322265625"
"13702","430.2757263183594","430.2757263183594","430.2757263183594"
"13703","44.21953582763672","44.21953582763672","44.21953582763672"
"13706","323.6715087890625","323.6715087890625","323.6715087890625"
"13708","38.9976806640625","38.9976806640625","38.9976806640625"
"13714","34.879119873046875","34.879119873046875","34.879119873046875"
"13715","37.27069854736328","37.27069854736328","37.27069854736328"
"13718","37.38671875","37.38671875","37.38671875"
"13726","41.181854248046875","41.181854248046875","41.181854248046875"
"13727","35.226600646972656","35.226600646972656","35.226600646972656"
"13728","39.907432556152344","39.907432556152344","39.907432556152344"
"13731","46.61907958984375","46.61907958984375","46.61907958984375"
"13732","38.3229866027832","38.3229866027832","38.3229866027832"
"13735","28.067665100097656","28.067665100097656","28.067665100097656"
"13737","42.086517333984375","42.086517333984375","42.086517333984375"
"13738","40.334964752197266","40.334964752197266","40.334964752197266"
"13741","39.42579650878906","39.42579650878906","39.42579650878906"
"13742","46.26740264892578","46.26740264892578","46.26740264892578"
"13746","39.230491638183594","39.230491638183594","39.230491638183594"
"13748","34.91278076171875","34.91278076171875","34.91278076171875"
"13754","32.403526306152344","32.403526306152344","32.403526306152344"
"13755","34.210514068603516","34.210514068603516","34.210514068603516"
"13756","39.022621154785156","39.022621154785156","39.022621154785156"
"13760","35.12958526611328","35.12958526611328","35.12958526611328"
"13767","33.27390670776367","33.27390670776367","33.27390670776367"
"13775","40.418365478515625","40.418365478515625","40.418365478515625"
"13776","34.52040481567383","34.52040481567383","34.52040481567383"
"13780","38.16035079956055","38.16035079956055","38.16035079956055"
"13782","33.175106048583984","33.175106048583984","33.175106048583984"
"13785","37.400421142578125","37.400421142578125","37.400421142578125"
"13789","40.10210037231445","40.10210037231445","40.10210037231445"
"13800","46.96478271484375","46.96478271484375","46.96478271484375"
"13801","38.52452850341797","38.52452850341797","38.52452850341797"
"13802","46.35541915893555","46.35541915893555","46.35541915893555"
"13804","35.81724166870117","35.81724166870117","35.81724166870117"
"13805","49.12022018432617","49.12022018432617","49.12022018432617"
"13812","37.088623046875","37.088623046875","37.088623046875"
"13813","43.81399154663086","43.81399154663086","43.81399154663086"
"13816","36.084922790527344","36.084922790527344","36.084922790527344"
"13821","37.090972900390625","37.090972900390625","37.090972900390625"
"13822","33.52467727661133","33.52467727661133","33.52467727661133"
"13824","42.22174072265625","42.22174072265625","42.22174072265625"
"13829","33.625694274902344","33.625694274902344","33.625694274902344"
"13831","40.473453521728516","40.473453521728516","40.473453521728516"
"13832","35.573097229003906","35.573097229003906","35.573097229003906"
"13834","41.088401794433594","41.088401794433594","41.088401794433594"
"13835","39.52550506591797","39.52550506591797","39.52550506591797"
"13840","32.818016052246094","32.818016052246094","32.818016052246094"
"13841","38.74592590332031","38.74592590332031","38.74592590332031"
"13842","33.79619598388672","33.79619598388672","33.79619598388672"
"13844","37.16436767578125","37.16436767578125","37.16436767578125"
"13845","37.247283935546875","37.247283935546875","37.247283935546875"
"13846","33.98997497558594","33.98997497558594","33.98997497558594"
"13848","33.55146789550781","33.55146789550781","33.55146789550781"
"13849","175.3864288330078","175.3864288330078","175.3864288330078"
"13853","43.19818115234375","43.19818115234375","43.19818115234375"
"13854","36.318275451660156","36.318275451660156","36.318275451660156"
"13855","35.575992584228516","35.575992584228516","35.575992584228516"
"13860","36.66033172607422","36.66033172607422","36.66033172607422"
"13861","38.499961853027344","38.499961853027344","38.499961853027344"
"13865","38.15639114379883","38.15639114379883","38.15639114379883"
"13866","35.729793548583984","35.729793548583984","35.729793548583984"
"13868","46.242530822753906","46.242530822753906","46.242530822753906"
"13874","40.1605224609375","40.1605224609375","40.1605224609375"
"13877","35.53911590576172","35.53911590576172","35.53911590576172"
"13878","36.270389556884766","36.270389556884766","36.270389556884766"
"13881","31.711387634277344","31.711387634277344","31.711387634277344"
"13887","33.2135124206543","33.2135124206543","33.2135124206543"
"13888","38.687557220458984","38.687557220458984","38.687557220458984"
"13890","39.05900955200195","39.05900955200195","39.05900955200195"
"13896","40.50927734375","40.50927734375","40.50927734375"
"13898","37.5555534362793","37.5555534362793","37.5555534362793"
"13900","37.49773025512695","37.49773025512695","37.49773025512695"
"13901","34.79119873046875","34.79119873046875","34.79119873046875"
"13908","42.8720588684082","42.8720588684082","42.8720588684082"
"13915","38.497535705566406","38.497535705566406","38.497535705566406"
"13921","36.211360931396484","36.211360931396484","36.211360931396484"
"13922","41.751461029052734","41.751461029052734","41.751461029052734"
"13927","33.64309310913086","33.64309310913086","33.64309310913086"
"13932","40.288028717041016","40.288028717041016","40.288028717041016"
"13934","39.03158950805664","39.03158950805664","39.03158950805664"
"13936","43.1893424987793","43.1893424987793","43.1893424987793"
"13939","36.63522720336914","36.63522720336914","36.63522720336914"
"13943","38.03871154785156","38.03871154785156","38.03871154785156"
"13944","42.28380584716797","42.28380584716797","42.28380584716797"
"13945","36.70663833618164","36.70663833618164","36.70663833618164"
"13947","43.038475036621094","43.038475036621094","43.038475036621094"
"13948","38.44437026977539","38.44437026977539","38.44437026977539"
"13951","47.162811279296875","47.162811279296875","47.162811279296875"
"13957","40.15038299560547","40.15038299560547","40.15038299560547"
"13959","49.937034606933594","49.937034606933594","49.937034606933594"
"13961","38.14742660522461","38.14742660522461","38.14742660522461"
"13962","33.75086975097656","33.75086975097656","33.75086975097656"
"13968","38.54860305786133","38.54860305786133","38.54860305786133"
"13971","39.010494232177734","39.010494232177734","39.010494232177734"
"13972","34.1970329284668","34.1970329284668","34.1970329284668"
"13974","44.52360534667969","44.52360534667969","44.52360534667969"
"13976","36.607418060302734","36.607418060302734","36.607418060302734"
"13977","50.74907684326172","50.74907684326172","50.74907684326172"
"13979","40.37111282348633","40.37111282348633","40.37111282348633"
"13983","29.47648048400879","29.47648048400879","29.47648048400879"
"13984","36.32140350341797","36.32140350341797","36.32140350341797"
"13985","38.63338851928711","38.63338851928711","38.63338851928711"
"13993","38.176109313964844","38.176109313964844","38.176109313964844"
"13995","36.17535400390625","36.17535400390625","36.17535400390625"
"13998","50.810447692871094","50.810447692871094","50.810447692871094"
"13999","33.53346252441406","33.53346252441406","33.53346252441406"
"14000","36.785057067871094","36.785057067871094","36.785057067871094"
"14001","35.53657531738281","35.53657531738281","35.53657531738281"
"14006","40.07863235473633","40.07863235473633","40.07863235473633"
"14007","36.05891799926758","36.05891799926758","36.05891799926758"
"14008","34.49354934692383","34.49354934692383","34.49354934692383"
"14009","37.62146759033203","37.62146759033203","37.62146759033203"
"14016","45.368961334228516","45.368961334228516","45.368961334228516"
"14017","31.66815948486328","31.66815948486328","31.66815948486328"
"14018","61.48451232910156","61.48451232910156","61.48451232910156"
"14025","35.474578857421875","35.474578857421875","35.474578857421875"
"14026","30.780025482177734","30.780025482177734","30.780025482177734"
"14028","188.12716674804688","188.12716674804688","188.12716674804688"
"14029","287.0758056640625","287.0758056640625","287.0758056640625"
"14033","37.50254821777344","37.50254821777344","37.50254821777344"
"14034","32.8084831237793","32.8084831237793","32.8084831237793"
"14036","41.25016403198242","41.25016403198242","41.25016403198242"
"14041","45.16484832763672","45.16484832763672","45.16484832763672"
"14043","37.59160232543945","37.59160232543945","37.59160232543945"
"14044","48.14112854003906","48.14112854003906","48.14112854003906"
"14047","41.52982711791992","41.52982711791992","41.52982711791992"
"14049","36.95174026489258","36.95174026489258","36.95174026489258"
"14050","33.94816589355469","33.94816589355469","33.94816589355469"
"14052","38.28553009033203","38.28553009033203","38.28553009033203"
"14054","34.01661682128906","34.01661682128906","34.01661682128906"
"14058","47.636253356933594","47.636253356933594","47.636253356933594"
"14062","45.70487594604492","45.70487594604492","45.70487594604492"
"14064","43.310401916503906","43.310401916503906","43.310401916503906"
"14065","42.084556579589844","42.084556579589844","42.084556579589844"
"14066","43.464752197265625","43.464752197265625","43.464752197265625"
"14067","33.23968505859375","33.23968505859375","33.23968505859375"
"14068","41.406150817871094","41.406150817871094","41.406150817871094"
"14074","35.07901382446289","35.07901382446289","35.07901382446289"
"14077","32.217002868652344","32.217002868652344","32.217002868652344"
"14078","37.384525299072266","37.384525299072266","37.384525299072266"
"14079","36.87565231323242","36.87565231323242","36.87565231323242"
"14080","41.79345703125","41.79345703125","41.79345703125"
"14082","43.40401077270508","43.40401077270508","43.40401077270508"
"14085","38.24396896362305","38.24396896362305","38.24396896362305"
"14086","42.32130813598633","42.32130813598633","42.32130813598633"
"14087","42.76890563964844","42.76890563964844","42.76890563964844"
"14090","40.05967712402344","40.05967712402344","40.05967712402344"
"14091","39.459938049316406","39.459938049316406","39.459938049316406"
"14092","54.350833892822266","54.350833892822266","54.350833892822266"
"14093","42.77153396606445","42.77153396606445","42.77153396606445"
"14094","36.69783401489258","36.69783401489258","36.69783401489258"
"14096","35.4073371887207","35.4073371887207","35.4073371887207"
"14099","32.69391632080078","32.69391632080078","32.69391632080078"
"14101","45.07440948486328","45.07440948486328","45.07440948486328"
"14105","43.15739059448242","43.15739059448242","43.15739059448242"
"14111","39.10670852661133","39.10670852661133","39.10670852661133"
"14112","48.84434509277344","48.84434509277344","48.84434509277344"
"14113","52.877864837646484","52.877864837646484","52.877864837646484"
"14114","38.59693145751953","38.59693145751953","38.59693145751953"
"14115","35.84223937988281","35.84223937988281","35.84223937988281"
"14116","236.0782470703125","236.0782470703125","236.0782470703125"
"14119","38.709434509277344","38.709434509277344","38.709434509277344"
"14121","36.23394775390625","36.23394775390625","36.23394775390625"
"14124","34.29894256591797","34.29894256591797","34.29894256591797"
"14129","33.59709548950195","33.59709548950195","33.59709548950195"
"14130","34.74892807006836","34.74892807006836","34.74892807006836"
"14133","39.06734848022461","39.06734848022461","39.06734848022461"
"14136","38.52316665649414","38.52316665649414","38.52316665649414"
"14137","42.93156433105469","42.93156433105469","42.93156433105469"
"14138","35.888126373291016","35.888126373291016","35.888126373291016"
"14140","43.723793029785156","43.723793029785156","43.723793029785156"
"14141","64.34088134765625","64.34088134765625","64.34088134765625"
"14143","32.25682830810547","32.25682830810547","32.25682830810547"
"14145","40.96137237548828","40.96137237548828","40.96137237548828"
"14148","42.663230895996094","42.663230895996094","42.663230895996094"
"14150","37.712955474853516","37.712955474853516","37.712955474853516"
"14152","32.298194885253906","32.298194885253906","32.298194885253906"
"14153","38.309783935546875","38.309783935546875","38.309783935546875"
"14154","45.43296813964844","45.43296813964844","45.43296813964844"
"14157","37.78955841064453","37.78955841064453","37.78955841064453"
"14161","43.64176940917969","43.64176940917969","43.64176940917969"
"14162","40.23283004760742","40.23283004760742","40.23283004760742"
"14167","37.60035705566406","37.60035705566406","37.60035705566406"
"14169","69.72037506103516","69.72037506103516","69.72037506103516"
"14170","38.726043701171875","38.726043701171875","38.726043701171875"
"14174","505.0360412597656","505.0360412597656","505.0360412597656"
"14175","32.042972564697266","32.042972564697266","32.042972564697266"
"14177","43.963218688964844","43.963218688964844","43.963218688964844"
"14181","36.513580322265625","36.513580322265625","36.513580322265625"
"14182","53.35716247558594","53.35716247558594","53.35716247558594"
"14185","35.5174560546875","35.5174560546875","35.5174560546875"
"14186","85.4721908569336","85.4721908569336","85.4721908569336"
"14191","62.81214904785156","62.81214904785156","62.81214904785156"
"14192","32.32097244262695","32.32097244262695","32.32097244262695"
"14193","35.92280960083008","35.92280960083008","35.92280960083008"
"14194","36.853248596191406","36.853248596191406","36.853248596191406"
"14201","30.262245178222656","30.262245178222656","30.262245178222656"
"14202","39.415428161621094","39.415428161621094","39.415428161621094"
"14205","37.30811309814453","37.30811309814453","37.30811309814453"
"14206","37.501895904541016","37.501895904541016","37.501895904541016"
"14207","35.02018356323242","35.02018356323242","35.02018356323242"
"14213","37.37319564819336","37.37319564819336","37.37319564819336"
"14214","37.427127838134766","37.427127838134766","37.427127838134766"
"14216","35.12298583984375","35.12298583984375","35.12298583984375"
"14219","159.46755981445312","159.46755981445312","159.46755981445312"
"14222","40.197364807128906","40.197364807128906","40.197364807128906"
"14225","41.19564437866211","41.19564437866211","41.19564437866211"
"14227","39.87440872192383","39.87440872192383","39.87440872192383"
"14229","35.453182220458984","35.453182220458984","35.453182220458984"
"14231","44.58292007446289","44.58292007446289","44.58292007446289"
"14232","33.096824645996094","33.096824645996094","33.096824645996094"
"14243","39.125389099121094","39.125389099121094","39.125389099121094"
"14245","44.67438888549805","44.67438888549805","44.67438888549805"
"14246","31.5272216796875","31.5272216796875","31.5272216796875"
"14250","39.96392059326172","39.96392059326172","39.96392059326172"
"14252","32.50596618652344","32.50596618652344","32.50596618652344"
"14253","36.04349899291992","36.04349899291992","36.04349899291992"
"14255","36.347991943359375","36.347991943359375","36.347991943359375"
"14256","37.385074615478516","37.385074615478516","37.385074615478516"
"14260","42.42076873779297","42.42076873779297","42.42076873779297"
"14262","36.296531677246094","36.296531677246094","36.296531677246094"
"14265","34.397518157958984","34.397518157958984","34.397518157958984"
"14266","67.43462371826172","67.43462371826172","67.43462371826172"
"14275","37.689231872558594","37.689231872558594","37.689231872558594"
"14276","33.470428466796875","33.470428466796875","33.470428466796875"
"14277","38.063262939453125","38.063262939453125","38.063262939453125"
"14278","38.35612487792969","38.35612487792969","38.35612487792969"
"14279","43.07177734375","43.07177734375","43.07177734375"
"14280","38.65221405029297","38.65221405029297","38.65221405029297"
"14281","33.914878845214844","33.914878845214844","33.914878845214844"
"14282","414.5166931152344","414.5166931152344","414.5166931152344"
"14286","36.39103698730469","36.39103698730469","36.39103698730469"
"14291","44.736671447753906","44.736671447753906","44.736671447753906"
"14292","33.87562561035156","33.87562561035156","33.87562561035156"
"14294","46.04463195800781","46.04463195800781","46.04463195800781"
"14296","34.18041229248047","34.18041229248047","34.18041229248047"
"14297","36.65752410888672","36.65752410888672","36.65752410888672"
"14298","36.158477783203125","36.158477783203125","36.158477783203125"
"14300","43.848388671875","43.848388671875","43.848388671875"
"14302","35.29335403442383","35.29335403442383","35.29335403442383"
"14304","43.443843841552734","43.443843841552734","43.443843841552734"
"14305","95.16565704345703","95.16565704345703","95.16565704345703"
"14306","35.575714111328125","35.575714111328125","35.575714111328125"
"14309","43.27733612060547","43.27733612060547","43.27733612060547"
"14317","35.3160285949707","35.3160285949707","35.3160285949707"
"14318","35.86567306518555","35.86567306518555","35.86567306518555"
"14319","38.28360366821289","38.28360366821289","38.28360366821289"
"14321","35.05672836303711","35.05672836303711","35.05672836303711"
"14326","36.76869583129883","36.76869583129883","36.76869583129883"
"14330","40.3874626159668","40.3874626159668","40.3874626159668"
"14331","33.443260192871094","33.443260192871094","33.443260192871094"
"14336","32.56087112426758","32.56087112426758","32.56087112426758"
"14337","35.22060012817383","35.22060012817383","35.22060012817383"
"14339","29.831222534179688","29.831222534179688","29.831222534179688"
"14341","46.140472412109375","46.140472412109375","46.140472412109375"
"14342","33.39507293701172","33.39507293701172","33.39507293701172"
"14343","40.578922271728516","40.578922271728516","40.578922271728516"
"14344","41.12938690185547","41.12938690185547","41.12938690185547"
"14346","38.34772872924805","38.34772872924805","38.34772872924805"
"14348","37.737510681152344","37.737510681152344","37.737510681152344"
"14358","36.17079544067383","36.17079544067383","36.17079544067383"
"14359","36.695838928222656","36.695838928222656","36.695838928222656"
"14366","33.75769805908203","33.75769805908203","33.75769805908203"
"14369","38.93050765991211","38.93050765991211","38.93050765991211"
"14370","40.32964324951172","40.32964324951172","40.32964324951172"
"14374","41.84827423095703","41.84827423095703","41.84827423095703"
"14377","33.036746978759766","33.036746978759766","33.036746978759766"
"14379","41.438602447509766","41.438602447509766","41.438602447509766"
"14380","39.010562896728516","39.010562896728516","39.010562896728516"
"14382","36.87162780761719","36.87162780761719","36.87162780761719"
"14384","33.74433517456055","33.74433517456055","33.74433517456055"
"14387","36.56462478637695","36.56462478637695","36.56462478637695"
"14389","27.95754051208496","27.95754051208496","27.95754051208496"
"14391","45.77274703979492","45.77274703979492","45.77274703979492"
"14394","46.78926086425781","46.78926086425781","46.78926086425781"
"14398","46.141632080078125","46.141632080078125","46.141632080078125"
"14399","41.58717346191406","41.58717346191406","41.58717346191406"
"14402","42.23558807373047","42.23558807373047","42.23558807373047"
"14404","41.40680694580078","41.40680694580078","41.40680694580078"
"14405","36.08888626098633","36.08888626098633","36.08888626098633"
"14411","42.0931396484375","42.0931396484375","42.0931396484375"
"14414","37.17771530151367","37.17771530151367","37.17771530151367"
"14418","40.585960388183594","40.585960388183594","40.585960388183594"
"14422","32.64636993408203","32.64636993408203","32.64636993408203"
"14424","35.680335998535156","35.680335998535156","35.680335998535156"
"14429","46.366981506347656","46.366981506347656","46.366981506347656"
"14436","35.707542419433594","35.707542419433594","35.707542419433594"
"14437","38.45020294189453","38.45020294189453","38.45020294189453"
"14439","35.070960998535156","35.070960998535156","35.070960998535156"
"14441","41.389747619628906","41.389747619628906","41.389747619628906"
"14442","35.44702911376953","35.44702911376953","35.44702911376953"
"14446","61.91060256958008","61.91060256958008","61.91060256958008"
"14447","31.047542572021484","31.047542572021484","31.047542572021484"
"14448","32.481239318847656","32.481239318847656","32.481239318847656"
"14449","37.04706954956055","37.04706954956055","37.04706954956055"
"14451","82.43550109863281","82.43550109863281","82.43550109863281"
"14454","38.39698028564453","38.39698028564453","38.39698028564453"
"14456","35.673648834228516","35.673648834228516","35.673648834228516"
"14457","37.02216339111328","37.02216339111328","37.02216339111328"
"14460","38.46930694580078","38.46930694580078","38.46930694580078"
"14461","30.64373016357422","30.64373016357422","30.64373016357422"
"14462","38.638301849365234","38.638301849365234","38.638301849365234"
"14463","48.25121307373047","48.25121307373047","48.25121307373047"
"14470","35.61799621582031","35.61799621582031","35.61799621582031"
"14471","36.22642517089844","36.22642517089844","36.22642517089844"
"14473","32.77027893066406","32.77027893066406","32.77027893066406"
"14477","35.44956970214844","35.44956970214844","35.44956970214844"
"14478","43.1817512512207","43.1817512512207","43.1817512512207"
"14479","35.69658660888672","35.69658660888672","35.69658660888672"
"14481","37.23042678833008","37.23042678833008","37.23042678833008"
"14482","41.89284133911133","41.89284133911133","41.89284133911133"
"14483","46.375362396240234","46.375362396240234","46.375362396240234"
"14484","34.12300491333008","34.12300491333008","34.12300491333008"
"14485","32.6008415222168","32.6008415222168","32.6008415222168"
"14486","39.77655029296875","39.77655029296875","39.77655029296875"
"14487","41.70832443237305","41.70832443237305","41.70832443237305"
"14488","40.66464614868164","40.66464614868164","40.66464614868164"
"14494","37.10212326049805","37.10212326049805","37.10212326049805"
"14497","36.277069091796875","36.277069091796875","36.277069091796875"
"14502","36.68143081665039","36.68143081665039","36.68143081665039"
"14504","37.11934280395508","37.11934280395508","37.11934280395508"
"14505","35.53224182128906","35.53224182128906","35.53224182128906"
"14507","32.431514739990234","32.431514739990234","32.431514739990234"
"14509","33.80778503417969","33.80778503417969","33.80778503417969"
"14511","34.4913330078125","34.4913330078125","34.4913330078125"
"14512","38.6312255859375","38.6312255859375","38.6312255859375"
"14515","46.669071197509766","46.669071197509766","46.669071197509766"
"14516","37.12171173095703","37.12171173095703","37.12171173095703"
"14517","39.904232025146484","39.904232025146484","39.904232025146484"
"14519","41.60140609741211","41.60140609741211","41.60140609741211"
"14520","37.477561950683594","37.477561950683594","37.477561950683594"
"14526","34.28055953979492","34.28055953979492","34.28055953979492"
"14527","36.41958999633789","36.41958999633789","36.41958999633789"
"14529","34.66569519042969","34.66569519042969","34.66569519042969"
"14537","31.866140365600586","31.866140365600586","31.866140365600586"
"14539","34.22799301147461","34.22799301147461","34.22799301147461"
"14540","35.210567474365234","35.210567474365234","35.210567474365234"
"14546","38.74956130981445","38.74956130981445","38.74956130981445"
"14547","35.5734977722168","35.5734977722168","35.5734977722168"
"14551","46.266300201416016","46.266300201416016","46.266300201416016"
"14552","33.94096755981445","33.94096755981445","33.94096755981445"
"14555","40.33699417114258","40.33699417114258","40.33699417114258"
"14556","37.400508880615234","37.400508880615234","37.400508880615234"
"14558","37.703731536865234","37.703731536865234","37.703731536865234"
"14562","35.247127532958984","35.247127532958984","35.247127532958984"
"14565","40.300628662109375","40.300628662109375","40.300628662109375"
"14566","36.208984375","36.208984375","36.208984375"
"14567","35.8411865234375","35.8411865234375","35.8411865234375"
"14570","38.29867172241211","38.29867172241211","38.29867172241211"
"14573","34.26533508300781","34.26533508300781","34.26533508300781"
"14575","41.23870086669922","41.23870086669922","41.23870086669922"
"14576","37.39173126220703","37.39173126220703","37.39173126220703"
"14579","37.393943786621094","37.393943786621094","37.393943786621094"
"14580","39.25650405883789","39.25650405883789","39.25650405883789"
"14586","34.52098846435547","34.52098846435547","34.52098846435547"
"14589","35.47319030761719","35.47319030761719","35.47319030761719"
"14592","29.53633689880371","29.53633689880371","29.53633689880371"
"14593","39.927772521972656","39.927772521972656","39.927772521972656"
"14595","36.66872787475586","36.66872787475586","36.66872787475586"
"14599","38.06902313232422","38.06902313232422","38.06902313232422"
"14606","35.551605224609375","35.551605224609375","35.551605224609375"
"14610","29.9810848236084","29.9810848236084","29.9810848236084"
"14611","41.293975830078125","41.293975830078125","41.293975830078125"
"14612","41.330875396728516","41.330875396728516","41.330875396728516"
"14615","37.868961334228516","37.868961334228516","37.868961334228516"
"14618","35.55864715576172","35.55864715576172","35.55864715576172"
"14623","39.10572052001953","39.10572052001953","39.10572052001953"
"14626","36.73057556152344","36.73057556152344","36.73057556152344"
"14629","32.1308479309082","32.1308479309082","32.1308479309082"
"14630","46.81452560424805","46.81452560424805","46.81452560424805"
"14631","31.785856246948242","31.785856246948242","31.785856246948242"
"14634","38.20111846923828","38.20111846923828","38.20111846923828"
"14636","34.806610107421875","34.806610107421875","34.806610107421875"
"14638","42.434444427490234","42.434444427490234","42.434444427490234"
"14639","41.38059616088867","41.38059616088867","41.38059616088867"
"14640","36.816341400146484","36.816341400146484","36.816341400146484"
"14642","64.37042236328125","64.37042236328125","64.37042236328125"
"14645","31.953304290771484","31.953304290771484","31.953304290771484"
"14646","35.287479400634766","35.287479400634766","35.287479400634766"
"14652","35.54833984375","35.54833984375","35.54833984375"
"14653","35.57904052734375","35.57904052734375","35.57904052734375"
"14654","39.62737274169922","39.62737274169922","39.62737274169922"
"14655","33.46782684326172","33.46782684326172","33.46782684326172"
"14660","32.8753662109375","32.8753662109375","32.8753662109375"
"14663","34.30425262451172","34.30425262451172","34.30425262451172"
"14665","39.54098129272461","39.54098129272461","39.54098129272461"
"14667","37.9321403503418","37.9321403503418","37.9321403503418"
"14670","36.25027084350586","36.25027084350586","36.25027084350586"
"14671","40.533992767333984","40.533992767333984","40.533992767333984"
"14672","39.96773147583008","39.96773147583008","39.96773147583008"
"14675","43.60403823852539","43.60403823852539","43.60403823852539"
"14677","35.90964889526367","35.90964889526367","35.90964889526367"
"14678","59.98615646362305","59.98615646362305","59.98615646362305"
"14680","37.31941604614258","37.31941604614258","37.31941604614258"
"14682","42.882484436035156","42.882484436035156","42.882484436035156"
"14684","42.10310363769531","42.10310363769531","42.10310363769531"
"14685","32.979583740234375","32.979583740234375","32.979583740234375"
"14687","36.4589729309082","36.4589729309082","36.4589729309082"
"14688","37.06471252441406","37.06471252441406","37.06471252441406"
"14689","39.973087310791016","39.973087310791016","39.973087310791016"
"14690","31.924165725708008","31.924165725708008","31.924165725708008"
"14692","31.23645782470703","31.23645782470703","31.23645782470703"
"14693","36.072200775146484","36.072200775146484","36.072200775146484"
"14695","42.25254821777344","42.25254821777344","42.25254821777344"
"14697","33.87044906616211","33.87044906616211","33.87044906616211"
"14698","37.41928482055664","37.41928482055664","37.41928482055664"
"14699","34.68500518798828","34.68500518798828","34.68500518798828"
"14705","46.96997833251953","46.96997833251953","46.96997833251953"
"14708","34.306270599365234","34.306270599365234","34.306270599365234"
"14709","42.16020202636719","42.16020202636719","42.16020202636719"
"14710","34.057106018066406","34.057106018066406","34.057106018066406"
"14713","26.239845275878906","26.239845275878906","26.239845275878906"
"14715","37.9138069152832","37.9138069152832","37.9138069152832"
"14717","45.85297775268555","45.85297775268555","45.85297775268555"
"14718","34.951271057128906","34.951271057128906","34.951271057128906"
"14721","50.248260498046875","50.248260498046875","50.248260498046875"
"14722","34.878868103027344","34.878868103027344","34.878868103027344"
"14723","43.32627487182617","43.32627487182617","43.32627487182617"
"14724","34.54726791381836","34.54726791381836","34.54726791381836"
"14726","37.87644577026367","37.87644577026367","37.87644577026367"
"14733","40.410011291503906","40.410011291503906","40.410011291503906"
"14735","36.859466552734375","36.859466552734375","36.859466552734375"
"14736","32.523563385009766","32.523563385009766","32.523563385009766"
"14737","38.40549850463867","38.40549850463867","38.40549850463867"
"14740","31.892297744750977","31.892297744750977","31.892297744750977"
"14742","36.75297546386719","36.75297546386719","36.75297546386719"
"14743","34.22136306762695","34.22136306762695","34.22136306762695"
"14746","38.61932373046875","38.61932373046875","38.61932373046875"
"14747","44.25273132324219","44.25273132324219","44.25273132324219"
"14749","38.193321228027344","38.193321228027344","38.193321228027344"
"14752","39.319664001464844","39.319664001464844","39.319664001464844"
"14753","36.74336242675781","36.74336242675781","36.74336242675781"
"14756","32.4042854309082","32.4042854309082","32.4042854309082"
"14757","53.074214935302734","53.074214935302734","53.074214935302734"
"14762","31.209976196289062","31.209976196289062","31.209976196289062"
"14763","36.23524856567383","36.23524856567383","36.23524856567383"
"14770","38.510841369628906","38.510841369628906","38.510841369628906"
"14771","29.1177921295166","29.1177921295166","29.1177921295166"
"14776","42.140342712402344","42.140342712402344","42.140342712402344"
"14777","37.65245056152344","37.65245056152344","37.65245056152344"
"14778","45.358673095703125","45.358673095703125","45.358673095703125"
"14780","34.965049743652344","34.965049743652344","34.965049743652344"
"14781","38.5344123840332","38.5344123840332","38.5344123840332"
"14782","34.219398498535156","34.219398498535156","34.219398498535156"
"14784","35.12370300292969","35.12370300292969","35.12370300292969"
"14786","39.42647933959961","39.42647933959961","39.42647933959961"
"14787","41.26686096191406","41.26686096191406","41.26686096191406"
"14788","44.96067810058594","44.96067810058594","44.96067810058594"
"14792","39.024383544921875","39.024383544921875","39.024383544921875"
"14797","39.66693878173828","39.66693878173828","39.66693878173828"
"14798","48.01148223876953","48.01148223876953","48.01148223876953"
"14800","32.49655532836914","32.49655532836914","32.49655532836914"
"14804","33.11724853515625","33.11724853515625","33.11724853515625"
"14805","35.513946533203125","35.513946533203125","35.513946533203125"
"14808","37.23337936401367","37.23337936401367","37.23337936401367"
"14809","37.828041076660156","37.828041076660156","37.828041076660156"
"14814","38.51661682128906","38.51661682128906","38.51661682128906"
"14816","40.294376373291016","40.294376373291016","40.294376373291016"
"14822","78.06785583496094","78.06785583496094","78.06785583496094"
"14825","37.140708923339844","37.140708923339844","37.140708923339844"
"14826","32.128074645996094","32.128074645996094","32.128074645996094"
"14827","36.59186935424805","36.59186935424805","36.59186935424805"
"14830","34.213993072509766","34.213993072509766","34.213993072509766"
"14840","41.05320358276367","41.05320358276367","41.05320358276367"
"14841","35.31389617919922","35.31389617919922","35.31389617919922"
"14842","37.482364654541016","37.482364654541016","37.482364654541016"
"14843","39.272666931152344","39.272666931152344","39.272666931152344"
"14844","33.459083557128906","33.459083557128906","33.459083557128906"
"14848","35.8919677734375","35.8919677734375","35.8919677734375"
"14849","37.16348648071289","37.16348648071289","37.16348648071289"
"14851","36.527713775634766","36.527713775634766","36.527713775634766"
"14861","44.08852767944336","44.08852767944336","44.08852767944336"
"14863","42.28200912475586","42.28200912475586","42.28200912475586"
"14866","34.78941345214844","34.78941345214844","34.78941345214844"
"14867","35.01361846923828","35.01361846923828","35.01361846923828"
"14869","42.269775390625","42.269775390625","42.269775390625"
"14870","46.58055114746094","46.58055114746094","46.58055114746094"
"14871","44.422916412353516","44.422916412353516","44.422916412353516"
"14872","33.26567459106445","33.26567459106445","33.26567459106445"
"14874","29.6524658203125","29.6524658203125","29.6524658203125"
"14875","36.50520324707031","36.50520324707031","36.50520324707031"
"14876","42.94378662109375","42.94378662109375","42.94378662109375"
"14878","32.85223388671875","32.85223388671875","32.85223388671875"
"14880","34.29412841796875","34.29412841796875","34.29412841796875"
"14883","35.6824951171875","35.6824951171875","35.6824951171875"
"14884","64.3568115234375","64.3568115234375","64.3568115234375"
"14886","38.93266296386719","38.93266296386719","38.93266296386719"
"14888","54.38788604736328","54.38788604736328","54.38788604736328"
"14891","36.6004753112793","36.6004753112793","36.6004753112793"
"14893","30.09038543701172","30.09038543701172","30.09038543701172"
"14894","35.12358856201172","35.12358856201172","35.12358856201172"
"14895","36.175048828125","36.175048828125","36.175048828125"
"14897","36.66624069213867","36.66624069213867","36.66624069213867"
"14898","33.15937805175781","33.15937805175781","33.15937805175781"
"14899","40.56732940673828","40.56732940673828","40.56732940673828"
"14902","46.70878601074219","46.70878601074219","46.70878601074219"
"14903","45.083160400390625","45.083160400390625","45.083160400390625"
"14904","65.71961975097656","65.71961975097656","65.71961975097656"
"14905","31.92022705078125","31.92022705078125","31.92022705078125"
"14906","37.17722702026367","37.17722702026367","37.17722702026367"
"14907","44.3538703918457","44.3538703918457","44.3538703918457"
"14908","35.42008972167969","35.42008972167969","35.42008972167969"
"14909","38.59506607055664","38.59506607055664","38.59506607055664"
"14911","37.82633590698242","37.82633590698242","37.82633590698242"
"14914","35.167022705078125","35.167022705078125","35.167022705078125"
"14916","31.531930923461914","31.531930923461914","31.531930923461914"
"14918","32.35447692871094","32.35447692871094","32.35447692871094"
"14921","40.888160705566406","40.888160705566406","40.888160705566406"
"14924","38.208133697509766","38.208133697509766","38.208133697509766"
"14928","38.948036193847656","38.948036193847656","38.948036193847656"
"14931","43.94343185424805","43.94343185424805","43.94343185424805"
"14932","43.149986267089844","43.149986267089844","43.149986267089844"
"14934","36.80615997314453","36.80615997314453","36.80615997314453"
"14937","31.144855499267578","31.144855499267578","31.144855499267578"
"14939","38.64707565307617","38.64707565307617","38.64707565307617"
"14941","33.93017578125","33.93017578125","33.93017578125"
"14944","53.88304901123047","53.88304901123047","53.88304901123047"
"14948","40.36347579956055","40.36347579956055","40.36347579956055"
"14953","33.630645751953125","33.630645751953125","33.630645751953125"
"14954","37.591880798339844","37.591880798339844","37.591880798339844"
"14955","40.36103057861328","40.36103057861328","40.36103057861328"
"14956","34.21607208251953","34.21607208251953","34.21607208251953"
"14958","45.97089385986328","45.97089385986328","45.97089385986328"
"14959","37.951515197753906","37.951515197753906","37.951515197753906"
"14962","43.098228454589844","43.098228454589844","43.098228454589844"
"14967","34.285316467285156","34.285316467285156","34.285316467285156"
"14973","41.4000244140625","41.4000244140625","41.4000244140625"
"14975","41.401283264160156","41.401283264160156","41.401283264160156"
"14977","38.39876937866211","38.39876937866211","38.39876937866211"
"14980","34.0687255859375","34.0687255859375","34.0687255859375"
"14982","37.64990997314453","37.64990997314453","37.64990997314453"
"14983","39.9410514831543","39.9410514831543","39.9410514831543"
"14984","34.725440979003906","34.725440979003906","34.725440979003906"
"14985","34.12290573120117","34.12290573120117","34.12290573120117"
"14986","36.048892974853516","36.048892974853516","36.048892974853516"
"14988","40.383506774902344","40.383506774902344","40.383506774902344"
"14990","351.2200622558594","351.2200622558594","351.2200622558594"
"14991","44.07682418823242","44.07682418823242","44.07682418823242"
"14995","37.830474853515625","37.830474853515625","37.830474853515625"
"15002","36.526275634765625","36.526275634765625","36.526275634765625"
"15003","30.108579635620117","30.108579635620117","30.108579635620117"
"15004","40.272987365722656","40.272987365722656","40.272987365722656"
"15006","39.49147033691406","39.49147033691406","39.49147033691406"
"15007","35.02330017089844","35.02330017089844","35.02330017089844"
"15011","32.92536926269531","32.92536926269531","32.92536926269531"
"15013","45.561767578125","45.561767578125","45.561767578125"
"15015","35.55369186401367","35.55369186401367","35.55369186401367"
"15016","33.703956604003906","33.703956604003906","33.703956604003906"
"15019","41.935935974121094","41.935935974121094","41.935935974121094"
"15020","37.745704650878906","37.745704650878906","37.745704650878906"
"15026","37.244197845458984","37.244197845458984","37.244197845458984"
"15027","35.30127716064453","35.30127716064453","35.30127716064453"
"15028","40.12617492675781","40.12617492675781","40.12617492675781"
"15029","45.351318359375","45.351318359375","45.351318359375"
"15030","1162.988525390625","1162.988525390625","1162.988525390625"
"15032","37.7276611328125","37.7276611328125","37.7276611328125"
"15033","39.85679626464844","39.85679626464844","39.85679626464844"
"15036","42.148555755615234","42.148555755615234","42.148555755615234"
"15040","41.13536071777344","41.13536071777344","41.13536071777344"
"15041","40.85077667236328","40.85077667236328","40.85077667236328"
"15042","31.515771865844727","31.515771865844727","31.515771865844727"
"15043","38.73277282714844","38.73277282714844","38.73277282714844"
"15047","43.50700759887695","43.50700759887695","43.50700759887695"
"15050","40.929473876953125","40.929473876953125","40.929473876953125"
"15054","39.90851593017578","39.90851593017578","39.90851593017578"
"15055","32.97482681274414","32.97482681274414","32.97482681274414"
"15059","35.925968170166016","35.925968170166016","35.925968170166016"
"15063","33.159820556640625","33.159820556640625","33.159820556640625"
"15064","33.94535446166992","33.94535446166992","33.94535446166992"
"15065","30.67337989807129","30.67337989807129","30.67337989807129"
"15070","37.691810607910156","37.691810607910156","37.691810607910156"
"15076","33.19549560546875","33.19549560546875","33.19549560546875"
"15077","44.54138946533203","44.54138946533203","44.54138946533203"
"15083","42.98184585571289","42.98184585571289","42.98184585571289"
"15085","38.66452407836914","38.66452407836914","38.66452407836914"
"15087","26.85239028930664","26.85239028930664","26.85239028930664"
"15088","34.118324279785156","34.118324279785156","34.118324279785156"
"15090","211.0734405517578","211.0734405517578","211.0734405517578"
"15091","31.268463134765625","31.268463134765625","31.268463134765625"
"15096","38.322471618652344","38.322471618652344","38.322471618652344"
"15098","36.90110778808594","36.90110778808594","36.90110778808594"
"15099","33.58972930908203","33.58972930908203","33.58972930908203"
"15100","38.14335632324219","38.14335632324219","38.14335632324219"
"15107","35.363189697265625","35.363189697265625","35.363189697265625"
"15109","37.423255920410156","37.423255920410156","37.423255920410156"
"15110","41.92381286621094","41.92381286621094","41.92381286621094"
"15113","38.607757568359375","38.607757568359375","38.607757568359375"
"15117","37.15373229980469","37.15373229980469","37.15373229980469"
"15119","54.629371643066406","54.629371643066406","54.629371643066406"
"15122","36.864383697509766","36.864383697509766","36.864383697509766"
"15123","41.95823669433594","41.95823669433594","41.95823669433594"
"15129","40.62443542480469","40.62443542480469","40.62443542480469"
"15131","46.75627899169922","46.75627899169922","46.75627899169922"
"15136","36.772743225097656","36.772743225097656","36.772743225097656"
"15137","40.95029067993164","40.95029067993164","40.95029067993164"
"15139","39.406368255615234","39.406368255615234","39.406368255615234"
"15141","38.866275787353516","38.866275787353516","38.866275787353516"
"15145","32.618202209472656","32.618202209472656","32.618202209472656"
"15146","39.65925216674805","39.65925216674805","39.65925216674805"
"15148","34.26599884033203","34.26599884033203","34.26599884033203"
"15149","39.109588623046875","39.109588623046875","39.109588623046875"
"15150","34.307579040527344","34.307579040527344","34.307579040527344"
"15151","38.81769561767578","38.81769561767578","38.81769561767578"
"15153","38.6806755065918","38.6806755065918","38.6806755065918"
"15154","32.756736755371094","32.756736755371094","32.756736755371094"
"15156","35.16831970214844","35.16831970214844","35.16831970214844"
"15157","39.52871322631836","39.52871322631836","39.52871322631836"
"15158","42.82645797729492","42.82645797729492","42.82645797729492"
"15161","38.947452545166016","38.947452545166016","38.947452545166016"
"15164","38.665103912353516","38.665103912353516","38.665103912353516"
"15165","31.151103973388672","31.151103973388672","31.151103973388672"
"15168","42.502830505371094","42.502830505371094","42.502830505371094"
"15172","33.82176971435547","33.82176971435547","33.82176971435547"
"15174","34.311851501464844","34.311851501464844","34.311851501464844"
"15176","40.119956970214844","40.119956970214844","40.119956970214844"
"15178","33.17786407470703","33.17786407470703","33.17786407470703"
"15181","33.47273635864258","33.47273635864258","33.47273635864258"
"15182","37.873260498046875","37.873260498046875","37.873260498046875"
"15183","37.749183654785156","37.749183654785156","37.749183654785156"
"15185","35.46211242675781","35.46211242675781","35.46211242675781"
"15186","50.12554168701172","50.12554168701172","50.12554168701172"
"15189","30.08730697631836","30.08730697631836","30.08730697631836"
"15191","38.064109802246094","38.064109802246094","38.064109802246094"
"15194","37.650146484375","37.650146484375","37.650146484375"
"15197","32.29638671875","32.29638671875","32.29638671875"
"15198","39.98359680175781","39.98359680175781","39.98359680175781"
"15205","33.34237289428711","33.34237289428711","33.34237289428711"
"15206","36.55927276611328","36.55927276611328","36.55927276611328"
"15207","40.23413848876953","40.23413848876953","40.23413848876953"
"15208","38.822792053222656","38.822792053222656","38.822792053222656"
"15209","45.25987243652344","45.25987243652344","45.25987243652344"
"15218","36.360958099365234","36.360958099365234","36.360958099365234"
"15222","41.13248825073242","41.13248825073242","41.13248825073242"
"15225","43.42234802246094","43.42234802246094","43.42234802246094"
"15226","50.21647262573242","50.21647262573242","50.21647262573242"
"15227","38.222408294677734","38.222408294677734","38.222408294677734"
"15229","54.21889877319336","54.21889877319336","54.21889877319336"
"15232","30.331754684448242","30.331754684448242","30.331754684448242"
"15233","36.62805938720703","36.62805938720703","36.62805938720703"
"15234","35.82676315307617","35.82676315307617","35.82676315307617"
"15235","33.97102737426758","33.97102737426758","33.97102737426758"
"15238","34.6863899230957","34.6863899230957","34.6863899230957"
"15239","43.70893859863281","43.70893859863281","43.70893859863281"
"15240","33.29313659667969","33.29313659667969","33.29313659667969"
"15242","32.899810791015625","32.899810791015625","32.899810791015625"
"15244","42.5733528137207","42.5733528137207","42.5733528137207"
"15248","41.877159118652344","41.877159118652344","41.877159118652344"
"15252","40.996768951416016","40.996768951416016","40.996768951416016"
"15260","1337.1259765625","1337.1259765625","1337.1259765625"
"15267","37.89040756225586","37.89040756225586","37.89040756225586"
"15282","36.00703811645508","36.00703811645508","36.00703811645508"
"15284","38.99323272705078","38.99323272705078","38.99323272705078"
"15285","41.68547821044922","41.68547821044922","41.68547821044922"
"15289","40.293949127197266","40.293949127197266","40.293949127197266"
"15293","37.08551025390625","37.08551025390625","37.08551025390625"
"15295","32.16347122192383","32.16347122192383","32.16347122192383"
"15296","34.38850784301758","34.38850784301758","34.38850784301758"
"15297","34.024620056152344","34.024620056152344","34.024620056152344"
"15302","44.51658630371094","44.51658630371094","44.51658630371094"
"15303","38.082237243652344","38.082237243652344","38.082237243652344"
"15306","34.01960754394531","34.01960754394531","34.01960754394531"
"15307","33.32440948486328","33.32440948486328","33.32440948486328"
"15309","38.78313446044922","38.78313446044922","38.78313446044922"
"15310","34.702301025390625","34.702301025390625","34.702301025390625"
"15313","40.85936737060547","40.85936737060547","40.85936737060547"
"15315","37.74235534667969","37.74235534667969","37.74235534667969"
"15317","34.9303092956543","34.9303092956543","34.9303092956543"
"15319","39.47760009765625","39.47760009765625","39.47760009765625"
"15322","44.57733154296875","44.57733154296875","44.57733154296875"
"15323","36.64892578125","36.64892578125","36.64892578125"
"15325","41.81737518310547","41.81737518310547","41.81737518310547"
"15326","38.92313766479492","38.92313766479492","38.92313766479492"
"15327","37.07672882080078","37.07672882080078","37.07672882080078"
"15329","36.3780517578125","36.3780517578125","36.3780517578125"
"15332","40.28129196166992","40.28129196166992","40.28129196166992"
"15335","38.36642074584961","38.36642074584961","38.36642074584961"
"15338","33.64547348022461","33.64547348022461","33.64547348022461"
"15341","45.11294937133789","45.11294937133789","45.11294937133789"
"15342","39.8137321472168","39.8137321472168","39.8137321472168"
"15346","41.302276611328125","41.302276611328125","41.302276611328125"
"15349","37.96670913696289","37.96670913696289","37.96670913696289"
"15350","40.15647888183594","40.15647888183594","40.15647888183594"
"15353","41.85060119628906","41.85060119628906","41.85060119628906"
"15354","32.337467193603516","32.337467193603516","32.337467193603516"
"15362","38.486576080322266","38.486576080322266","38.486576080322266"
"15365","45.19222640991211","45.19222640991211","45.19222640991211"
"15366","42.94677734375","42.94677734375","42.94677734375"
"15369","35.706424713134766","35.706424713134766","35.706424713134766"
"15373","40.8082275390625","40.8082275390625","40.8082275390625"
"15375","34.9866943359375","34.9866943359375","34.9866943359375"
"15377","50.511016845703125","50.511016845703125","50.511016845703125"
"15381","37.34110641479492","37.34110641479492","37.34110641479492"
"15383","38.37031173706055","38.37031173706055","38.37031173706055"
"15384","35.47890090942383","35.47890090942383","35.47890090942383"
"15385","41.57255554199219","41.57255554199219","41.57255554199219"
"15386","40.83339309692383","40.83339309692383","40.83339309692383"
"15389","128.65687561035156","128.65687561035156","128.65687561035156"
"15392","47.354270935058594","47.354270935058594","47.354270935058594"
"15400","40.35371398925781","40.35371398925781","40.35371398925781"
"15401","34.789283752441406","34.789283752441406","34.789283752441406"
"15404","41.533668518066406","41.533668518066406","41.533668518066406"
"15406","41.63863754272461","41.63863754272461","41.63863754272461"
"15407","33.91944122314453","33.91944122314453","33.91944122314453"
"15409","36.71091079711914","36.71091079711914","36.71091079711914"
"15410","39.09632873535156","39.09632873535156","39.09632873535156"
"15416","49.36907958984375","49.36907958984375","49.36907958984375"
"15417","29.270740509033203","29.270740509033203","29.270740509033203"
"15421","41.401390075683594","41.401390075683594","41.401390075683594"
"15422","33.15443420410156","33.15443420410156","33.15443420410156"
"15423","40.409305572509766","40.409305572509766","40.409305572509766"
"15428","36.30854797363281","36.30854797363281","36.30854797363281"
"15430","33.7356071472168","33.7356071472168","33.7356071472168"
"15431","38.29255676269531","38.29255676269531","38.29255676269531"
"15433","38.269386291503906","38.269386291503906","38.269386291503906"
"15434","33.69658660888672","33.69658660888672","33.69658660888672"
"15438","53.89175796508789","53.89175796508789","53.89175796508789"
"15440","35.70900344848633","35.70900344848633","35.70900344848633"
"15441","33.729278564453125","33.729278564453125","33.729278564453125"
"15443","41.48223876953125","41.48223876953125","41.48223876953125"
"15444","33.251461029052734","33.251461029052734","33.251461029052734"
"15445","33.205196380615234","33.205196380615234","33.205196380615234"
"15446","38.10301971435547","38.10301971435547","38.10301971435547"
"15448","37.25838088989258","37.25838088989258","37.25838088989258"
"15450","34.67209243774414","34.67209243774414","34.67209243774414"
"15454","42.60316848754883","42.60316848754883","42.60316848754883"
"15455","39.91843795776367","39.91843795776367","39.91843795776367"
"15458","34.31972122192383","34.31972122192383","34.31972122192383"
"15459","33.87921905517578","33.87921905517578","33.87921905517578"
"15460","43.10680389404297","43.10680389404297","43.10680389404297"
"15462","33.844871520996094","33.844871520996094","33.844871520996094"
"15464","40.22893524169922","40.22893524169922","40.22893524169922"
"15467","33.319454193115234","33.319454193115234","33.319454193115234"
"15468","35.68357849121094","35.68357849121094","35.68357849121094"
"15469","34.513729095458984","34.513729095458984","34.513729095458984"
"15471","35.931304931640625","35.931304931640625","35.931304931640625"
"15472","40.603763580322266","40.603763580322266","40.603763580322266"
"15474","32.080509185791016","32.080509185791016","32.080509185791016"
"15475","35.98914337158203","35.98914337158203","35.98914337158203"
"15476","32.18813705444336","32.18813705444336","32.18813705444336"
"15478","48.28477478027344","48.28477478027344","48.28477478027344"
"15481","37.172203063964844","37.172203063964844","37.172203063964844"
"15486","32.820369720458984","32.820369720458984","32.820369720458984"
"15487","40.9140510559082","40.9140510559082","40.9140510559082"
"15490","32.115787506103516","32.115787506103516","32.115787506103516"
"15491","38.147457122802734","38.147457122802734","38.147457122802734"
"15497","38.27724075317383","38.27724075317383","38.27724075317383"
"15502","35.72542190551758","35.72542190551758","35.72542190551758"
"15504","33.40287399291992","33.40287399291992","33.40287399291992"
"15506","46.014652252197266","46.014652252197266","46.014652252197266"
"15508","37.26518630981445","37.26518630981445","37.26518630981445"
"15510","34.618961334228516","34.618961334228516","34.618961334228516"
"15512","55.130035400390625","55.130035400390625","55.130035400390625"
"15516","38.10662841796875","38.10662841796875","38.10662841796875"
"15520","36.810546875","36.810546875","36.810546875"
"15521","38.99155044555664","38.99155044555664","38.99155044555664"
"15523","56.01859664916992","56.01859664916992","56.01859664916992"
"15525","33.53872299194336","33.53872299194336","33.53872299194336"
"15527","34.15184783935547","34.15184783935547","34.15184783935547"
"15530","37.1351318359375","37.1351318359375","37.1351318359375"
"15535","34.62044143676758","34.62044143676758","34.62044143676758"
"15536","37.389869689941406","37.389869689941406","37.389869689941406"
"15545","40.936466217041016","40.936466217041016","40.936466217041016"
"15546","34.37569808959961","34.37569808959961","34.37569808959961"
"15547","38.3485221862793","38.3485221862793","38.3485221862793"
"15549","30.239547729492188","30.239547729492188","30.239547729492188"
"15550","45.33340835571289","45.33340835571289","45.33340835571289"
"15551","41.41122817993164","41.41122817993164","41.41122817993164"
"15552","34.70930480957031","34.70930480957031","34.70930480957031"
"15558","32.849159240722656","32.849159240722656","32.849159240722656"
"15559","37.20550537109375","37.20550537109375","37.20550537109375"
"15563","39.74879455566406","39.74879455566406","39.74879455566406"
"15564","38.34987258911133","38.34987258911133","38.34987258911133"
"15566","43.00494384765625","43.00494384765625","43.00494384765625"
"15567","38.84245300292969","38.84245300292969","38.84245300292969"
"15570","37.03318405151367","37.03318405151367","37.03318405151367"
"15571","45.297176361083984","45.297176361083984","45.297176361083984"
"15573","29.683265686035156","29.683265686035156","29.683265686035156"
"15576","37.7267951965332","37.7267951965332","37.7267951965332"
"15577","31.228565216064453","31.228565216064453","31.228565216064453"
"15581","33.855445861816406","33.855445861816406","33.855445861816406"
"15582","36.72804260253906","36.72804260253906","36.72804260253906"
"15583","34.10276794433594","34.10276794433594","34.10276794433594"
"15585","36.27284622192383","36.27284622192383","36.27284622192383"
"15586","36.935142517089844","36.935142517089844","36.935142517089844"
"15593","30.93792724609375","30.93792724609375","30.93792724609375"
"15594","41.539791107177734","41.539791107177734","41.539791107177734"
"15596","48.75046920776367","48.75046920776367","48.75046920776367"
"15597","35.87221145629883","35.87221145629883","35.87221145629883"
"15599","42.070823669433594","42.070823669433594","42.070823669433594"
"15604","46.67820739746094","46.67820739746094","46.67820739746094"
"15605","38.16319274902344","38.16319274902344","38.16319274902344"
"15606","39.6003532409668","39.6003532409668","39.6003532409668"
"15612","34.666847229003906","34.666847229003906","34.666847229003906"
"15615","31.609760284423828","31.609760284423828","31.609760284423828"
"15619","43.87015914916992","43.87015914916992","43.87015914916992"
"15620","46.35845184326172","46.35845184326172","46.35845184326172"
"15628","86.40095520019531","86.40095520019531","86.40095520019531"
"15630","35.709896087646484","35.709896087646484","35.709896087646484"
"15636","71.04179382324219","71.04179382324219","71.04179382324219"
"15638","43.21384811401367","43.21384811401367","43.21384811401367"
"15640","38.62591552734375","38.62591552734375","38.62591552734375"
"15642","37.29109191894531","37.29109191894531","37.29109191894531"
"15643","45.07707977294922","45.07707977294922","45.07707977294922"
"15644","47.445343017578125","47.445343017578125","47.445343017578125"
"15645","44.594688415527344","44.594688415527344","44.594688415527344"
"15646","33.80718994140625","33.80718994140625","33.80718994140625"
"15653","40.0118293762207","40.0118293762207","40.0118293762207"
"15655","32.12871170043945","32.12871170043945","32.12871170043945"
"15656","43.70506286621094","43.70506286621094","43.70506286621094"
"15657","37.60696029663086","37.60696029663086","37.60696029663086"
"15660","32.32734680175781","32.32734680175781","32.32734680175781"
"15661","40.71485137939453","40.71485137939453","40.71485137939453"
"15662","34.80419921875","34.80419921875","34.80419921875"
"15663","33.6737060546875","33.6737060546875","33.6737060546875"
"15664","35.794334411621094","35.794334411621094","35.794334411621094"
"15665","31.508041381835938","31.508041381835938","31.508041381835938"
"15666","42.4356689453125","42.4356689453125","42.4356689453125"
"15667","32.4813117980957","32.4813117980957","32.4813117980957"
"15671","37.63676452636719","37.63676452636719","37.63676452636719"
"15673","50.575233459472656","50.575233459472656","50.575233459472656"
"15676","29.795087814331055","29.795087814331055","29.795087814331055"
"15680","35.17897415161133","35.17897415161133","35.17897415161133"
"15681","40.615745544433594","40.615745544433594","40.615745544433594"
"15683","37.22466278076172","37.22466278076172","37.22466278076172"
"15684","33.196441650390625","33.196441650390625","33.196441650390625"
"15686","40.02093505859375","40.02093505859375","40.02093505859375"
"15687","37.670188903808594","37.670188903808594","37.670188903808594"
"15689","41.79155731201172","41.79155731201172","41.79155731201172"
"15691","41.831050872802734","41.831050872802734","41.831050872802734"
"15692","31.24996566772461","31.24996566772461","31.24996566772461"
"15695","33.793888092041016","33.793888092041016","33.793888092041016"
"15697","44.122772216796875","44.122772216796875","44.122772216796875"
"15699","39.886627197265625","39.886627197265625","39.886627197265625"
"15700","36.675254821777344","36.675254821777344","36.675254821777344"
"15701","31.291858673095703","31.291858673095703","31.291858673095703"
"15703","36.006805419921875","36.006805419921875","36.006805419921875"
"15706","35.091468811035156","35.091468811035156","35.091468811035156"
"15707","39.256465911865234","39.256465911865234","39.256465911865234"
"15710","43.542724609375","43.542724609375","43.542724609375"
"15711","34.69247055053711","34.69247055053711","34.69247055053711"
"15712","32.896568298339844","32.896568298339844","32.896568298339844"
"15713","32.5103874206543","32.5103874206543","32.5103874206543"
"15714","36.962371826171875","36.962371826171875","36.962371826171875"
"15715","53.745697021484375","53.745697021484375","53.745697021484375"
"15716","63.45887756347656","63.45887756347656","63.45887756347656"
"15720","38.964847564697266","38.964847564697266","38.964847564697266"
"15726","38.8841667175293","38.8841667175293","38.8841667175293"
"15727","38.15602111816406","38.15602111816406","38.15602111816406"
"15732","36.12644958496094","36.12644958496094","36.12644958496094"
"15735","232.79258728027344","232.79258728027344","232.79258728027344"
"15737","34.43001174926758","34.43001174926758","34.43001174926758"
"15740","40.71696090698242","40.71696090698242","40.71696090698242"
"15741","44.005252838134766","44.005252838134766","44.005252838134766"
"15742","37.95352554321289","37.95352554321289","37.95352554321289"
"15743","34.295536041259766","34.295536041259766","34.295536041259766"
"15745","39.708091735839844","39.708091735839844","39.708091735839844"
"15746","39.00185775756836","39.00185775756836","39.00185775756836"
"15747","36.709136962890625","36.709136962890625","36.709136962890625"
"15748","30.634780883789062","30.634780883789062","30.634780883789062"
"15749","33.60873031616211","33.60873031616211","33.60873031616211"
"15750","33.251564025878906","33.251564025878906","33.251564025878906"
"15756","40.56476974487305","40.56476974487305","40.56476974487305"
"15759","31.35641098022461","31.35641098022461","31.35641098022461"
"15760","37.44432830810547","37.44432830810547","37.44432830810547"
"15761","36.95775604248047","36.95775604248047","36.95775604248047"
"15762","35.763607025146484","35.763607025146484","35.763607025146484"
"15763","55.53984069824219","55.53984069824219","55.53984069824219"
"15764","33.9338264465332","33.9338264465332","33.9338264465332"
"15765","32.80168914794922","32.80168914794922","32.80168914794922"
"15773","33.07615661621094","33.07615661621094","33.07615661621094"
"15776","39.02185821533203","39.02185821533203","39.02185821533203"
"15779","35.10162353515625","35.10162353515625","35.10162353515625"
"15782","164.75424194335938","164.75424194335938","164.75424194335938"
"15784","35.2398567199707","35.2398567199707","35.2398567199707"
"15787","34.8557243347168","34.8557243347168","34.8557243347168"
"15788","39.14181900024414","39.14181900024414","39.14181900024414"
"15795","36.33806610107422","36.33806610107422","36.33806610107422"
"15796","31.091373443603516","31.091373443603516","31.091373443603516"
"15797","37.514137268066406","37.514137268066406","37.514137268066406"
"15798","33.95292663574219","33.95292663574219","33.95292663574219"
"15799","72.20230102539062","72.20230102539062","72.20230102539062"
"15800","37.463287353515625","37.463287353515625","37.463287353515625"
"15802","43.69780349731445","43.69780349731445","43.69780349731445"
"15803","41.26730728149414","41.26730728149414","41.26730728149414"
"15804","39.987361907958984","39.987361907958984","39.987361907958984"
"15805","31.684663772583008","31.684663772583008","31.684663772583008"
"15806","27.997665405273438","27.997665405273438","27.997665405273438"
"15807","35.44032287597656","35.44032287597656","35.44032287597656"
"15810","81.70026397705078","81.70026397705078","81.70026397705078"
"15815","32.24409103393555","32.24409103393555","32.24409103393555"
"15816","40.77289581298828","40.77289581298828","40.77289581298828"
"15818","42.38145446777344","42.38145446777344","42.38145446777344"
"15819","33.89022445678711","33.89022445678711","33.89022445678711"
"15821","61.97063064575195","61.97063064575195","61.97063064575195"
"15826","36.38201141357422","36.38201141357422","36.38201141357422"
"15828","30.55125617980957","30.55125617980957","30.55125617980957"
"15830","33.779117584228516","33.779117584228516","33.779117584228516"
"15831","37.130672454833984","37.130672454833984","37.130672454833984"
"15832","40.16127395629883","40.16127395629883","40.16127395629883"
"15834","38.35613250732422","38.35613250732422","38.35613250732422"
"15835","32.642086029052734","32.642086029052734","32.642086029052734"
"15836","36.707115173339844","36.707115173339844","36.707115173339844"
"15837","40.31376266479492","40.31376266479492","40.31376266479492"
"15838","46.12093734741211","46.12093734741211","46.12093734741211"
"15839","35.39717483520508","35.39717483520508","35.39717483520508"
"15842","32.031639099121094","32.031639099121094","32.031639099121094"
"15844","39.50017547607422","39.50017547607422","39.50017547607422"
"15845","32.934417724609375","32.934417724609375","32.934417724609375"
"15846","38.344146728515625","38.344146728515625","38.344146728515625"
"15848","34.672508239746094","34.672508239746094","34.672508239746094"
"15849","36.7159423828125","36.7159423828125","36.7159423828125"
"15852","30.529163360595703","30.529163360595703","30.529163360595703"
"15853","37.4140739440918","37.4140739440918","37.4140739440918"
"15854","33.62438201904297","33.62438201904297","33.62438201904297"
"15856","42.21358871459961","42.21358871459961","42.21358871459961"
"15860","37.4274787902832","37.4274787902832","37.4274787902832"
"15862","40.4831657409668","40.4831657409668","40.4831657409668"
"15863","38.1120491027832","38.1120491027832","38.1120491027832"
"15865","35.88479232788086","35.88479232788086","35.88479232788086"
"15867","35.84961700439453","35.84961700439453","35.84961700439453"
"15869","58.44151306152344","58.44151306152344","58.44151306152344"
"15875","33.42768478393555","33.42768478393555","33.42768478393555"
"15877","30.218158721923828","30.218158721923828","30.218158721923828"
"15878","33.91796875","33.91796875","33.91796875"
"15879","45.414180755615234","45.414180755615234","45.414180755615234"
"15882","33.894439697265625","33.894439697265625","33.894439697265625"
"15888","34.34010696411133","34.34010696411133","34.34010696411133"
"15889","37.978271484375","37.978271484375","37.978271484375"
"15890","34.351806640625","34.351806640625","34.351806640625"
"15897","37.01926803588867","37.01926803588867","37.01926803588867"
"15898","43.44847106933594","43.44847106933594","43.44847106933594"
"15899","38.68370056152344","38.68370056152344","38.68370056152344"
"15900","48.557159423828125","48.557159423828125","48.557159423828125"
"15902","36.51679611206055","36.51679611206055","36.51679611206055"
"15903","44.59161376953125","44.59161376953125","44.59161376953125"
"15904","36.01294708251953","36.01294708251953","36.01294708251953"
"15906","35.305641174316406","35.305641174316406","35.305641174316406"
"15911","35.28422927856445","35.28422927856445","35.28422927856445"
"15912","34.00206756591797","34.00206756591797","34.00206756591797"
"15916","34.80120849609375","34.80120849609375","34.80120849609375"
"15918","42.077598571777344","42.077598571777344","42.077598571777344"
"15920","41.18899917602539","41.18899917602539","41.18899917602539"
"15921","35.075096130371094","35.075096130371094","35.075096130371094"
"15922","35.14193344116211","35.14193344116211","35.14193344116211"
"15923","32.298248291015625","32.298248291015625","32.298248291015625"
"15925","40.308570861816406","40.308570861816406","40.308570861816406"
"15926","38.01764678955078","38.01764678955078","38.01764678955078"
"15927","31.499265670776367","31.499265670776367","31.499265670776367"
"15928","38.95730209350586","38.95730209350586","38.95730209350586"
"15929","50.38753890991211","50.38753890991211","50.38753890991211"
"15931","40.985450744628906","40.985450744628906","40.985450744628906"
"15932","46.41654968261719","46.41654968261719","46.41654968261719"
"15937","37.616065979003906","37.616065979003906","37.616065979003906"
"15938","34.298255920410156","34.298255920410156","34.298255920410156"
"15939","111.0447998046875","111.0447998046875","111.0447998046875"
"15941","36.83102798461914","36.83102798461914","36.83102798461914"
"15944","45.82303237915039","45.82303237915039","45.82303237915039"
"15952","37.83403396606445","37.83403396606445","37.83403396606445"
"15954","49.211761474609375","49.211761474609375","49.211761474609375"
"15955","38.16010284423828","38.16010284423828","38.16010284423828"
"15956","40.7786865234375","40.7786865234375","40.7786865234375"
"15958","34.705299377441406","34.705299377441406","34.705299377441406"
"15960","38.56173324584961","38.56173324584961","38.56173324584961"
"15964","30.001291275024414","30.001291275024414","30.001291275024414"
"15965","34.57399368286133","34.57399368286133","34.57399368286133"
"15967","57.38143539428711","57.38143539428711","57.38143539428711"
"15968","33.784420013427734","33.784420013427734","33.784420013427734"
"15969","38.27171325683594","38.27171325683594","38.27171325683594"
"15970","36.99756622314453","36.99756622314453","36.99756622314453"
"15975","46.52240753173828","46.52240753173828","46.52240753173828"
"15980","37.1065559387207","37.1065559387207","37.1065559387207"
"15986","36.194671630859375","36.194671630859375","36.194671630859375"
"15988","41.14993667602539","41.14993667602539","41.14993667602539"
"15991","35.28235626220703","35.28235626220703","35.28235626220703"
"15996","31.575756072998047","31.575756072998047","31.575756072998047"
"15999","34.41691207885742","34.41691207885742","34.41691207885742"
"16000","306.27313232421875","306.27313232421875","306.27313232421875"
"16005","37.56913757324219","37.56913757324219","37.56913757324219"
"16007","36.76714324951172","36.76714324951172","36.76714324951172"
"16008","35.35702896118164","35.35702896118164","35.35702896118164"
"16009","40.833866119384766","40.833866119384766","40.833866119384766"
"16011","36.46526336669922","36.46526336669922","36.46526336669922"
"16012","37.271854400634766","37.271854400634766","37.271854400634766"
"16015","37.05278015136719","37.05278015136719","37.05278015136719"
"16016","34.74503707885742","34.74503707885742","34.74503707885742"
"16018","35.09832763671875","35.09832763671875","35.09832763671875"
"16019","37.87096405029297","37.87096405029297","37.87096405029297"
"16022","40.80540466308594","40.80540466308594","40.80540466308594"
"16024","41.74126434326172","41.74126434326172","41.74126434326172"
"16029","1877.316650390625","1877.316650390625","1877.316650390625"
"16031","33.147159576416016","33.147159576416016","33.147159576416016"
"16035","45.011409759521484","45.011409759521484","45.011409759521484"
"16039","33.81304931640625","33.81304931640625","33.81304931640625"
"16043","39.342315673828125","39.342315673828125","39.342315673828125"
"16047","45.64207458496094","45.64207458496094","45.64207458496094"
"16050","33.3974723815918","33.3974723815918","33.3974723815918"
"16051","30.417240142822266","30.417240142822266","30.417240142822266"
"16052","32.12310028076172","32.12310028076172","32.12310028076172"
"16053","44.699153900146484","44.699153900146484","44.699153900146484"
"16055","41.46592712402344","41.46592712402344","41.46592712402344"
"16057","31.93500518798828","31.93500518798828","31.93500518798828"
"16058","47.04362869262695","47.04362869262695","47.04362869262695"
"16059","36.98976516723633","36.98976516723633","36.98976516723633"
"16063","33.92922592163086","33.92922592163086","33.92922592163086"
"16067","33.80632019042969","33.80632019042969","33.80632019042969"
"16068","36.06684112548828","36.06684112548828","36.06684112548828"
"16069","38.600120544433594","38.600120544433594","38.600120544433594"
"16070","40.82072830200195","40.82072830200195","40.82072830200195"
"16073","35.95050811767578","35.95050811767578","35.95050811767578"
"16075","32.00849533081055","32.00849533081055","32.00849533081055"
"16077","40.233367919921875","40.233367919921875","40.233367919921875"
"16078","40.25898361206055","40.25898361206055","40.25898361206055"
"16080","34.00749969482422","34.00749969482422","34.00749969482422"
"16081","42.340328216552734","42.340328216552734","42.340328216552734"
"16083","41.683692932128906","41.683692932128906","41.683692932128906"
"16086","35.81663513183594","35.81663513183594","35.81663513183594"
"16087","31.258533477783203","31.258533477783203","31.258533477783203"
"16088","38.84381103515625","38.84381103515625","38.84381103515625"
"16091","31.528799057006836","31.528799057006836","31.528799057006836"
"16092","35.456825256347656","35.456825256347656","35.456825256347656"
"16095","41.36271286010742","41.36271286010742","41.36271286010742"
"16098","45.375244140625","45.375244140625","45.375244140625"
"16100","44.25914764404297","44.25914764404297","44.25914764404297"
"16101","38.61616516113281","38.61616516113281","38.61616516113281"
"16103","43.57221221923828","43.57221221923828","43.57221221923828"
"16109","37.659263610839844","37.659263610839844","37.659263610839844"
"16117","36.53561782836914","36.53561782836914","36.53561782836914"
"16119","35.81047058105469","35.81047058105469","35.81047058105469"
"16128","40.50120544433594","40.50120544433594","40.50120544433594"
"16135","36.73323059082031","36.73323059082031","36.73323059082031"
"16136","34.76152420043945","34.76152420043945","34.76152420043945"
"16137","38.53043746948242","38.53043746948242","38.53043746948242"
"16142","37.787750244140625","37.787750244140625","37.787750244140625"
"16143","36.567474365234375","36.567474365234375","36.567474365234375"
"16145","45.4621696472168","45.4621696472168","45.4621696472168"
"16147","38.77690124511719","38.77690124511719","38.77690124511719"
"16148","30.044832229614258","30.044832229614258","30.044832229614258"
"16149","34.56361770629883","34.56361770629883","34.56361770629883"
"16154","42.32627487182617","42.32627487182617","42.32627487182617"
"16155","52.84211349487305","52.84211349487305","52.84211349487305"
"16157","42.62213134765625","42.62213134765625","42.62213134765625"
"16158","35.450843811035156","35.450843811035156","35.450843811035156"
"16159","31.564434051513672","31.564434051513672","31.564434051513672"
"16161","34.25933074951172","34.25933074951172","34.25933074951172"
"16162","37.67414855957031","37.67414855957031","37.67414855957031"
"16163","47.48805236816406","47.48805236816406","47.48805236816406"
"16164","31.17426300048828","31.17426300048828","31.17426300048828"
"16169","36.81549835205078","36.81549835205078","36.81549835205078"
"16174","48.17437744140625","48.17437744140625","48.17437744140625"
"16175","40.30705261230469","40.30705261230469","40.30705261230469"
"16176","38.46955490112305","38.46955490112305","38.46955490112305"
"16181","30.355798721313477","30.355798721313477","30.355798721313477"
"16183","41.5096435546875","41.5096435546875","41.5096435546875"
"16186","34.765838623046875","34.765838623046875","34.765838623046875"
"16188","34.8409309387207","34.8409309387207","34.8409309387207"
"16189","40.17946243286133","40.17946243286133","40.17946243286133"
"16192","38.2101936340332","38.2101936340332","38.2101936340332"
"16193","35.986289978027344","35.986289978027344","35.986289978027344"
"16194","34.278717041015625","34.278717041015625","34.278717041015625"
"16197","36.015830993652344","36.015830993652344","36.015830993652344"
"16199","34.54011535644531","34.54011535644531","34.54011535644531"
"16202","30.298015594482422","30.298015594482422","30.298015594482422"
"16203","41.03993225097656","41.03993225097656","41.03993225097656"
"16205","43.08728790283203","43.08728790283203","43.08728790283203"
"16207","27.949865341186523","27.949865341186523","27.949865341186523"
"16214","32.09313201904297","32.09313201904297","32.09313201904297"
"16215","29.873220443725586","29.873220443725586","29.873220443725586"
"16218","30.288145065307617","30.288145065307617","30.288145065307617"
"16220","35.19036865234375","35.19036865234375","35.19036865234375"
"16221","37.00767135620117","37.00767135620117","37.00767135620117"
"16223","47.392791748046875","47.392791748046875","47.392791748046875"
"16225","42.451438903808594","42.451438903808594","42.451438903808594"
"16229","34.98332977294922","34.98332977294922","34.98332977294922"
"16233","35.54375076293945","35.54375076293945","35.54375076293945"
"16236","32.4997673034668","32.4997673034668","32.4997673034668"
"16238","34.50186538696289","34.50186538696289","34.50186538696289"
"16240","29.021968841552734","29.021968841552734","29.021968841552734"
"16242","35.034584045410156","35.034584045410156","35.034584045410156"
"16243","35.7808952331543","35.7808952331543","35.7808952331543"
"16246","38.24165344238281","38.24165344238281","38.24165344238281"
"16249","36.476253509521484","36.476253509521484","36.476253509521484"
"16251","39.6372184753418","39.6372184753418","39.6372184753418"
"16254","37.9040412902832","37.9040412902832","37.9040412902832"
"16256","39.84062957763672","39.84062957763672","39.84062957763672"
"16257","34.923885345458984","34.923885345458984","34.923885345458984"
"16260","35.6084098815918","35.6084098815918","35.6084098815918"
"16264","40.89223098754883","40.89223098754883","40.89223098754883"
"16265","32.233341217041016","32.233341217041016","32.233341217041016"
"16267","116.61846160888672","116.61846160888672","116.61846160888672"
"16268","38.12922286987305","38.12922286987305","38.12922286987305"
"16271","43.458255767822266","43.458255767822266","43.458255767822266"
"16272","32.453712463378906","32.453712463378906","32.453712463378906"
"16273","38.744361877441406","38.744361877441406","38.744361877441406"
"16274","54.744056701660156","54.744056701660156","54.744056701660156"
"16278","43.779415130615234","43.779415130615234","43.779415130615234"
"16280","33.21223068237305","33.21223068237305","33.21223068237305"
"16281","40.80122375488281","40.80122375488281","40.80122375488281"
"16282","40.189910888671875","40.189910888671875","40.189910888671875"
"16284","31.4199275970459","31.4199275970459","31.4199275970459"
"16287","35.50920867919922","35.50920867919922","35.50920867919922"
"16290","39.25536346435547","39.25536346435547","39.25536346435547"
"16294","30.98139190673828","30.98139190673828","30.98139190673828"
"16295","37.12656021118164","37.12656021118164","37.12656021118164"
"16298","40.381690979003906","40.381690979003906","40.381690979003906"
"16299","38.06006622314453","38.06006622314453","38.06006622314453"
"16306","32.69615936279297","32.69615936279297","32.69615936279297"
"16308","32.1411018371582","32.1411018371582","32.1411018371582"
"16312","40.60842514038086","40.60842514038086","40.60842514038086"
"16313","42.34991455078125","42.34991455078125","42.34991455078125"
"16314","40.115543365478516","40.115543365478516","40.115543365478516"
"16316","46.125633239746094","46.125633239746094","46.125633239746094"
"16318","36.368343353271484","36.368343353271484","36.368343353271484"
"16319","34.60869598388672","34.60869598388672","34.60869598388672"
"16323","38.77480697631836","38.77480697631836","38.77480697631836"
"16325","40.08796691894531","40.08796691894531","40.08796691894531"
"16328","41.7567024230957","41.7567024230957","41.7567024230957"
"16329","35.556461334228516","35.556461334228516","35.556461334228516"
"16333","36.928096771240234","36.928096771240234","36.928096771240234"
"16336","39.820396423339844","39.820396423339844","39.820396423339844"
"16339","34.932167053222656","34.932167053222656","34.932167053222656"
"16341","50.012481689453125","50.012481689453125","50.012481689453125"
"16342","48.153846740722656","48.153846740722656","48.153846740722656"
"16347","30.676578521728516","30.676578521728516","30.676578521728516"
"16348","33.718109130859375","33.718109130859375","33.718109130859375"
"16350","42.37230682373047","42.37230682373047","42.37230682373047"
"16352","31.531158447265625","31.531158447265625","31.531158447265625"
"16356","42.9570198059082","42.9570198059082","42.9570198059082"
"16357","37.832618713378906","37.832618713378906","37.832618713378906"
"16362","36.89913558959961","36.89913558959961","36.89913558959961"
"16363","31.74225616455078","31.74225616455078","31.74225616455078"
"16364","34.98980712890625","34.98980712890625","34.98980712890625"
"16365","34.62839889526367","34.62839889526367","34.62839889526367"
"16368","43.35273361206055","43.35273361206055","43.35273361206055"
"16369","41.65334701538086","41.65334701538086","41.65334701538086"
"16373","77.64883422851562","77.64883422851562","77.64883422851562"
"16375","36.076080322265625","36.076080322265625","36.076080322265625"
"16381","40.631900787353516","40.631900787353516","40.631900787353516"
"16389","37.660037994384766","37.660037994384766","37.660037994384766"
"16390","36.250038146972656","36.250038146972656","36.250038146972656"
"16395","40.19823455810547","40.19823455810547","40.19823455810547"
"16397","42.135311126708984","42.135311126708984","42.135311126708984"
"16398","33.22611999511719","33.22611999511719","33.22611999511719"
"16399","43.6175422668457","43.6175422668457","43.6175422668457"
"16400","35.71148681640625","35.71148681640625","35.71148681640625"
"16401","38.15801239013672","38.15801239013672","38.15801239013672"
"16402","35.395355224609375","35.395355224609375","35.395355224609375"
"16407","36.0485954284668","36.0485954284668","36.0485954284668"
"16410","34.78215789794922","34.78215789794922","34.78215789794922"
"16411","33.18946075439453","33.18946075439453","33.18946075439453"
"16413","36.043296813964844","36.043296813964844","36.043296813964844"
"16415","505.3775329589844","505.3775329589844","505.3775329589844"
"16424","33.84221649169922","33.84221649169922","33.84221649169922"
"16426","39.15132522583008","39.15132522583008","39.15132522583008"
"16428","41.22943878173828","41.22943878173828","41.22943878173828"
"16429","41.533790588378906","41.533790588378906","41.533790588378906"
"16430","36.516014099121094","36.516014099121094","36.516014099121094"
"16431","34.46421432495117","34.46421432495117","34.46421432495117"
"16432","37.64485549926758","37.64485549926758","37.64485549926758"
"16434","47.17401123046875","47.17401123046875","47.17401123046875"
"16435","35.63847351074219","35.63847351074219","35.63847351074219"
"16437","41.882896423339844","41.882896423339844","41.882896423339844"
"16440","33.96479797363281","33.96479797363281","33.96479797363281"
"16442","33.67808151245117","33.67808151245117","33.67808151245117"
"16443","39.4881477355957","39.4881477355957","39.4881477355957"
"16444","37.53044128417969","37.53044128417969","37.53044128417969"
"16445","36.81064987182617","36.81064987182617","36.81064987182617"
"16446","28.72524642944336","28.72524642944336","28.72524642944336"
"16450","36.82164764404297","36.82164764404297","36.82164764404297"
"16452","43.06159210205078","43.06159210205078","43.06159210205078"
"16453","34.614986419677734","34.614986419677734","34.614986419677734"
"16454","28.67558479309082","28.67558479309082","28.67558479309082"
"16455","31.845439910888672","31.845439910888672","31.845439910888672"
"16457","37.202880859375","37.202880859375","37.202880859375"
"16458","44.136932373046875","44.136932373046875","44.136932373046875"
"16461","38.47475051879883","38.47475051879883","38.47475051879883"
"16462","29.761762619018555","29.761762619018555","29.761762619018555"
"16466","38.65467834472656","38.65467834472656","38.65467834472656"
"16469","34.438804626464844","34.438804626464844","34.438804626464844"
"16472","35.33582305908203","35.33582305908203","35.33582305908203"
"16473","52.44759750366211","52.44759750366211","52.44759750366211"
"16483","36.907127380371094","36.907127380371094","36.907127380371094"
"16485","36.92485046386719","36.92485046386719","36.92485046386719"
"16487","35.19472885131836","35.19472885131836","35.19472885131836"
"16488","31.33112907409668","31.33112907409668","31.33112907409668"
"16489","38.79484176635742","38.79484176635742","38.79484176635742"
"16490","42.52123260498047","42.52123260498047","42.52123260498047"
"16491","38.02965545654297","38.02965545654297","38.02965545654297"
"16495","29.984107971191406","29.984107971191406","29.984107971191406"
"16497","37.31525802612305","37.31525802612305","37.31525802612305"
"16501","38.72010803222656","38.72010803222656","38.72010803222656"
"16502","38.33322525024414","38.33322525024414","38.33322525024414"
"16505","35.072425842285156","35.072425842285156","35.072425842285156"
"16506","49.29078674316406","49.29078674316406","49.29078674316406"
"16510","33.656272888183594","33.656272888183594","33.656272888183594"
"16514","34.041748046875","34.041748046875","34.041748046875"
"16516","35.27325439453125","35.27325439453125","35.27325439453125"
"16518","32.05268096923828","32.05268096923828","32.05268096923828"
"16522","35.032432556152344","35.032432556152344","35.032432556152344"
"16527","38.792236328125","38.792236328125","38.792236328125"
"16529","41.03840637207031","41.03840637207031","41.03840637207031"
"16530","38.631927490234375","38.631927490234375","38.631927490234375"
"16531","36.74071502685547","36.74071502685547","36.74071502685547"
"16534","28.931976318359375","28.931976318359375","28.931976318359375"
"16537","34.514366149902344","34.514366149902344","34.514366149902344"
"16540","31.794029235839844","31.794029235839844","31.794029235839844"
"16541","41.51411437988281","41.51411437988281","41.51411437988281"
"16543","37.63288116455078","37.63288116455078","37.63288116455078"
"16544","38.13666915893555","38.13666915893555","38.13666915893555"
"16553","32.59166717529297","32.59166717529297","32.59166717529297"
"16554","31.731342315673828","31.731342315673828","31.731342315673828"
"16556","38.036041259765625","38.036041259765625","38.036041259765625"
"16559","36.600990295410156","36.600990295410156","36.600990295410156"
"16563","42.17125701904297","42.17125701904297","42.17125701904297"
"16567","35.212554931640625","35.212554931640625","35.212554931640625"
"16569","32.94283676147461","32.94283676147461","32.94283676147461"
"16570","39.468963623046875","39.468963623046875","39.468963623046875"
"16571","33.95006561279297","33.95006561279297","33.95006561279297"
"16574","32.847381591796875","32.847381591796875","32.847381591796875"
"16575","47.085689544677734","47.085689544677734","47.085689544677734"
"16581","45.953311920166016","45.953311920166016","45.953311920166016"
"16582","31.527143478393555","31.527143478393555","31.527143478393555"
"16584","26.950870513916016","26.950870513916016","26.950870513916016"
"16585","38.75162887573242","38.75162887573242","38.75162887573242"
"16586","35.27946472167969","35.27946472167969","35.27946472167969"
"16587","33.38364028930664","33.38364028930664","33.38364028930664"
"16593","38.19578552246094","38.19578552246094","38.19578552246094"
"16594","42.125213623046875","42.125213623046875","42.125213623046875"
"16596","30.527175903320312","30.527175903320312","30.527175903320312"
"16609","33.88515853881836","33.88515853881836","33.88515853881836"
"16610","40.963111877441406","40.963111877441406","40.963111877441406"
"16612","51.33700942993164","51.33700942993164","51.33700942993164"
"16613","38.75068664550781","38.75068664550781","38.75068664550781"
"16615","47.753360748291016","47.753360748291016","47.753360748291016"
"16616","34.772804260253906","34.772804260253906","34.772804260253906"
"16617","39.730224609375","39.730224609375","39.730224609375"
"16621","46.19644546508789","46.19644546508789","46.19644546508789"
"16622","41.253517150878906","41.253517150878906","41.253517150878906"
"16623","40.5831298828125","40.5831298828125","40.5831298828125"
"16625","43.82547378540039","43.82547378540039","43.82547378540039"
"16628","32.99690246582031","32.99690246582031","32.99690246582031"
"16630","34.31290817260742","34.31290817260742","34.31290817260742"
"16631","32.008304595947266","32.008304595947266","32.008304595947266"
"16634","43.046016693115234","43.046016693115234","43.046016693115234"
"16636","36.370155334472656","36.370155334472656","36.370155334472656"
"16639","34.61019515991211","34.61019515991211","34.61019515991211"
"16641","56.008644104003906","56.008644104003906","56.008644104003906"
"16643","36.433807373046875","36.433807373046875","36.433807373046875"
"16646","39.658546447753906","39.658546447753906","39.658546447753906"
"16648","36.53624725341797","36.53624725341797","36.53624725341797"
"16649","48.90380859375","48.90380859375","48.90380859375"
"16654","34.5286865234375","34.5286865234375","34.5286865234375"
"16655","35.816551208496094","35.816551208496094","35.816551208496094"
"16656","35.57448959350586","35.57448959350586","35.57448959350586"
"16659","36.6070556640625","36.6070556640625","36.6070556640625"
"16661","40.168521881103516","40.168521881103516","40.168521881103516"
"16666","41.199459075927734","41.199459075927734","41.199459075927734"
"16670","41.69877624511719","41.69877624511719","41.69877624511719"
"16672","36.02207946777344","36.02207946777344","36.02207946777344"
"16673","34.92941665649414","34.92941665649414","34.92941665649414"
"16674","35.687259674072266","35.687259674072266","35.687259674072266"
"16675","42.66392517089844","42.66392517089844","42.66392517089844"
"16677","37.31189727783203","37.31189727783203","37.31189727783203"
"16685","45.832359313964844","45.832359313964844","45.832359313964844"
"16686","34.956241607666016","34.956241607666016","34.956241607666016"
"16689","39.47991943359375","39.47991943359375","39.47991943359375"
"16691","40.69080352783203","40.69080352783203","40.69080352783203"
"16692","32.58171844482422","32.58171844482422","32.58171844482422"
"16693","35.470558166503906","35.470558166503906","35.470558166503906"
"16695","41.0157470703125","41.0157470703125","41.0157470703125"
"16696","34.19773864746094","34.19773864746094","34.19773864746094"
"16697","39.1860237121582","39.1860237121582","39.1860237121582"
"16701","37.442588806152344","37.442588806152344","37.442588806152344"
"16704","36.43040084838867","36.43040084838867","36.43040084838867"
"16705","40.74070358276367","40.74070358276367","40.74070358276367"
"16707","36.445556640625","36.445556640625","36.445556640625"
"16711","42.41694641113281","42.41694641113281","42.41694641113281"
"16717","45.400917053222656","45.400917053222656","45.400917053222656"
"16718","39.26720428466797","39.26720428466797","39.26720428466797"
"16721","32.39128875732422","32.39128875732422","32.39128875732422"
"16724","35.15775680541992","35.15775680541992","35.15775680541992"
"16725","35.104583740234375","35.104583740234375","35.104583740234375"
"16728","38.549835205078125","38.549835205078125","38.549835205078125"
"16731","44.79734802246094","44.79734802246094","44.79734802246094"
"16732","33.540771484375","33.540771484375","33.540771484375"
"16734","38.366764068603516","38.366764068603516","38.366764068603516"
"16736","35.2938117980957","35.2938117980957","35.2938117980957"
"16739","39.64190673828125","39.64190673828125","39.64190673828125"
"16740","37.4244270324707","37.4244270324707","37.4244270324707"
"16742","40.90830612182617","40.90830612182617","40.90830612182617"
"16744","748.2543334960938","748.2543334960938","748.2543334960938"
"16745","39.11298751831055","39.11298751831055","39.11298751831055"
"16747","33.13606643676758","33.13606643676758","33.13606643676758"
"16752","47.12202835083008","47.12202835083008","47.12202835083008"
"16753","38.994991302490234","38.994991302490234","38.994991302490234"
"16758","47.182308197021484","47.182308197021484","47.182308197021484"
"16759","46.82782745361328","46.82782745361328","46.82782745361328"
"16760","37.304039001464844","37.304039001464844","37.304039001464844"
"16762","34.50862503051758","34.50862503051758","34.50862503051758"
"16763","36.622459411621094","36.622459411621094","36.622459411621094"
"16764","36.36107635498047","36.36107635498047","36.36107635498047"
"16767","35.10861587524414","35.10861587524414","35.10861587524414"
"16769","33.63705062866211","33.63705062866211","33.63705062866211"
"16774","42.775794982910156","42.775794982910156","42.775794982910156"
"16776","38.731689453125","38.731689453125","38.731689453125"
"16777","36.852073669433594","36.852073669433594","36.852073669433594"
"16778","36.73732376098633","36.73732376098633","36.73732376098633"
"16779","33.0412712097168","33.0412712097168","33.0412712097168"
"16780","41.165348052978516","41.165348052978516","41.165348052978516"
"16781","38.250083923339844","38.250083923339844","38.250083923339844"
"16783","38.211814880371094","38.211814880371094","38.211814880371094"
"16784","52.42633819580078","52.42633819580078","52.42633819580078"
"16785","32.32622528076172","32.32622528076172","32.32622528076172"
"16786","41.535926818847656","41.535926818847656","41.535926818847656"
"16787","31.653766632080078","31.653766632080078","31.653766632080078"
"16788","32.709007263183594","32.709007263183594","32.709007263183594"
"16789","31.696640014648438","31.696640014648438","31.696640014648438"
"16792","37.27131652832031","37.27131652832031","37.27131652832031"
"16794","34.618019104003906","34.618019104003906","34.618019104003906"
"16795","39.05702209472656","39.05702209472656","39.05702209472656"
"16798","35.54111099243164","35.54111099243164","35.54111099243164"
"16801","32.877113342285156","32.877113342285156","32.877113342285156"
"16804","36.059410095214844","36.059410095214844","36.059410095214844"
"16805","37.23882293701172","37.23882293701172","37.23882293701172"
"16808","40.73891830444336","40.73891830444336","40.73891830444336"
"16811","39.30729293823242","39.30729293823242","39.30729293823242"
"16814","41.78569030761719","41.78569030761719","41.78569030761719"
"16816","37.943077087402344","37.943077087402344","37.943077087402344"
"16817","39.02175521850586","39.02175521850586","39.02175521850586"
"16818","34.654457092285156","34.654457092285156","34.654457092285156"
"16819","53.56901931762695","53.56901931762695","53.56901931762695"
"16820","41.5450325012207","41.5450325012207","41.5450325012207"
"16822","36.59888458251953","36.59888458251953","36.59888458251953"
"16823","32.64868927001953","32.64868927001953","32.64868927001953"
"16825","39.442657470703125","39.442657470703125","39.442657470703125"
"16827","36.14093017578125","36.14093017578125","36.14093017578125"
"16831","38.858306884765625","38.858306884765625","38.858306884765625"
"16832","32.487266540527344","32.487266540527344","32.487266540527344"
"16836","31.825439453125","31.825439453125","31.825439453125"
"16845","39.116703033447266","39.116703033447266","39.116703033447266"
"16847","36.7475700378418","36.7475700378418","36.7475700378418"
"16848","37.16161346435547","37.16161346435547","37.16161346435547"
"16853","48.50359344482422","48.50359344482422","48.50359344482422"
"16856","31.24799919128418","31.24799919128418","31.24799919128418"
"16857","45.08076095581055","45.08076095581055","45.08076095581055"
"16858","34.649993896484375","34.649993896484375","34.649993896484375"
"16859","37.80215835571289","37.80215835571289","37.80215835571289"
"16860","40.335731506347656","40.335731506347656","40.335731506347656"
"16861","35.889564514160156","35.889564514160156","35.889564514160156"
"16862","32.57720947265625","32.57720947265625","32.57720947265625"
"16863","32.516014099121094","32.516014099121094","32.516014099121094"
"16864","40.589111328125","40.589111328125","40.589111328125"
"16866","44.73015213012695","44.73015213012695","44.73015213012695"
"16871","32.68090057373047","32.68090057373047","32.68090057373047"
"16873","36.11122512817383","36.11122512817383","36.11122512817383"
"16875","39.72934341430664","39.72934341430664","39.72934341430664"
"16876","39.59912109375","39.59912109375","39.59912109375"
"16877","34.776493072509766","34.776493072509766","34.776493072509766"
"16878","41.67667770385742","41.67667770385742","41.67667770385742"
"16879","46.97701644897461","46.97701644897461","46.97701644897461"
"16880","41.664581298828125","41.664581298828125","41.664581298828125"
"16881","34.73737716674805","34.73737716674805","34.73737716674805"
"16882","35.33393478393555","35.33393478393555","35.33393478393555"
"16884","35.44636154174805","35.44636154174805","35.44636154174805"
"16885","45.37322235107422","45.37322235107422","45.37322235107422"
"16891","38.152069091796875","38.152069091796875","38.152069091796875"
"16892","38.27208709716797","38.27208709716797","38.27208709716797"
"16893","34.424896240234375","34.424896240234375","34.424896240234375"
"16899","36.14681625366211","36.14681625366211","36.14681625366211"
"16901","35.06271743774414","35.06271743774414","35.06271743774414"
"16904","39.473148345947266","39.473148345947266","39.473148345947266"
"16905","34.57013702392578","34.57013702392578","34.57013702392578"
"16908","36.58901596069336","36.58901596069336","36.58901596069336"
"16913","32.42596435546875","32.42596435546875","32.42596435546875"
"16915","36.39788818359375","36.39788818359375","36.39788818359375"
"16916","38.424072265625","38.424072265625","38.424072265625"
"16918","33.64253616333008","33.64253616333008","33.64253616333008"
"16920","35.467933654785156","35.467933654785156","35.467933654785156"
"16922","34.8907356262207","34.8907356262207","34.8907356262207"
"16923","37.0412712097168","37.0412712097168","37.0412712097168"
"16924","37.01261520385742","37.01261520385742","37.01261520385742"
"16927","35.71710968017578","35.71710968017578","35.71710968017578"
"16931","34.53676223754883","34.53676223754883","34.53676223754883"
"16932","83.96699523925781","83.96699523925781","83.96699523925781"
"16934","34.007713317871094","34.007713317871094","34.007713317871094"
"16935","34.089805603027344","34.089805603027344","34.089805603027344"
"16936","38.105430603027344","38.105430603027344","38.105430603027344"
"16939","53.85710525512695","53.85710525512695","53.85710525512695"
"16940","45.98683547973633","45.98683547973633","45.98683547973633"
"16944","37.318016052246094","37.318016052246094","37.318016052246094"
"16947","34.687808990478516","34.687808990478516","34.687808990478516"
"16948","49.64175033569336","49.64175033569336","49.64175033569336"
"16951","31.973796844482422","31.973796844482422","31.973796844482422"
"16954","41.01248550415039","41.01248550415039","41.01248550415039"
"16965","31.12657356262207","31.12657356262207","31.12657356262207"
"16970","37.071693420410156","37.071693420410156","37.071693420410156"
"16972","32.11720275878906","32.11720275878906","32.11720275878906"
"16973","35.32392120361328","35.32392120361328","35.32392120361328"
"16976","41.00273895263672","41.00273895263672","41.00273895263672"
"16980","33.32908248901367","33.32908248901367","33.32908248901367"
"16981","44.2404670715332","44.2404670715332","44.2404670715332"
"16982","43.16836166381836","43.16836166381836","43.16836166381836"
"16983","41.81489562988281","41.81489562988281","41.81489562988281"
"16984","35.96416091918945","35.96416091918945","35.96416091918945"
"16986","40.421112060546875","40.421112060546875","40.421112060546875"
"16987","35.30060577392578","35.30060577392578","35.30060577392578"
"16989","41.98291015625","41.98291015625","41.98291015625"
"16990","39.08430480957031","39.08430480957031","39.08430480957031"
"16991","38.96530532836914","38.96530532836914","38.96530532836914"
"16992","34.34040069580078","34.34040069580078","34.34040069580078"
"16993","39.408592224121094","39.408592224121094","39.408592224121094"
"16996","34.54568862915039","34.54568862915039","34.54568862915039"
"16998","35.66658020019531","35.66658020019531","35.66658020019531"
"17000","32.49571990966797","32.49571990966797","32.49571990966797"
"17001","32.92491912841797","32.92491912841797","32.92491912841797"
"17004","28.51151466369629","28.51151466369629","28.51151466369629"
"17006","30.245763778686523","30.245763778686523","30.245763778686523"
"17007","42.369503021240234","42.369503021240234","42.369503021240234"
"17009","40.38752746582031","40.38752746582031","40.38752746582031"
"17012","34.641902923583984","34.641902923583984","34.641902923583984"
"17013","45.42200469970703","45.42200469970703","45.42200469970703"
"17022","36.98826217651367","36.98826217651367","36.98826217651367"
"17023","48.75373458862305","48.75373458862305","48.75373458862305"
"17024","29.950416564941406","29.950416564941406","29.950416564941406"
"17025","39.093109130859375","39.093109130859375","39.093109130859375"
"17028","31.1992244720459","31.1992244720459","31.1992244720459"
"17029","36.51190185546875","36.51190185546875","36.51190185546875"
"17030","34.62287902832031","34.62287902832031","34.62287902832031"
"17032","33.48785400390625","33.48785400390625","33.48785400390625"
"17033","38.36131286621094","38.36131286621094","38.36131286621094"
"17034","45.625389099121094","45.625389099121094","45.625389099121094"
"17037","36.29107666015625","36.29107666015625","36.29107666015625"
"17041","40.79494094848633","40.79494094848633","40.79494094848633"
"17043","39.852935791015625","39.852935791015625","39.852935791015625"
"17049","37.360252380371094","37.360252380371094","37.360252380371094"
"17050","36.55149841308594","36.55149841308594","36.55149841308594"
"17052","31.87244415283203","31.87244415283203","31.87244415283203"
"17053","34.4245491027832","34.4245491027832","34.4245491027832"
"17054","39.17012023925781","39.17012023925781","39.17012023925781"
"17056","41.488006591796875","41.488006591796875","41.488006591796875"
"17062","37.144771575927734","37.144771575927734","37.144771575927734"
"17063","35.75304412841797","35.75304412841797","35.75304412841797"
"17064","40.791053771972656","40.791053771972656","40.791053771972656"
"17067","38.545406341552734","38.545406341552734","38.545406341552734"
"17068","34.82842254638672","34.82842254638672","34.82842254638672"
"17069","41.461631774902344","41.461631774902344","41.461631774902344"
"17077","33.56359100341797","33.56359100341797","33.56359100341797"
"17082","38.8765754699707","38.8765754699707","38.8765754699707"
"17083","40.5792236328125","40.5792236328125","40.5792236328125"
"17084","39.17023468017578","39.17023468017578","39.17023468017578"
"17085","39.361019134521484","39.361019134521484","39.361019134521484"
"17098","53.19185256958008","53.19185256958008","53.19185256958008"
"17101","38.325286865234375","38.325286865234375","38.325286865234375"
"17103","34.74203872680664","34.74203872680664","34.74203872680664"
"17106","42.517208099365234","42.517208099365234","42.517208099365234"
"17108","34.69796371459961","34.69796371459961","34.69796371459961"
"17110","39.05746841430664","39.05746841430664","39.05746841430664"
"17111","34.31358337402344","34.31358337402344","34.31358337402344"
"17112","31.90797996520996","31.90797996520996","31.90797996520996"
"17113","38.12166976928711","38.12166976928711","38.12166976928711"
"17116","31.01571273803711","31.01571273803711","31.01571273803711"
"17120","39.40966796875","39.40966796875","39.40966796875"
"17121","36.092002868652344","36.092002868652344","36.092002868652344"
"17125","50.20329284667969","50.20329284667969","50.20329284667969"
"17132","35.207275390625","35.207275390625","35.207275390625"
"17136","44.628231048583984","44.628231048583984","44.628231048583984"
"17137","38.28471755981445","38.28471755981445","38.28471755981445"
"17139","41.73191452026367","41.73191452026367","41.73191452026367"
"17142","38.47216796875","38.47216796875","38.47216796875"
"17145","38.575809478759766","38.575809478759766","38.575809478759766"
"17146","37.994895935058594","37.994895935058594","37.994895935058594"
"17148","31.77968406677246","31.77968406677246","31.77968406677246"
"17150","33.97428512573242","33.97428512573242","33.97428512573242"
"17156","34.262916564941406","34.262916564941406","34.262916564941406"
"17157","38.73686218261719","38.73686218261719","38.73686218261719"
"17159","36.44940185546875","36.44940185546875","36.44940185546875"
"17160","32.34267807006836","32.34267807006836","32.34267807006836"
"17161","56.773521423339844","56.773521423339844","56.773521423339844"
"17162","44.366085052490234","44.366085052490234","44.366085052490234"
"17163","42.402408599853516","42.402408599853516","42.402408599853516"
"17164","36.59278106689453","36.59278106689453","36.59278106689453"
"17165","38.68280029296875","38.68280029296875","38.68280029296875"
"17168","33.2296028137207","33.2296028137207","33.2296028137207"
"17174","49.80738830566406","49.80738830566406","49.80738830566406"
"17176","37.14091491699219","37.14091491699219","37.14091491699219"
"17177","32.03729248046875","32.03729248046875","32.03729248046875"
"17178","46.847694396972656","46.847694396972656","46.847694396972656"
"17191","44.58168029785156","44.58168029785156","44.58168029785156"
"17192","46.27973556518555","46.27973556518555","46.27973556518555"
"17196","39.063228607177734","39.063228607177734","39.063228607177734"
"17198","36.759971618652344","36.759971618652344","36.759971618652344"
"17201","34.29400634765625","34.29400634765625","34.29400634765625"
"17205","32.41347885131836","32.41347885131836","32.41347885131836"
"17206","34.470096588134766","34.470096588134766","34.470096588134766"
"17214","36.629127502441406","36.629127502441406","36.629127502441406"
"17218","33.58588790893555","33.58588790893555","33.58588790893555"
"17223","35.450565338134766","35.450565338134766","35.450565338134766"
"17225","34.889060974121094","34.889060974121094","34.889060974121094"
"17228","34.315364837646484","34.315364837646484","34.315364837646484"
"17229","38.56732940673828","38.56732940673828","38.56732940673828"
"17232","40.37281799316406","40.37281799316406","40.37281799316406"
"17233","32.384159088134766","32.384159088134766","32.384159088134766"
"17235","37.96293258666992","37.96293258666992","37.96293258666992"
"17241","38.63983917236328","38.63983917236328","38.63983917236328"
"17245","32.008094787597656","32.008094787597656","32.008094787597656"
"17246","31.84682273864746","31.84682273864746","31.84682273864746"
"17247","35.967586517333984","35.967586517333984","35.967586517333984"
"17248","32.86350631713867","32.86350631713867","32.86350631713867"
"17251","38.69602966308594","38.69602966308594","38.69602966308594"
"17253","38.84113311767578","38.84113311767578","38.84113311767578"
"17255","47.363643646240234","47.363643646240234","47.363643646240234"
"17256","31.84513282775879","31.84513282775879","31.84513282775879"
"17257","36.554935455322266","36.554935455322266","36.554935455322266"
"17259","37.77606201171875","37.77606201171875","37.77606201171875"
"17260","40.39977264404297","40.39977264404297","40.39977264404297"
"17261","33.842994689941406","33.842994689941406","33.842994689941406"
"17267","37.05792236328125","37.05792236328125","37.05792236328125"
"17268","42.03523254394531","42.03523254394531","42.03523254394531"
"17271","51.201560974121094","51.201560974121094","51.201560974121094"
"17274","38.42626190185547","38.42626190185547","38.42626190185547"
"17275","33.02836608886719","33.02836608886719","33.02836608886719"
"17276","38.3198127746582","38.3198127746582","38.3198127746582"
"17278","50.52642059326172","50.52642059326172","50.52642059326172"
"17280","43.64177322387695","43.64177322387695","43.64177322387695"
"17283","34.189979553222656","34.189979553222656","34.189979553222656"
"17285","32.79988098144531","32.79988098144531","32.79988098144531"
"17291","38.39990997314453","38.39990997314453","38.39990997314453"
"17294","42.36331558227539","42.36331558227539","42.36331558227539"
"17295","886.9043579101562","886.9043579101562","886.9043579101562"
"17298","52.882240295410156","52.882240295410156","52.882240295410156"
"17301","34.5677604675293","34.5677604675293","34.5677604675293"
"17306","38.23916244506836","38.23916244506836","38.23916244506836"
"17308","40.49602127075195","40.49602127075195","40.49602127075195"
"17309","33.8494873046875","33.8494873046875","33.8494873046875"
"17312","40.09308624267578","40.09308624267578","40.09308624267578"
"17313","37.620880126953125","37.620880126953125","37.620880126953125"
"17314","38.40887451171875","38.40887451171875","38.40887451171875"
"17316","41.37385177612305","41.37385177612305","41.37385177612305"
"17318","49.531951904296875","49.531951904296875","49.531951904296875"
"17319","43.41926193237305","43.41926193237305","43.41926193237305"
"17322","37.938026428222656","37.938026428222656","37.938026428222656"
"17323","42.010677337646484","42.010677337646484","42.010677337646484"
"17328","38.32280349731445","38.32280349731445","38.32280349731445"
"17331","33.27426528930664","33.27426528930664","33.27426528930664"
"17334","36.21544647216797","36.21544647216797","36.21544647216797"
"17336","26.94258689880371","26.94258689880371","26.94258689880371"
"17339","61.31270980834961","61.31270980834961","61.31270980834961"
"17341","41.18247985839844","41.18247985839844","41.18247985839844"
"17344","35.53040313720703","35.53040313720703","35.53040313720703"
"17345","37.665771484375","37.665771484375","37.665771484375"
"17347","35.72620391845703","35.72620391845703","35.72620391845703"
"17348","31.594226837158203","31.594226837158203","31.594226837158203"
"17349","34.82538986206055","34.82538986206055","34.82538986206055"
"17353","866.285888671875","866.285888671875","866.285888671875"
"17356","38.59834289550781","38.59834289550781","38.59834289550781"
"17357","37.16740417480469","37.16740417480469","37.16740417480469"
"17360","39.46839904785156","39.46839904785156","39.46839904785156"
"17361","36.23735046386719","36.23735046386719","36.23735046386719"
"17363","39.04310989379883","39.04310989379883","39.04310989379883"
"17368","33.82079315185547","33.82079315185547","33.82079315185547"
"17369","34.7398567199707","34.7398567199707","34.7398567199707"
"17371","38.837642669677734","38.837642669677734","38.837642669677734"
"17372","34.891624450683594","34.891624450683594","34.891624450683594"
"17376","35.41926956176758","35.41926956176758","35.41926956176758"
"17378","59.28624725341797","59.28624725341797","59.28624725341797"
"17381","37.075889587402344","37.075889587402344","37.075889587402344"
"17383","35.143638610839844","35.143638610839844","35.143638610839844"
"17386","36.39985656738281","36.39985656738281","36.39985656738281"
"17387","36.94181442260742","36.94181442260742","36.94181442260742"
"17389","60.483909606933594","60.483909606933594","60.483909606933594"
"17392","34.51842498779297","34.51842498779297","34.51842498779297"
"17395","34.95121765136719","34.95121765136719","34.95121765136719"
"17399","43.50596237182617","43.50596237182617","43.50596237182617"
"17403","39.99918746948242","39.99918746948242","39.99918746948242"
"17404","35.61793518066406","35.61793518066406","35.61793518066406"
"17405","45.468963623046875","45.468963623046875","45.468963623046875"
"17408","34.09758377075195","34.09758377075195","34.09758377075195"
"17410","37.88581848144531","37.88581848144531","37.88581848144531"
"17411","37.36684799194336","37.36684799194336","37.36684799194336"
"17415","38.064327239990234","38.064327239990234","38.064327239990234"
"17417","39.59272766113281","39.59272766113281","39.59272766113281"
"17418","138.16256713867188","138.16256713867188","138.16256713867188"
"17421","34.02045440673828","34.02045440673828","34.02045440673828"
"17423","40.13750457763672","40.13750457763672","40.13750457763672"
"17424","40.17717361450195","40.17717361450195","40.17717361450195"
"17427","34.3371696472168","34.3371696472168","34.3371696472168"
"17430","40.863197326660156","40.863197326660156","40.863197326660156"
"17434","43.575157165527344","43.575157165527344","43.575157165527344"
"17436","39.43153762817383","39.43153762817383","39.43153762817383"
"17437","40.316795349121094","40.316795349121094","40.316795349121094"
"17440","34.1566162109375","34.1566162109375","34.1566162109375"
"17441","46.37895584106445","46.37895584106445","46.37895584106445"
"17443","33.63848876953125","33.63848876953125","33.63848876953125"
"17444","35.236488342285156","35.236488342285156","35.236488342285156"
"17445","38.95532989501953","38.95532989501953","38.95532989501953"
"17446","48.79778289794922","48.79778289794922","48.79778289794922"
"17448","36.89710998535156","36.89710998535156","36.89710998535156"
"17449","33.426124572753906","33.426124572753906","33.426124572753906"
"17450","31.80054473876953","31.80054473876953","31.80054473876953"
"17451","42.79450988769531","42.79450988769531","42.79450988769531"
"17452","36.43871307373047","36.43871307373047","36.43871307373047"
"17453","34.38259506225586","34.38259506225586","34.38259506225586"
"17454","32.81140899658203","32.81140899658203","32.81140899658203"
"17456","36.18634796142578","36.18634796142578","36.18634796142578"
"17458","38.00391387939453","38.00391387939453","38.00391387939453"
"17461","35.64115905761719","35.64115905761719","35.64115905761719"
"17463","31.816368103027344","31.816368103027344","31.816368103027344"
"17464","35.91084289550781","35.91084289550781","35.91084289550781"
"17465","40.331443786621094","40.331443786621094","40.331443786621094"
"17466","31.228626251220703","31.228626251220703","31.228626251220703"
"17468","34.55780029296875","34.55780029296875","34.55780029296875"
"17471","29.51554298400879","29.51554298400879","29.51554298400879"
"17472","41.52653884887695","41.52653884887695","41.52653884887695"
"17474","168.42881774902344","168.42881774902344","168.42881774902344"
"17479","37.06619644165039","37.06619644165039","37.06619644165039"
"17482","33.69717025756836","33.69717025756836","33.69717025756836"
"17484","40.84620666503906","40.84620666503906","40.84620666503906"
"17488","39.10421371459961","39.10421371459961","39.10421371459961"
"17489","52.406620025634766","52.406620025634766","52.406620025634766"
"17492","36.09084701538086","36.09084701538086","36.09084701538086"
"17499","42.5144157409668","42.5144157409668","42.5144157409668"
"17500","40.61659240722656","40.61659240722656","40.61659240722656"
"17501","32.37791061401367","32.37791061401367","32.37791061401367"
"17503","44.33151626586914","44.33151626586914","44.33151626586914"
"17512","30.611968994140625","30.611968994140625","30.611968994140625"
"17514","32.98097229003906","32.98097229003906","32.98097229003906"
"17515","36.984764099121094","36.984764099121094","36.984764099121094"
"17517","31.70134735107422","31.70134735107422","31.70134735107422"
"17521","38.848785400390625","38.848785400390625","38.848785400390625"
"17522","37.45059585571289","37.45059585571289","37.45059585571289"
"17524","35.53923797607422","35.53923797607422","35.53923797607422"
"17525","36.843265533447266","36.843265533447266","36.843265533447266"
"17527","36.476768493652344","36.476768493652344","36.476768493652344"
"17534","36.845733642578125","36.845733642578125","36.845733642578125"
"17535","40.07017135620117","40.07017135620117","40.07017135620117"
"17540","34.4891471862793","34.4891471862793","34.4891471862793"
"17542","35.22190475463867","35.22190475463867","35.22190475463867"
"17543","7155.52099609375","7155.52099609375","7155.52099609375"
"17544","37.15065383911133","37.15065383911133","37.15065383911133"
"17545","34.40291976928711","34.40291976928711","34.40291976928711"
"17547","35.16841125488281","35.16841125488281","35.16841125488281"
"17548","32.6411018371582","32.6411018371582","32.6411018371582"
"17550","39.6189079284668","39.6189079284668","39.6189079284668"
"17552","62.09199523925781","62.09199523925781","62.09199523925781"
"17553","341.5361328125","341.5361328125","341.5361328125"
"17560","35.50684356689453","35.50684356689453","35.50684356689453"
"17562","36.994014739990234","36.994014739990234","36.994014739990234"
"17564","34.97605895996094","34.97605895996094","34.97605895996094"
"17565","44.712066650390625","44.712066650390625","44.712066650390625"
"17567","37.9732551574707","37.9732551574707","37.9732551574707"
"17568","31.026817321777344","31.026817321777344","31.026817321777344"
"17570","32.73009490966797","32.73009490966797","32.73009490966797"
"17571","33.47380065917969","33.47380065917969","33.47380065917969"
"17578","34.54554748535156","34.54554748535156","34.54554748535156"
"17579","60.23382568359375","60.23382568359375","60.23382568359375"
"17581","53.56825637817383","53.56825637817383","53.56825637817383"
"17583","36.23984146118164","36.23984146118164","36.23984146118164"
"17586","42.28352737426758","42.28352737426758","42.28352737426758"
"17587","41.98640441894531","41.98640441894531","41.98640441894531"
"17594","32.46816635131836","32.46816635131836","32.46816635131836"
"17599","36.48561096191406","36.48561096191406","36.48561096191406"
"17600","47.50373840332031","47.50373840332031","47.50373840332031"
"17604","38.430702209472656","38.430702209472656","38.430702209472656"
"17606","38.07958984375","38.07958984375","38.07958984375"
"17608","40.02375793457031","40.02375793457031","40.02375793457031"
"17610","38.924034118652344","38.924034118652344","38.924034118652344"
"17614","37.285526275634766","37.285526275634766","37.285526275634766"
"17616","43.980079650878906","43.980079650878906","43.980079650878906"
"17617","43.395301818847656","43.395301818847656","43.395301818847656"
"17618","48.190223693847656","48.190223693847656","48.190223693847656"
"17620","35.60489273071289","35.60489273071289","35.60489273071289"
"17622","34.23904800415039","34.23904800415039","34.23904800415039"
"17623","43.95430374145508","43.95430374145508","43.95430374145508"
"17625","36.74787902832031","36.74787902832031","36.74787902832031"
"17627","35.14812469482422","35.14812469482422","35.14812469482422"
"17630","48.06725311279297","48.06725311279297","48.06725311279297"
"17633","39.14033889770508","39.14033889770508","39.14033889770508"
"17634","33.23321533203125","33.23321533203125","33.23321533203125"
"17636","41.47090148925781","41.47090148925781","41.47090148925781"
"17638","31.162569046020508","31.162569046020508","31.162569046020508"
"17639","33.3370361328125","33.3370361328125","33.3370361328125"
"17642","41.61280059814453","41.61280059814453","41.61280059814453"
"17646","30.066423416137695","30.066423416137695","30.066423416137695"
"17649","42.79153823852539","42.79153823852539","42.79153823852539"
"17651","39.43149948120117","39.43149948120117","39.43149948120117"
"17653","427.3448791503906","427.3448791503906","427.3448791503906"
"17657","31.891719818115234","31.891719818115234","31.891719818115234"
"17659","38.899436950683594","38.899436950683594","38.899436950683594"
"17661","43.20934295654297","43.20934295654297","43.20934295654297"
"17664","37.401702880859375","37.401702880859375","37.401702880859375"
"17665","35.32208251953125","35.32208251953125","35.32208251953125"
"17667","43.23065948486328","43.23065948486328","43.23065948486328"
"17671","37.88492965698242","37.88492965698242","37.88492965698242"
"17672","80.91595458984375","80.91595458984375","80.91595458984375"
"17674","36.990108489990234","36.990108489990234","36.990108489990234"
"17677","38.896183013916016","38.896183013916016","38.896183013916016"
"17678","35.937992095947266","35.937992095947266","35.937992095947266"
"17680","38.71030807495117","38.71030807495117","38.71030807495117"
"17682","40.30284881591797","40.30284881591797","40.30284881591797"
"17684","34.85332489013672","34.85332489013672","34.85332489013672"
"17688","37.47890090942383","37.47890090942383","37.47890090942383"
"17689","33.48798370361328","33.48798370361328","33.48798370361328"
"17692","34.69800567626953","34.69800567626953","34.69800567626953"
"17694","45.325435638427734","45.325435638427734","45.325435638427734"
"17698","32.24608612060547","32.24608612060547","32.24608612060547"
"17699","34.0086669921875","34.0086669921875","34.0086669921875"
"17701","42.9075813293457","42.9075813293457","42.9075813293457"
"17702","38.881038665771484","38.881038665771484","38.881038665771484"
"17703","35.07305145263672","35.07305145263672","35.07305145263672"
"17706","39.238746643066406","39.238746643066406","39.238746643066406"
"17714","38.63751220703125","38.63751220703125","38.63751220703125"
"17716","41.575050354003906","41.575050354003906","41.575050354003906"
"17718","44.83809280395508","44.83809280395508","44.83809280395508"
"17721","32.630157470703125","32.630157470703125","32.630157470703125"
"17723","54.4371223449707","54.4371223449707","54.4371223449707"
"17726","41.17345428466797","41.17345428466797","41.17345428466797"
"17733","33.84392547607422","33.84392547607422","33.84392547607422"
"17734","34.22772216796875","34.22772216796875","34.22772216796875"
"17737","38.690731048583984","38.690731048583984","38.690731048583984"
"17738","32.7904167175293","32.7904167175293","32.7904167175293"
"17741","65.2651596069336","65.2651596069336","65.2651596069336"
"17743","50.35441970825195","50.35441970825195","50.35441970825195"
"17745","36.74715805053711","36.74715805053711","36.74715805053711"
"17746","54.950138092041016","54.950138092041016","54.950138092041016"
"17747","31.650226593017578","31.650226593017578","31.650226593017578"
"17748","38.6226921081543","38.6226921081543","38.6226921081543"
"17749","35.20185852050781","35.20185852050781","35.20185852050781"
"17753","37.66852951049805","37.66852951049805","37.66852951049805"
"17756","38.33424758911133","38.33424758911133","38.33424758911133"
"17760","42.46583557128906","42.46583557128906","42.46583557128906"
"17762","38.539161682128906","38.539161682128906","38.539161682128906"
"17764","116.28179931640625","116.28179931640625","116.28179931640625"
"17765","38.718955993652344","38.718955993652344","38.718955993652344"
"17767","41.07280349731445","41.07280349731445","41.07280349731445"
"17768","49.70336151123047","49.70336151123047","49.70336151123047"
"17776","33.95198440551758","33.95198440551758","33.95198440551758"
"17778","37.00566482543945","37.00566482543945","37.00566482543945"
"17781","56.29106903076172","56.29106903076172","56.29106903076172"
"17782","37.99700164794922","37.99700164794922","37.99700164794922"
"17784","33.4389762878418","33.4389762878418","33.4389762878418"
"17785","44.14141845703125","44.14141845703125","44.14141845703125"
"17789","34.98674011230469","34.98674011230469","34.98674011230469"
"17791","37.16326141357422","37.16326141357422","37.16326141357422"
"17795","33.99644088745117","33.99644088745117","33.99644088745117"
"17797","34.97728729248047","34.97728729248047","34.97728729248047"
"17798","38.69142532348633","38.69142532348633","38.69142532348633"
"17799","33.555118560791016","33.555118560791016","33.555118560791016"
"17806","40.34123992919922","40.34123992919922","40.34123992919922"
"17809","32.60506057739258","32.60506057739258","32.60506057739258"
"17811","40.54062271118164","40.54062271118164","40.54062271118164"
"17819","34.932071685791016","34.932071685791016","34.932071685791016"
"17820","42.88243865966797","42.88243865966797","42.88243865966797"
"17824","38.154327392578125","38.154327392578125","38.154327392578125"
"17833","33.053916931152344","33.053916931152344","33.053916931152344"
"17835","36.42942428588867","36.42942428588867","36.42942428588867"
"17837","41.692237854003906","41.692237854003906","41.692237854003906"
"17840","34.14847946166992","34.14847946166992","34.14847946166992"
"17843","36.92906188964844","36.92906188964844","36.92906188964844"
"17844","56.09183120727539","56.09183120727539","56.09183120727539"
"17847","43.61747741699219","43.61747741699219","43.61747741699219"
"17849","37.3806266784668","37.3806266784668","37.3806266784668"
"17850","31.495891571044922","31.495891571044922","31.495891571044922"
"17852","34.777374267578125","34.777374267578125","34.777374267578125"
"17854","38.194793701171875","38.194793701171875","38.194793701171875"
"17857","37.85906219482422","37.85906219482422","37.85906219482422"
"17858","34.34389114379883","34.34389114379883","34.34389114379883"
"17860","105.8576889038086","105.8576889038086","105.8576889038086"
"17861","38.59541702270508","38.59541702270508","38.59541702270508"
"17863","35.705352783203125","35.705352783203125","35.705352783203125"
"17865","38.21064376831055","38.21064376831055","38.21064376831055"
"17866","38.744712829589844","38.744712829589844","38.744712829589844"
"17869","45.157440185546875","45.157440185546875","45.157440185546875"
"17870","51.84843826293945","51.84843826293945","51.84843826293945"
"17871","40.02741241455078","40.02741241455078","40.02741241455078"
"17872","38.25693130493164","38.25693130493164","38.25693130493164"
"17873","39.08448028564453","39.08448028564453","39.08448028564453"
"17877","32.787071228027344","32.787071228027344","32.787071228027344"
"17879","47.753326416015625","47.753326416015625","47.753326416015625"
"17880","35.60215759277344","35.60215759277344","35.60215759277344"
"17882","41.83100891113281","41.83100891113281","41.83100891113281"
"17883","30.2941837310791","30.2941837310791","30.2941837310791"
"17887","37.588111877441406","37.588111877441406","37.588111877441406"
"17898","34.312713623046875","34.312713623046875","34.312713623046875"
"17899","34.67255401611328","34.67255401611328","34.67255401611328"
"17903","36.15310287475586","36.15310287475586","36.15310287475586"
"17906","39.06520080566406","39.06520080566406","39.06520080566406"
"17908","35.33025360107422","35.33025360107422","35.33025360107422"
"17909","31.503324508666992","31.503324508666992","31.503324508666992"
"17912","44.38916778564453","44.38916778564453","44.38916778564453"
"17915","35.12882995605469","35.12882995605469","35.12882995605469"
"17918","32.81249237060547","32.81249237060547","32.81249237060547"
"17920","36.843353271484375","36.843353271484375","36.843353271484375"
"17922","44.31943893432617","44.31943893432617","44.31943893432617"
"17925","40.75456619262695","40.75456619262695","40.75456619262695"
"17932","120.7936019897461","120.7936019897461","120.7936019897461"
"17933","40.08685302734375","40.08685302734375","40.08685302734375"
"17935","39.92937088012695","39.92937088012695","39.92937088012695"
"17936","35.89302062988281","35.89302062988281","35.89302062988281"
"17942","46.15476989746094","46.15476989746094","46.15476989746094"
"17944","38.03385925292969","38.03385925292969","38.03385925292969"
"17949","41.24934387207031","41.24934387207031","41.24934387207031"
"17950","42.2906379699707","42.2906379699707","42.2906379699707"
"17952","40.582489013671875","40.582489013671875","40.582489013671875"
"17953","42.86016082763672","42.86016082763672","42.86016082763672"
"17959","38.0836296081543","38.0836296081543","38.0836296081543"
"17961","33.42627716064453","33.42627716064453","33.42627716064453"
"17962","37.837467193603516","37.837467193603516","37.837467193603516"
"17963","35.31317138671875","35.31317138671875","35.31317138671875"
"17964","72.54080963134766","72.54080963134766","72.54080963134766"
"17965","42.60352325439453","42.60352325439453","42.60352325439453"
"17970","41.33306121826172","41.33306121826172","41.33306121826172"
"17974","35.24786376953125","35.24786376953125","35.24786376953125"
"17975","31.176979064941406","31.176979064941406","31.176979064941406"
"17981","35.27349853515625","35.27349853515625","35.27349853515625"
"17985","41.02030944824219","41.02030944824219","41.02030944824219"
"17987","30.061813354492188","30.061813354492188","30.061813354492188"
"17989","34.15038299560547","34.15038299560547","34.15038299560547"
"17990","6991.4794921875","6991.4794921875","6991.4794921875"
"17993","36.05572509765625","36.05572509765625","36.05572509765625"
"17994","33.61766052246094","33.61766052246094","33.61766052246094"
"17995","40.64249038696289","40.64249038696289","40.64249038696289"
"17997","45.68419647216797","45.68419647216797","45.68419647216797"
"17998","40.87187194824219","40.87187194824219","40.87187194824219"
"18000","53.396575927734375","53.396575927734375","53.396575927734375"
"18003","34.17920684814453","34.17920684814453","34.17920684814453"
"18006","36.16615295410156","36.16615295410156","36.16615295410156"
"18012","35.348548889160156","35.348548889160156","35.348548889160156"
"18016","37.312339782714844","37.312339782714844","37.312339782714844"
"18022","33.254905700683594","33.254905700683594","33.254905700683594"
"18024","35.033504486083984","35.033504486083984","35.033504486083984"
"18026","43.44361877441406","43.44361877441406","43.44361877441406"
"18030","39.877906799316406","39.877906799316406","39.877906799316406"
"18031","32.27616500854492","32.27616500854492","32.27616500854492"
"18033","37.29713439941406","37.29713439941406","37.29713439941406"
"18036","36.495086669921875","36.495086669921875","36.495086669921875"
"18037","29.1204891204834","29.1204891204834","29.1204891204834"
"18038","43.942222595214844","43.942222595214844","43.942222595214844"
"18040","42.49627685546875","42.49627685546875","42.49627685546875"
"18045","32.98573303222656","32.98573303222656","32.98573303222656"
"18047","41.03040313720703","41.03040313720703","41.03040313720703"
"18050","33.127445220947266","33.127445220947266","33.127445220947266"
"18052","35.40430450439453","35.40430450439453","35.40430450439453"
"18053","32.50698471069336","32.50698471069336","32.50698471069336"
"18054","35.69771957397461","35.69771957397461","35.69771957397461"
"18059","40.73716354370117","40.73716354370117","40.73716354370117"
"18061","35.982330322265625","35.982330322265625","35.982330322265625"
"18067","36.7123908996582","36.7123908996582","36.7123908996582"
"18068","35.06418228149414","35.06418228149414","35.06418228149414"
"18075","41.79448699951172","41.79448699951172","41.79448699951172"
"18077","35.1285400390625","35.1285400390625","35.1285400390625"
"18078","39.363426208496094","39.363426208496094","39.363426208496094"
"18079","37.25966262817383","37.25966262817383","37.25966262817383"
"18084","37.61004638671875","37.61004638671875","37.61004638671875"
"18085","39.804969787597656","39.804969787597656","39.804969787597656"
"18086","35.34822082519531","35.34822082519531","35.34822082519531"
"18090","35.31440734863281","35.31440734863281","35.31440734863281"
"18091","36.05839538574219","36.05839538574219","36.05839538574219"
"18093","36.4318962097168","36.4318962097168","36.4318962097168"
"18095","47.817893981933594","47.817893981933594","47.817893981933594"
"18101","40.108341217041016","40.108341217041016","40.108341217041016"
"18102","38.10368347167969","38.10368347167969","38.10368347167969"
"18106","38.93864440917969","38.93864440917969","38.93864440917969"
"18107","36.3619384765625","36.3619384765625","36.3619384765625"
"18108","40.721439361572266","40.721439361572266","40.721439361572266"
"18111","39.284141540527344","39.284141540527344","39.284141540527344"
"18114","31.565017700195312","31.565017700195312","31.565017700195312"
"18116","33.387657165527344","33.387657165527344","33.387657165527344"
"18117","42.585121154785156","42.585121154785156","42.585121154785156"
"18118","35.808753967285156","35.808753967285156","35.808753967285156"
"18120","41.817108154296875","41.817108154296875","41.817108154296875"
"18121","36.6464729309082","36.6464729309082","36.6464729309082"
"18122","38.55031967163086","38.55031967163086","38.55031967163086"
"18123","33.57484436035156","33.57484436035156","33.57484436035156"
"18125","41.64357376098633","41.64357376098633","41.64357376098633"
"18128","35.91740417480469","35.91740417480469","35.91740417480469"
"18129","42.462867736816406","42.462867736816406","42.462867736816406"
"18130","37.33329772949219","37.33329772949219","37.33329772949219"
"18135","38.7544059753418","38.7544059753418","38.7544059753418"
"18136","35.555728912353516","35.555728912353516","35.555728912353516"
"18139","35.325164794921875","35.325164794921875","35.325164794921875"
"18140","37.876319885253906","37.876319885253906","37.876319885253906"
"18143","39.47394561767578","39.47394561767578","39.47394561767578"
"18144","42.61048126220703","42.61048126220703","42.61048126220703"
"18150","51.55820846557617","51.55820846557617","51.55820846557617"
"18152","34.6014518737793","34.6014518737793","34.6014518737793"
"18158","45.53141784667969","45.53141784667969","45.53141784667969"
"18160","37.68647766113281","37.68647766113281","37.68647766113281"
"18161","37.29686737060547","37.29686737060547","37.29686737060547"
"18162","35.348575592041016","35.348575592041016","35.348575592041016"
"18165","34.80317687988281","34.80317687988281","34.80317687988281"
"18169","33.04793930053711","33.04793930053711","33.04793930053711"
"18170","32.06301498413086","32.06301498413086","32.06301498413086"
"18171","36.19279861450195","36.19279861450195","36.19279861450195"
"18172","36.02474594116211","36.02474594116211","36.02474594116211"
"18175","33.00537872314453","33.00537872314453","33.00537872314453"
"18176","76.19060516357422","76.19060516357422","76.19060516357422"
"18180","33.69282531738281","33.69282531738281","33.69282531738281"
"18181","40.945106506347656","40.945106506347656","40.945106506347656"
"18184","34.796470642089844","34.796470642089844","34.796470642089844"
"18185","33.29867172241211","33.29867172241211","33.29867172241211"
"18189","31.09021759033203","31.09021759033203","31.09021759033203"
"18191","40.60967254638672","40.60967254638672","40.60967254638672"
"18192","54.14281463623047","54.14281463623047","54.14281463623047"
"18196","30.596837997436523","30.596837997436523","30.596837997436523"
"18200","34.33531951904297","34.33531951904297","34.33531951904297"
"18202","36.9105224609375","36.9105224609375","36.9105224609375"
"18204","31.92294692993164","31.92294692993164","31.92294692993164"
"18206","41.766876220703125","41.766876220703125","41.766876220703125"
"18216","45.88616180419922","45.88616180419922","45.88616180419922"
"18217","34.619850158691406","34.619850158691406","34.619850158691406"
"18220","37.60855484008789","37.60855484008789","37.60855484008789"
"18224","714.7639770507812","714.7639770507812","714.7639770507812"
"18225","34.198585510253906","34.198585510253906","34.198585510253906"
"18226","34.75636672973633","34.75636672973633","34.75636672973633"
"18227","38.87321472167969","38.87321472167969","38.87321472167969"
"18235","33.44893264770508","33.44893264770508","33.44893264770508"
"18238","41.211395263671875","41.211395263671875","41.211395263671875"
"18242","37.70796203613281","37.70796203613281","37.70796203613281"
"18245","34.93961715698242","34.93961715698242","34.93961715698242"
"18246","37.972652435302734","37.972652435302734","37.972652435302734"
"18253","36.65445327758789","36.65445327758789","36.65445327758789"
"18255","37.44291305541992","37.44291305541992","37.44291305541992"
"18256","31.74924087524414","31.74924087524414","31.74924087524414"
"18259","41.05220031738281","41.05220031738281","41.05220031738281"
"18261","39.670166015625","39.670166015625","39.670166015625"
"18264","38.931175231933594","38.931175231933594","38.931175231933594"
"18265","34.34674072265625","34.34674072265625","34.34674072265625"
"18267","39.38117599487305","39.38117599487305","39.38117599487305"
"18274","40.529991149902344","40.529991149902344","40.529991149902344"
"18276","76.81842803955078","76.81842803955078","76.81842803955078"
"18278","47.54187774658203","47.54187774658203","47.54187774658203"
"18280","39.6794319152832","39.6794319152832","39.6794319152832"
"18283","44.22718048095703","44.22718048095703","44.22718048095703"
"18287","42.83063507080078","42.83063507080078","42.83063507080078"
"18288","33.54373550415039","33.54373550415039","33.54373550415039"
"18289","44.510684967041016","44.510684967041016","44.510684967041016"
"18290","31.962825775146484","31.962825775146484","31.962825775146484"
"18292","39.14812088012695","39.14812088012695","39.14812088012695"
"18293","35.5976676940918","35.5976676940918","35.5976676940918"
"18299","36.482139587402344","36.482139587402344","36.482139587402344"
"18300","36.65167999267578","36.65167999267578","36.65167999267578"
"18301","39.920719146728516","39.920719146728516","39.920719146728516"
"18303","35.58888244628906","35.58888244628906","35.58888244628906"
"18306","35.38756561279297","35.38756561279297","35.38756561279297"
"18307","35.261627197265625","35.261627197265625","35.261627197265625"
"18311","31.328609466552734","31.328609466552734","31.328609466552734"
"18312","42.864253997802734","42.864253997802734","42.864253997802734"
"18316","35.85712432861328","35.85712432861328","35.85712432861328"
"18318","36.06172180175781","36.06172180175781","36.06172180175781"
"18321","35.921173095703125","35.921173095703125","35.921173095703125"
"18323","36.02284622192383","36.02284622192383","36.02284622192383"
"18328","43.89929962158203","43.89929962158203","43.89929962158203"
"18329","39.62080383300781","39.62080383300781","39.62080383300781"
"18331","36.58159637451172","36.58159637451172","36.58159637451172"
"18333","44.42277145385742","44.42277145385742","44.42277145385742"
"18336","33.745601654052734","33.745601654052734","33.745601654052734"
"18339","40.19050598144531","40.19050598144531","40.19050598144531"
"18346","38.69082260131836","38.69082260131836","38.69082260131836"
"18348","37.698760986328125","37.698760986328125","37.698760986328125"
"18350","31.5720157623291","31.5720157623291","31.5720157623291"
"18356","33.18838119506836","33.18838119506836","33.18838119506836"
"18362","39.812156677246094","39.812156677246094","39.812156677246094"
"18363","32.41763687133789","32.41763687133789","32.41763687133789"
"18364","41.05080032348633","41.05080032348633","41.05080032348633"
"18368","820.5564575195312","820.5564575195312","820.5564575195312"
"18369","38.86259460449219","38.86259460449219","38.86259460449219"
"18371","32.37677764892578","32.37677764892578","32.37677764892578"
"18372","153.5474853515625","153.5474853515625","153.5474853515625"
"18374","37.14344024658203","37.14344024658203","37.14344024658203"
"18380","43.11246871948242","43.11246871948242","43.11246871948242"
"18384","38.09212875366211","38.09212875366211","38.09212875366211"
"18387","35.41415023803711","35.41415023803711","35.41415023803711"
"18390","44.70707321166992","44.70707321166992","44.70707321166992"
"18394","38.66797637939453","38.66797637939453","38.66797637939453"
"18396","44.11109924316406","44.11109924316406","44.11109924316406"
"18397","39.75834655761719","39.75834655761719","39.75834655761719"
"18398","39.15150833129883","39.15150833129883","39.15150833129883"
"18404","31.93108367919922","31.93108367919922","31.93108367919922"
"18406","44.7880859375","44.7880859375","44.7880859375"
"18408","33.820838928222656","33.820838928222656","33.820838928222656"
"18409","39.78970718383789","39.78970718383789","39.78970718383789"
"18412","38.81393051147461","38.81393051147461","38.81393051147461"
"18414","1005.5851440429688","1005.5851440429688","1005.5851440429688"
"18415","36.38997268676758","36.38997268676758","36.38997268676758"
"18416","37.09800338745117","37.09800338745117","37.09800338745117"
"18417","47.445865631103516","47.445865631103516","47.445865631103516"
"18419","38.34407043457031","38.34407043457031","38.34407043457031"
"18422","34.39288330078125","34.39288330078125","34.39288330078125"
"18425","38.60013198852539","38.60013198852539","38.60013198852539"
"18426","34.40283203125","34.40283203125","34.40283203125"
"18428","29.708003997802734","29.708003997802734","29.708003997802734"
"18429","38.62317657470703","38.62317657470703","38.62317657470703"
"18430","42.206260681152344","42.206260681152344","42.206260681152344"
"18431","37.649261474609375","37.649261474609375","37.649261474609375"
"18435","47.76849365234375","47.76849365234375","47.76849365234375"
"18436","33.52895736694336","33.52895736694336","33.52895736694336"
"18437","38.12605667114258","38.12605667114258","38.12605667114258"
"18439","38.85883331298828","38.85883331298828","38.85883331298828"
"18440","36.55325698852539","36.55325698852539","36.55325698852539"
"18441","37.521881103515625","37.521881103515625","37.521881103515625"
"18446","35.288795471191406","35.288795471191406","35.288795471191406"
"18448","35.466304779052734","35.466304779052734","35.466304779052734"
"18449","40.766693115234375","40.766693115234375","40.766693115234375"
"18450","38.25127029418945","38.25127029418945","38.25127029418945"
"18451","44.09084701538086","44.09084701538086","44.09084701538086"
"18452","42.893836975097656","42.893836975097656","42.893836975097656"
"18453","37.72990036010742","37.72990036010742","37.72990036010742"
"18455","39.9439811706543","39.9439811706543","39.9439811706543"
"18457","34.861961364746094","34.861961364746094","34.861961364746094"
"18458","34.88201141357422","34.88201141357422","34.88201141357422"
"18465","29.801315307617188","29.801315307617188","29.801315307617188"
"18468","40.50963592529297","40.50963592529297","40.50963592529297"
"18469","33.958168029785156","33.958168029785156","33.958168029785156"
"18470","35.403099060058594","35.403099060058594","35.403099060058594"
"18473","36.9090461730957","36.9090461730957","36.9090461730957"
"18476","34.87788009643555","34.87788009643555","34.87788009643555"
"18478","37.09016799926758","37.09016799926758","37.09016799926758"
"18482","37.03599548339844","37.03599548339844","37.03599548339844"
"18483","33.836116790771484","33.836116790771484","33.836116790771484"
"18486","32.109928131103516","32.109928131103516","32.109928131103516"
"18488","34.857688903808594","34.857688903808594","34.857688903808594"
"18491","33.28424835205078","33.28424835205078","33.28424835205078"
"18493","35.88689041137695","35.88689041137695","35.88689041137695"
"18497","37.83186340332031","37.83186340332031","37.83186340332031"
"18499","32.293800354003906","32.293800354003906","32.293800354003906"
"18501","41.10117721557617","41.10117721557617","41.10117721557617"
"18502","39.06265640258789","39.06265640258789","39.06265640258789"
"18505","35.261695861816406","35.261695861816406","35.261695861816406"
"18506","35.28586196899414","35.28586196899414","35.28586196899414"
"18509","41.331119537353516","41.331119537353516","41.331119537353516"
"18516","40.805824279785156","40.805824279785156","40.805824279785156"
"18517","36.376731872558594","36.376731872558594","36.376731872558594"
"18519","39.34981918334961","39.34981918334961","39.34981918334961"
"18520","36.4984245300293","36.4984245300293","36.4984245300293"
"18521","37.017250061035156","37.017250061035156","37.017250061035156"
"18524","39.76609420776367","39.76609420776367","39.76609420776367"
"18528","33.85755157470703","33.85755157470703","33.85755157470703"
"18530","47.42365646362305","47.42365646362305","47.42365646362305"
"18531","35.0136833190918","35.0136833190918","35.0136833190918"
"18532","39.173828125","39.173828125","39.173828125"
"18535","39.094417572021484","39.094417572021484","39.094417572021484"
"18541","34.773563385009766","34.773563385009766","34.773563385009766"
"18542","37.015567779541016","37.015567779541016","37.015567779541016"
"18544","38.96613311767578","38.96613311767578","38.96613311767578"
"18549","35.717201232910156","35.717201232910156","35.717201232910156"
"18550","36.77892303466797","36.77892303466797","36.77892303466797"
"18552","39.3936767578125","39.3936767578125","39.3936767578125"
"18564","35.3686637878418","35.3686637878418","35.3686637878418"
"18566","50.36498260498047","50.36498260498047","50.36498260498047"
"18567","32.73656463623047","32.73656463623047","32.73656463623047"
"18568","34.417327880859375","34.417327880859375","34.417327880859375"
"18570","35.882598876953125","35.882598876953125","35.882598876953125"
"18573","37.891563415527344","37.891563415527344","37.891563415527344"
"18576","31.663238525390625","31.663238525390625","31.663238525390625"
"18578","32.20098876953125","32.20098876953125","32.20098876953125"
"18579","43.22683334350586","43.22683334350586","43.22683334350586"
"18580","31.502033233642578","31.502033233642578","31.502033233642578"
"18583","35.437591552734375","35.437591552734375","35.437591552734375"
"18584","39.947410583496094","39.947410583496094","39.947410583496094"
"18587","38.53178024291992","38.53178024291992","38.53178024291992"
"18589","37.846641540527344","37.846641540527344","37.846641540527344"
"18593","43.11518096923828","43.11518096923828","43.11518096923828"
"18599","48.60633087158203","48.60633087158203","48.60633087158203"
"18604","36.71186447143555","36.71186447143555","36.71186447143555"
"18605","31.62862205505371","31.62862205505371","31.62862205505371"
"18610","39.700096130371094","39.700096130371094","39.700096130371094"
"18612","33.84040451049805","33.84040451049805","33.84040451049805"
"18619","33.900970458984375","33.900970458984375","33.900970458984375"
"18621","34.71397018432617","34.71397018432617","34.71397018432617"
"18627","2012.0849609375","2012.0849609375","2012.0849609375"
"18629","47.23760223388672","47.23760223388672","47.23760223388672"
"18631","40.04399108886719","40.04399108886719","40.04399108886719"
"18634","33.343631744384766","33.343631744384766","33.343631744384766"
"18635","35.326171875","35.326171875","35.326171875"
"18636","33.21393966674805","33.21393966674805","33.21393966674805"
"18638","47.046913146972656","47.046913146972656","47.046913146972656"
"18643","36.0872917175293","36.0872917175293","36.0872917175293"
"18647","39.08941650390625","39.08941650390625","39.08941650390625"
"18650","51.80358123779297","51.80358123779297","51.80358123779297"
"18652","36.564273834228516","36.564273834228516","36.564273834228516"
"18653","32.10956573486328","32.10956573486328","32.10956573486328"
"18656","47.7784538269043","47.7784538269043","47.7784538269043"
"18660","30.68675994873047","30.68675994873047","30.68675994873047"
"18663","41.347190856933594","41.347190856933594","41.347190856933594"
"18666","44.76319122314453","44.76319122314453","44.76319122314453"
"18667","45.81689453125","45.81689453125","45.81689453125"
"18668","36.717323303222656","36.717323303222656","36.717323303222656"
"18669","35.12214279174805","35.12214279174805","35.12214279174805"
"18671","34.047542572021484","34.047542572021484","34.047542572021484"
"18672","40.07707595825195","40.07707595825195","40.07707595825195"
"18677","38.608238220214844","38.608238220214844","38.608238220214844"
"18682","37.78898239135742","37.78898239135742","37.78898239135742"
"18684","34.58466339111328","34.58466339111328","34.58466339111328"
"18688","33.99306106567383","33.99306106567383","33.99306106567383"
"18690","36.749725341796875","36.749725341796875","36.749725341796875"
"18691","29.82396697998047","29.82396697998047","29.82396697998047"
"18692","40.10670852661133","40.10670852661133","40.10670852661133"
"18694","37.45468521118164","37.45468521118164","37.45468521118164"
"18698","44.761539459228516","44.761539459228516","44.761539459228516"
"18700","33.79035186767578","33.79035186767578","33.79035186767578"
"18704","30.133941650390625","30.133941650390625","30.133941650390625"
"18706","35.941673278808594","35.941673278808594","35.941673278808594"
"18707","32.8614616394043","32.8614616394043","32.8614616394043"
"18709","39.70075988769531","39.70075988769531","39.70075988769531"
"18710","33.489871978759766","33.489871978759766","33.489871978759766"
"18713","38.27313232421875","38.27313232421875","38.27313232421875"
"18715","38.508907318115234","38.508907318115234","38.508907318115234"
"18716","37.36944580078125","37.36944580078125","37.36944580078125"
"18720","32.17922592163086","32.17922592163086","32.17922592163086"
"18721","32.07061004638672","32.07061004638672","32.07061004638672"
"18724","30.915836334228516","30.915836334228516","30.915836334228516"
"18727","44.667205810546875","44.667205810546875","44.667205810546875"
"18729","58.51312255859375","58.51312255859375","58.51312255859375"
"18733","34.78498840332031","34.78498840332031","34.78498840332031"
"18738","39.13200759887695","39.13200759887695","39.13200759887695"
"18739","37.75797653198242","37.75797653198242","37.75797653198242"
"18742","39.84237289428711","39.84237289428711","39.84237289428711"
"18753","35.535396575927734","35.535396575927734","35.535396575927734"
"18754","37.466548919677734","37.466548919677734","37.466548919677734"
"18762","32.8908805847168","32.8908805847168","32.8908805847168"
"18768","68.94522094726562","68.94522094726562","68.94522094726562"
"18770","43.27819061279297","43.27819061279297","43.27819061279297"
"18772","38.95248031616211","38.95248031616211","38.95248031616211"
"18775","40.006446838378906","40.006446838378906","40.006446838378906"
"18779","36.6528205871582","36.6528205871582","36.6528205871582"
"18780","35.23191452026367","35.23191452026367","35.23191452026367"
"18781","29.66119956970215","29.66119956970215","29.66119956970215"
"18787","39.26727294921875","39.26727294921875","39.26727294921875"
"18789","45.19398498535156","45.19398498535156","45.19398498535156"
"18790","57.323997497558594","57.323997497558594","57.323997497558594"
"18792","34.97553634643555","34.97553634643555","34.97553634643555"
"18794","33.85190200805664","33.85190200805664","33.85190200805664"
"18795","37.88897705078125","37.88897705078125","37.88897705078125"
"18796","41.335540771484375","41.335540771484375","41.335540771484375"
"18798","35.866539001464844","35.866539001464844","35.866539001464844"
"18799","39.6319580078125","39.6319580078125","39.6319580078125"
"18802","47.760379791259766","47.760379791259766","47.760379791259766"
"18805","37.565834045410156","37.565834045410156","37.565834045410156"
"18806","34.152400970458984","34.152400970458984","34.152400970458984"
"18810","43.56571960449219","43.56571960449219","43.56571960449219"
"18817","32.606876373291016","32.606876373291016","32.606876373291016"
"18818","34.883602142333984","34.883602142333984","34.883602142333984"
"18819","37.91810607910156","37.91810607910156","37.91810607910156"
"18820","51.53336715698242","51.53336715698242","51.53336715698242"
"18821","51.596519470214844","51.596519470214844","51.596519470214844"
"18824","40.0303840637207","40.0303840637207","40.0303840637207"
"18825","38.99169921875","38.99169921875","38.99169921875"
"18829","30.763328552246094","30.763328552246094","30.763328552246094"
"18834","30.018400192260742","30.018400192260742","30.018400192260742"
"18836","33.551795959472656","33.551795959472656","33.551795959472656"
"18839","34.31679916381836","34.31679916381836","34.31679916381836"
"18840","45.639488220214844","45.639488220214844","45.639488220214844"
"18841","40.92741775512695","40.92741775512695","40.92741775512695"
"18843","35.37261962890625","35.37261962890625","35.37261962890625"
"18847","36.41987228393555","36.41987228393555","36.41987228393555"
"18848","37.06291198730469","37.06291198730469","37.06291198730469"
"18857","36.83490753173828","36.83490753173828","36.83490753173828"
"18862","44.380287170410156","44.380287170410156","44.380287170410156"
"18863","37.45140075683594","37.45140075683594","37.45140075683594"
"18864","36.67836380004883","36.67836380004883","36.67836380004883"
"18865","33.689064025878906","33.689064025878906","33.689064025878906"
"18866","39.97154998779297","39.97154998779297","39.97154998779297"
"18867","36.63485336303711","36.63485336303711","36.63485336303711"
"18869","116.82122802734375","116.82122802734375","116.82122802734375"
"18871","44.48755645751953","44.48755645751953","44.48755645751953"
"18873","34.4962043762207","34.4962043762207","34.4962043762207"
"18874","41.080223083496094","41.080223083496094","41.080223083496094"
"18875","35.26667785644531","35.26667785644531","35.26667785644531"
"18877","42.84996032714844","42.84996032714844","42.84996032714844"
"18878","43.01545715332031","43.01545715332031","43.01545715332031"
"18880","38.686256408691406","38.686256408691406","38.686256408691406"
"18882","44.30685806274414","44.30685806274414","44.30685806274414"
"18887","41.927032470703125","41.927032470703125","41.927032470703125"
"18888","35.24756622314453","35.24756622314453","35.24756622314453"
"18890","32.94635009765625","32.94635009765625","32.94635009765625"
"18891","35.02507019042969","35.02507019042969","35.02507019042969"
"18892","40.20103073120117","40.20103073120117","40.20103073120117"
"18893","37.89132308959961","37.89132308959961","37.89132308959961"
"18896","34.81444549560547","34.81444549560547","34.81444549560547"
"18897","43.597572326660156","43.597572326660156","43.597572326660156"
"18900","34.27959442138672","34.27959442138672","34.27959442138672"
"18903","35.12983703613281","35.12983703613281","35.12983703613281"
"18907","37.710723876953125","37.710723876953125","37.710723876953125"
"18908","32.781063079833984","32.781063079833984","32.781063079833984"
"18912","34.13564682006836","34.13564682006836","34.13564682006836"
"18917","38.61084747314453","38.61084747314453","38.61084747314453"
"18918","37.978729248046875","37.978729248046875","37.978729248046875"
"18919","55.755088806152344","55.755088806152344","55.755088806152344"
"18922","39.66538619995117","39.66538619995117","39.66538619995117"
"18923","42.17007827758789","42.17007827758789","42.17007827758789"
"18924","43.05987548828125","43.05987548828125","43.05987548828125"
"18925","34.20848083496094","34.20848083496094","34.20848083496094"
"18928","44.19330596923828","44.19330596923828","44.19330596923828"
"18933","44.07992935180664","44.07992935180664","44.07992935180664"
"18934","35.51780700683594","35.51780700683594","35.51780700683594"
"18937","36.802425384521484","36.802425384521484","36.802425384521484"
"18941","37.988338470458984","37.988338470458984","37.988338470458984"
"18944","39.731624603271484","39.731624603271484","39.731624603271484"
"18945","34.06977081298828","34.06977081298828","34.06977081298828"
"18946","37.449310302734375","37.449310302734375","37.449310302734375"
"18948","32.278160095214844","32.278160095214844","32.278160095214844"
"18949","28.799560546875","28.799560546875","28.799560546875"
"18950","36.4687385559082","36.4687385559082","36.4687385559082"
"18953","36.54350280761719","36.54350280761719","36.54350280761719"
"18962","35.545005798339844","35.545005798339844","35.545005798339844"
"18966","32.335365295410156","32.335365295410156","32.335365295410156"
"18972","55.949546813964844","55.949546813964844","55.949546813964844"
"18974","37.24711990356445","37.24711990356445","37.24711990356445"
"18975","39.74641036987305","39.74641036987305","39.74641036987305"
"18980","30.523387908935547","30.523387908935547","30.523387908935547"
"18982","41.753787994384766","41.753787994384766","41.753787994384766"
"18983","119.7501449584961","119.7501449584961","119.7501449584961"
"18984","42.93511962890625","42.93511962890625","42.93511962890625"
"18986","31.89592933654785","31.89592933654785","31.89592933654785"
"18989","34.68058776855469","34.68058776855469","34.68058776855469"
"18995","37.5288200378418","37.5288200378418","37.5288200378418"
"18997","35.452571868896484","35.452571868896484","35.452571868896484"
"18998","44.734745025634766","44.734745025634766","44.734745025634766"
"19001","30.4735107421875","30.4735107421875","30.4735107421875"
"19002","45.38581085205078","45.38581085205078","45.38581085205078"
"19005","31.406734466552734","31.406734466552734","31.406734466552734"
"19006","36.75346755981445","36.75346755981445","36.75346755981445"
"19009","44.1969108581543","44.1969108581543","44.1969108581543"
"19015","39.681602478027344","39.681602478027344","39.681602478027344"
"19021","31.396142959594727","31.396142959594727","31.396142959594727"
"19022","41.256473541259766","41.256473541259766","41.256473541259766"
"19025","34.734676361083984","34.734676361083984","34.734676361083984"
"19026","38.47365951538086","38.47365951538086","38.47365951538086"
"19027","40.16716766357422","40.16716766357422","40.16716766357422"
"19029","229.8199005126953","229.8199005126953","229.8199005126953"
"19031","38.65644836425781","38.65644836425781","38.65644836425781"
"19034","33.6677360534668","33.6677360534668","33.6677360534668"
"19036","41.336570739746094","41.336570739746094","41.336570739746094"
"19039","42.644683837890625","42.644683837890625","42.644683837890625"
"19041","33.69270324707031","33.69270324707031","33.69270324707031"
"19043","30.290996551513672","30.290996551513672","30.290996551513672"
"19045","37.68263244628906","37.68263244628906","37.68263244628906"
"19050","31.853681564331055","31.853681564331055","31.853681564331055"
"19056","32.59832763671875","32.59832763671875","32.59832763671875"
"19057","63.53561782836914","63.53561782836914","63.53561782836914"
"19060","47.716094970703125","47.716094970703125","47.716094970703125"
"19061","41.788143157958984","41.788143157958984","41.788143157958984"
"19068","41.038551330566406","41.038551330566406","41.038551330566406"
"19072","39.2706298828125","39.2706298828125","39.2706298828125"
"19075","33.238929748535156","33.238929748535156","33.238929748535156"
"19079","37.65463638305664","37.65463638305664","37.65463638305664"
"19086","38.180824279785156","38.180824279785156","38.180824279785156"
"19090","40.971588134765625","40.971588134765625","40.971588134765625"
"19092","37.94499206542969","37.94499206542969","37.94499206542969"
"19094","35.90068817138672","35.90068817138672","35.90068817138672"
"19097","31.679462432861328","31.679462432861328","31.679462432861328"
"19098","39.41834259033203","39.41834259033203","39.41834259033203"
"19108","32.37472915649414","32.37472915649414","32.37472915649414"
"19110","33.84596252441406","33.84596252441406","33.84596252441406"
"19113","33.18791198730469","33.18791198730469","33.18791198730469"
"19114","36.92127990722656","36.92127990722656","36.92127990722656"
"19115","36.87342071533203","36.87342071533203","36.87342071533203"
"19118","42.7234992980957","42.7234992980957","42.7234992980957"
"19123","34.70716857910156","34.70716857910156","34.70716857910156"
"19124","39.21635818481445","39.21635818481445","39.21635818481445"
"19125","40.413978576660156","40.413978576660156","40.413978576660156"
"19126","33.82255172729492","33.82255172729492","33.82255172729492"
"19127","38.50074005126953","38.50074005126953","38.50074005126953"
"19130","41.028038024902344","41.028038024902344","41.028038024902344"
"19133","43.14609909057617","43.14609909057617","43.14609909057617"
"19134","32.9826774597168","32.9826774597168","32.9826774597168"
"19135","38.85624313354492","38.85624313354492","38.85624313354492"
"19136","41.18756103515625","41.18756103515625","41.18756103515625"
"19138","34.19205856323242","34.19205856323242","34.19205856323242"
"19139","39.407840728759766","39.407840728759766","39.407840728759766"
"19140","45.04210662841797","45.04210662841797","45.04210662841797"
"19141","77.76075744628906","77.76075744628906","77.76075744628906"
"19144","38.517295837402344","38.517295837402344","38.517295837402344"
"19145","37.65238952636719","37.65238952636719","37.65238952636719"
"19147","48.93730163574219","48.93730163574219","48.93730163574219"
"19150","44.43425750732422","44.43425750732422","44.43425750732422"
"19153","44.123497009277344","44.123497009277344","44.123497009277344"
"19158","37.5135498046875","37.5135498046875","37.5135498046875"
"19159","37.78632736206055","37.78632736206055","37.78632736206055"
"19160","36.40074157714844","36.40074157714844","36.40074157714844"
"19166","33.99324417114258","33.99324417114258","33.99324417114258"
"19167","38.817039489746094","38.817039489746094","38.817039489746094"
"19168","33.45689392089844","33.45689392089844","33.45689392089844"
"19169","35.01312255859375","35.01312255859375","35.01312255859375"
"19175","38.71274948120117","38.71274948120117","38.71274948120117"
"19176","38.31111526489258","38.31111526489258","38.31111526489258"
"19177","39.233978271484375","39.233978271484375","39.233978271484375"
"19179","36.790428161621094","36.790428161621094","36.790428161621094"
"19180","47.344322204589844","47.344322204589844","47.344322204589844"
"19181","38.66099166870117","38.66099166870117","38.66099166870117"
"19186","34.389705657958984","34.389705657958984","34.389705657958984"
"19194","35.49794006347656","35.49794006347656","35.49794006347656"
"19196","34.393882751464844","34.393882751464844","34.393882751464844"
"19197","33.43061065673828","33.43061065673828","33.43061065673828"
"19198","42.58399200439453","42.58399200439453","42.58399200439453"
"19200","34.083984375","34.083984375","34.083984375"
"19202","1186.2376708984375","1186.2376708984375","1186.2376708984375"
"19203","30.744773864746094","30.744773864746094","30.744773864746094"
"19204","37.02851104736328","37.02851104736328","37.02851104736328"
"19205","39.731849670410156","39.731849670410156","39.731849670410156"
"19207","32.7801513671875","32.7801513671875","32.7801513671875"
"19208","43.496131896972656","43.496131896972656","43.496131896972656"
"19209","32.04304122924805","32.04304122924805","32.04304122924805"
"19212","41.79765701293945","41.79765701293945","41.79765701293945"
"19215","40.303489685058594","40.303489685058594","40.303489685058594"
"19219","40.19464874267578","40.19464874267578","40.19464874267578"
"19221","34.08098220825195","34.08098220825195","34.08098220825195"
"19223","46.476253509521484","46.476253509521484","46.476253509521484"
"19224","40.83230209350586","40.83230209350586","40.83230209350586"
"19225","36.01487350463867","36.01487350463867","36.01487350463867"
"19229","39.249786376953125","39.249786376953125","39.249786376953125"
"19231","33.05693054199219","33.05693054199219","33.05693054199219"
"19233","41.67152786254883","41.67152786254883","41.67152786254883"
"19234","35.22320556640625","35.22320556640625","35.22320556640625"
"19235","34.98748016357422","34.98748016357422","34.98748016357422"
"19242","42.483665466308594","42.483665466308594","42.483665466308594"
"19248","36.2280158996582","36.2280158996582","36.2280158996582"
"19250","37.32366943359375","37.32366943359375","37.32366943359375"
"19252","32.93798065185547","32.93798065185547","32.93798065185547"
"19255","34.471744537353516","34.471744537353516","34.471744537353516"
"19257","34.88230895996094","34.88230895996094","34.88230895996094"
"19259","38.08991241455078","38.08991241455078","38.08991241455078"
"19260","36.225345611572266","36.225345611572266","36.225345611572266"
"19262","44.25629425048828","44.25629425048828","44.25629425048828"
"19263","31.62425994873047","31.62425994873047","31.62425994873047"
"19264","31.52061653137207","31.52061653137207","31.52061653137207"
"19265","37.244659423828125","37.244659423828125","37.244659423828125"
"19266","43.6040153503418","43.6040153503418","43.6040153503418"
"19268","41.28085708618164","41.28085708618164","41.28085708618164"
"19274","39.55190658569336","39.55190658569336","39.55190658569336"
"19276","39.4646110534668","39.4646110534668","39.4646110534668"
"19277","30.447940826416016","30.447940826416016","30.447940826416016"
"19280","37.93095397949219","37.93095397949219","37.93095397949219"
"19283","34.074867248535156","34.074867248535156","34.074867248535156"
"19284","34.86880111694336","34.86880111694336","34.86880111694336"
"19286","35.41550827026367","35.41550827026367","35.41550827026367"
"19287","40.147430419921875","40.147430419921875","40.147430419921875"
"19288","36.74128341674805","36.74128341674805","36.74128341674805"
"19289","38.11289978027344","38.11289978027344","38.11289978027344"
"19295","42.65065002441406","42.65065002441406","42.65065002441406"
"19296","32.88473129272461","32.88473129272461","32.88473129272461"
"19297","63.69318771362305","63.69318771362305","63.69318771362305"
"19299","36.91841125488281","36.91841125488281","36.91841125488281"
"19300","34.921775817871094","34.921775817871094","34.921775817871094"
"19302","34.32476043701172","34.32476043701172","34.32476043701172"
"19303","42.25711441040039","42.25711441040039","42.25711441040039"
"19306","31.626880645751953","31.626880645751953","31.626880645751953"
"19310","29.331443786621094","29.331443786621094","29.331443786621094"
"19312","570.3775024414062","570.3775024414062","570.3775024414062"
"19314","37.224605560302734","37.224605560302734","37.224605560302734"
"19317","33.89826965332031","33.89826965332031","33.89826965332031"
"19319","41.33317565917969","41.33317565917969","41.33317565917969"
"19322","38.64634323120117","38.64634323120117","38.64634323120117"
"19325","36.65854263305664","36.65854263305664","36.65854263305664"
"19329","31.000991821289062","31.000991821289062","31.000991821289062"
"19330","34.37137222290039","34.37137222290039","34.37137222290039"
"19335","108.60193634033203","108.60193634033203","108.60193634033203"
"19342","39.53788375854492","39.53788375854492","39.53788375854492"
"19348","38.66099166870117","38.66099166870117","38.66099166870117"
"19349","34.84419631958008","34.84419631958008","34.84419631958008"
"19351","45.773658752441406","45.773658752441406","45.773658752441406"
"19355","36.74420928955078","36.74420928955078","36.74420928955078"
"19358","38.912601470947266","38.912601470947266","38.912601470947266"
"19359","37.60797119140625","37.60797119140625","37.60797119140625"
"19360","43.47710037231445","43.47710037231445","43.47710037231445"
"19362","37.647743225097656","37.647743225097656","37.647743225097656"
"19363","37.350929260253906","37.350929260253906","37.350929260253906"
"19369","36.99443817138672","36.99443817138672","36.99443817138672"
"19370","31.800357818603516","31.800357818603516","31.800357818603516"
"19371","31.7575740814209","31.7575740814209","31.7575740814209"
"19376","36.76938247680664","36.76938247680664","36.76938247680664"
"19377","46.92332077026367","46.92332077026367","46.92332077026367"
"19378","36.21334457397461","36.21334457397461","36.21334457397461"
"19380","35.725372314453125","35.725372314453125","35.725372314453125"
"19382","37.38166809082031","37.38166809082031","37.38166809082031"
"19387","36.772216796875","36.772216796875","36.772216796875"
"19388","35.751075744628906","35.751075744628906","35.751075744628906"
"19393","37.31000518798828","37.31000518798828","37.31000518798828"
"19394","36.91156768798828","36.91156768798828","36.91156768798828"
"19395","204.41891479492188","204.41891479492188","204.41891479492188"
"19397","33.56416320800781","33.56416320800781","33.56416320800781"
"19401","36.558109283447266","36.558109283447266","36.558109283447266"
"19404","45.38932800292969","45.38932800292969","45.38932800292969"
"19405","49.652313232421875","49.652313232421875","49.652313232421875"
"19406","34.6770133972168","34.6770133972168","34.6770133972168"
"19407","31.948532104492188","31.948532104492188","31.948532104492188"
"19408","33.742347717285156","33.742347717285156","33.742347717285156"
"19410","34.52009963989258","34.52009963989258","34.52009963989258"
"19412","36.85023498535156","36.85023498535156","36.85023498535156"
"19413","34.071678161621094","34.071678161621094","34.071678161621094"
"19415","39.127777099609375","39.127777099609375","39.127777099609375"
"19420","36.537200927734375","36.537200927734375","36.537200927734375"
"19422","31.203664779663086","31.203664779663086","31.203664779663086"
"19428","32.45081329345703","32.45081329345703","32.45081329345703"
"19434","35.450645446777344","35.450645446777344","35.450645446777344"
"19435","41.10157012939453","41.10157012939453","41.10157012939453"
"19436","1023.675537109375","1023.675537109375","1023.675537109375"
"19437","35.24763488769531","35.24763488769531","35.24763488769531"
"19440","33.39807891845703","33.39807891845703","33.39807891845703"
"19443","35.902034759521484","35.902034759521484","35.902034759521484"
"19445","34.80912399291992","34.80912399291992","34.80912399291992"
"19446","39.938453674316406","39.938453674316406","39.938453674316406"
"19448","44.93531036376953","44.93531036376953","44.93531036376953"
"19449","37.674842834472656","37.674842834472656","37.674842834472656"
"19452","49.07975769042969","49.07975769042969","49.07975769042969"
"19459","40.29233932495117","40.29233932495117","40.29233932495117"
"19460","36.60326385498047","36.60326385498047","36.60326385498047"
"19463","33.67391586303711","33.67391586303711","33.67391586303711"
"19467","36.473209381103516","36.473209381103516","36.473209381103516"
"19470","32.978179931640625","32.978179931640625","32.978179931640625"
"19477","32.9735221862793","32.9735221862793","32.9735221862793"
"19479","34.32469940185547","34.32469940185547","34.32469940185547"
"19480","43.68448257446289","43.68448257446289","43.68448257446289"
"19484","37.259803771972656","37.259803771972656","37.259803771972656"
"19485","35.67192077636719","35.67192077636719","35.67192077636719"
"19486","30.728282928466797","30.728282928466797","30.728282928466797"
"19488","37.904991149902344","37.904991149902344","37.904991149902344"
"19489","33.642276763916016","33.642276763916016","33.642276763916016"
"19490","40.43347930908203","40.43347930908203","40.43347930908203"
"19492","32.368255615234375","32.368255615234375","32.368255615234375"
"19493","36.229286193847656","36.229286193847656","36.229286193847656"
"19498","30.459308624267578","30.459308624267578","30.459308624267578"
"19499","41.32927322387695","41.32927322387695","41.32927322387695"
"19501","40.199981689453125","40.199981689453125","40.199981689453125"
"19505","37.84814453125","37.84814453125","37.84814453125"
"19506","39.42229461669922","39.42229461669922","39.42229461669922"
"19507","36.07014465332031","36.07014465332031","36.07014465332031"
"19509","41.09361267089844","41.09361267089844","41.09361267089844"
"19510","42.570655822753906","42.570655822753906","42.570655822753906"
"19515","37.14583206176758","37.14583206176758","37.14583206176758"
"19517","3261.06884765625","3261.06884765625","3261.06884765625"
"19518","35.73949432373047","35.73949432373047","35.73949432373047"
"19519","33.474735260009766","33.474735260009766","33.474735260009766"
"19520","35.412139892578125","35.412139892578125","35.412139892578125"
"19521","35.61559295654297","35.61559295654297","35.61559295654297"
"19522","34.834617614746094","34.834617614746094","34.834617614746094"
"19524","38.02618408203125","38.02618408203125","38.02618408203125"
"19528","978.2344970703125","978.2344970703125","978.2344970703125"
"19529","34.72897720336914","34.72897720336914","34.72897720336914"
"19532","36.21867370605469","36.21867370605469","36.21867370605469"
"19533","38.13434600830078","38.13434600830078","38.13434600830078"
"19534","35.15983963012695","35.15983963012695","35.15983963012695"
"19543","40.166316986083984","40.166316986083984","40.166316986083984"
"19544","39.429359436035156","39.429359436035156","39.429359436035156"
"19545","39.014137268066406","39.014137268066406","39.014137268066406"
"19547","36.63446044921875","36.63446044921875","36.63446044921875"
"19548","39.689125061035156","39.689125061035156","39.689125061035156"
"19556","43.28950500488281","43.28950500488281","43.28950500488281"
"19561","37.76046371459961","37.76046371459961","37.76046371459961"
"19562","31.064050674438477","31.064050674438477","31.064050674438477"
"19563","36.392311096191406","36.392311096191406","36.392311096191406"
"19564","544.466064453125","544.466064453125","544.466064453125"
"19566","38.920005798339844","38.920005798339844","38.920005798339844"
"19569","36.74460220336914","36.74460220336914","36.74460220336914"
"19570","36.3604621887207","36.3604621887207","36.3604621887207"
"19571","35.54604721069336","35.54604721069336","35.54604721069336"
"19572","37.782135009765625","37.782135009765625","37.782135009765625"
"19580","49.0458984375","49.0458984375","49.0458984375"
"19581","37.62191390991211","37.62191390991211","37.62191390991211"
"19584","35.29280090332031","35.29280090332031","35.29280090332031"
"19587","33.27402877807617","33.27402877807617","33.27402877807617"
"19591","38.244667053222656","38.244667053222656","38.244667053222656"
"19592","35.00059127807617","35.00059127807617","35.00059127807617"
"19593","37.27836227416992","37.27836227416992","37.27836227416992"
"19594","37.80596160888672","37.80596160888672","37.80596160888672"
"19597","42.922237396240234","42.922237396240234","42.922237396240234"
"19601","35.51386260986328","35.51386260986328","35.51386260986328"
"19602","34.04743957519531","34.04743957519531","34.04743957519531"
"19603","31.616125106811523","31.616125106811523","31.616125106811523"
"19604","40.01599884033203","40.01599884033203","40.01599884033203"
"19617","44.40629196166992","44.40629196166992","44.40629196166992"
"19619","37.725833892822266","37.725833892822266","37.725833892822266"
"19620","43.28740692138672","43.28740692138672","43.28740692138672"
"19622","36.15716552734375","36.15716552734375","36.15716552734375"
"19626","35.439022064208984","35.439022064208984","35.439022064208984"
"19627","32.47481155395508","32.47481155395508","32.47481155395508"
"19633","36.56698989868164","36.56698989868164","36.56698989868164"
"19637","38.1304931640625","38.1304931640625","38.1304931640625"
"19640","38.704002380371094","38.704002380371094","38.704002380371094"
"19643","38.72773742675781","38.72773742675781","38.72773742675781"
"19647","33.357357025146484","33.357357025146484","33.357357025146484"
"19649","44.31162643432617","44.31162643432617","44.31162643432617"
"19650","36.253326416015625","36.253326416015625","36.253326416015625"
"19651","33.59383773803711","33.59383773803711","33.59383773803711"
"19652","34.78730010986328","34.78730010986328","34.78730010986328"
"19653","35.729190826416016","35.729190826416016","35.729190826416016"
"19655","33.75291442871094","33.75291442871094","33.75291442871094"
"19656","40.06928253173828","40.06928253173828","40.06928253173828"
"19658","35.286170959472656","35.286170959472656","35.286170959472656"
"19659","77.94880676269531","77.94880676269531","77.94880676269531"
"19662","36.939395904541016","36.939395904541016","36.939395904541016"
"19663","31.734214782714844","31.734214782714844","31.734214782714844"
"19665","41.421756744384766","41.421756744384766","41.421756744384766"
"19670","39.19635009765625","39.19635009765625","39.19635009765625"
"19672","40.40569305419922","40.40569305419922","40.40569305419922"
"19673","42.96221160888672","42.96221160888672","42.96221160888672"
"19674","34.49022674560547","34.49022674560547","34.49022674560547"
"19675","37.71738815307617","37.71738815307617","37.71738815307617"
"19678","47.26878356933594","47.26878356933594","47.26878356933594"
"19679","42.62925338745117","42.62925338745117","42.62925338745117"
"19680","35.74648666381836","35.74648666381836","35.74648666381836"
"19681","44.8974723815918","44.8974723815918","44.8974723815918"
"19682","38.582000732421875","38.582000732421875","38.582000732421875"
"19685","44.32451248168945","44.32451248168945","44.32451248168945"
"19688","30.905113220214844","30.905113220214844","30.905113220214844"
"19694","33.0135383605957","33.0135383605957","33.0135383605957"
"19695","35.257240295410156","35.257240295410156","35.257240295410156"
"19703","38.461551666259766","38.461551666259766","38.461551666259766"
"19708","31.66134262084961","31.66134262084961","31.66134262084961"
"19710","39.75370788574219","39.75370788574219","39.75370788574219"
"19711","49.246585845947266","49.246585845947266","49.246585845947266"
"19714","90.4737548828125","90.4737548828125","90.4737548828125"
"19715","46.45789337158203","46.45789337158203","46.45789337158203"
"19717","31.505939483642578","31.505939483642578","31.505939483642578"
"19718","37.354347229003906","37.354347229003906","37.354347229003906"
"19722","65.34074401855469","65.34074401855469","65.34074401855469"
"19724","31.317928314208984","31.317928314208984","31.317928314208984"
"19725","44.04075622558594","44.04075622558594","44.04075622558594"
"19729","36.2864990234375","36.2864990234375","36.2864990234375"
"19731","46.547481536865234","46.547481536865234","46.547481536865234"
"19739","36.46181869506836","36.46181869506836","36.46181869506836"
"19743","39.165122985839844","39.165122985839844","39.165122985839844"
"19751","37.37774658203125","37.37774658203125","37.37774658203125"
"19752","34.056640625","34.056640625","34.056640625"
"19757","38.85425567626953","38.85425567626953","38.85425567626953"
"19759","36.001373291015625","36.001373291015625","36.001373291015625"
"19760","40.428897857666016","40.428897857666016","40.428897857666016"
"19762","35.99372100830078","35.99372100830078","35.99372100830078"
"19763","33.263954162597656","33.263954162597656","33.263954162597656"
"19767","33.8803596496582","33.8803596496582","33.8803596496582"
"19769","36.068634033203125","36.068634033203125","36.068634033203125"
"19770","38.08548355102539","38.08548355102539","38.08548355102539"
"19771","39.237213134765625","39.237213134765625","39.237213134765625"
"19773","38.11512756347656","38.11512756347656","38.11512756347656"
"19776","42.365203857421875","42.365203857421875","42.365203857421875"
"19783","32.84182357788086","32.84182357788086","32.84182357788086"
"19786","31.55314826965332","31.55314826965332","31.55314826965332"
"19787","36.43239974975586","36.43239974975586","36.43239974975586"
"19788","41.8621826171875","41.8621826171875","41.8621826171875"
"19791","44.53095626831055","44.53095626831055","44.53095626831055"
"19794","38.86743927001953","38.86743927001953","38.86743927001953"
"19796","260.5977783203125","260.5977783203125","260.5977783203125"
"19800","32.24653625488281","32.24653625488281","32.24653625488281"
"19804","39.771766662597656","39.771766662597656","39.771766662597656"
"19805","3857.48681640625","3857.48681640625","3857.48681640625"
"19806","35.469810485839844","35.469810485839844","35.469810485839844"
"19807","1809.9459228515625","1809.9459228515625","1809.9459228515625"
"19808","46.20225524902344","46.20225524902344","46.20225524902344"
"19817","41.558841705322266","41.558841705322266","41.558841705322266"
"19818","268.1622009277344","268.1622009277344","268.1622009277344"
"19819","37.055152893066406","37.055152893066406","37.055152893066406"
"19824","31.333755493164062","31.333755493164062","31.333755493164062"
"19826","44.241302490234375","44.241302490234375","44.241302490234375"
"19828","36.058223724365234","36.058223724365234","36.058223724365234"
"19835","39.00669860839844","39.00669860839844","39.00669860839844"
"19837","44.833614349365234","44.833614349365234","44.833614349365234"
"19838","39.39894485473633","39.39894485473633","39.39894485473633"
"19840","34.48134994506836","34.48134994506836","34.48134994506836"
"19842","34.02113342285156","34.02113342285156","34.02113342285156"
"19846","40.97151184082031","40.97151184082031","40.97151184082031"
"19851","31.65626335144043","31.65626335144043","31.65626335144043"
"19862","35.148223876953125","35.148223876953125","35.148223876953125"
"19863","38.409423828125","38.409423828125","38.409423828125"
"19864","33.53129577636719","33.53129577636719","33.53129577636719"
"19866","34.26016616821289","34.26016616821289","34.26016616821289"
"19867","39.00023651123047","39.00023651123047","39.00023651123047"
"19869","36.04115295410156","36.04115295410156","36.04115295410156"
"19870","41.905128479003906","41.905128479003906","41.905128479003906"
"19872","37.19188690185547","37.19188690185547","37.19188690185547"
"19877","38.35569381713867","38.35569381713867","38.35569381713867"
"19878","42.12460708618164","42.12460708618164","42.12460708618164"
"19879","28.720882415771484","28.720882415771484","28.720882415771484"
"19882","34.54750061035156","34.54750061035156","34.54750061035156"
"19885","32.476776123046875","32.476776123046875","32.476776123046875"
"19887","35.43386459350586","35.43386459350586","35.43386459350586"
"19890","31.070117950439453","31.070117950439453","31.070117950439453"
"19893","34.21518325805664","34.21518325805664","34.21518325805664"
"19898","34.566680908203125","34.566680908203125","34.566680908203125"
"19899","35.076568603515625","35.076568603515625","35.076568603515625"
"19900","32.837615966796875","32.837615966796875","32.837615966796875"
"19901","34.00659942626953","34.00659942626953","34.00659942626953"
"19903","58.555030822753906","58.555030822753906","58.555030822753906"
"19905","51.394588470458984","51.394588470458984","51.394588470458984"
"19906","31.834104537963867","31.834104537963867","31.834104537963867"
"19907","38.06607437133789","38.06607437133789","38.06607437133789"
"19908","39.05891799926758","39.05891799926758","39.05891799926758"
"19910","38.33797836303711","38.33797836303711","38.33797836303711"
"19911","36.02037811279297","36.02037811279297","36.02037811279297"
"19915","860.2772216796875","860.2772216796875","860.2772216796875"
"19917","37.0234375","37.0234375","37.0234375"
"19920","34.84831237792969","34.84831237792969","34.84831237792969"
"19921","36.853458404541016","36.853458404541016","36.853458404541016"
"19923","36.984161376953125","36.984161376953125","36.984161376953125"
"19928","32.1983642578125","32.1983642578125","32.1983642578125"
"19929","38.47362518310547","38.47362518310547","38.47362518310547"
"19930","38.2386589050293","38.2386589050293","38.2386589050293"
"19931","48.922882080078125","48.922882080078125","48.922882080078125"
"19933","420.79425048828125","420.79425048828125","420.79425048828125"
"19934","37.340972900390625","37.340972900390625","37.340972900390625"
"19936","34.8110466003418","34.8110466003418","34.8110466003418"
"19937","29.530986785888672","29.530986785888672","29.530986785888672"
"19938","46.349266052246094","46.349266052246094","46.349266052246094"
"19940","37.96139144897461","37.96139144897461","37.96139144897461"
"19942","32.78001403808594","32.78001403808594","32.78001403808594"
"19944","35.11207962036133","35.11207962036133","35.11207962036133"
"19945","36.66130828857422","36.66130828857422","36.66130828857422"
"19948","32.95635223388672","32.95635223388672","32.95635223388672"
"19949","54.28081130981445","54.28081130981445","54.28081130981445"
"19953","39.433502197265625","39.433502197265625","39.433502197265625"
"19956","34.93866729736328","34.93866729736328","34.93866729736328"
"19958","33.22801208496094","33.22801208496094","33.22801208496094"
"19959","36.16091537475586","36.16091537475586","36.16091537475586"
"19963","315.21282958984375","315.21282958984375","315.21282958984375"
"19967","37.51068878173828","37.51068878173828","37.51068878173828"
"19972","56.153934478759766","56.153934478759766","56.153934478759766"
"19975","44.909122467041016","44.909122467041016","44.909122467041016"
"19980","38.58089828491211","38.58089828491211","38.58089828491211"
"19985","42.218711853027344","42.218711853027344","42.218711853027344"
"19987","31.66986846923828","31.66986846923828","31.66986846923828"
"19991","40.91819381713867","40.91819381713867","40.91819381713867"
"19995","33.018798828125","33.018798828125","33.018798828125"
"19996","36.71334457397461","36.71334457397461","36.71334457397461"
"20000","43.76210403442383","43.76210403442383","43.76210403442383"
"20005","36.91140365600586","36.91140365600586","36.91140365600586"
"20007","54.579959869384766","54.579959869384766","54.579959869384766"
"20008","38.61521911621094","38.61521911621094","38.61521911621094"
"20009","35.30612564086914","35.30612564086914","35.30612564086914"
"20010","40.75562286376953","40.75562286376953","40.75562286376953"
"20013","46.1168212890625","46.1168212890625","46.1168212890625"
"20017","32.75975799560547","32.75975799560547","32.75975799560547"
"20018","39.185325622558594","39.185325622558594","39.185325622558594"
"20022","37.035823822021484","37.035823822021484","37.035823822021484"
"20025","30.35559844970703","30.35559844970703","30.35559844970703"
"20026","36.759517669677734","36.759517669677734","36.759517669677734"
"20028","35.26844024658203","35.26844024658203","35.26844024658203"
"20031","32.13888931274414","32.13888931274414","32.13888931274414"
"20032","33.2436408996582","33.2436408996582","33.2436408996582"
"20034","32.52180480957031","32.52180480957031","32.52180480957031"
"20035","36.700950622558594","36.700950622558594","36.700950622558594"
"20040","35.9033317565918","35.9033317565918","35.9033317565918"
"20042","35.04209899902344","35.04209899902344","35.04209899902344"
"20043","42.88410949707031","42.88410949707031","42.88410949707031"
"20045","32.755638122558594","32.755638122558594","32.755638122558594"
"20048","51.23454284667969","51.23454284667969","51.23454284667969"
"20051","42.47781753540039","42.47781753540039","42.47781753540039"
"20053","47.22521209716797","47.22521209716797","47.22521209716797"
"20054","61.4744873046875","61.4744873046875","61.4744873046875"
"20055","32.12036895751953","32.12036895751953","32.12036895751953"
"20061","50.694488525390625","50.694488525390625","50.694488525390625"
"20063","39.652099609375","39.652099609375","39.652099609375"
"20065","31.459590911865234","31.459590911865234","31.459590911865234"
"20068","39.47483825683594","39.47483825683594","39.47483825683594"
"20069","170.29705810546875","170.29705810546875","170.29705810546875"
"20071","48.54883575439453","48.54883575439453","48.54883575439453"
"20074","40.008174896240234","40.008174896240234","40.008174896240234"
"20078","34.49687576293945","34.49687576293945","34.49687576293945"
"20080","38.395957946777344","38.395957946777344","38.395957946777344"
"20083","43.1988410949707","43.1988410949707","43.1988410949707"
"20084","37.2237434387207","37.2237434387207","37.2237434387207"
"20087","42.404541015625","42.404541015625","42.404541015625"
"20091","74.8113784790039","74.8113784790039","74.8113784790039"
"20094","32.37601852416992","32.37601852416992","32.37601852416992"
"20096","36.382530212402344","36.382530212402344","36.382530212402344"
"20100","35.66797637939453","35.66797637939453","35.66797637939453"
"20105","38.56024169921875","38.56024169921875","38.56024169921875"
"20109","36.215232849121094","36.215232849121094","36.215232849121094"
"20114","42.169673919677734","42.169673919677734","42.169673919677734"
"20117","55.1585693359375","55.1585693359375","55.1585693359375"
"20119","35.78200912475586","35.78200912475586","35.78200912475586"
"20120","36.36890411376953","36.36890411376953","36.36890411376953"
"20121","39.971553802490234","39.971553802490234","39.971553802490234"
"20126","45.23526382446289","45.23526382446289","45.23526382446289"
"20127","28.80677604675293","28.80677604675293","28.80677604675293"
"20128","34.53727340698242","34.53727340698242","34.53727340698242"
"20129","34.51449203491211","34.51449203491211","34.51449203491211"
"20130","35.20884704589844","35.20884704589844","35.20884704589844"
"20132","40.653663635253906","40.653663635253906","40.653663635253906"
"20134","38.754329681396484","38.754329681396484","38.754329681396484"
"20136","39.342044830322266","39.342044830322266","39.342044830322266"
"20142","35.89867401123047","35.89867401123047","35.89867401123047"
"20144","33.54218292236328","33.54218292236328","33.54218292236328"
"20146","38.96889877319336","38.96889877319336","38.96889877319336"
"20151","39.00676727294922","39.00676727294922","39.00676727294922"
"20152","39.92361068725586","39.92361068725586","39.92361068725586"
"20155","40.92238235473633","40.92238235473633","40.92238235473633"
"20156","39.94563293457031","39.94563293457031","39.94563293457031"
"20157","40.68586349487305","40.68586349487305","40.68586349487305"
"20159","34.551422119140625","34.551422119140625","34.551422119140625"
"20163","34.54780578613281","34.54780578613281","34.54780578613281"
"20164","34.3248176574707","34.3248176574707","34.3248176574707"
"20165","33.495941162109375","33.495941162109375","33.495941162109375"
"20168","37.65154266357422","37.65154266357422","37.65154266357422"
"20169","35.78961181640625","35.78961181640625","35.78961181640625"
"20170","40.00306701660156","40.00306701660156","40.00306701660156"
"20172","36.764286041259766","36.764286041259766","36.764286041259766"
"20174","34.95889663696289","34.95889663696289","34.95889663696289"
"20175","33.21718978881836","33.21718978881836","33.21718978881836"
"20176","32.45496368408203","32.45496368408203","32.45496368408203"
"20177","39.45978546142578","39.45978546142578","39.45978546142578"
"20178","35.290714263916016","35.290714263916016","35.290714263916016"
"20180","39.90711212158203","39.90711212158203","39.90711212158203"
"20181","30.887882232666016","30.887882232666016","30.887882232666016"
"20182","38.02387237548828","38.02387237548828","38.02387237548828"
"20183","39.512908935546875","39.512908935546875","39.512908935546875"
"20190","32.00160217285156","32.00160217285156","32.00160217285156"
"20191","36.72548294067383","36.72548294067383","36.72548294067383"
"20197","37.3543701171875","37.3543701171875","37.3543701171875"
"20198","37.11256790161133","37.11256790161133","37.11256790161133"
"20201","33.514915466308594","33.514915466308594","33.514915466308594"
"20204","40.782569885253906","40.782569885253906","40.782569885253906"
"20207","37.811424255371094","37.811424255371094","37.811424255371094"
"20208","29.892284393310547","29.892284393310547","29.892284393310547"
"20210","33.39916229248047","33.39916229248047","33.39916229248047"
"20212","33.30767059326172","33.30767059326172","33.30767059326172"
"20214","41.11030578613281","41.11030578613281","41.11030578613281"
"20220","35.58529281616211","35.58529281616211","35.58529281616211"
"20222","36.46002960205078","36.46002960205078","36.46002960205078"
"20224","30.159534454345703","30.159534454345703","30.159534454345703"
"20225","34.45592498779297","34.45592498779297","34.45592498779297"
"20227","37.022090911865234","37.022090911865234","37.022090911865234"
"20228","37.13417053222656","37.13417053222656","37.13417053222656"
"20230","34.085243225097656","34.085243225097656","34.085243225097656"
"20231","38.30657196044922","38.30657196044922","38.30657196044922"
"20232","38.11572265625","38.11572265625","38.11572265625"
"20233","32.4009895324707","32.4009895324707","32.4009895324707"
"20234","37.939353942871094","37.939353942871094","37.939353942871094"
"20236","34.513694763183594","34.513694763183594","34.513694763183594"
"20238","32.85844421386719","32.85844421386719","32.85844421386719"
"20240","35.00307846069336","35.00307846069336","35.00307846069336"
"20242","36.199039459228516","36.199039459228516","36.199039459228516"
"20248","43.36757278442383","43.36757278442383","43.36757278442383"
"20250","36.348182678222656","36.348182678222656","36.348182678222656"
"20251","39.65146255493164","39.65146255493164","39.65146255493164"
"20252","37.17012023925781","37.17012023925781","37.17012023925781"
"20256","37.490753173828125","37.490753173828125","37.490753173828125"
"20258","33.5732421875","33.5732421875","33.5732421875"
"20261","34.02354431152344","34.02354431152344","34.02354431152344"
"20264","35.86695098876953","35.86695098876953","35.86695098876953"
"20265","1222.03369140625","1222.03369140625","1222.03369140625"
"20267","32.2432975769043","32.2432975769043","32.2432975769043"
"20268","33.09458541870117","33.09458541870117","33.09458541870117"
"20269","37.16004943847656","37.16004943847656","37.16004943847656"
"20270","40.072593688964844","40.072593688964844","40.072593688964844"
"20272","36.55329132080078","36.55329132080078","36.55329132080078"
"20273","37.68729019165039","37.68729019165039","37.68729019165039"
"20275","39.05708312988281","39.05708312988281","39.05708312988281"
"20276","35.60350799560547","35.60350799560547","35.60350799560547"
"20277","46.04261779785156","46.04261779785156","46.04261779785156"
"20278","44.37737274169922","44.37737274169922","44.37737274169922"
"20279","35.09614562988281","35.09614562988281","35.09614562988281"
"20284","44.34355926513672","44.34355926513672","44.34355926513672"
"20285","48.99626159667969","48.99626159667969","48.99626159667969"
"20287","40.886573791503906","40.886573791503906","40.886573791503906"
"20288","32.47720718383789","32.47720718383789","32.47720718383789"
"20289","34.99951171875","34.99951171875","34.99951171875"
"20290","32.33584976196289","32.33584976196289","32.33584976196289"
"20291","34.784481048583984","34.784481048583984","34.784481048583984"
"20293","1942.7977294921875","1942.7977294921875","1942.7977294921875"
"20296","35.795467376708984","35.795467376708984","35.795467376708984"
"20297","41.587371826171875","41.587371826171875","41.587371826171875"
"20301","38.261512756347656","38.261512756347656","38.261512756347656"
"20304","35.707435607910156","35.707435607910156","35.707435607910156"
"20305","41.35858917236328","41.35858917236328","41.35858917236328"
"20307","43.286293029785156","43.286293029785156","43.286293029785156"
"20310","45.935523986816406","45.935523986816406","45.935523986816406"
"20314","49.116355895996094","49.116355895996094","49.116355895996094"
"20316","37.97182083129883","37.97182083129883","37.97182083129883"
"20317","36.86647033691406","36.86647033691406","36.86647033691406"
"20319","29.58479118347168","29.58479118347168","29.58479118347168"
"20333","35.43370056152344","35.43370056152344","35.43370056152344"
"20336","35.15748596191406","35.15748596191406","35.15748596191406"
"20337","44.172157287597656","44.172157287597656","44.172157287597656"
"20340","35.702335357666016","35.702335357666016","35.702335357666016"
"20343","122.65141296386719","122.65141296386719","122.65141296386719"
"20344","38.56114959716797","38.56114959716797","38.56114959716797"
"20348","55.000247955322266","55.000247955322266","55.000247955322266"
"20349","39.450592041015625","39.450592041015625","39.450592041015625"
"20354","31.873363494873047","31.873363494873047","31.873363494873047"
"20362","36.476470947265625","36.476470947265625","36.476470947265625"
"20363","38.96262741088867","38.96262741088867","38.96262741088867"
"20364","41.672462463378906","41.672462463378906","41.672462463378906"
"20368","30.66577911376953","30.66577911376953","30.66577911376953"
"20371","34.350284576416016","34.350284576416016","34.350284576416016"
"20372","44.9450569152832","44.9450569152832","44.9450569152832"
"20375","32.3935432434082","32.3935432434082","32.3935432434082"
"20378","40.22600555419922","40.22600555419922","40.22600555419922"
"20380","41.6269645690918","41.6269645690918","41.6269645690918"
"20381","33.37108612060547","33.37108612060547","33.37108612060547"
"20383","34.33111572265625","34.33111572265625","34.33111572265625"
"20384","32.18445587158203","32.18445587158203","32.18445587158203"
"20385","2975.642822265625","2975.642822265625","2975.642822265625"
"20386","33.434295654296875","33.434295654296875","33.434295654296875"
"20389","37.665977478027344","37.665977478027344","37.665977478027344"
"20390","39.068443298339844","39.068443298339844","39.068443298339844"
"20391","37.96056365966797","37.96056365966797","37.96056365966797"
"20392","45.832923889160156","45.832923889160156","45.832923889160156"
"20395","39.31081771850586","39.31081771850586","39.31081771850586"
"20396","34.50920104980469","34.50920104980469","34.50920104980469"
"20398","36.44947052001953","36.44947052001953","36.44947052001953"
"20400","34.34846496582031","34.34846496582031","34.34846496582031"
"20403","42.40049362182617","42.40049362182617","42.40049362182617"
"20406","43.82890319824219","43.82890319824219","43.82890319824219"
"20408","35.079368591308594","35.079368591308594","35.079368591308594"
"20410","28.663925170898438","28.663925170898438","28.663925170898438"
"20411","32.490692138671875","32.490692138671875","32.490692138671875"
"20415","37.682029724121094","37.682029724121094","37.682029724121094"
"20417","37.48004150390625","37.48004150390625","37.48004150390625"
"20420","1065.91455078125","1065.91455078125","1065.91455078125"
"20422","38.77097702026367","38.77097702026367","38.77097702026367"
"20424","40.387603759765625","40.387603759765625","40.387603759765625"
"20426","35.55009841918945","35.55009841918945","35.55009841918945"
"20427","28.355693817138672","28.355693817138672","28.355693817138672"
"20430","37.11128616333008","37.11128616333008","37.11128616333008"
"20433","36.50596618652344","36.50596618652344","36.50596618652344"
"20434","41.745506286621094","41.745506286621094","41.745506286621094"
"20436","56.228363037109375","56.228363037109375","56.228363037109375"
"20437","34.08076477050781","34.08076477050781","34.08076477050781"
"20438","44.841793060302734","44.841793060302734","44.841793060302734"
"20439","43.0770149230957","43.0770149230957","43.0770149230957"
"20440","36.774417877197266","36.774417877197266","36.774417877197266"
"20441","33.494258880615234","33.494258880615234","33.494258880615234"
"20447","36.48908615112305","36.48908615112305","36.48908615112305"
"20449","43.542842864990234","43.542842864990234","43.542842864990234"
"20450","37.496315002441406","37.496315002441406","37.496315002441406"
"20451","32.53540802001953","32.53540802001953","32.53540802001953"
"20453","40.58272171020508","40.58272171020508","40.58272171020508"
"20457","32.58279800415039","32.58279800415039","32.58279800415039"
"20458","34.211795806884766","34.211795806884766","34.211795806884766"
"20461","37.74421310424805","37.74421310424805","37.74421310424805"
"20462","43.71509552001953","43.71509552001953","43.71509552001953"
"20475","36.24845886230469","36.24845886230469","36.24845886230469"
"20476","62.10923767089844","62.10923767089844","62.10923767089844"
"20483","36.11906051635742","36.11906051635742","36.11906051635742"
"20485","34.39995193481445","34.39995193481445","34.39995193481445"
"20488","37.5745735168457","37.5745735168457","37.5745735168457"
"20489","38.21178436279297","38.21178436279297","38.21178436279297"
"20490","37.63211441040039","37.63211441040039","37.63211441040039"
"20491","46.20558166503906","46.20558166503906","46.20558166503906"
"20492","36.32707977294922","36.32707977294922","36.32707977294922"
"20493","30.69365692138672","30.69365692138672","30.69365692138672"
"20500","32.65167236328125","32.65167236328125","32.65167236328125"
"20510","60.006649017333984","60.006649017333984","60.006649017333984"
"20514","40.57807922363281","40.57807922363281","40.57807922363281"
"20518","40.5145378112793","40.5145378112793","40.5145378112793"
"20521","34.74806213378906","34.74806213378906","34.74806213378906"
"20523","36.69182586669922","36.69182586669922","36.69182586669922"
"20524","34.56675720214844","34.56675720214844","34.56675720214844"
"20531","34.47612380981445","34.47612380981445","34.47612380981445"
"20533","35.02143859863281","35.02143859863281","35.02143859863281"
"20534","66.00548553466797","66.00548553466797","66.00548553466797"
"20537","33.998477935791016","33.998477935791016","33.998477935791016"
"20538","35.5687370300293","35.5687370300293","35.5687370300293"
"20547","35.872684478759766","35.872684478759766","35.872684478759766"
"20549","35.678993225097656","35.678993225097656","35.678993225097656"
"20550","32.28458023071289","32.28458023071289","32.28458023071289"
"20553","39.46512985229492","39.46512985229492","39.46512985229492"
"20556","43.440338134765625","43.440338134765625","43.440338134765625"
"20559","56.56015396118164","56.56015396118164","56.56015396118164"
"20563","43.11742401123047","43.11742401123047","43.11742401123047"
"20567","31.484493255615234","31.484493255615234","31.484493255615234"
"20568","31.33905792236328","31.33905792236328","31.33905792236328"
"20569","34.878379821777344","34.878379821777344","34.878379821777344"
"20572","41.86465072631836","41.86465072631836","41.86465072631836"
"20573","41.974857330322266","41.974857330322266","41.974857330322266"
"20576","42.90751647949219","42.90751647949219","42.90751647949219"
"20578","40.55118942260742","40.55118942260742","40.55118942260742"
"20585","34.96918869018555","34.96918869018555","34.96918869018555"
"20586","38.05921936035156","38.05921936035156","38.05921936035156"
"20587","36.922630310058594","36.922630310058594","36.922630310058594"
"20589","39.4111213684082","39.4111213684082","39.4111213684082"
"20590","36.58901596069336","36.58901596069336","36.58901596069336"
"20592","31.53868865966797","31.53868865966797","31.53868865966797"
"20593","36.10529708862305","36.10529708862305","36.10529708862305"
"20595","35.549591064453125","35.549591064453125","35.549591064453125"
"20596","35.296695709228516","35.296695709228516","35.296695709228516"
"20601","34.33917236328125","34.33917236328125","34.33917236328125"
"20604","39.22444152832031","39.22444152832031","39.22444152832031"
"20606","40.86820602416992","40.86820602416992","40.86820602416992"
"20608","41.408016204833984","41.408016204833984","41.408016204833984"
"20610","34.06670379638672","34.06670379638672","34.06670379638672"
"20611","35.56605911254883","35.56605911254883","35.56605911254883"
"20612","36.308223724365234","36.308223724365234","36.308223724365234"
"20615","41.42155075073242","41.42155075073242","41.42155075073242"
"20616","42.583770751953125","42.583770751953125","42.583770751953125"
"20617","32.572818756103516","32.572818756103516","32.572818756103516"
"20620","31.375713348388672","31.375713348388672","31.375713348388672"
"20623","36.52558898925781","36.52558898925781","36.52558898925781"
"20624","36.61461639404297","36.61461639404297","36.61461639404297"
"20625","41.49494171142578","41.49494171142578","41.49494171142578"
"20626","37.305137634277344","37.305137634277344","37.305137634277344"
"20627","43.06861877441406","43.06861877441406","43.06861877441406"
"20632","42.442264556884766","42.442264556884766","42.442264556884766"
"20635","36.10530471801758","36.10530471801758","36.10530471801758"
"20636","32.1259880065918","32.1259880065918","32.1259880065918"
"20641","37.88074493408203","37.88074493408203","37.88074493408203"
"20643","37.57057571411133","37.57057571411133","37.57057571411133"
"20651","31.484838485717773","31.484838485717773","31.484838485717773"
"20652","33.209373474121094","33.209373474121094","33.209373474121094"
"20654","37.81449508666992","37.81449508666992","37.81449508666992"
"20656","37.8639030456543","37.8639030456543","37.8639030456543"
"20658","34.352500915527344","34.352500915527344","34.352500915527344"
"20661","31.530818939208984","31.530818939208984","31.530818939208984"
"20663","32.22149658203125","32.22149658203125","32.22149658203125"
"20664","37.99669647216797","37.99669647216797","37.99669647216797"
"20666","127.70773315429688","127.70773315429688","127.70773315429688"
"20667","34.62898635864258","34.62898635864258","34.62898635864258"
"20668","48.35703659057617","48.35703659057617","48.35703659057617"
"20671","46.643287658691406","46.643287658691406","46.643287658691406"
"20673","76.80944061279297","76.80944061279297","76.80944061279297"
"20676","28.420833587646484","28.420833587646484","28.420833587646484"
"20678","41.361915588378906","41.361915588378906","41.361915588378906"
"20679","32.10978698730469","32.10978698730469","32.10978698730469"
"20682","41.16716003417969","41.16716003417969","41.16716003417969"
"20689","35.545997619628906","35.545997619628906","35.545997619628906"
"20692","38.3897705078125","38.3897705078125","38.3897705078125"
"20694","37.49225616455078","37.49225616455078","37.49225616455078"
"20703","35.02883529663086","35.02883529663086","35.02883529663086"
"20705","35.83766174316406","35.83766174316406","35.83766174316406"
"20706","35.97861099243164","35.97861099243164","35.97861099243164"
"20707","37.933349609375","37.933349609375","37.933349609375"
"20708","41.24861145019531","41.24861145019531","41.24861145019531"
"20712","43.25465393066406","43.25465393066406","43.25465393066406"
"20716","41.3613395690918","41.3613395690918","41.3613395690918"
"20717","34.150943756103516","34.150943756103516","34.150943756103516"
"20720","33.187400817871094","33.187400817871094","33.187400817871094"
"20721","38.548004150390625","38.548004150390625","38.548004150390625"
"20722","42.399356842041016","42.399356842041016","42.399356842041016"
"20724","33.25910186767578","33.25910186767578","33.25910186767578"
"20727","45.488304138183594","45.488304138183594","45.488304138183594"
"20730","36.54085159301758","36.54085159301758","36.54085159301758"
"20732","40.092613220214844","40.092613220214844","40.092613220214844"
"20747","36.121849060058594","36.121849060058594","36.121849060058594"
"20749","34.00831985473633","34.00831985473633","34.00831985473633"
"20750","33.03863525390625","33.03863525390625","33.03863525390625"
"20752","40.659366607666016","40.659366607666016","40.659366607666016"
"20754","41.40559768676758","41.40559768676758","41.40559768676758"
"20755","40.52449417114258","40.52449417114258","40.52449417114258"
"20761","42.47237777709961","42.47237777709961","42.47237777709961"
"20762","40.18178176879883","40.18178176879883","40.18178176879883"
"20764","33.89463424682617","33.89463424682617","33.89463424682617"
"20765","42.417686462402344","42.417686462402344","42.417686462402344"
"20766","38.9034309387207","38.9034309387207","38.9034309387207"
"20770","41.61753845214844","41.61753845214844","41.61753845214844"
"20771","32.272682189941406","32.272682189941406","32.272682189941406"
"20772","33.24742889404297","33.24742889404297","33.24742889404297"
"20773","39.1341552734375","39.1341552734375","39.1341552734375"
"20776","37.47950744628906","37.47950744628906","37.47950744628906"
"20780","50.725616455078125","50.725616455078125","50.725616455078125"
"20786","39.36861801147461","39.36861801147461","39.36861801147461"
"20789","39.613975524902344","39.613975524902344","39.613975524902344"
"20790","31.48822784423828","31.48822784423828","31.48822784423828"
"20791","34.625614166259766","34.625614166259766","34.625614166259766"
"20794","35.65828323364258","35.65828323364258","35.65828323364258"
"20796","39.70476150512695","39.70476150512695","39.70476150512695"
"20809","34.4649772644043","34.4649772644043","34.4649772644043"
"20813","30.492321014404297","30.492321014404297","30.492321014404297"
"20814","32.443931579589844","32.443931579589844","32.443931579589844"
"20815","48.05476379394531","48.05476379394531","48.05476379394531"
"20816","51.23100280761719","51.23100280761719","51.23100280761719"
"20819","40.05961227416992","40.05961227416992","40.05961227416992"
"20827","35.796993255615234","35.796993255615234","35.796993255615234"
"20830","35.14528274536133","35.14528274536133","35.14528274536133"
"20832","40.10509490966797","40.10509490966797","40.10509490966797"
"20834","34.97587203979492","34.97587203979492","34.97587203979492"
"20838","43.179561614990234","43.179561614990234","43.179561614990234"
"20839","36.445396423339844","36.445396423339844","36.445396423339844"
"20841","40.6234016418457","40.6234016418457","40.6234016418457"
"20843","38.256038665771484","38.256038665771484","38.256038665771484"
"20845","31.942445755004883","31.942445755004883","31.942445755004883"
"20846","36.3397216796875","36.3397216796875","36.3397216796875"
"20847","37.927730560302734","37.927730560302734","37.927730560302734"
"20849","33.40861129760742","33.40861129760742","33.40861129760742"
"20850","43.255653381347656","43.255653381347656","43.255653381347656"
"20851","38.722816467285156","38.722816467285156","38.722816467285156"
"20852","36.810794830322266","36.810794830322266","36.810794830322266"
"20853","34.30365753173828","34.30365753173828","34.30365753173828"
"20854","29.52350425720215","29.52350425720215","29.52350425720215"
"20857","36.80702209472656","36.80702209472656","36.80702209472656"
"20863","41.969200134277344","41.969200134277344","41.969200134277344"
"20864","37.06114196777344","37.06114196777344","37.06114196777344"
"20865","40.53512954711914","40.53512954711914","40.53512954711914"
"20867","42.30109786987305","42.30109786987305","42.30109786987305"
"20868","66.3303451538086","66.3303451538086","66.3303451538086"
"20869","41.45497512817383","41.45497512817383","41.45497512817383"
"20870","37.8857421875","37.8857421875","37.8857421875"
"20871","28.319429397583008","28.319429397583008","28.319429397583008"
"20872","39.75347900390625","39.75347900390625","39.75347900390625"
"20873","85.42119598388672","85.42119598388672","85.42119598388672"
"20874","32.908485412597656","32.908485412597656","32.908485412597656"
"20875","42.78797912597656","42.78797912597656","42.78797912597656"
"20877","41.95127487182617","41.95127487182617","41.95127487182617"
"20879","30.552635192871094","30.552635192871094","30.552635192871094"
"20880","34.86941909790039","34.86941909790039","34.86941909790039"
"20882","32.5970458984375","32.5970458984375","32.5970458984375"
"20883","30.8922119140625","30.8922119140625","30.8922119140625"
"20884","34.33660888671875","34.33660888671875","34.33660888671875"
"20886","32.6932487487793","32.6932487487793","32.6932487487793"
"20890","34.52143478393555","34.52143478393555","34.52143478393555"
"20892","31.909082412719727","31.909082412719727","31.909082412719727"
"20894","33.630126953125","33.630126953125","33.630126953125"
"20895","39.410579681396484","39.410579681396484","39.410579681396484"
"20896","36.17723846435547","36.17723846435547","36.17723846435547"
"20898","34.755714416503906","34.755714416503906","34.755714416503906"
"20903","41.92474365234375","41.92474365234375","41.92474365234375"
"20908","46.24302291870117","46.24302291870117","46.24302291870117"
"20909","34.018680572509766","34.018680572509766","34.018680572509766"
"20910","35.366050720214844","35.366050720214844","35.366050720214844"
"20914","36.24846649169922","36.24846649169922","36.24846649169922"
"20917","43.33065414428711","43.33065414428711","43.33065414428711"
"20921","35.58127975463867","35.58127975463867","35.58127975463867"
"20925","33.1502571105957","33.1502571105957","33.1502571105957"
"20926","37.667022705078125","37.667022705078125","37.667022705078125"
"20929","35.81707763671875","35.81707763671875","35.81707763671875"
"20933","43.7476806640625","43.7476806640625","43.7476806640625"
"20940","38.33173370361328","38.33173370361328","38.33173370361328"
"20941","36.20293426513672","36.20293426513672","36.20293426513672"
"20943","180.17935180664062","180.17935180664062","180.17935180664062"
"20945","42.75770950317383","42.75770950317383","42.75770950317383"
"20949","34.823089599609375","34.823089599609375","34.823089599609375"
"20953","34.93541717529297","34.93541717529297","34.93541717529297"
"20954","37.743324279785156","37.743324279785156","37.743324279785156"
"20955","39.88438415527344","39.88438415527344","39.88438415527344"
"20958","34.036441802978516","34.036441802978516","34.036441802978516"
"20960","40.65898895263672","40.65898895263672","40.65898895263672"
"20963","39.47111511230469","39.47111511230469","39.47111511230469"
"20964","31.291372299194336","31.291372299194336","31.291372299194336"
"20965","31.855194091796875","31.855194091796875","31.855194091796875"
"20969","40.861427307128906","40.861427307128906","40.861427307128906"
"20970","36.59820556640625","36.59820556640625","36.59820556640625"
"20971","38.919010162353516","38.919010162353516","38.919010162353516"
"20972","35.13917541503906","35.13917541503906","35.13917541503906"
"20974","36.284332275390625","36.284332275390625","36.284332275390625"
"20975","32.8392333984375","32.8392333984375","32.8392333984375"
"20977","33.28770446777344","33.28770446777344","33.28770446777344"
"20978","42.30731201171875","42.30731201171875","42.30731201171875"
"20981","39.06770324707031","39.06770324707031","39.06770324707031"
"20983","31.005477905273438","31.005477905273438","31.005477905273438"
"20986","39.993499755859375","39.993499755859375","39.993499755859375"
"20989","42.41004180908203","42.41004180908203","42.41004180908203"
"20992","37.59973907470703","37.59973907470703","37.59973907470703"
"20994","41.1368293762207","41.1368293762207","41.1368293762207"
"20996","41.71736145019531","41.71736145019531","41.71736145019531"
"20999","36.550926208496094","36.550926208496094","36.550926208496094"
"21000","42.92621612548828","42.92621612548828","42.92621612548828"
"21005","36.05230712890625","36.05230712890625","36.05230712890625"
"21008","51.906402587890625","51.906402587890625","51.906402587890625"
"21010","40.92373275756836","40.92373275756836","40.92373275756836"
"21014","30.956045150756836","30.956045150756836","30.956045150756836"
"21015","66.90253448486328","66.90253448486328","66.90253448486328"
"21017","31.65514373779297","31.65514373779297","31.65514373779297"
"21018","33.17483139038086","33.17483139038086","33.17483139038086"
"21021","35.755027770996094","35.755027770996094","35.755027770996094"
"21025","33.14749526977539","33.14749526977539","33.14749526977539"
"21035","56.075584411621094","56.075584411621094","56.075584411621094"
"21036","32.387874603271484","32.387874603271484","32.387874603271484"
"21038","35.93608093261719","35.93608093261719","35.93608093261719"
"21039","34.237037658691406","34.237037658691406","34.237037658691406"
"21045","36.467105865478516","36.467105865478516","36.467105865478516"
"21046","35.372032165527344","35.372032165527344","35.372032165527344"
"21047","33.756893157958984","33.756893157958984","33.756893157958984"
"21048","35.44267272949219","35.44267272949219","35.44267272949219"
"21050","33.69476318359375","33.69476318359375","33.69476318359375"
"21052","34.75453567504883","34.75453567504883","34.75453567504883"
"21055","36.1871337890625","36.1871337890625","36.1871337890625"
"21058","34.488792419433594","34.488792419433594","34.488792419433594"
"21059","39.48991394042969","39.48991394042969","39.48991394042969"
"21060","34.65164566040039","34.65164566040039","34.65164566040039"
"21061","37.89234924316406","37.89234924316406","37.89234924316406"
"21062","36.517147064208984","36.517147064208984","36.517147064208984"
"21068","37.0081672668457","37.0081672668457","37.0081672668457"
"21070","38.756832122802734","38.756832122802734","38.756832122802734"
"21072","37.77606964111328","37.77606964111328","37.77606964111328"
"21074","32.53950119018555","32.53950119018555","32.53950119018555"
"21076","39.52251434326172","39.52251434326172","39.52251434326172"
"21078","34.372894287109375","34.372894287109375","34.372894287109375"
"21082","35.24010467529297","35.24010467529297","35.24010467529297"
"21083","235.5623779296875","235.5623779296875","235.5623779296875"
"21088","41.59919738769531","41.59919738769531","41.59919738769531"
"21091","41.309417724609375","41.309417724609375","41.309417724609375"
"21092","28.788806915283203","28.788806915283203","28.788806915283203"
"21094","31.043548583984375","31.043548583984375","31.043548583984375"
"21095","37.626678466796875","37.626678466796875","37.626678466796875"
"21097","41.30720138549805","41.30720138549805","41.30720138549805"
"21099","37.70502471923828","37.70502471923828","37.70502471923828"
"21101","37.803733825683594","37.803733825683594","37.803733825683594"
"21103","34.663047790527344","34.663047790527344","34.663047790527344"
"21106","39.7154655456543","39.7154655456543","39.7154655456543"
"21111","31.845355987548828","31.845355987548828","31.845355987548828"
"21114","38.80875015258789","38.80875015258789","38.80875015258789"
"21115","34.75502395629883","34.75502395629883","34.75502395629883"
"21117","38.80976486206055","38.80976486206055","38.80976486206055"
"21119","40.32701873779297","40.32701873779297","40.32701873779297"
"21121","39.28395080566406","39.28395080566406","39.28395080566406"
"21122","34.89252471923828","34.89252471923828","34.89252471923828"
"21123","37.64049530029297","37.64049530029297","37.64049530029297"
"21127","33.330039978027344","33.330039978027344","33.330039978027344"
"21128","47.89582443237305","47.89582443237305","47.89582443237305"
"21131","36.707420349121094","36.707420349121094","36.707420349121094"
"21134","36.39107131958008","36.39107131958008","36.39107131958008"
"21136","34.808258056640625","34.808258056640625","34.808258056640625"
"21139","39.81122970581055","39.81122970581055","39.81122970581055"
"21140","42.05750274658203","42.05750274658203","42.05750274658203"
"21142","40.85829162597656","40.85829162597656","40.85829162597656"
"21143","42.519466400146484","42.519466400146484","42.519466400146484"
"21144","36.03033447265625","36.03033447265625","36.03033447265625"
"21148","38.571250915527344","38.571250915527344","38.571250915527344"
"21150","33.3992919921875","33.3992919921875","33.3992919921875"
"21151","40.708221435546875","40.708221435546875","40.708221435546875"
"21152","40.09889221191406","40.09889221191406","40.09889221191406"
"21154","33.378562927246094","33.378562927246094","33.378562927246094"
"21156","34.6060791015625","34.6060791015625","34.6060791015625"
"21159","32.537567138671875","32.537567138671875","32.537567138671875"
"21163","37.671119689941406","37.671119689941406","37.671119689941406"
"21166","41.4909553527832","41.4909553527832","41.4909553527832"
"21169","39.80964660644531","39.80964660644531","39.80964660644531"
"21170","38.5369758605957","38.5369758605957","38.5369758605957"
"21171","41.12677001953125","41.12677001953125","41.12677001953125"
"21172","30.825990676879883","30.825990676879883","30.825990676879883"
"21175","28.187559127807617","28.187559127807617","28.187559127807617"
"21178","31.46073341369629","31.46073341369629","31.46073341369629"
"21187","37.365238189697266","37.365238189697266","37.365238189697266"
"21190","40.849327087402344","40.849327087402344","40.849327087402344"
"21193","40.57017135620117","40.57017135620117","40.57017135620117"
"21195","40.89535903930664","40.89535903930664","40.89535903930664"
"21197","37.29572296142578","37.29572296142578","37.29572296142578"
"21200","34.94970703125","34.94970703125","34.94970703125"
"21201","37.86738586425781","37.86738586425781","37.86738586425781"
"21204","39.203590393066406","39.203590393066406","39.203590393066406"
"21206","34.56827926635742","34.56827926635742","34.56827926635742"
"21207","33.860557556152344","33.860557556152344","33.860557556152344"
"21208","43.634124755859375","43.634124755859375","43.634124755859375"
"21209","34.107139587402344","34.107139587402344","34.107139587402344"
"21210","36.777828216552734","36.777828216552734","36.777828216552734"
"21217","40.34816360473633","40.34816360473633","40.34816360473633"
"21220","55.929962158203125","55.929962158203125","55.929962158203125"
"21225","32.29827117919922","32.29827117919922","32.29827117919922"
"21227","33.90646743774414","33.90646743774414","33.90646743774414"
"21229","36.73930740356445","36.73930740356445","36.73930740356445"
"21231","41.02093505859375","41.02093505859375","41.02093505859375"
"21234","43.145198822021484","43.145198822021484","43.145198822021484"
"21238","35.36670684814453","35.36670684814453","35.36670684814453"
"21239","45.184940338134766","45.184940338134766","45.184940338134766"
"21242","33.95423126220703","33.95423126220703","33.95423126220703"
"21243","35.918983459472656","35.918983459472656","35.918983459472656"
"21247","32.58946990966797","32.58946990966797","32.58946990966797"
"21253","35.29804611206055","35.29804611206055","35.29804611206055"
"21255","47.42484664916992","47.42484664916992","47.42484664916992"
"21260","32.58402633666992","32.58402633666992","32.58402633666992"
"21264","43.1864128112793","43.1864128112793","43.1864128112793"
"21267","36.40943145751953","36.40943145751953","36.40943145751953"
"21270","33.229278564453125","33.229278564453125","33.229278564453125"
"21271","34.904335021972656","34.904335021972656","34.904335021972656"
"21273","37.07109451293945","37.07109451293945","37.07109451293945"
"21275","34.27753829956055","34.27753829956055","34.27753829956055"
"21277","37.740379333496094","37.740379333496094","37.740379333496094"
"21278","33.40226745605469","33.40226745605469","33.40226745605469"
"21281","32.89613723754883","32.89613723754883","32.89613723754883"
"21283","31.098846435546875","31.098846435546875","31.098846435546875"
"21284","38.672630310058594","38.672630310058594","38.672630310058594"
"21285","37.80526351928711","37.80526351928711","37.80526351928711"
"21289","32.44183349609375","32.44183349609375","32.44183349609375"
"21294","65.29493713378906","65.29493713378906","65.29493713378906"
"21296","35.542137145996094","35.542137145996094","35.542137145996094"
"21297","37.59633255004883","37.59633255004883","37.59633255004883"
"21304","35.84504318237305","35.84504318237305","35.84504318237305"
"21305","39.81852340698242","39.81852340698242","39.81852340698242"
"21309","34.52384948730469","34.52384948730469","34.52384948730469"
"21310","38.66685104370117","38.66685104370117","38.66685104370117"
"21311","39.44605255126953","39.44605255126953","39.44605255126953"
"21312","34.313819885253906","34.313819885253906","34.313819885253906"
"21313","36.683189392089844","36.683189392089844","36.683189392089844"
"21317","40.16075134277344","40.16075134277344","40.16075134277344"
"21322","541.4666137695312","541.4666137695312","541.4666137695312"
"21323","30.2435302734375","30.2435302734375","30.2435302734375"
"21326","40.62858963012695","40.62858963012695","40.62858963012695"
"21327","35.975990295410156","35.975990295410156","35.975990295410156"
"21329","31.697147369384766","31.697147369384766","31.697147369384766"
"21333","34.82013702392578","34.82013702392578","34.82013702392578"
"21337","43.08655548095703","43.08655548095703","43.08655548095703"
"21338","37.415184020996094","37.415184020996094","37.415184020996094"
"21340","37.936065673828125","37.936065673828125","37.936065673828125"
"21344","36.16353988647461","36.16353988647461","36.16353988647461"
"21350","42.18048095703125","42.18048095703125","42.18048095703125"
"21351","38.70700454711914","38.70700454711914","38.70700454711914"
"21352","47.317787170410156","47.317787170410156","47.317787170410156"
"21353","40.30109405517578","40.30109405517578","40.30109405517578"
"21354","39.75724792480469","39.75724792480469","39.75724792480469"
"21355","31.041383743286133","31.041383743286133","31.041383743286133"
"21356","36.698665618896484","36.698665618896484","36.698665618896484"
"21357","35.27650833129883","35.27650833129883","35.27650833129883"
"21359","37.5848274230957","37.5848274230957","37.5848274230957"
"21362","34.13181686401367","34.13181686401367","34.13181686401367"
"21363","32.447349548339844","32.447349548339844","32.447349548339844"
"21367","38.548526763916016","38.548526763916016","38.548526763916016"
"21369","43.04606628417969","43.04606628417969","43.04606628417969"
"21374","39.1422004699707","39.1422004699707","39.1422004699707"
"21375","36.60419464111328","36.60419464111328","36.60419464111328"
"21381","35.311614990234375","35.311614990234375","35.311614990234375"
"21382","42.90108871459961","42.90108871459961","42.90108871459961"
"21387","34.000511169433594","34.000511169433594","34.000511169433594"
"21388","55.83136749267578","55.83136749267578","55.83136749267578"
"21391","34.335453033447266","34.335453033447266","34.335453033447266"
"21394","59.87907028198242","59.87907028198242","59.87907028198242"
"21398","38.93490982055664","38.93490982055664","38.93490982055664"
"21401","38.54298400878906","38.54298400878906","38.54298400878906"
"21403","30.702415466308594","30.702415466308594","30.702415466308594"
"21405","39.621456146240234","39.621456146240234","39.621456146240234"
"21406","37.57309341430664","37.57309341430664","37.57309341430664"
"21407","38.52070617675781","38.52070617675781","38.52070617675781"
"21409","34.54396438598633","34.54396438598633","34.54396438598633"
"21413","38.45674133300781","38.45674133300781","38.45674133300781"
"21427","34.17826843261719","34.17826843261719","34.17826843261719"
"21428","37.43858337402344","37.43858337402344","37.43858337402344"
"21431","30.321624755859375","30.321624755859375","30.321624755859375"
"21434","38.58469009399414","38.58469009399414","38.58469009399414"
"21440","37.0526237487793","37.0526237487793","37.0526237487793"
"21443","38.24665451049805","38.24665451049805","38.24665451049805"
"21446","34.94915771484375","34.94915771484375","34.94915771484375"
"21448","39.315406799316406","39.315406799316406","39.315406799316406"
"21449","39.096351623535156","39.096351623535156","39.096351623535156"
"21452","39.64076614379883","39.64076614379883","39.64076614379883"
"21455","46.37654495239258","46.37654495239258","46.37654495239258"
"21457","34.39736557006836","34.39736557006836","34.39736557006836"
"21458","33.131099700927734","33.131099700927734","33.131099700927734"
"21464","32.06785583496094","32.06785583496094","32.06785583496094"
"21466","38.50016403198242","38.50016403198242","38.50016403198242"
"21468","39.38014221191406","39.38014221191406","39.38014221191406"
"21471","32.11613464355469","32.11613464355469","32.11613464355469"
"21473","35.02157211303711","35.02157211303711","35.02157211303711"
"21476","38.60333251953125","38.60333251953125","38.60333251953125"
"21477","35.64548110961914","35.64548110961914","35.64548110961914"
"21479","43.565155029296875","43.565155029296875","43.565155029296875"
"21480","40.2512321472168","40.2512321472168","40.2512321472168"
"21481","43.32328414916992","43.32328414916992","43.32328414916992"
"21486","43.87627410888672","43.87627410888672","43.87627410888672"
"21487","33.412872314453125","33.412872314453125","33.412872314453125"
"21490","37.233848571777344","37.233848571777344","37.233848571777344"
"21491","33.702125549316406","33.702125549316406","33.702125549316406"
"21492","37.26969528198242","37.26969528198242","37.26969528198242"
"21494","46.38728713989258","46.38728713989258","46.38728713989258"
"21495","46.45826721191406","46.45826721191406","46.45826721191406"
"21496","34.63059997558594","34.63059997558594","34.63059997558594"
"21497","42.21722412109375","42.21722412109375","42.21722412109375"
"21499","35.5771369934082","35.5771369934082","35.5771369934082"
"21503","40.33605194091797","40.33605194091797","40.33605194091797"
"21504","45.33330154418945","45.33330154418945","45.33330154418945"
"21512","37.09996795654297","37.09996795654297","37.09996795654297"
"21521","35.48667907714844","35.48667907714844","35.48667907714844"
"21522","29.876968383789062","29.876968383789062","29.876968383789062"
"21524","35.173194885253906","35.173194885253906","35.173194885253906"
"21527","32.49711608886719","32.49711608886719","32.49711608886719"
"21529","38.30168914794922","38.30168914794922","38.30168914794922"
"21530","32.03326416015625","32.03326416015625","32.03326416015625"
"21532","43.807220458984375","43.807220458984375","43.807220458984375"
"21533","36.005313873291016","36.005313873291016","36.005313873291016"
"21542","38.58013153076172","38.58013153076172","38.58013153076172"
"21545","34.222900390625","34.222900390625","34.222900390625"
"21546","48.272483825683594","48.272483825683594","48.272483825683594"
"21548","29.991050720214844","29.991050720214844","29.991050720214844"
"21561","43.30290222167969","43.30290222167969","43.30290222167969"
"21564","40.02078628540039","40.02078628540039","40.02078628540039"
"21572","36.67189407348633","36.67189407348633","36.67189407348633"
"21573","34.338417053222656","34.338417053222656","34.338417053222656"
"21581","32.25326919555664","32.25326919555664","32.25326919555664"
"21583","33.28229904174805","33.28229904174805","33.28229904174805"
"21584","37.29752731323242","37.29752731323242","37.29752731323242"
"21586","33.353904724121094","33.353904724121094","33.353904724121094"
"21587","31.93065643310547","31.93065643310547","31.93065643310547"
"21589","46.89122772216797","46.89122772216797","46.89122772216797"
"21592","37.61707305908203","37.61707305908203","37.61707305908203"
"21593","36.490386962890625","36.490386962890625","36.490386962890625"
"21596","39.869815826416016","39.869815826416016","39.869815826416016"
"21597","41.29145812988281","41.29145812988281","41.29145812988281"
"21602","34.04095458984375","34.04095458984375","34.04095458984375"
"21603","44.09075927734375","44.09075927734375","44.09075927734375"
"21604","37.666465759277344","37.666465759277344","37.666465759277344"
"21611","36.163909912109375","36.163909912109375","36.163909912109375"
"21613","29.934097290039062","29.934097290039062","29.934097290039062"
"21620","35.51239013671875","35.51239013671875","35.51239013671875"
"21621","34.70516586303711","34.70516586303711","34.70516586303711"
"21622","35.127540588378906","35.127540588378906","35.127540588378906"
"21624","39.61007308959961","39.61007308959961","39.61007308959961"
"21629","37.348602294921875","37.348602294921875","37.348602294921875"
"21630","37.864479064941406","37.864479064941406","37.864479064941406"
"21632","39.89509963989258","39.89509963989258","39.89509963989258"
"21636","42.90703582763672","42.90703582763672","42.90703582763672"
"21637","36.131649017333984","36.131649017333984","36.131649017333984"
"21638","39.07158660888672","39.07158660888672","39.07158660888672"
"21639","36.57176208496094","36.57176208496094","36.57176208496094"
"21640","40.50599670410156","40.50599670410156","40.50599670410156"
"21642","31.677810668945312","31.677810668945312","31.677810668945312"
"21650","32.97056198120117","32.97056198120117","32.97056198120117"
"21656","39.119781494140625","39.119781494140625","39.119781494140625"
"21657","35.94340515136719","35.94340515136719","35.94340515136719"
"21659","71.18119049072266","71.18119049072266","71.18119049072266"
"21662","39.527469635009766","39.527469635009766","39.527469635009766"
"21663","42.50221252441406","42.50221252441406","42.50221252441406"
"21665","35.43833923339844","35.43833923339844","35.43833923339844"
"21666","36.709075927734375","36.709075927734375","36.709075927734375"
"21669","36.245323181152344","36.245323181152344","36.245323181152344"
"21670","41.82392501831055","41.82392501831055","41.82392501831055"
"21673","44.329288482666016","44.329288482666016","44.329288482666016"
"21675","37.16238021850586","37.16238021850586","37.16238021850586"
"21676","43.47246170043945","43.47246170043945","43.47246170043945"
"21677","45.09841537475586","45.09841537475586","45.09841537475586"
"21680","32.377986907958984","32.377986907958984","32.377986907958984"
"21681","41.461124420166016","41.461124420166016","41.461124420166016"
"21683","29.89625358581543","29.89625358581543","29.89625358581543"
"21689","34.80754089355469","34.80754089355469","34.80754089355469"
"21692","36.87767791748047","36.87767791748047","36.87767791748047"
"21694","36.13005828857422","36.13005828857422","36.13005828857422"
"21695","29.2430362701416","29.2430362701416","29.2430362701416"
"21696","31.493852615356445","31.493852615356445","31.493852615356445"
"21697","401.96832275390625","401.96832275390625","401.96832275390625"
"21702","42.315696716308594","42.315696716308594","42.315696716308594"
"21706","30.522411346435547","30.522411346435547","30.522411346435547"
"21707","31.999786376953125","31.999786376953125","31.999786376953125"
"21711","38.92881774902344","38.92881774902344","38.92881774902344"
"21712","45.07029724121094","45.07029724121094","45.07029724121094"
"21713","62.53834915161133","62.53834915161133","62.53834915161133"
"21715","38.378021240234375","38.378021240234375","38.378021240234375"
"21718","37.10675811767578","37.10675811767578","37.10675811767578"
"21720","34.06057357788086","34.06057357788086","34.06057357788086"
"21722","29.692508697509766","29.692508697509766","29.692508697509766"
"21725","35.109779357910156","35.109779357910156","35.109779357910156"
"21728","71.37809753417969","71.37809753417969","71.37809753417969"
"21729","47.94029998779297","47.94029998779297","47.94029998779297"
"21732","39.855838775634766","39.855838775634766","39.855838775634766"
"21736","37.83160400390625","37.83160400390625","37.83160400390625"
"21737","34.63633346557617","34.63633346557617","34.63633346557617"
"21739","40.52097702026367","40.52097702026367","40.52097702026367"
"21743","32.25080871582031","32.25080871582031","32.25080871582031"
"21744","38.31803894042969","38.31803894042969","38.31803894042969"
"21746","150.94956970214844","150.94956970214844","150.94956970214844"
"21747","38.855690002441406","38.855690002441406","38.855690002441406"
"21748","42.48984146118164","42.48984146118164","42.48984146118164"
"21752","35.23729705810547","35.23729705810547","35.23729705810547"
"21756","40.44939422607422","40.44939422607422","40.44939422607422"
"21758","39.39900588989258","39.39900588989258","39.39900588989258"
"21761","37.899566650390625","37.899566650390625","37.899566650390625"
"21764","41.04515075683594","41.04515075683594","41.04515075683594"
"21769","37.580894470214844","37.580894470214844","37.580894470214844"
"21773","31.24064064025879","31.24064064025879","31.24064064025879"
"21777","45.70231628417969","45.70231628417969","45.70231628417969"
"21780","35.37883758544922","35.37883758544922","35.37883758544922"
"21782","47.637916564941406","47.637916564941406","47.637916564941406"
"21783","41.48761749267578","41.48761749267578","41.48761749267578"
"21784","36.568687438964844","36.568687438964844","36.568687438964844"
"21785","32.94921875","32.94921875","32.94921875"
"21786","35.85556411743164","35.85556411743164","35.85556411743164"
"21787","35.18906784057617","35.18906784057617","35.18906784057617"
"21789","55.43852233886719","55.43852233886719","55.43852233886719"
"21790","34.34321594238281","34.34321594238281","34.34321594238281"
"21792","33.30261993408203","33.30261993408203","33.30261993408203"
"21798","34.37621307373047","34.37621307373047","34.37621307373047"
"21800","36.73316955566406","36.73316955566406","36.73316955566406"
"21805","35.91389846801758","35.91389846801758","35.91389846801758"
"21808","52.33476257324219","52.33476257324219","52.33476257324219"
"21811","33.25707244873047","33.25707244873047","33.25707244873047"
"21814","27.017961502075195","27.017961502075195","27.017961502075195"
"21815","31.159442901611328","31.159442901611328","31.159442901611328"
"21819","39.43123245239258","39.43123245239258","39.43123245239258"
"21822","31.09454345703125","31.09454345703125","31.09454345703125"
"21824","40.03773880004883","40.03773880004883","40.03773880004883"
"21825","31.79164695739746","31.79164695739746","31.79164695739746"
"21828","114.8884506225586","114.8884506225586","114.8884506225586"
"21830","42.793800354003906","42.793800354003906","42.793800354003906"
"21831","39.303428649902344","39.303428649902344","39.303428649902344"
"21832","43.490211486816406","43.490211486816406","43.490211486816406"
"21835","34.97346115112305","34.97346115112305","34.97346115112305"
"21838","37.70549774169922","37.70549774169922","37.70549774169922"
"21839","40.75032043457031","40.75032043457031","40.75032043457031"
"21840","37.838687896728516","37.838687896728516","37.838687896728516"
"21843","39.59450912475586","39.59450912475586","39.59450912475586"
"21852","33.955078125","33.955078125","33.955078125"
"21854","37.711185455322266","37.711185455322266","37.711185455322266"
"21855","34.552406311035156","34.552406311035156","34.552406311035156"
"21857","31.23714828491211","31.23714828491211","31.23714828491211"
"21860","37.572410583496094","37.572410583496094","37.572410583496094"
"21865","40.45683288574219","40.45683288574219","40.45683288574219"
"21867","43.9396858215332","43.9396858215332","43.9396858215332"
"21871","32.84199142456055","32.84199142456055","32.84199142456055"
"21872","36.763816833496094","36.763816833496094","36.763816833496094"
"21875","34.76935577392578","34.76935577392578","34.76935577392578"
"21879","32.686370849609375","32.686370849609375","32.686370849609375"
"21880","32.9355354309082","32.9355354309082","32.9355354309082"
"21881","36.09784698486328","36.09784698486328","36.09784698486328"
"21883","29.20766830444336","29.20766830444336","29.20766830444336"
"21885","41.0021858215332","41.0021858215332","41.0021858215332"
"21886","37.10932159423828","37.10932159423828","37.10932159423828"
"21888","37.097904205322266","37.097904205322266","37.097904205322266"
"21889","36.53526306152344","36.53526306152344","36.53526306152344"
"21891","35.861175537109375","35.861175537109375","35.861175537109375"
"21892","72.78182983398438","72.78182983398438","72.78182983398438"
"21894","34.53065872192383","34.53065872192383","34.53065872192383"
"21896","36.881431579589844","36.881431579589844","36.881431579589844"
"21897","37.62095260620117","37.62095260620117","37.62095260620117"
"21898","39.473575592041016","39.473575592041016","39.473575592041016"
"21899","163.09075927734375","163.09075927734375","163.09075927734375"
"21900","37.90190505981445","37.90190505981445","37.90190505981445"
"21901","32.065696716308594","32.065696716308594","32.065696716308594"
"21906","38.289451599121094","38.289451599121094","38.289451599121094"
"21907","38.02480697631836","38.02480697631836","38.02480697631836"
"21910","33.56962203979492","33.56962203979492","33.56962203979492"
"21912","32.953102111816406","32.953102111816406","32.953102111816406"
"21914","36.02849578857422","36.02849578857422","36.02849578857422"
"21916","50.06732940673828","50.06732940673828","50.06732940673828"
"21917","33.77986145019531","33.77986145019531","33.77986145019531"
"21919","36.818687438964844","36.818687438964844","36.818687438964844"
"21920","33.38327407836914","33.38327407836914","33.38327407836914"
"21922","36.789154052734375","36.789154052734375","36.789154052734375"
"21924","35.70240020751953","35.70240020751953","35.70240020751953"
"21927","34.9462890625","34.9462890625","34.9462890625"
"21930","36.923213958740234","36.923213958740234","36.923213958740234"
"21931","277.6955871582031","277.6955871582031","277.6955871582031"
"21932","35.542579650878906","35.542579650878906","35.542579650878906"
"21934","39.92133712768555","39.92133712768555","39.92133712768555"
"21936","34.85285949707031","34.85285949707031","34.85285949707031"
"21940","34.594844818115234","34.594844818115234","34.594844818115234"
"21946","33.901275634765625","33.901275634765625","33.901275634765625"
"21949","38.05427932739258","38.05427932739258","38.05427932739258"
"21950","36.54972839355469","36.54972839355469","36.54972839355469"
"21952","28.49626350402832","28.49626350402832","28.49626350402832"
"21954","40.33673858642578","40.33673858642578","40.33673858642578"
"21955","35.41733169555664","35.41733169555664","35.41733169555664"
"21956","37.25490188598633","37.25490188598633","37.25490188598633"
"21957","38.93036651611328","38.93036651611328","38.93036651611328"
"21958","34.83116149902344","34.83116149902344","34.83116149902344"
"21961","37.44659423828125","37.44659423828125","37.44659423828125"
"21969","39.61516571044922","39.61516571044922","39.61516571044922"
"21970","42.58368682861328","42.58368682861328","42.58368682861328"
"21971","36.060882568359375","36.060882568359375","36.060882568359375"
"21975","62.5003662109375","62.5003662109375","62.5003662109375"
"21977","36.88001251220703","36.88001251220703","36.88001251220703"
"21982","36.195884704589844","36.195884704589844","36.195884704589844"
"21984","43.189571380615234","43.189571380615234","43.189571380615234"
"21985","33.36015319824219","33.36015319824219","33.36015319824219"
"21987","36.062679290771484","36.062679290771484","36.062679290771484"
"21997","30.884668350219727","30.884668350219727","30.884668350219727"
"21999","37.24003219604492","37.24003219604492","37.24003219604492"
"22002","39.154239654541016","39.154239654541016","39.154239654541016"
"22003","33.82236862182617","33.82236862182617","33.82236862182617"
"22004","41.862274169921875","41.862274169921875","41.862274169921875"
"22005","36.2975959777832","36.2975959777832","36.2975959777832"
"22006","39.75751495361328","39.75751495361328","39.75751495361328"
"22009","34.15169906616211","34.15169906616211","34.15169906616211"
"22010","34.786800384521484","34.786800384521484","34.786800384521484"
"22011","32.405479431152344","32.405479431152344","32.405479431152344"
"22015","42.347740173339844","42.347740173339844","42.347740173339844"
"22016","32.19629669189453","32.19629669189453","32.19629669189453"
"22021","45.30675506591797","45.30675506591797","45.30675506591797"
"22022","37.79736328125","37.79736328125","37.79736328125"
"22023","37.574485778808594","37.574485778808594","37.574485778808594"
"22025","35.68567657470703","35.68567657470703","35.68567657470703"
"22027","60.14788055419922","60.14788055419922","60.14788055419922"
"22030","34.99720001220703","34.99720001220703","34.99720001220703"
"22031","33.052825927734375","33.052825927734375","33.052825927734375"
"22032","32.674198150634766","32.674198150634766","32.674198150634766"
"22039","34.31315231323242","34.31315231323242","34.31315231323242"
"22040","40.72156524658203","40.72156524658203","40.72156524658203"
"22044","31.554237365722656","31.554237365722656","31.554237365722656"
"22047","40.276390075683594","40.276390075683594","40.276390075683594"
"22049","36.86888885498047","36.86888885498047","36.86888885498047"
"22052","36.40004348754883","36.40004348754883","36.40004348754883"
"22053","42.20384979248047","42.20384979248047","42.20384979248047"
"22059","57.60992431640625","57.60992431640625","57.60992431640625"
"22062","46.17192840576172","46.17192840576172","46.17192840576172"
"22063","34.55540084838867","34.55540084838867","34.55540084838867"
"22064","89.70126342773438","89.70126342773438","89.70126342773438"
"22065","41.67669677734375","41.67669677734375","41.67669677734375"
"22070","37.30161666870117","37.30161666870117","37.30161666870117"
"22075","34.346744537353516","34.346744537353516","34.346744537353516"
"22079","42.336021423339844","42.336021423339844","42.336021423339844"
"22080","46.20610046386719","46.20610046386719","46.20610046386719"
"22081","32.54292297363281","32.54292297363281","32.54292297363281"
"22082","33.75033950805664","33.75033950805664","33.75033950805664"
"22083","35.74232482910156","35.74232482910156","35.74232482910156"
"22086","39.67515563964844","39.67515563964844","39.67515563964844"
"22087","30.05518341064453","30.05518341064453","30.05518341064453"
"22088","34.762264251708984","34.762264251708984","34.762264251708984"
"22090","34.455238342285156","34.455238342285156","34.455238342285156"
"22096","33.13774871826172","33.13774871826172","33.13774871826172"
"22104","41.76231384277344","41.76231384277344","41.76231384277344"
"22105","38.18388748168945","38.18388748168945","38.18388748168945"
"22106","40.652462005615234","40.652462005615234","40.652462005615234"
"22107","32.489253997802734","32.489253997802734","32.489253997802734"
"22108","38.777862548828125","38.777862548828125","38.777862548828125"
"22109","38.46595764160156","38.46595764160156","38.46595764160156"
"22113","39.59809875488281","39.59809875488281","39.59809875488281"
"22116","34.156463623046875","34.156463623046875","34.156463623046875"
"22117","40.44819641113281","40.44819641113281","40.44819641113281"
"22119","46.486297607421875","46.486297607421875","46.486297607421875"
"22123","33.808658599853516","33.808658599853516","33.808658599853516"
"22124","40.94090270996094","40.94090270996094","40.94090270996094"
"22127","39.683815002441406","39.683815002441406","39.683815002441406"
"22128","30.73590850830078","30.73590850830078","30.73590850830078"
"22130","38.71870422363281","38.71870422363281","38.71870422363281"
"22132","43.78976058959961","43.78976058959961","43.78976058959961"
"22133","34.61299133300781","34.61299133300781","34.61299133300781"
"22137","38.26775360107422","38.26775360107422","38.26775360107422"
"22138","33.70270919799805","33.70270919799805","33.70270919799805"
"22140","32.20979690551758","32.20979690551758","32.20979690551758"
"22141","40.186317443847656","40.186317443847656","40.186317443847656"
"22144","34.247467041015625","34.247467041015625","34.247467041015625"
"22146","29.8247127532959","29.8247127532959","29.8247127532959"
"22151","37.366424560546875","37.366424560546875","37.366424560546875"
"22152","33.64767074584961","33.64767074584961","33.64767074584961"
"22158","45.58515548706055","45.58515548706055","45.58515548706055"
"22159","38.03242492675781","38.03242492675781","38.03242492675781"
"22160","31.580442428588867","31.580442428588867","31.580442428588867"
"22163","37.17664337158203","37.17664337158203","37.17664337158203"
"22168","30.328983306884766","30.328983306884766","30.328983306884766"
"22169","39.97751998901367","39.97751998901367","39.97751998901367"
"22172","36.31375503540039","36.31375503540039","36.31375503540039"
"22173","31.302661895751953","31.302661895751953","31.302661895751953"
"22175","29.55645179748535","29.55645179748535","29.55645179748535"
"22176","36.337074279785156","36.337074279785156","36.337074279785156"
"22180","37.58358383178711","37.58358383178711","37.58358383178711"
"22181","40.046600341796875","40.046600341796875","40.046600341796875"
"22182","31.10919761657715","31.10919761657715","31.10919761657715"
"22184","40.418846130371094","40.418846130371094","40.418846130371094"
"22189","35.73018264770508","35.73018264770508","35.73018264770508"
"22190","34.354408264160156","34.354408264160156","34.354408264160156"
"22192","28.685535430908203","28.685535430908203","28.685535430908203"
"22193","33.81238555908203","33.81238555908203","33.81238555908203"
"22194","33.00238800048828","33.00238800048828","33.00238800048828"
"22196","32.42936706542969","32.42936706542969","32.42936706542969"
"22199","35.11791229248047","35.11791229248047","35.11791229248047"
"22200","39.42781448364258","39.42781448364258","39.42781448364258"
"22204","32.85504150390625","32.85504150390625","32.85504150390625"
"22205","31.918041229248047","31.918041229248047","31.918041229248047"
"22207","35.40240478515625","35.40240478515625","35.40240478515625"
"22213","33.00962448120117","33.00962448120117","33.00962448120117"
"22215","36.251853942871094","36.251853942871094","36.251853942871094"
"22217","43.57866287231445","43.57866287231445","43.57866287231445"
"22221","38.930564880371094","38.930564880371094","38.930564880371094"
"22222","33.97908401489258","33.97908401489258","33.97908401489258"
"22225","36.275516510009766","36.275516510009766","36.275516510009766"
"22227","36.17478942871094","36.17478942871094","36.17478942871094"
"22228","32.799354553222656","32.799354553222656","32.799354553222656"
"22233","34.53356170654297","34.53356170654297","34.53356170654297"
"22234","32.53087615966797","32.53087615966797","32.53087615966797"
"22236","37.643367767333984","37.643367767333984","37.643367767333984"
"22237","32.70676803588867","32.70676803588867","32.70676803588867"
"22239","36.63225555419922","36.63225555419922","36.63225555419922"
"22241","27.837108612060547","27.837108612060547","27.837108612060547"
"22244","33.224220275878906","33.224220275878906","33.224220275878906"
"22251","37.45504379272461","37.45504379272461","37.45504379272461"
"22255","37.750038146972656","37.750038146972656","37.750038146972656"
"22257","41.429595947265625","41.429595947265625","41.429595947265625"
"22259","31.37476921081543","31.37476921081543","31.37476921081543"
"22264","87.24689483642578","87.24689483642578","87.24689483642578"
"22266","34.54543685913086","34.54543685913086","34.54543685913086"
"22268","39.26042938232422","39.26042938232422","39.26042938232422"
"22271","38.94728088378906","38.94728088378906","38.94728088378906"
"22273","40.209686279296875","40.209686279296875","40.209686279296875"
"22274","37.152732849121094","37.152732849121094","37.152732849121094"
"22276","41.29781723022461","41.29781723022461","41.29781723022461"
"22278","34.601139068603516","34.601139068603516","34.601139068603516"
"22283","37.65373229980469","37.65373229980469","37.65373229980469"
"22284","40.9322395324707","40.9322395324707","40.9322395324707"
"22286","36.46528625488281","36.46528625488281","36.46528625488281"
"22287","43.709938049316406","43.709938049316406","43.709938049316406"
"22288","36.49531173706055","36.49531173706055","36.49531173706055"
"22290","37.94131851196289","37.94131851196289","37.94131851196289"
"22299","39.01512145996094","39.01512145996094","39.01512145996094"
"22300","44.38401412963867","44.38401412963867","44.38401412963867"
"22306","45.01542663574219","45.01542663574219","45.01542663574219"
"22308","36.600616455078125","36.600616455078125","36.600616455078125"
"22311","34.199424743652344","34.199424743652344","34.199424743652344"
"22312","36.26042556762695","36.26042556762695","36.26042556762695"
"22315","42.04121398925781","42.04121398925781","42.04121398925781"
"22316","29.958553314208984","29.958553314208984","29.958553314208984"
"22317","63.47694396972656","63.47694396972656","63.47694396972656"
"22320","32.27069091796875","32.27069091796875","32.27069091796875"
"22322","37.110618591308594","37.110618591308594","37.110618591308594"
"22323","38.5063362121582","38.5063362121582","38.5063362121582"
"22332","33.89006042480469","33.89006042480469","33.89006042480469"
"22334","35.920833587646484","35.920833587646484","35.920833587646484"
"22336","39.43952941894531","39.43952941894531","39.43952941894531"
"22337","37.85088348388672","37.85088348388672","37.85088348388672"
"22339","53.79646301269531","53.79646301269531","53.79646301269531"
"22342","35.314979553222656","35.314979553222656","35.314979553222656"
"22343","32.89971923828125","32.89971923828125","32.89971923828125"
"22344","38.473628997802734","38.473628997802734","38.473628997802734"
"22349","39.5885009765625","39.5885009765625","39.5885009765625"
"22351","38.4666748046875","38.4666748046875","38.4666748046875"
"22356","38.25293731689453","38.25293731689453","38.25293731689453"
"22357","43.216156005859375","43.216156005859375","43.216156005859375"
"22358","31.771987915039062","31.771987915039062","31.771987915039062"
"22359","84.59388732910156","84.59388732910156","84.59388732910156"
"22360","34.95787811279297","34.95787811279297","34.95787811279297"
"22362","51.007049560546875","51.007049560546875","51.007049560546875"
"22364","36.721710205078125","36.721710205078125","36.721710205078125"
"22365","38.529052734375","38.529052734375","38.529052734375"
"22374","37.24290084838867","37.24290084838867","37.24290084838867"
"22378","41.53626251220703","41.53626251220703","41.53626251220703"
"22379","40.129127502441406","40.129127502441406","40.129127502441406"
"22383","38.750980377197266","38.750980377197266","38.750980377197266"
"22386","41.25944900512695","41.25944900512695","41.25944900512695"
"22387","36.674163818359375","36.674163818359375","36.674163818359375"
"22389","40.72669219970703","40.72669219970703","40.72669219970703"
"22390","40.438167572021484","40.438167572021484","40.438167572021484"
"22391","50.19065856933594","50.19065856933594","50.19065856933594"
"22392","39.102760314941406","39.102760314941406","39.102760314941406"
"22393","35.1160888671875","35.1160888671875","35.1160888671875"
"22396","36.08784103393555","36.08784103393555","36.08784103393555"
"22400","36.203922271728516","36.203922271728516","36.203922271728516"
"22404","34.10971450805664","34.10971450805664","34.10971450805664"
"22405","32.06869125366211","32.06869125366211","32.06869125366211"
"22408","39.98889923095703","39.98889923095703","39.98889923095703"
"22420","74.05072784423828","74.05072784423828","74.05072784423828"
"22422","43.725120544433594","43.725120544433594","43.725120544433594"
"22424","32.18443298339844","32.18443298339844","32.18443298339844"
"22425","34.56668472290039","34.56668472290039","34.56668472290039"
"22426","37.499568939208984","37.499568939208984","37.499568939208984"
"22428","36.94650650024414","36.94650650024414","36.94650650024414"
"22429","35.236488342285156","35.236488342285156","35.236488342285156"
"22430","34.69976043701172","34.69976043701172","34.69976043701172"
"22432","40.89649200439453","40.89649200439453","40.89649200439453"
"22433","43.439151763916016","43.439151763916016","43.439151763916016"
"22434","40.34355163574219","40.34355163574219","40.34355163574219"
"22437","33.8149528503418","33.8149528503418","33.8149528503418"
"22441","36.74652862548828","36.74652862548828","36.74652862548828"
"22445","36.740177154541016","36.740177154541016","36.740177154541016"
"22446","40.525753021240234","40.525753021240234","40.525753021240234"
"22450","38.649070739746094","38.649070739746094","38.649070739746094"
"22451","37.02768325805664","37.02768325805664","37.02768325805664"
"22456","34.33844757080078","34.33844757080078","34.33844757080078"
"22457","37.77667999267578","37.77667999267578","37.77667999267578"
"22466","33.84841537475586","33.84841537475586","33.84841537475586"
"22468","39.99873352050781","39.99873352050781","39.99873352050781"
"22473","76.9277572631836","76.9277572631836","76.9277572631836"
"22475","44.50916290283203","44.50916290283203","44.50916290283203"
"22477","50.77949523925781","50.77949523925781","50.77949523925781"
"22480","35.8658561706543","35.8658561706543","35.8658561706543"
"22483","34.11665344238281","34.11665344238281","34.11665344238281"
"22485","41.371177673339844","41.371177673339844","41.371177673339844"
"22486","35.11994552612305","35.11994552612305","35.11994552612305"
"22487","38.23362350463867","38.23362350463867","38.23362350463867"
"22491","37.95426940917969","37.95426940917969","37.95426940917969"
"22492","30.37871742248535","30.37871742248535","30.37871742248535"
"22493","38.68759536743164","38.68759536743164","38.68759536743164"
"22495","36.09488296508789","36.09488296508789","36.09488296508789"
"22501","33.39584732055664","33.39584732055664","33.39584732055664"
"22502","36.85456466674805","36.85456466674805","36.85456466674805"
"22509","71.3857192993164","71.3857192993164","71.3857192993164"
"22510","37.06515884399414","37.06515884399414","37.06515884399414"
"22513","36.21744155883789","36.21744155883789","36.21744155883789"
"22514","36.05946731567383","36.05946731567383","36.05946731567383"
"22515","37.57981491088867","37.57981491088867","37.57981491088867"
"22518","48.53960037231445","48.53960037231445","48.53960037231445"
"22521","41.834495544433594","41.834495544433594","41.834495544433594"
"22523","46.14985656738281","46.14985656738281","46.14985656738281"
"22526","34.522193908691406","34.522193908691406","34.522193908691406"
"22530","42.728271484375","42.728271484375","42.728271484375"
"22531","28.45760726928711","28.45760726928711","28.45760726928711"
"22534","35.03787612915039","35.03787612915039","35.03787612915039"
"22535","41.811767578125","41.811767578125","41.811767578125"
"22537","34.670616149902344","34.670616149902344","34.670616149902344"
"22538","31.617515563964844","31.617515563964844","31.617515563964844"
"22541","34.65989685058594","34.65989685058594","34.65989685058594"
"22543","36.47043228149414","36.47043228149414","36.47043228149414"
"22547","32.948875427246094","32.948875427246094","32.948875427246094"
"22548","34.82761764526367","34.82761764526367","34.82761764526367"
"22549","35.76220703125","35.76220703125","35.76220703125"
"22551","33.43008804321289","33.43008804321289","33.43008804321289"
"22555","36.06652069091797","36.06652069091797","36.06652069091797"
"22556","35.01349639892578","35.01349639892578","35.01349639892578"
"22559","34.80747985839844","34.80747985839844","34.80747985839844"
"22560","31.905494689941406","31.905494689941406","31.905494689941406"
"22564","35.82902526855469","35.82902526855469","35.82902526855469"
"22565","35.40233612060547","35.40233612060547","35.40233612060547"
"22573","48.355995178222656","48.355995178222656","48.355995178222656"
"22576","39.16995620727539","39.16995620727539","39.16995620727539"
"22577","56.60151290893555","56.60151290893555","56.60151290893555"
"22580","39.96272277832031","39.96272277832031","39.96272277832031"
"22583","37.8023567199707","37.8023567199707","37.8023567199707"
"22587","37.30549240112305","37.30549240112305","37.30549240112305"
"22592","31.195293426513672","31.195293426513672","31.195293426513672"
"22593","40.9736213684082","40.9736213684082","40.9736213684082"
"22597","36.017269134521484","36.017269134521484","36.017269134521484"
"22598","39.473270416259766","39.473270416259766","39.473270416259766"
"22599","44.056846618652344","44.056846618652344","44.056846618652344"
"22604","36.18328857421875","36.18328857421875","36.18328857421875"
"22605","33.60071563720703","33.60071563720703","33.60071563720703"
"22607","38.98267364501953","38.98267364501953","38.98267364501953"
"22608","36.40977478027344","36.40977478027344","36.40977478027344"
"22609","29.755929946899414","29.755929946899414","29.755929946899414"
"22610","35.47801971435547","35.47801971435547","35.47801971435547"
"22612","35.54487228393555","35.54487228393555","35.54487228393555"
"22614","37.396881103515625","37.396881103515625","37.396881103515625"
"22617","31.352909088134766","31.352909088134766","31.352909088134766"
"22623","34.39809799194336","34.39809799194336","34.39809799194336"
"22631","42.89347457885742","42.89347457885742","42.89347457885742"
"22634","39.21681213378906","39.21681213378906","39.21681213378906"
"22636","39.205238342285156","39.205238342285156","39.205238342285156"
"22637","37.288082122802734","37.288082122802734","37.288082122802734"
"22643","31.82114028930664","31.82114028930664","31.82114028930664"
"22644","35.0537109375","35.0537109375","35.0537109375"
"22646","35.94298553466797","35.94298553466797","35.94298553466797"
"22647","38.13322448730469","38.13322448730469","38.13322448730469"
"22648","53.585121154785156","53.585121154785156","53.585121154785156"
"22649","32.74916458129883","32.74916458129883","32.74916458129883"
"22650","32.57122802734375","32.57122802734375","32.57122802734375"
"22651","33.954315185546875","33.954315185546875","33.954315185546875"
"22652","34.059898376464844","34.059898376464844","34.059898376464844"
"22654","41.00318908691406","41.00318908691406","41.00318908691406"
"22655","44.277809143066406","44.277809143066406","44.277809143066406"
"22658","42.62028503417969","42.62028503417969","42.62028503417969"
"22660","36.06547546386719","36.06547546386719","36.06547546386719"
"22666","38.323394775390625","38.323394775390625","38.323394775390625"
"22669","37.65863037109375","37.65863037109375","37.65863037109375"
"22671","37.733917236328125","37.733917236328125","37.733917236328125"
"22672","32.91872787475586","32.91872787475586","32.91872787475586"
"22677","36.00193405151367","36.00193405151367","36.00193405151367"
"22682","37.83893966674805","37.83893966674805","37.83893966674805"
"22688","35.41728973388672","35.41728973388672","35.41728973388672"
"22689","35.87058639526367","35.87058639526367","35.87058639526367"
"22693","43.55638122558594","43.55638122558594","43.55638122558594"
"22696","29.804916381835938","29.804916381835938","29.804916381835938"
"22700","41.58686828613281","41.58686828613281","41.58686828613281"
"22704","28.775341033935547","28.775341033935547","28.775341033935547"
"22705","35.51786422729492","35.51786422729492","35.51786422729492"
"22706","35.2578125","35.2578125","35.2578125"
"22707","32.31319046020508","32.31319046020508","32.31319046020508"
"22708","37.16617202758789","37.16617202758789","37.16617202758789"
"22711","34.775455474853516","34.775455474853516","34.775455474853516"
"22713","33.31721496582031","33.31721496582031","33.31721496582031"
"22715","39.14495086669922","39.14495086669922","39.14495086669922"
"22717","40.73260498046875","40.73260498046875","40.73260498046875"
"22720","40.096309661865234","40.096309661865234","40.096309661865234"
"22721","34.48862838745117","34.48862838745117","34.48862838745117"
"22722","40.920013427734375","40.920013427734375","40.920013427734375"
"22723","32.73728561401367","32.73728561401367","32.73728561401367"
"22727","37.146976470947266","37.146976470947266","37.146976470947266"
"22728","49.25902557373047","49.25902557373047","49.25902557373047"
"22729","33.42938995361328","33.42938995361328","33.42938995361328"
"22731","38.410987854003906","38.410987854003906","38.410987854003906"
"22735","36.130367279052734","36.130367279052734","36.130367279052734"
"22738","49.54551315307617","49.54551315307617","49.54551315307617"
"22746","44.31093215942383","44.31093215942383","44.31093215942383"
"22752","37.11649703979492","37.11649703979492","37.11649703979492"
"22754","33.561668395996094","33.561668395996094","33.561668395996094"
"22758","36.18784713745117","36.18784713745117","36.18784713745117"
"22766","35.641090393066406","35.641090393066406","35.641090393066406"
"22768","38.367740631103516","38.367740631103516","38.367740631103516"
"22769","35.77677536010742","35.77677536010742","35.77677536010742"
"22771","33.931461334228516","33.931461334228516","33.931461334228516"
"22776","36.343379974365234","36.343379974365234","36.343379974365234"
"22779","36.12350082397461","36.12350082397461","36.12350082397461"
"22780","34.053836822509766","34.053836822509766","34.053836822509766"
"22789","33.53358840942383","33.53358840942383","33.53358840942383"
"22794","34.67806625366211","34.67806625366211","34.67806625366211"
"22799","38.48194885253906","38.48194885253906","38.48194885253906"
"22802","35.750511169433594","35.750511169433594","35.750511169433594"
"22804","1428.5384521484375","1428.5384521484375","1428.5384521484375"
"22806","38.531219482421875","38.531219482421875","38.531219482421875"
"22811","54.616188049316406","54.616188049316406","54.616188049316406"
"22813","38.804786682128906","38.804786682128906","38.804786682128906"
"22814","35.65859603881836","35.65859603881836","35.65859603881836"
"22816","31.828521728515625","31.828521728515625","31.828521728515625"
"22818","37.141788482666016","37.141788482666016","37.141788482666016"
"22819","41.5867919921875","41.5867919921875","41.5867919921875"
"22820","38.726383209228516","38.726383209228516","38.726383209228516"
"22822","35.37575912475586","35.37575912475586","35.37575912475586"
"22823","43.4782829284668","43.4782829284668","43.4782829284668"
"22824","38.69396209716797","38.69396209716797","38.69396209716797"
"22826","34.71148681640625","34.71148681640625","34.71148681640625"
"22827","33.49296569824219","33.49296569824219","33.49296569824219"
"22830","35.55830383300781","35.55830383300781","35.55830383300781"
"22831","35.07203674316406","35.07203674316406","35.07203674316406"
"22832","67.76801300048828","67.76801300048828","67.76801300048828"
"22833","43.00060272216797","43.00060272216797","43.00060272216797"
"22835","32.91294479370117","32.91294479370117","32.91294479370117"
"22836","38.49761962890625","38.49761962890625","38.49761962890625"
"22837","33.31891632080078","33.31891632080078","33.31891632080078"
"22843","36.702056884765625","36.702056884765625","36.702056884765625"
"22844","30.134782791137695","30.134782791137695","30.134782791137695"
"22846","53.02581787109375","53.02581787109375","53.02581787109375"
"22848","4502.150390625","4502.150390625","4502.150390625"
"22851","35.33235549926758","35.33235549926758","35.33235549926758"
"22852","38.62307357788086","38.62307357788086","38.62307357788086"
"22853","37.631507873535156","37.631507873535156","37.631507873535156"
"22856","37.95269012451172","37.95269012451172","37.95269012451172"
"22860","33.558597564697266","33.558597564697266","33.558597564697266"
"22861","35.88959503173828","35.88959503173828","35.88959503173828"
"22865","36.48490905761719","36.48490905761719","36.48490905761719"
"22866","36.63944625854492","36.63944625854492","36.63944625854492"
"22868","31.297292709350586","31.297292709350586","31.297292709350586"
"22869","36.57026672363281","36.57026672363281","36.57026672363281"
"22879","38.15644073486328","38.15644073486328","38.15644073486328"
"22880","32.98757553100586","32.98757553100586","32.98757553100586"
"22881","35.56780242919922","35.56780242919922","35.56780242919922"
"22882","42.6404914855957","42.6404914855957","42.6404914855957"
"22885","40.25532913208008","40.25532913208008","40.25532913208008"
"22890","34.65184783935547","34.65184783935547","34.65184783935547"
"22891","41.303672790527344","41.303672790527344","41.303672790527344"
"22892","35.287071228027344","35.287071228027344","35.287071228027344"
"22895","39.68833923339844","39.68833923339844","39.68833923339844"
"22896","32.86997985839844","32.86997985839844","32.86997985839844"
"22897","39.126285552978516","39.126285552978516","39.126285552978516"
"22898","31.171415328979492","31.171415328979492","31.171415328979492"
"22899","34.17814636230469","34.17814636230469","34.17814636230469"
"22900","30.58312225341797","30.58312225341797","30.58312225341797"
"22906","39.67502975463867","39.67502975463867","39.67502975463867"
"22909","50.71552276611328","50.71552276611328","50.71552276611328"
"22913","33.12795639038086","33.12795639038086","33.12795639038086"
"22916","40.07732391357422","40.07732391357422","40.07732391357422"
"22919","30.949424743652344","30.949424743652344","30.949424743652344"
"22921","41.16365432739258","41.16365432739258","41.16365432739258"
"22923","36.23169708251953","36.23169708251953","36.23169708251953"
"22926","36.12037658691406","36.12037658691406","36.12037658691406"
"22928","44.355899810791016","44.355899810791016","44.355899810791016"
"22929","55.244380950927734","55.244380950927734","55.244380950927734"
"22930","155.64537048339844","155.64537048339844","155.64537048339844"
"22933","51.225807189941406","51.225807189941406","51.225807189941406"
"22935","41.56463623046875","41.56463623046875","41.56463623046875"
"22936","34.10465621948242","34.10465621948242","34.10465621948242"
"22937","37.930320739746094","37.930320739746094","37.930320739746094"
"22938","35.12938690185547","35.12938690185547","35.12938690185547"
"22940","38.667877197265625","38.667877197265625","38.667877197265625"
"22945","36.00706100463867","36.00706100463867","36.00706100463867"
"22950","36.66492462158203","36.66492462158203","36.66492462158203"
"22954","35.66797637939453","35.66797637939453","35.66797637939453"
"22955","31.51500701904297","31.51500701904297","31.51500701904297"
"22956","34.13813781738281","34.13813781738281","34.13813781738281"
"22958","33.92472839355469","33.92472839355469","33.92472839355469"
"22959","32.9202880859375","32.9202880859375","32.9202880859375"
"22960","46.287086486816406","46.287086486816406","46.287086486816406"
"22961","32.094078063964844","32.094078063964844","32.094078063964844"
"22965","33.77450180053711","33.77450180053711","33.77450180053711"
"22966","34.337013244628906","34.337013244628906","34.337013244628906"
"22969","37.54780578613281","37.54780578613281","37.54780578613281"
"22971","29.722753524780273","29.722753524780273","29.722753524780273"
"22973","30.911136627197266","30.911136627197266","30.911136627197266"
"22975","35.086456298828125","35.086456298828125","35.086456298828125"
"22976","47.252098083496094","47.252098083496094","47.252098083496094"
"22977","40.34311294555664","40.34311294555664","40.34311294555664"
"22985","80.68822479248047","80.68822479248047","80.68822479248047"
"22987","38.11717224121094","38.11717224121094","38.11717224121094"
"22988","41.62200164794922","41.62200164794922","41.62200164794922"
"22993","39.46578598022461","39.46578598022461","39.46578598022461"
"22997","43.246585845947266","43.246585845947266","43.246585845947266"
"22999","33.64323425292969","33.64323425292969","33.64323425292969"
"23000","41.13811111450195","41.13811111450195","41.13811111450195"
"23002","48.08656311035156","48.08656311035156","48.08656311035156"
"23004","53.60511016845703","53.60511016845703","53.60511016845703"
"23005","47.808101654052734","47.808101654052734","47.808101654052734"
"23009","41.68177795410156","41.68177795410156","41.68177795410156"
"23010","75.85417175292969","75.85417175292969","75.85417175292969"
"23011","32.878990173339844","32.878990173339844","32.878990173339844"
"23013","41.71722412109375","41.71722412109375","41.71722412109375"
"23015","39.36597442626953","39.36597442626953","39.36597442626953"
"23016","38.07398986816406","38.07398986816406","38.07398986816406"
"23017","34.01103973388672","34.01103973388672","34.01103973388672"
"23019","35.902923583984375","35.902923583984375","35.902923583984375"
"23020","33.59709930419922","33.59709930419922","33.59709930419922"
"23023","1035.5164794921875","1035.5164794921875","1035.5164794921875"
"23028","38.11882781982422","38.11882781982422","38.11882781982422"
"23029","37.88071823120117","37.88071823120117","37.88071823120117"
"23030","37.32453918457031","37.32453918457031","37.32453918457031"
"23033","39.135032653808594","39.135032653808594","39.135032653808594"
"23035","39.30862045288086","39.30862045288086","39.30862045288086"
"23038","42.37944793701172","42.37944793701172","42.37944793701172"
"23041","41.056488037109375","41.056488037109375","41.056488037109375"
"23042","43.77214431762695","43.77214431762695","43.77214431762695"
"23045","40.29689407348633","40.29689407348633","40.29689407348633"
"23047","40.66962432861328","40.66962432861328","40.66962432861328"
"23049","37.507843017578125","37.507843017578125","37.507843017578125"
"23054","38.48503875732422","38.48503875732422","38.48503875732422"
"23055","37.77852249145508","37.77852249145508","37.77852249145508"
"23058","34.16920471191406","34.16920471191406","34.16920471191406"
"23061","37.831336975097656","37.831336975097656","37.831336975097656"
"23062","44.718101501464844","44.718101501464844","44.718101501464844"
"23063","36.043212890625","36.043212890625","36.043212890625"
"23064","45.03327560424805","45.03327560424805","45.03327560424805"
"23065","34.62363052368164","34.62363052368164","34.62363052368164"
"23066","52.7313232421875","52.7313232421875","52.7313232421875"
"23067","40.28727722167969","40.28727722167969","40.28727722167969"
"23072","41.21529006958008","41.21529006958008","41.21529006958008"
"23073","344.49163818359375","344.49163818359375","344.49163818359375"
"23076","40.649169921875","40.649169921875","40.649169921875"
"23078","56.34185791015625","56.34185791015625","56.34185791015625"
"23079","32.208675384521484","32.208675384521484","32.208675384521484"
"23083","37.3636474609375","37.3636474609375","37.3636474609375"
"23086","38.06708526611328","38.06708526611328","38.06708526611328"
"23089","1897.84033203125","1897.84033203125","1897.84033203125"
"23090","33.311214447021484","33.311214447021484","33.311214447021484"
"23092","35.14499282836914","35.14499282836914","35.14499282836914"
"23093","40.16828155517578","40.16828155517578","40.16828155517578"
"23095","33.73841094970703","33.73841094970703","33.73841094970703"
"23096","37.84638595581055","37.84638595581055","37.84638595581055"
"23098","37.82555389404297","37.82555389404297","37.82555389404297"
"23099","39.8280029296875","39.8280029296875","39.8280029296875"
"23100","35.91480255126953","35.91480255126953","35.91480255126953"
"23101","57.222900390625","57.222900390625","57.222900390625"
"23103","33.66326904296875","33.66326904296875","33.66326904296875"
"23104","35.77580261230469","35.77580261230469","35.77580261230469"
"23105","31.27709197998047","31.27709197998047","31.27709197998047"
"23107","48.23621368408203","48.23621368408203","48.23621368408203"
"23109","34.650970458984375","34.650970458984375","34.650970458984375"
"23111","39.94123458862305","39.94123458862305","39.94123458862305"
"23115","37.2114143371582","37.2114143371582","37.2114143371582"
"23119","34.410099029541016","34.410099029541016","34.410099029541016"
"23123","32.50994873046875","32.50994873046875","32.50994873046875"
"23124","39.75566482543945","39.75566482543945","39.75566482543945"
"23125","48.262840270996094","48.262840270996094","48.262840270996094"
"23128","32.20125961303711","32.20125961303711","32.20125961303711"
"23129","39.24205017089844","39.24205017089844","39.24205017089844"
"23131","33.86324691772461","33.86324691772461","33.86324691772461"
"23134","38.194366455078125","38.194366455078125","38.194366455078125"
"23135","33.894901275634766","33.894901275634766","33.894901275634766"
"23138","33.0911979675293","33.0911979675293","33.0911979675293"
"23139","39.243751525878906","39.243751525878906","39.243751525878906"
"23141","58.21010971069336","58.21010971069336","58.21010971069336"
"23142","33.58311080932617","33.58311080932617","33.58311080932617"
"23143","38.2529182434082","38.2529182434082","38.2529182434082"
"23144","44.157012939453125","44.157012939453125","44.157012939453125"
"23145","56.45013427734375","56.45013427734375","56.45013427734375"
"23147","28.951440811157227","28.951440811157227","28.951440811157227"
"23149","34.13067626953125","34.13067626953125","34.13067626953125"
"23153","32.91714096069336","32.91714096069336","32.91714096069336"
"23155","33.66157531738281","33.66157531738281","33.66157531738281"
"23158","36.450096130371094","36.450096130371094","36.450096130371094"
"23162","38.976829528808594","38.976829528808594","38.976829528808594"
"23163","37.84096145629883","37.84096145629883","37.84096145629883"
"23164","41.951507568359375","41.951507568359375","41.951507568359375"
"23166","33.312660217285156","33.312660217285156","33.312660217285156"
"23167","30.239364624023438","30.239364624023438","30.239364624023438"
"23170","34.163421630859375","34.163421630859375","34.163421630859375"
"23174","35.407005310058594","35.407005310058594","35.407005310058594"
"23175","32.382118225097656","32.382118225097656","32.382118225097656"
"23176","35.31373977661133","35.31373977661133","35.31373977661133"
"23178","32.732608795166016","32.732608795166016","32.732608795166016"
"23180","39.57464599609375","39.57464599609375","39.57464599609375"
"23181","38.948463439941406","38.948463439941406","38.948463439941406"
"23183","39.91555404663086","39.91555404663086","39.91555404663086"
"23184","31.4696044921875","31.4696044921875","31.4696044921875"
"23188","37.62907791137695","37.62907791137695","37.62907791137695"
"23189","38.050018310546875","38.050018310546875","38.050018310546875"
"23191","34.77915573120117","34.77915573120117","34.77915573120117"
"23194","36.03310012817383","36.03310012817383","36.03310012817383"
"23198","39.99941635131836","39.99941635131836","39.99941635131836"
"23200","41.10060501098633","41.10060501098633","41.10060501098633"
"23204","34.14397430419922","34.14397430419922","34.14397430419922"
"23206","36.9830207824707","36.9830207824707","36.9830207824707"
"23209","42.898414611816406","42.898414611816406","42.898414611816406"
"23210","33.72962951660156","33.72962951660156","33.72962951660156"
"23214","38.39151382446289","38.39151382446289","38.39151382446289"
"23216","1842.59033203125","1842.59033203125","1842.59033203125"
"23217","35.95399475097656","35.95399475097656","35.95399475097656"
"23218","41.94114303588867","41.94114303588867","41.94114303588867"
"23219","36.86740493774414","36.86740493774414","36.86740493774414"
"23221","42.09358596801758","42.09358596801758","42.09358596801758"
"23222","50.61208724975586","50.61208724975586","50.61208724975586"
"23223","39.24960708618164","39.24960708618164","39.24960708618164"
"23225","36.42426300048828","36.42426300048828","36.42426300048828"
"23226","44.944053649902344","44.944053649902344","44.944053649902344"
"23227","48.29877471923828","48.29877471923828","48.29877471923828"
"23230","30.637493133544922","30.637493133544922","30.637493133544922"
"23231","39.9188346862793","39.9188346862793","39.9188346862793"
"23233","32.33872985839844","32.33872985839844","32.33872985839844"
"23235","44.299659729003906","44.299659729003906","44.299659729003906"
"23237","31.026683807373047","31.026683807373047","31.026683807373047"
"23238","38.42893981933594","38.42893981933594","38.42893981933594"
"23245","38.516929626464844","38.516929626464844","38.516929626464844"
"23247","34.960147857666016","34.960147857666016","34.960147857666016"
"23248","31.43564796447754","31.43564796447754","31.43564796447754"
"23253","44.19319152832031","44.19319152832031","44.19319152832031"
"23254","41.06366729736328","41.06366729736328","41.06366729736328"
"23258","37.370304107666016","37.370304107666016","37.370304107666016"
"23259","30.13983917236328","30.13983917236328","30.13983917236328"
"23260","33.75408172607422","33.75408172607422","33.75408172607422"
"23262","31.91473388671875","31.91473388671875","31.91473388671875"
"23266","42.90190124511719","42.90190124511719","42.90190124511719"
"23267","39.4461784362793","39.4461784362793","39.4461784362793"
"23269","36.57480239868164","36.57480239868164","36.57480239868164"
"23270","38.02720260620117","38.02720260620117","38.02720260620117"
"23273","34.64204406738281","34.64204406738281","34.64204406738281"
"23275","38.277252197265625","38.277252197265625","38.277252197265625"
"23276","35.353302001953125","35.353302001953125","35.353302001953125"
"23277","43.821998596191406","43.821998596191406","43.821998596191406"
"23281","46.368865966796875","46.368865966796875","46.368865966796875"
"23282","33.16303253173828","33.16303253173828","33.16303253173828"
"23284","36.01552200317383","36.01552200317383","36.01552200317383"
"23285","37.94010925292969","37.94010925292969","37.94010925292969"
"23294","37.427024841308594","37.427024841308594","37.427024841308594"
"23296","36.25602722167969","36.25602722167969","36.25602722167969"
"23298","35.82463836669922","35.82463836669922","35.82463836669922"
"23299","38.34224319458008","38.34224319458008","38.34224319458008"
"23302","36.851348876953125","36.851348876953125","36.851348876953125"
"23303","35.916831970214844","35.916831970214844","35.916831970214844"
"23304","37.32292938232422","37.32292938232422","37.32292938232422"
"23307","38.491641998291016","38.491641998291016","38.491641998291016"
"23308","4058.063232421875","4058.063232421875","4058.063232421875"
"23311","33.490447998046875","33.490447998046875","33.490447998046875"
"23315","38.34288024902344","38.34288024902344","38.34288024902344"
"23317","45.59056091308594","45.59056091308594","45.59056091308594"
"23318","35.500362396240234","35.500362396240234","35.500362396240234"
"23322","38.82349395751953","38.82349395751953","38.82349395751953"
"23324","123.22621154785156","123.22621154785156","123.22621154785156"
"23325","40.37985610961914","40.37985610961914","40.37985610961914"
"23328","36.768821716308594","36.768821716308594","36.768821716308594"
"23331","39.15934753417969","39.15934753417969","39.15934753417969"
"23334","39.57866668701172","39.57866668701172","39.57866668701172"
"23335","35.997825622558594","35.997825622558594","35.997825622558594"
"23336","36.41316223144531","36.41316223144531","36.41316223144531"
"23339","33.44578552246094","33.44578552246094","33.44578552246094"
"23341","47.46988296508789","47.46988296508789","47.46988296508789"
"23345","33.9697265625","33.9697265625","33.9697265625"
"23346","43.998252868652344","43.998252868652344","43.998252868652344"
"23347","42.83662796020508","42.83662796020508","42.83662796020508"
"23352","36.33238220214844","36.33238220214844","36.33238220214844"
"23354","385.9576721191406","385.9576721191406","385.9576721191406"
"23355","39.343048095703125","39.343048095703125","39.343048095703125"
"23356","36.09574508666992","36.09574508666992","36.09574508666992"
"23360","38.526920318603516","38.526920318603516","38.526920318603516"
"23361","33.95256423950195","33.95256423950195","33.95256423950195"
"23363","41.515499114990234","41.515499114990234","41.515499114990234"
"23365","41.04783630371094","41.04783630371094","41.04783630371094"
"23370","33.742759704589844","33.742759704589844","33.742759704589844"
"23375","41.30807876586914","41.30807876586914","41.30807876586914"
"23383","41.26792907714844","41.26792907714844","41.26792907714844"
"23384","36.81825256347656","36.81825256347656","36.81825256347656"
"23393","35.108802795410156","35.108802795410156","35.108802795410156"
"23394","35.49348068237305","35.49348068237305","35.49348068237305"
"23401","42.368648529052734","42.368648529052734","42.368648529052734"
"23402","36.81329345703125","36.81329345703125","36.81329345703125"
"23403","30.428783416748047","30.428783416748047","30.428783416748047"
"23408","32.29658126831055","32.29658126831055","32.29658126831055"
"23409","37.17142868041992","37.17142868041992","37.17142868041992"
"23410","40.15787124633789","40.15787124633789","40.15787124633789"
"23413","33.06768798828125","33.06768798828125","33.06768798828125"
"23414","41.26499557495117","41.26499557495117","41.26499557495117"
"23418","33.72954559326172","33.72954559326172","33.72954559326172"
"23420","34.96484375","34.96484375","34.96484375"
"23423","33.52244186401367","33.52244186401367","33.52244186401367"
"23424","43.605377197265625","43.605377197265625","43.605377197265625"
"23426","38.24242401123047","38.24242401123047","38.24242401123047"
"23429","28.744022369384766","28.744022369384766","28.744022369384766"
"23433","37.210628509521484","37.210628509521484","37.210628509521484"
"23434","30.751007080078125","30.751007080078125","30.751007080078125"
"23435","38.48628616333008","38.48628616333008","38.48628616333008"
"23436","31.912534713745117","31.912534713745117","31.912534713745117"
"23439","32.22946548461914","32.22946548461914","32.22946548461914"
"23440","97.96566772460938","97.96566772460938","97.96566772460938"
"23441","43.6763916015625","43.6763916015625","43.6763916015625"
"23442","41.14924240112305","41.14924240112305","41.14924240112305"
"23447","31.816268920898438","31.816268920898438","31.816268920898438"
"23449","36.364959716796875","36.364959716796875","36.364959716796875"
"23451","36.91323471069336","36.91323471069336","36.91323471069336"
"23452","31.313058853149414","31.313058853149414","31.313058853149414"
"23454","46.17914581298828","46.17914581298828","46.17914581298828"
"23456","34.75832748413086","34.75832748413086","34.75832748413086"
"23457","41.672271728515625","41.672271728515625","41.672271728515625"
"23460","36.26271438598633","36.26271438598633","36.26271438598633"
"23461","29.489574432373047","29.489574432373047","29.489574432373047"
"23462","45.13629913330078","45.13629913330078","45.13629913330078"
"23463","35.96210479736328","35.96210479736328","35.96210479736328"
"23467","39.16197204589844","39.16197204589844","39.16197204589844"
"23473","43.900081634521484","43.900081634521484","43.900081634521484"
"23476","191.83734130859375","191.83734130859375","191.83734130859375"
"23478","35.843345642089844","35.843345642089844","35.843345642089844"
"23479","43.39424133300781","43.39424133300781","43.39424133300781"
"23480","39.30495071411133","39.30495071411133","39.30495071411133"
"23481","33.59559631347656","33.59559631347656","33.59559631347656"
"23483","39.45768356323242","39.45768356323242","39.45768356323242"
"23484","39.83388900756836","39.83388900756836","39.83388900756836"
"23485","45.36404800415039","45.36404800415039","45.36404800415039"
"23488","32.405662536621094","32.405662536621094","32.405662536621094"
"23490","35.44803237915039","35.44803237915039","35.44803237915039"
"23497","34.762725830078125","34.762725830078125","34.762725830078125"
"23501","33.187774658203125","33.187774658203125","33.187774658203125"
"23502","43.17643737792969","43.17643737792969","43.17643737792969"
"23508","32.815181732177734","32.815181732177734","32.815181732177734"
"23510","34.258766174316406","34.258766174316406","34.258766174316406"
"23513","34.059364318847656","34.059364318847656","34.059364318847656"
"23515","52.541656494140625","52.541656494140625","52.541656494140625"
"23520","34.762611389160156","34.762611389160156","34.762611389160156"
"23522","35.0679817199707","35.0679817199707","35.0679817199707"
"23526","36.288291931152344","36.288291931152344","36.288291931152344"
"23527","36.8675651550293","36.8675651550293","36.8675651550293"
"23531","35.567115783691406","35.567115783691406","35.567115783691406"
"23532","34.95817565917969","34.95817565917969","34.95817565917969"
"23533","34.72736740112305","34.72736740112305","34.72736740112305"
"23541","38.2193603515625","38.2193603515625","38.2193603515625"
"23542","34.75628662109375","34.75628662109375","34.75628662109375"
"23543","36.97480010986328","36.97480010986328","36.97480010986328"
"23544","40.339046478271484","40.339046478271484","40.339046478271484"
"23547","29.375911712646484","29.375911712646484","29.375911712646484"
"23548","43.84654235839844","43.84654235839844","43.84654235839844"
"23553","34.21623229980469","34.21623229980469","34.21623229980469"
"23554","39.29182052612305","39.29182052612305","39.29182052612305"
"23560","37.1282958984375","37.1282958984375","37.1282958984375"
"23564","38.658103942871094","38.658103942871094","38.658103942871094"
"23566","36.02610397338867","36.02610397338867","36.02610397338867"
"23572","38.59282302856445","38.59282302856445","38.59282302856445"
"23573","41.30830383300781","41.30830383300781","41.30830383300781"
"23574","37.55181884765625","37.55181884765625","37.55181884765625"
"23575","35.64137649536133","35.64137649536133","35.64137649536133"
"23576","31.652612686157227","31.652612686157227","31.652612686157227"
"23578","35.282772064208984","35.282772064208984","35.282772064208984"
"23579","35.99357986450195","35.99357986450195","35.99357986450195"
"23585","31.90801429748535","31.90801429748535","31.90801429748535"
"23588","35.78052520751953","35.78052520751953","35.78052520751953"
"23589","31.100357055664062","31.100357055664062","31.100357055664062"
"23590","52.43272018432617","52.43272018432617","52.43272018432617"
"23593","37.1700325012207","37.1700325012207","37.1700325012207"
"23594","37.9036750793457","37.9036750793457","37.9036750793457"
"23596","36.222328186035156","36.222328186035156","36.222328186035156"
"23597","35.41007995605469","35.41007995605469","35.41007995605469"
"23600","35.1345329284668","35.1345329284668","35.1345329284668"
"23601","41.79491424560547","41.79491424560547","41.79491424560547"
"23603","38.1789665222168","38.1789665222168","38.1789665222168"
"23605","37.58699035644531","37.58699035644531","37.58699035644531"
"23609","33.803306579589844","33.803306579589844","33.803306579589844"
"23610","38.75505828857422","38.75505828857422","38.75505828857422"
"23612","41.6659049987793","41.6659049987793","41.6659049987793"
"23616","39.92664337158203","39.92664337158203","39.92664337158203"
"23618","36.357337951660156","36.357337951660156","36.357337951660156"
"23619","41.933143615722656","41.933143615722656","41.933143615722656"
"23620","38.39722442626953","38.39722442626953","38.39722442626953"
"23624","33.88102722167969","33.88102722167969","33.88102722167969"
"23634","68.76061248779297","68.76061248779297","68.76061248779297"
"23635","38.22020721435547","38.22020721435547","38.22020721435547"
"23640","36.620113372802734","36.620113372802734","36.620113372802734"
"23644","32.29893493652344","32.29893493652344","32.29893493652344"
"23645","41.25435256958008","41.25435256958008","41.25435256958008"
"23649","37.679264068603516","37.679264068603516","37.679264068603516"
"23651","35.72974395751953","35.72974395751953","35.72974395751953"
"23653","35.442474365234375","35.442474365234375","35.442474365234375"
"23654","39.778770446777344","39.778770446777344","39.778770446777344"
"23659","33.7796630859375","33.7796630859375","33.7796630859375"
"23661","36.89446258544922","36.89446258544922","36.89446258544922"
"23663","37.065528869628906","37.065528869628906","37.065528869628906"
"23665","36.50799560546875","36.50799560546875","36.50799560546875"
"23667","37.702781677246094","37.702781677246094","37.702781677246094"
"23669","39.42903518676758","39.42903518676758","39.42903518676758"
"23673","46.81562423706055","46.81562423706055","46.81562423706055"
"23674","32.24742126464844","32.24742126464844","32.24742126464844"
"23679","34.76915740966797","34.76915740966797","34.76915740966797"
"23680","31.701221466064453","31.701221466064453","31.701221466064453"
"23681","39.7181396484375","39.7181396484375","39.7181396484375"
"23685","33.79734802246094","33.79734802246094","33.79734802246094"
"23698","31.55830192565918","31.55830192565918","31.55830192565918"
"23705","35.29964065551758","35.29964065551758","35.29964065551758"
"23706","35.5734748840332","35.5734748840332","35.5734748840332"
"23707","38.6101188659668","38.6101188659668","38.6101188659668"
"23711","40.19484329223633","40.19484329223633","40.19484329223633"
"23712","46.52735137939453","46.52735137939453","46.52735137939453"
"23713","51.3511848449707","51.3511848449707","51.3511848449707"
"23720","35.83122253417969","35.83122253417969","35.83122253417969"
"23722","41.64951705932617","41.64951705932617","41.64951705932617"
"23723","27.75782585144043","27.75782585144043","27.75782585144043"
"23724","34.06439208984375","34.06439208984375","34.06439208984375"
"23726","35.16769027709961","35.16769027709961","35.16769027709961"
"23733","35.70880126953125","35.70880126953125","35.70880126953125"
"23735","41.83528137207031","41.83528137207031","41.83528137207031"
"23736","38.74600601196289","38.74600601196289","38.74600601196289"
"23737","37.4169807434082","37.4169807434082","37.4169807434082"
"23738","33.196800231933594","33.196800231933594","33.196800231933594"
"23739","42.10615539550781","42.10615539550781","42.10615539550781"
"23743","38.8651237487793","38.8651237487793","38.8651237487793"
"23746","33.61442565917969","33.61442565917969","33.61442565917969"
"23747","35.82025909423828","35.82025909423828","35.82025909423828"
"23752","43.87458038330078","43.87458038330078","43.87458038330078"
"23754","41.7684440612793","41.7684440612793","41.7684440612793"
"23762","32.0073356628418","32.0073356628418","32.0073356628418"
"23763","54.26947784423828","54.26947784423828","54.26947784423828"
"23765","40.988685607910156","40.988685607910156","40.988685607910156"
"23766","35.45615005493164","35.45615005493164","35.45615005493164"
"23769","37.953208923339844","37.953208923339844","37.953208923339844"
"23771","44.856231689453125","44.856231689453125","44.856231689453125"
"23773","36.40818786621094","36.40818786621094","36.40818786621094"
"23775","29.774444580078125","29.774444580078125","29.774444580078125"
"23779","35.76719665527344","35.76719665527344","35.76719665527344"
"23783","31.721271514892578","31.721271514892578","31.721271514892578"
"23786","42.2869758605957","42.2869758605957","42.2869758605957"
"23791","39.221012115478516","39.221012115478516","39.221012115478516"
"23795","39.58219528198242","39.58219528198242","39.58219528198242"
"23796","39.711360931396484","39.711360931396484","39.711360931396484"
"23799","33.77419662475586","33.77419662475586","33.77419662475586"
"23800","40.40740203857422","40.40740203857422","40.40740203857422"
"23802","475.6575622558594","475.6575622558594","475.6575622558594"
"23807","38.880157470703125","38.880157470703125","38.880157470703125"
"23809","32.93918991088867","32.93918991088867","32.93918991088867"
"23813","39.934814453125","39.934814453125","39.934814453125"
"23814","34.689815521240234","34.689815521240234","34.689815521240234"
"23815","34.392356872558594","34.392356872558594","34.392356872558594"
"23818","34.25791931152344","34.25791931152344","34.25791931152344"
"23821","35.162681579589844","35.162681579589844","35.162681579589844"
"23822","33.635860443115234","33.635860443115234","33.635860443115234"
"23823","33.228214263916016","33.228214263916016","33.228214263916016"
"23826","40.173431396484375","40.173431396484375","40.173431396484375"
"23828","39.96748733520508","39.96748733520508","39.96748733520508"
"23829","37.71503448486328","37.71503448486328","37.71503448486328"
"23832","32.529972076416016","32.529972076416016","32.529972076416016"
"23836","36.3358154296875","36.3358154296875","36.3358154296875"
"23837","38.44550323486328","38.44550323486328","38.44550323486328"
"23839","35.45362854003906","35.45362854003906","35.45362854003906"
"23840","38.7774543762207","38.7774543762207","38.7774543762207"
"23843","32.227657318115234","32.227657318115234","32.227657318115234"
"23848","43.064430236816406","43.064430236816406","43.064430236816406"
"23849","33.66522979736328","33.66522979736328","33.66522979736328"
"23851","28.795854568481445","28.795854568481445","28.795854568481445"
"23853","33.70054244995117","33.70054244995117","33.70054244995117"
"23856","47.27892303466797","47.27892303466797","47.27892303466797"
"23857","34.02943420410156","34.02943420410156","34.02943420410156"
"23858","38.590576171875","38.590576171875","38.590576171875"
"23864","87.62305450439453","87.62305450439453","87.62305450439453"
"23866","40.11957550048828","40.11957550048828","40.11957550048828"
"23871","3318.99853515625","3318.99853515625","3318.99853515625"
"23872","36.757633209228516","36.757633209228516","36.757633209228516"
"23875","38.1364631652832","38.1364631652832","38.1364631652832"
"23876","4674.37841796875","4674.37841796875","4674.37841796875"
"23877","55.92889404296875","55.92889404296875","55.92889404296875"
"23879","37.76327133178711","37.76327133178711","37.76327133178711"
"23882","39.54612731933594","39.54612731933594","39.54612731933594"
"23884","42.675506591796875","42.675506591796875","42.675506591796875"
"23886","38.5419921875","38.5419921875","38.5419921875"
"23887","32.69215774536133","32.69215774536133","32.69215774536133"
"23888","41.43505096435547","41.43505096435547","41.43505096435547"
"23889","37.62918472290039","37.62918472290039","37.62918472290039"
"23891","35.64662551879883","35.64662551879883","35.64662551879883"
"23893","30.801612854003906","30.801612854003906","30.801612854003906"
"23894","37.53423309326172","37.53423309326172","37.53423309326172"
"23897","52.721519470214844","52.721519470214844","52.721519470214844"
"23900","38.029483795166016","38.029483795166016","38.029483795166016"
"23902","34.476593017578125","34.476593017578125","34.476593017578125"
"23903","34.63951110839844","34.63951110839844","34.63951110839844"
"23906","31.68902015686035","31.68902015686035","31.68902015686035"
"23909","31.286514282226562","31.286514282226562","31.286514282226562"
"23910","41.936370849609375","41.936370849609375","41.936370849609375"
"23912","34.0474739074707","34.0474739074707","34.0474739074707"
"23913","43.527732849121094","43.527732849121094","43.527732849121094"
"23915","40.864925384521484","40.864925384521484","40.864925384521484"
"23916","38.95896911621094","38.95896911621094","38.95896911621094"
"23918","39.770748138427734","39.770748138427734","39.770748138427734"
"23920","60.90562438964844","60.90562438964844","60.90562438964844"
"23921","36.10698699951172","36.10698699951172","36.10698699951172"
"23922","36.07865524291992","36.07865524291992","36.07865524291992"
"23924","47.884403228759766","47.884403228759766","47.884403228759766"
"23925","38.58428955078125","38.58428955078125","38.58428955078125"
"23935","33.76556396484375","33.76556396484375","33.76556396484375"
"23939","34.84270477294922","34.84270477294922","34.84270477294922"
"23941","38.48464584350586","38.48464584350586","38.48464584350586"
"23942","38.56298065185547","38.56298065185547","38.56298065185547"
"23944","34.65462112426758","34.65462112426758","34.65462112426758"
"23945","37.884368896484375","37.884368896484375","37.884368896484375"
"23947","31.524272918701172","31.524272918701172","31.524272918701172"
"23948","31.39445686340332","31.39445686340332","31.39445686340332"
"23949","30.93323516845703","30.93323516845703","30.93323516845703"
"23951","35.10061264038086","35.10061264038086","35.10061264038086"
"23952","33.1636962890625","33.1636962890625","33.1636962890625"
"23953","36.0634765625","36.0634765625","36.0634765625"
"23955","115.26107025146484","115.26107025146484","115.26107025146484"
"23960","40.79263687133789","40.79263687133789","40.79263687133789"
"23961","48.88127517700195","48.88127517700195","48.88127517700195"
"23962","39.29882049560547","39.29882049560547","39.29882049560547"
"23968","43.64883804321289","43.64883804321289","43.64883804321289"
"23969","34.65013885498047","34.65013885498047","34.65013885498047"
"23972","42.41385269165039","42.41385269165039","42.41385269165039"
"23973","43.1212272644043","43.1212272644043","43.1212272644043"
"23976","776.5327758789062","776.5327758789062","776.5327758789062"
"23984","32.307525634765625","32.307525634765625","32.307525634765625"
"23985","42.60670471191406","42.60670471191406","42.60670471191406"
"23986","33.26673126220703","33.26673126220703","33.26673126220703"
"23987","36.0108528137207","36.0108528137207","36.0108528137207"
"23988","34.94739532470703","34.94739532470703","34.94739532470703"
"23992","38.332515716552734","38.332515716552734","38.332515716552734"
"23995","38.134796142578125","38.134796142578125","38.134796142578125"
"23996","40.67003631591797","40.67003631591797","40.67003631591797"
"23999","42.65270233154297","42.65270233154297","42.65270233154297"
"24002","36.8045654296875","36.8045654296875","36.8045654296875"
"24009","32.848140716552734","32.848140716552734","32.848140716552734"
"24014","34.03203582763672","34.03203582763672","34.03203582763672"
"24016","36.3797721862793","36.3797721862793","36.3797721862793"
"24017","40.4290771484375","40.4290771484375","40.4290771484375"
"24019","51.767333984375","51.767333984375","51.767333984375"
"24024","35.139122009277344","35.139122009277344","35.139122009277344"
"24030","38.95430374145508","38.95430374145508","38.95430374145508"
"24031","39.23202133178711","39.23202133178711","39.23202133178711"
"24032","35.92296600341797","35.92296600341797","35.92296600341797"
"24035","34.877010345458984","34.877010345458984","34.877010345458984"
"24036","36.757537841796875","36.757537841796875","36.757537841796875"
"24040","37.67596435546875","37.67596435546875","37.67596435546875"
"24041","34.963104248046875","34.963104248046875","34.963104248046875"
"24044","36.00718307495117","36.00718307495117","36.00718307495117"
"24046","34.959442138671875","34.959442138671875","34.959442138671875"
"24049","40.79403305053711","40.79403305053711","40.79403305053711"
"24054","39.145591735839844","39.145591735839844","39.145591735839844"
"24055","40.14698028564453","40.14698028564453","40.14698028564453"
"24056","42.71180725097656","42.71180725097656","42.71180725097656"
"24058","34.27642822265625","34.27642822265625","34.27642822265625"
"24060","34.360103607177734","34.360103607177734","34.360103607177734"
"24063","36.531959533691406","36.531959533691406","36.531959533691406"
"24065","44.72457504272461","44.72457504272461","44.72457504272461"
"24068","32.042640686035156","32.042640686035156","32.042640686035156"
"24069","44.49519729614258","44.49519729614258","44.49519729614258"
"24072","40.94420623779297","40.94420623779297","40.94420623779297"
"24076","38.978355407714844","38.978355407714844","38.978355407714844"
"24077","32.60674285888672","32.60674285888672","32.60674285888672"
"24078","37.93377685546875","37.93377685546875","37.93377685546875"
"24081","36.922428131103516","36.922428131103516","36.922428131103516"
"24086","35.91678237915039","35.91678237915039","35.91678237915039"
"24089","37.06666564941406","37.06666564941406","37.06666564941406"
"24091","41.169132232666016","41.169132232666016","41.169132232666016"
"24095","43.774505615234375","43.774505615234375","43.774505615234375"
"24099","45.69818878173828","45.69818878173828","45.69818878173828"
"24100","33.18137741088867","33.18137741088867","33.18137741088867"
"24101","40.15162658691406","40.15162658691406","40.15162658691406"
"24102","34.91172790527344","34.91172790527344","34.91172790527344"
"24104","37.5611686706543","37.5611686706543","37.5611686706543"
"24111","41.92906951904297","41.92906951904297","41.92906951904297"
"24116","56.35151672363281","56.35151672363281","56.35151672363281"
"24118","35.12747573852539","35.12747573852539","35.12747573852539"
"24119","40.237892150878906","40.237892150878906","40.237892150878906"
"24120","37.88709259033203","37.88709259033203","37.88709259033203"
"24121","34.240203857421875","34.240203857421875","34.240203857421875"
"24123","33.0103759765625","33.0103759765625","33.0103759765625"
"24124","45.28035354614258","45.28035354614258","45.28035354614258"
"24127","41.710140228271484","41.710140228271484","41.710140228271484"
"24128","31.34273910522461","31.34273910522461","31.34273910522461"
"24129","33.96355056762695","33.96355056762695","33.96355056762695"
"24131","34.62408447265625","34.62408447265625","34.62408447265625"
"24132","37.95247268676758","37.95247268676758","37.95247268676758"
"24134","44.61819839477539","44.61819839477539","44.61819839477539"
"24138","43.42017364501953","43.42017364501953","43.42017364501953"
"24139","32.0142822265625","32.0142822265625","32.0142822265625"
"24145","34.36845016479492","34.36845016479492","34.36845016479492"
"24146","39.541526794433594","39.541526794433594","39.541526794433594"
"24147","37.770896911621094","37.770896911621094","37.770896911621094"