"trainer/global_step","pretraining - train_loss","pretraining - train_loss__MIN","pretraining - train_loss__MAX","pretraining - _step","pretraining - _step__MIN","pretraining - _step__MAX"
"9","1283.6048583984375","1283.6048583984375","1283.6048583984375","0","0","0"
"59","310.241943359375","310.241943359375","310.241943359375","5","5","5"
"99","505.7926940917969","505.7926940917969","505.7926940917969","9","9","9"
"119","503.38946533203125","503.38946533203125","503.38946533203125","11","11","11"
"149","822.5542602539062","822.5542602539062","822.5542602539062","14","14","14"
"169","539.8178100585938","539.8178100585938","539.8178100585938","16","16","16"
"179","527.8947143554688","527.8947143554688","527.8947143554688","17","17","17"
"189","233.05789184570312","233.05789184570312","233.05789184570312","18","18","18"
"199","437.8881530761719","437.8881530761719","437.8881530761719","19","19","19"
"219","552.7474975585938","552.7474975585938","552.7474975585938","21","21","21"
"259","174.841064453125","174.841064453125","174.841064453125","25","25","25"
"269","143.24227905273438","143.24227905273438","143.24227905273438","26","26","26"
"339","111.60054016113281","111.60054016113281","111.60054016113281","33","33","33"
"349","61.758453369140625","61.758453369140625","61.758453369140625","34","34","34"
"359","105.66044616699219","105.66044616699219","105.66044616699219","35","35","35"
"369","33.415504455566406","33.415504455566406","33.415504455566406","36","36","36"
"399","147.6616973876953","147.6616973876953","147.6616973876953","39","39","39"
"429","219.3607177734375","219.3607177734375","219.3607177734375","42","42","42"
"449","155.33251953125","155.33251953125","155.33251953125","44","44","44"
"469","316.2651672363281","316.2651672363281","316.2651672363281","46","46","46"
"489","256.6875915527344","256.6875915527344","256.6875915527344","48","48","48"
"509","115.55134582519531","115.55134582519531","115.55134582519531","50","50","50"
"519","68.82040405273438","68.82040405273438","68.82040405273438","51","51","51"
"529","44.72578811645508","44.72578811645508","44.72578811645508","52","52","52"
"569","77.61417388916016","77.61417388916016","77.61417388916016","56","56","56"
"589","119.37801361083984","119.37801361083984","119.37801361083984","58","58","58"
"599","182.01409912109375","182.01409912109375","182.01409912109375","59","59","59"
"629","130.83013916015625","130.83013916015625","130.83013916015625","62","62","62"
"639","39.96981430053711","39.96981430053711","39.96981430053711","63","63","63"
"669","241.60748291015625","241.60748291015625","241.60748291015625","66","66","66"
"689","55.34560775756836","55.34560775756836","55.34560775756836","68","68","68"
"709","168.75888061523438","168.75888061523438","168.75888061523438","70","70","70"
"719","172.54104614257812","172.54104614257812","172.54104614257812","71","71","71"
"729","58.62439727783203","58.62439727783203","58.62439727783203","72","72","72"
"739","174.70172119140625","174.70172119140625","174.70172119140625","73","73","73"
"749","104.87217712402344","104.87217712402344","104.87217712402344","74","74","74"
"769","86.28797912597656","86.28797912597656","86.28797912597656","76","76","76"
"779","143.02676391601562","143.02676391601562","143.02676391601562","77","77","77"
"799","64.69491577148438","64.69491577148438","64.69491577148438","79","79","79"
"829","105.98882293701172","105.98882293701172","105.98882293701172","82","82","82"
"839","37.69563293457031","37.69563293457031","37.69563293457031","83","83","83"
"879","88.17769622802734","88.17769622802734","88.17769622802734","87","87","87"
"889","99.25025939941406","99.25025939941406","99.25025939941406","88","88","88"
"919","67.94337463378906","67.94337463378906","67.94337463378906","91","91","91"
"949","188.777099609375","188.777099609375","188.777099609375","94","94","94"
"969","84.759765625","84.759765625","84.759765625","96","96","96"
"999","103.82666015625","103.82666015625","103.82666015625","99","99","99"
"1029","99.11955261230469","99.11955261230469","99.11955261230469","102","102","102"
"1059","98.33111572265625","98.33111572265625","98.33111572265625","105","105","105"
"1079","36.84648513793945","36.84648513793945","36.84648513793945","107","107","107"
"1179","41.576271057128906","41.576271057128906","41.576271057128906","117","117","117"
"1189","84.22632598876953","84.22632598876953","84.22632598876953","118","118","118"
"1219","108.04088592529297","108.04088592529297","108.04088592529297","121","121","121"
"1239","76.94363403320312","76.94363403320312","76.94363403320312","123","123","123"
"1259","71.5333480834961","71.5333480834961","71.5333480834961","125","125","125"
"1279","178.2145233154297","178.2145233154297","178.2145233154297","127","127","127"
"1359","98.6090087890625","98.6090087890625","98.6090087890625","135","135","135"
"1369","192.69387817382812","192.69387817382812","192.69387817382812","136","136","136"
"1389","90.50267028808594","90.50267028808594","90.50267028808594","138","138","138"
"1399","78.41143798828125","78.41143798828125","78.41143798828125","139","139","139"
"1429","71.80570983886719","71.80570983886719","71.80570983886719","142","142","142"
"1439","344.35888671875","344.35888671875","344.35888671875","143","143","143"
"1459","75.57133483886719","75.57133483886719","75.57133483886719","145","145","145"
"1489","45.85185623168945","45.85185623168945","45.85185623168945","148","148","148"
"1499","102.81182861328125","102.81182861328125","102.81182861328125","149","149","149"
"1509","56.42852783203125","56.42852783203125","56.42852783203125","150","150","150"
"1529","40.97779846191406","40.97779846191406","40.97779846191406","152","152","152"
"1539","79.94895935058594","79.94895935058594","79.94895935058594","153","153","153"
"1549","206.6566162109375","206.6566162109375","206.6566162109375","154","154","154"
"1569","35.78240966796875","35.78240966796875","35.78240966796875","156","156","156"
"1579","73.10479736328125","73.10479736328125","73.10479736328125","157","157","157"
"1599","86.97071075439453","86.97071075439453","86.97071075439453","159","159","159"
"1629","88.02518463134766","88.02518463134766","88.02518463134766","162","162","162"
"1639","98.8644027709961","98.8644027709961","98.8644027709961","163","163","163"
"1669","42.061973571777344","42.061973571777344","42.061973571777344","166","166","166"
"1679","141.49224853515625","141.49224853515625","141.49224853515625","167","167","167"
"1709","37.50169372558594","37.50169372558594","37.50169372558594","170","170","170"
"1719","66.76666259765625","66.76666259765625","66.76666259765625","171","171","171"
"1729","49.84364318847656","49.84364318847656","49.84364318847656","172","172","172"
"1739","846.5830078125","846.5830078125","846.5830078125","173","173","173"
"1749","50.756065368652344","50.756065368652344","50.756065368652344","174","174","174"
"1759","139.10598754882812","139.10598754882812","139.10598754882812","175","175","175"
"1779","38.783565521240234","38.783565521240234","38.783565521240234","177","177","177"
"1849","525.8523559570312","525.8523559570312","525.8523559570312","184","184","184"
"1859","58.644195556640625","58.644195556640625","58.644195556640625","185","185","185"
"1879","127.79679870605469","127.79679870605469","127.79679870605469","187","187","187"
"1899","153.23880004882812","153.23880004882812","153.23880004882812","189","189","189"
"1929","270.4029541015625","270.4029541015625","270.4029541015625","192","192","192"
"1949","53.318782806396484","53.318782806396484","53.318782806396484","194","194","194"
"1969","49.946319580078125","49.946319580078125","49.946319580078125","196","196","196"
"1979","87.19605255126953","87.19605255126953","87.19605255126953","197","197","197"
"2099","66.39668273925781","66.39668273925781","66.39668273925781","209","209","209"
"2119","74.03779602050781","74.03779602050781","74.03779602050781","211","211","211"
"2139","71.46821594238281","71.46821594238281","71.46821594238281","213","213","213"
"2219","69.62808990478516","69.62808990478516","69.62808990478516","221","221","221"
"2239","51.96778106689453","51.96778106689453","51.96778106689453","223","223","223"
"2249","54.45329666137695","54.45329666137695","54.45329666137695","224","224","224"
"2259","47.4869499206543","47.4869499206543","47.4869499206543","225","225","225"
"2269","47.94104766845703","47.94104766845703","47.94104766845703","226","226","226"
"2279","49.027671813964844","49.027671813964844","49.027671813964844","227","227","227"
"2299","59.498329162597656","59.498329162597656","59.498329162597656","229","229","229"
"2309","116.1653060913086","116.1653060913086","116.1653060913086","230","230","230"
"2339","73.86923217773438","73.86923217773438","73.86923217773438","233","233","233"
"2349","156.65960693359375","156.65960693359375","156.65960693359375","234","234","234"
"2359","247.48614501953125","247.48614501953125","247.48614501953125","235","235","235"
"2409","89.483154296875","89.483154296875","89.483154296875","240","240","240"
"2439","124.3607177734375","124.3607177734375","124.3607177734375","243","243","243"
"2449","111.38063049316406","111.38063049316406","111.38063049316406","244","244","244"
"2469","368.7006530761719","368.7006530761719","368.7006530761719","246","246","246"
"2479","41.3431282043457","41.3431282043457","41.3431282043457","247","247","247"
"2499","39.16492462158203","39.16492462158203","39.16492462158203","249","249","249"
"2539","66.82635498046875","66.82635498046875","66.82635498046875","253","253","253"
"2549","51.746131896972656","51.746131896972656","51.746131896972656","254","254","254"
"2589","96.84214782714844","96.84214782714844","96.84214782714844","258","258","258"
"2659","37.30561828613281","37.30561828613281","37.30561828613281","265","265","265"
"2679","103.61051940917969","103.61051940917969","103.61051940917969","267","267","267"
"2699","60.982093811035156","60.982093811035156","60.982093811035156","269","269","269"
"2729","45.306400299072266","45.306400299072266","45.306400299072266","272","272","272"
"2739","148.35507202148438","148.35507202148438","148.35507202148438","273","273","273"
"2769","44.57805633544922","44.57805633544922","44.57805633544922","276","276","276"
"2779","169.6394805908203","169.6394805908203","169.6394805908203","277","277","277"
"2809","118.69344329833984","118.69344329833984","118.69344329833984","280","280","280"
"2839","44.16814041137695","44.16814041137695","44.16814041137695","283","283","283"
"2899","142.23681640625","142.23681640625","142.23681640625","289","289","289"
"2919","69.7655029296875","69.7655029296875","69.7655029296875","291","291","291"
"2949","51.875099182128906","51.875099182128906","51.875099182128906","294","294","294"
"3009","40.78944396972656","40.78944396972656","40.78944396972656","300","300","300"
"3029","37.13286590576172","37.13286590576172","37.13286590576172","302","302","302"
"3039","62.99856948852539","62.99856948852539","62.99856948852539","303","303","303"
"3049","92.1668472290039","92.1668472290039","92.1668472290039","304","304","304"
"3059","86.29118347167969","86.29118347167969","86.29118347167969","305","305","305"
"3089","85.97663879394531","85.97663879394531","85.97663879394531","308","308","308"
"3099","73.96390533447266","73.96390533447266","73.96390533447266","309","309","309"
"3139","81.96238708496094","81.96238708496094","81.96238708496094","313","313","313"
"3149","252.0571746826172","252.0571746826172","252.0571746826172","314","314","314"
"3169","123.96549987792969","123.96549987792969","123.96549987792969","316","316","316"
"3179","53.49900817871094","53.49900817871094","53.49900817871094","317","317","317"
"3199","119.97819519042969","119.97819519042969","119.97819519042969","319","319","319"
"3249","124.16023254394531","124.16023254394531","124.16023254394531","324","324","324"
"3309","41.13616180419922","41.13616180419922","41.13616180419922","330","330","330"
"3319","192.86761474609375","192.86761474609375","192.86761474609375","331","331","331"
"3359","147.61642456054688","147.61642456054688","147.61642456054688","335","335","335"
"3369","53.57257080078125","53.57257080078125","53.57257080078125","336","336","336"
"3379","142.85076904296875","142.85076904296875","142.85076904296875","337","337","337"
"3439","188.73277282714844","188.73277282714844","188.73277282714844","343","343","343"
"3469","274.5044250488281","274.5044250488281","274.5044250488281","346","346","346"
"3489","62.346927642822266","62.346927642822266","62.346927642822266","348","348","348"
"3509","62.59513854980469","62.59513854980469","62.59513854980469","350","350","350"
"3529","41.515594482421875","41.515594482421875","41.515594482421875","352","352","352"
"3559","70.8147964477539","70.8147964477539","70.8147964477539","355","355","355"
"3609","78.93351745605469","78.93351745605469","78.93351745605469","360","360","360"
"3619","43.73689270019531","43.73689270019531","43.73689270019531","361","361","361"
"3649","103.06415557861328","103.06415557861328","103.06415557861328","364","364","364"
"3669","59.099693298339844","59.099693298339844","59.099693298339844","366","366","366"
"3679","53.95449447631836","53.95449447631836","53.95449447631836","367","367","367"
"3699","43.36005783081055","43.36005783081055","43.36005783081055","369","369","369"
"3719","56.575538635253906","56.575538635253906","56.575538635253906","371","371","371"
"3769","92.62847137451172","92.62847137451172","92.62847137451172","376","376","376"
"3779","56.994781494140625","56.994781494140625","56.994781494140625","377","377","377"
"3819","58.800270080566406","58.800270080566406","58.800270080566406","381","381","381"
"3889","69.89839935302734","69.89839935302734","69.89839935302734","388","388","388"
"3899","61.53618621826172","61.53618621826172","61.53618621826172","389","389","389"
"3919","169.70196533203125","169.70196533203125","169.70196533203125","391","391","391"
"3949","80.51344299316406","80.51344299316406","80.51344299316406","394","394","394"
"3969","205.3135528564453","205.3135528564453","205.3135528564453","396","396","396"
"4009","58.99496841430664","58.99496841430664","58.99496841430664","400","400","400"
"4049","36.824241638183594","36.824241638183594","36.824241638183594","404","404","404"
"4059","75.57196044921875","75.57196044921875","75.57196044921875","405","405","405"
"4069","81.10309600830078","81.10309600830078","81.10309600830078","406","406","406"
"4099","150.07489013671875","150.07489013671875","150.07489013671875","409","409","409"
"4139","140.8763427734375","140.8763427734375","140.8763427734375","413","413","413"
"4249","33.462310791015625","33.462310791015625","33.462310791015625","424","424","424"
"4259","69.61786651611328","69.61786651611328","69.61786651611328","425","425","425"
"4269","105.11164855957031","105.11164855957031","105.11164855957031","426","426","426"
"4279","290.80157470703125","290.80157470703125","290.80157470703125","427","427","427"
"4299","72.20840454101562","72.20840454101562","72.20840454101562","429","429","429"
"4349","95.91014099121094","95.91014099121094","95.91014099121094","434","434","434"
"4409","46.55350112915039","46.55350112915039","46.55350112915039","440","440","440"
"4419","38.38970184326172","38.38970184326172","38.38970184326172","441","441","441"
"4469","53.69134521484375","53.69134521484375","53.69134521484375","446","446","446"
"4509","102.01248931884766","102.01248931884766","102.01248931884766","450","450","450"
"4539","146.44168090820312","146.44168090820312","146.44168090820312","453","453","453"
"4549","62.93236541748047","62.93236541748047","62.93236541748047","454","454","454"
"4569","46.51538848876953","46.51538848876953","46.51538848876953","456","456","456"
"4579","99.52933502197266","99.52933502197266","99.52933502197266","457","457","457"
"4599","123.62574768066406","123.62574768066406","123.62574768066406","459","459","459"
"4609","82.49386596679688","82.49386596679688","82.49386596679688","460","460","460"
"4619","47.36997604370117","47.36997604370117","47.36997604370117","461","461","461"
"4629","59.183143615722656","59.183143615722656","59.183143615722656","462","462","462"
"4649","80.72623443603516","80.72623443603516","80.72623443603516","464","464","464"
"4679","99.86532592773438","99.86532592773438","99.86532592773438","467","467","467"
"4699","84.1385269165039","84.1385269165039","84.1385269165039","469","469","469"
"4719","71.01248931884766","71.01248931884766","71.01248931884766","471","471","471"
"4749","82.00896453857422","82.00896453857422","82.00896453857422","474","474","474"
"4769","87.17349243164062","87.17349243164062","87.17349243164062","476","476","476"
"4819","140.04566955566406","140.04566955566406","140.04566955566406","481","481","481"
"4829","44.51044464111328","44.51044464111328","44.51044464111328","482","482","482"
"4879","61.61269760131836","61.61269760131836","61.61269760131836","487","487","487"
"4889","92.04879760742188","92.04879760742188","92.04879760742188","488","488","488"
"4899","42.15068054199219","42.15068054199219","42.15068054199219","489","489","489"
"4939","70.75031280517578","70.75031280517578","70.75031280517578","493","493","493"
"4949","83.2732925415039","83.2732925415039","83.2732925415039","494","494","494"
"4959","62.41388702392578","62.41388702392578","62.41388702392578","495","495","495"
"4969","182.07717895507812","182.07717895507812","182.07717895507812","496","496","496"
"4979","83.90341186523438","83.90341186523438","83.90341186523438","497","497","497"
"4989","39.44877624511719","39.44877624511719","39.44877624511719","498","498","498"
"5009","48.238956451416016","48.238956451416016","48.238956451416016","500","500","500"
"5019","117.49323272705078","117.49323272705078","117.49323272705078","501","501","501"
"5029","67.89917755126953","67.89917755126953","67.89917755126953","502","502","502"
"5059","74.94210815429688","74.94210815429688","74.94210815429688","505","505","505"
"5109","79.96771240234375","79.96771240234375","79.96771240234375","510","510","510"
"5119","44.015480041503906","44.015480041503906","44.015480041503906","511","511","511"
"5129","74.76178741455078","74.76178741455078","74.76178741455078","512","512","512"
"5139","58.81105041503906","58.81105041503906","58.81105041503906","513","513","513"
"5149","53.80297088623047","53.80297088623047","53.80297088623047","514","514","514"
"5169","45.79483413696289","45.79483413696289","45.79483413696289","516","516","516"
"5189","106.12171936035156","106.12171936035156","106.12171936035156","518","518","518"
"5259","125.06636810302734","125.06636810302734","125.06636810302734","525","525","525"
"5269","109.52775573730469","109.52775573730469","109.52775573730469","526","526","526"
"5319","53.98487091064453","53.98487091064453","53.98487091064453","531","531","531"
"5339","100.51646423339844","100.51646423339844","100.51646423339844","533","533","533"
"5369","140.630859375","140.630859375","140.630859375","536","536","536"
"5419","40.82673645019531","40.82673645019531","40.82673645019531","541","541","541"
"5429","75.64934539794922","75.64934539794922","75.64934539794922","542","542","542"
"5449","194.61581420898438","194.61581420898438","194.61581420898438","544","544","544"
"5489","45.14348602294922","45.14348602294922","45.14348602294922","548","548","548"
"5499","72.51718139648438","72.51718139648438","72.51718139648438","549","549","549"
"5509","40.324058532714844","40.324058532714844","40.324058532714844","550","550","550"
"5519","155.87966918945312","155.87966918945312","155.87966918945312","551","551","551"
"5599","72.52385711669922","72.52385711669922","72.52385711669922","559","559","559"
"5639","79.10172271728516","79.10172271728516","79.10172271728516","563","563","563"
"5649","390.98455810546875","390.98455810546875","390.98455810546875","564","564","564"
"5679","44.847259521484375","44.847259521484375","44.847259521484375","567","567","567"
"5739","97.39749145507812","97.39749145507812","97.39749145507812","573","573","573"
"5749","144.37911987304688","144.37911987304688","144.37911987304688","574","574","574"
"5769","148.62940979003906","148.62940979003906","148.62940979003906","576","576","576"
"5779","257.7425537109375","257.7425537109375","257.7425537109375","577","577","577"
"5819","45.07358932495117","45.07358932495117","45.07358932495117","581","581","581"
"5829","60.39468765258789","60.39468765258789","60.39468765258789","582","582","582"
"5839","67.927490234375","67.927490234375","67.927490234375","583","583","583"
"5849","106.97911071777344","106.97911071777344","106.97911071777344","584","584","584"
"5859","45.866233825683594","45.866233825683594","45.866233825683594","585","585","585"
"5869","305.74029541015625","305.74029541015625","305.74029541015625","586","586","586"
"5889","120.94442749023438","120.94442749023438","120.94442749023438","588","588","588"
"5909","52.28539276123047","52.28539276123047","52.28539276123047","590","590","590"
"5919","63.54259490966797","63.54259490966797","63.54259490966797","591","591","591"
"5929","102.02454376220703","102.02454376220703","102.02454376220703","592","592","592"
"5949","51.450016021728516","51.450016021728516","51.450016021728516","594","594","594"
"5959","101.11393737792969","101.11393737792969","101.11393737792969","595","595","595"
"5969","52.0281867980957","52.0281867980957","52.0281867980957","596","596","596"
"5979","57.16011047363281","57.16011047363281","57.16011047363281","597","597","597"
"5989","125.31637573242188","125.31637573242188","125.31637573242188","598","598","598"
"6039","136.849853515625","136.849853515625","136.849853515625","603","603","603"
"6059","57.019683837890625","57.019683837890625","57.019683837890625","605","605","605"
"6079","100.674072265625","100.674072265625","100.674072265625","607","607","607"
"6089","48.383811950683594","48.383811950683594","48.383811950683594","608","608","608"
"6129","231.8510284423828","231.8510284423828","231.8510284423828","612","612","612"
"6139","179.21554565429688","179.21554565429688","179.21554565429688","613","613","613"
"6159","66.3191146850586","66.3191146850586","66.3191146850586","615","615","615"
"6169","62.520606994628906","62.520606994628906","62.520606994628906","616","616","616"
"6189","111.89662170410156","111.89662170410156","111.89662170410156","618","618","618"
"6219","263.904052734375","263.904052734375","263.904052734375","621","621","621"
"6229","61.559181213378906","61.559181213378906","61.559181213378906","622","622","622"
"6249","88.76925659179688","88.76925659179688","88.76925659179688","624","624","624"
"6259","52.903663635253906","52.903663635253906","52.903663635253906","625","625","625"
"6279","152.5151824951172","152.5151824951172","152.5151824951172","627","627","627"
"6339","70.10818481445312","70.10818481445312","70.10818481445312","633","633","633"
"6349","93.87126922607422","93.87126922607422","93.87126922607422","634","634","634"
"6359","32.572593688964844","32.572593688964844","32.572593688964844","635","635","635"
"6429","38.248756408691406","38.248756408691406","38.248756408691406","642","642","642"
"6439","133.0347900390625","133.0347900390625","133.0347900390625","643","643","643"
"6459","104.26322937011719","104.26322937011719","104.26322937011719","645","645","645"
"6469","62.08308029174805","62.08308029174805","62.08308029174805","646","646","646"
"6479","190.86184692382812","190.86184692382812","190.86184692382812","647","647","647"
"6489","71.44183349609375","71.44183349609375","71.44183349609375","648","648","648"
"6509","63.22097396850586","63.22097396850586","63.22097396850586","650","650","650"
"6519","76.42056274414062","76.42056274414062","76.42056274414062","651","651","651"
"6529","33.54790496826172","33.54790496826172","33.54790496826172","652","652","652"
"6619","107.82975769042969","107.82975769042969","107.82975769042969","661","661","661"
"6629","77.05685424804688","77.05685424804688","77.05685424804688","662","662","662"
"6669","58.14814758300781","58.14814758300781","58.14814758300781","666","666","666"
"6679","87.9688720703125","87.9688720703125","87.9688720703125","667","667","667"
"6709","79.91106414794922","79.91106414794922","79.91106414794922","670","670","670"
"6749","43.40694046020508","43.40694046020508","43.40694046020508","674","674","674"
"6759","42.8009033203125","42.8009033203125","42.8009033203125","675","675","675"
"6829","44.28291320800781","44.28291320800781","44.28291320800781","682","682","682"
"6859","132.44940185546875","132.44940185546875","132.44940185546875","685","685","685"
"6909","103.00086975097656","103.00086975097656","103.00086975097656","690","690","690"
"6919","35.97431182861328","35.97431182861328","35.97431182861328","691","691","691"
"6929","78.36231994628906","78.36231994628906","78.36231994628906","692","692","692"
"6949","108.12433624267578","108.12433624267578","108.12433624267578","694","694","694"
"6969","60.09327697753906","60.09327697753906","60.09327697753906","696","696","696"
"6999","60.48311233520508","60.48311233520508","60.48311233520508","699","699","699"
"7019","98.48783874511719","98.48783874511719","98.48783874511719","701","701","701"
"7029","103.53700256347656","103.53700256347656","103.53700256347656","702","702","702"
"7129","51.049957275390625","51.049957275390625","51.049957275390625","712","712","712"
"7149","105.12614440917969","105.12614440917969","105.12614440917969","714","714","714"
"7189","76.58079528808594","76.58079528808594","76.58079528808594","718","718","718"
"7199","104.51598358154297","104.51598358154297","104.51598358154297","719","719","719"
"7219","70.99983215332031","70.99983215332031","70.99983215332031","721","721","721"
"7239","58.28419876098633","58.28419876098633","58.28419876098633","723","723","723"
"7259","140.00949096679688","140.00949096679688","140.00949096679688","725","725","725"
"7269","48.190711975097656","48.190711975097656","48.190711975097656","726","726","726"
"7289","201.8818359375","201.8818359375","201.8818359375","728","728","728"
"7309","131.06016540527344","131.06016540527344","131.06016540527344","730","730","730"
"7339","62.90746307373047","62.90746307373047","62.90746307373047","733","733","733"
"7449","214.4950714111328","214.4950714111328","214.4950714111328","744","744","744"
"7459","42.97300338745117","42.97300338745117","42.97300338745117","745","745","745"
"7519","282.7273864746094","282.7273864746094","282.7273864746094","751","751","751"
"7549","97.97630310058594","97.97630310058594","97.97630310058594","754","754","754"
"7579","69.14404296875","69.14404296875","69.14404296875","757","757","757"
"7599","53.726959228515625","53.726959228515625","53.726959228515625","759","759","759"
"7609","80.97786712646484","80.97786712646484","80.97786712646484","760","760","760"
"7629","56.18421936035156","56.18421936035156","56.18421936035156","762","762","762"
"7639","88.53717803955078","88.53717803955078","88.53717803955078","763","763","763"
"7689","61.05129623413086","61.05129623413086","61.05129623413086","768","768","768"
"7699","62.180442810058594","62.180442810058594","62.180442810058594","769","769","769"
"7729","49.42457962036133","49.42457962036133","49.42457962036133","772","772","772"
"7739","35.15475082397461","35.15475082397461","35.15475082397461","773","773","773"
"7759","61.661808013916016","61.661808013916016","61.661808013916016","775","775","775"
"7819","40.413448333740234","40.413448333740234","40.413448333740234","781","781","781"
"7889","84.83330535888672","84.83330535888672","84.83330535888672","788","788","788"
"7899","135.0345916748047","135.0345916748047","135.0345916748047","789","789","789"
"7949","33.37245559692383","33.37245559692383","33.37245559692383","794","794","794"
"8019","46.23883056640625","46.23883056640625","46.23883056640625","801","801","801"
"8049","66.59867858886719","66.59867858886719","66.59867858886719","804","804","804"
"8069","53.844051361083984","53.844051361083984","53.844051361083984","806","806","806"
"8079","105.60334777832031","105.60334777832031","105.60334777832031","807","807","807"
"8129","43.5151481628418","43.5151481628418","43.5151481628418","812","812","812"
"8269","123.45237731933594","123.45237731933594","123.45237731933594","826","826","826"
"8279","90.15966033935547","90.15966033935547","90.15966033935547","827","827","827"
"8329","88.16927337646484","88.16927337646484","88.16927337646484","832","832","832"
"8379","35.718013763427734","35.718013763427734","35.718013763427734","837","837","837"
"8389","57.763580322265625","57.763580322265625","57.763580322265625","838","838","838"
"8399","84.19145202636719","84.19145202636719","84.19145202636719","839","839","839"
"8489","145.93685913085938","145.93685913085938","145.93685913085938","848","848","848"
"8539","130.75445556640625","130.75445556640625","130.75445556640625","853","853","853"
"8549","67.10356140136719","67.10356140136719","67.10356140136719","854","854","854"
"8579","66.00930786132812","66.00930786132812","66.00930786132812","857","857","857"
"8619","51.82378387451172","51.82378387451172","51.82378387451172","861","861","861"
"8639","148.87513732910156","148.87513732910156","148.87513732910156","863","863","863"
"8709","35.51995849609375","35.51995849609375","35.51995849609375","870","870","870"
"8739","40.8410530090332","40.8410530090332","40.8410530090332","873","873","873"
"8759","50.597415924072266","50.597415924072266","50.597415924072266","875","875","875"
"8779","94.73828125","94.73828125","94.73828125","877","877","877"
"8789","60.9416618347168","60.9416618347168","60.9416618347168","878","878","878"
"8819","102.57660675048828","102.57660675048828","102.57660675048828","881","881","881"
"8829","91.283935546875","91.283935546875","91.283935546875","882","882","882"
"8849","56.57678985595703","56.57678985595703","56.57678985595703","884","884","884"
"8859","35.00687789916992","35.00687789916992","35.00687789916992","885","885","885"
"8889","86.32695007324219","86.32695007324219","86.32695007324219","888","888","888"
"8919","247.50946044921875","247.50946044921875","247.50946044921875","891","891","891"
"8959","55.56265640258789","55.56265640258789","55.56265640258789","895","895","895"
"8989","93.25080871582031","93.25080871582031","93.25080871582031","898","898","898"
"9009","37.25522232055664","37.25522232055664","37.25522232055664","900","900","900"
"9039","87.35829162597656","87.35829162597656","87.35829162597656","903","903","903"
"9059","59.722862243652344","59.722862243652344","59.722862243652344","905","905","905"
"9069","152.85557556152344","152.85557556152344","152.85557556152344","906","906","906"
"9099","109.75514221191406","109.75514221191406","109.75514221191406","909","909","909"
"9129","150.44773864746094","150.44773864746094","150.44773864746094","912","912","912"
"9139","88.92579650878906","88.92579650878906","88.92579650878906","913","913","913"
"9199","49.47892761230469","49.47892761230469","49.47892761230469","919","919","919"
"9209","77.74555969238281","77.74555969238281","77.74555969238281","920","920","920"
"9219","35.093299865722656","35.093299865722656","35.093299865722656","921","921","921"
"9249","82.8582763671875","82.8582763671875","82.8582763671875","924","924","924"
"9259","77.40160369873047","77.40160369873047","77.40160369873047","925","925","925"
"9319","52.83780288696289","52.83780288696289","52.83780288696289","931","931","931"
"9389","40.47003173828125","40.47003173828125","40.47003173828125","938","938","938"
"9399","33.85950469970703","33.85950469970703","33.85950469970703","939","939","939"
"9439","121.87825775146484","121.87825775146484","121.87825775146484","943","943","943"
"9459","81.98667907714844","81.98667907714844","81.98667907714844","945","945","945"
"9469","53.52058029174805","53.52058029174805","53.52058029174805","946","946","946"
"9479","67.24679565429688","67.24679565429688","67.24679565429688","947","947","947"
"9489","31.600116729736328","31.600116729736328","31.600116729736328","948","948","948"
"9499","169.50326538085938","169.50326538085938","169.50326538085938","949","949","949"
"9539","187.62274169921875","187.62274169921875","187.62274169921875","953","953","953"
"9549","77.60735321044922","77.60735321044922","77.60735321044922","954","954","954"
"9589","35.84700012207031","35.84700012207031","35.84700012207031","958","958","958"
"9619","117.4952163696289","117.4952163696289","117.4952163696289","961","961","961"
"9629","99.0137710571289","99.0137710571289","99.0137710571289","962","962","962"
"9649","42.97112274169922","42.97112274169922","42.97112274169922","964","964","964"
"9719","90.97720336914062","90.97720336914062","90.97720336914062","971","971","971"
"9739","65.30958557128906","65.30958557128906","65.30958557128906","973","973","973"
"9759","98.61485290527344","98.61485290527344","98.61485290527344","975","975","975"
"9809","54.04054260253906","54.04054260253906","54.04054260253906","980","980","980"
"9849","64.57337188720703","64.57337188720703","64.57337188720703","984","984","984"
"9889","64.53008270263672","64.53008270263672","64.53008270263672","988","988","988"
"9899","92.71115112304688","92.71115112304688","92.71115112304688","989","989","989"
"9909","74.74543762207031","74.74543762207031","74.74543762207031","990","990","990"
"9939","94.55249786376953","94.55249786376953","94.55249786376953","993","993","993"
"9969","107.91204833984375","107.91204833984375","107.91204833984375","996","996","996"
"9979","43.58776092529297","43.58776092529297","43.58776092529297","997","997","997"
"9989","104.30509185791016","104.30509185791016","104.30509185791016","998","998","998"
"10009","33.709739685058594","33.709739685058594","33.709739685058594","1000","1000","1000"
"10019","36.074798583984375","36.074798583984375","36.074798583984375","1001","1001","1001"
"10029","64.94200134277344","64.94200134277344","64.94200134277344","1002","1002","1002"
"10079","83.46277618408203","83.46277618408203","83.46277618408203","1007","1007","1007"
"10089","36.71840286254883","36.71840286254883","36.71840286254883","1008","1008","1008"
"10099","81.18262481689453","81.18262481689453","81.18262481689453","1009","1009","1009"
"10109","83.82754516601562","83.82754516601562","83.82754516601562","1010","1010","1010"
"10119","80.63034057617188","80.63034057617188","80.63034057617188","1011","1011","1011"
"10129","96.36212921142578","96.36212921142578","96.36212921142578","1012","1012","1012"
"10149","49.16221237182617","49.16221237182617","49.16221237182617","1014","1014","1014"
"10189","40.01112365722656","40.01112365722656","40.01112365722656","1018","1018","1018"
"10199","39.66112518310547","39.66112518310547","39.66112518310547","1019","1019","1019"
"10209","84.16096496582031","84.16096496582031","84.16096496582031","1020","1020","1020"
"10249","91.30868530273438","91.30868530273438","91.30868530273438","1024","1024","1024"
"10259","78.31166076660156","78.31166076660156","78.31166076660156","1025","1025","1025"
"10269","137.28172302246094","137.28172302246094","137.28172302246094","1026","1026","1026"
"10279","144.9577178955078","144.9577178955078","144.9577178955078","1027","1027","1027"
"10289","134.8030548095703","134.8030548095703","134.8030548095703","1028","1028","1028"
"10309","54.506324768066406","54.506324768066406","54.506324768066406","1030","1030","1030"
"10389","85.08717346191406","85.08717346191406","85.08717346191406","1038","1038","1038"
"10409","105.93059539794922","105.93059539794922","105.93059539794922","1040","1040","1040"
"10419","138.33197021484375","138.33197021484375","138.33197021484375","1041","1041","1041"
"10429","109.24413299560547","109.24413299560547","109.24413299560547","1042","1042","1042"
"10449","92.65560913085938","92.65560913085938","92.65560913085938","1044","1044","1044"
"10489","43.07171630859375","43.07171630859375","43.07171630859375","1048","1048","1048"
"10499","62.06184387207031","62.06184387207031","62.06184387207031","1049","1049","1049"
"10539","298.3877868652344","298.3877868652344","298.3877868652344","1053","1053","1053"
"10549","52.253196716308594","52.253196716308594","52.253196716308594","1054","1054","1054"
"10559","63.43750762939453","63.43750762939453","63.43750762939453","1055","1055","1055"
"10569","83.13825225830078","83.13825225830078","83.13825225830078","1056","1056","1056"
"10589","85.84305572509766","85.84305572509766","85.84305572509766","1058","1058","1058"
"10609","99.53455352783203","99.53455352783203","99.53455352783203","1060","1060","1060"
"10619","68.8756332397461","68.8756332397461","68.8756332397461","1061","1061","1061"
"10629","51.383522033691406","51.383522033691406","51.383522033691406","1062","1062","1062"
"10649","57.06908416748047","57.06908416748047","57.06908416748047","1064","1064","1064"
"10659","39.87056350708008","39.87056350708008","39.87056350708008","1065","1065","1065"
"10669","61.69623565673828","61.69623565673828","61.69623565673828","1066","1066","1066"
"10709","136.88169860839844","136.88169860839844","136.88169860839844","1070","1070","1070"
"10739","33.15155029296875","33.15155029296875","33.15155029296875","1073","1073","1073"
"10749","91.70983123779297","91.70983123779297","91.70983123779297","1074","1074","1074"
"10789","62.85697937011719","62.85697937011719","62.85697937011719","1078","1078","1078"
"10819","87.47618865966797","87.47618865966797","87.47618865966797","1081","1081","1081"
"10849","62.593048095703125","62.593048095703125","62.593048095703125","1084","1084","1084"
"10879","57.90853500366211","57.90853500366211","57.90853500366211","1087","1087","1087"
"10909","54.538734436035156","54.538734436035156","54.538734436035156","1090","1090","1090"
"10969","35.57615661621094","35.57615661621094","35.57615661621094","1096","1096","1096"
"10979","35.81835174560547","35.81835174560547","35.81835174560547","1097","1097","1097"
"11039","52.01969909667969","52.01969909667969","52.01969909667969","1103","1103","1103"
"11059","47.08493423461914","47.08493423461914","47.08493423461914","1105","1105","1105"
"11079","61.93833541870117","61.93833541870117","61.93833541870117","1107","1107","1107"
"11129","64.97015380859375","64.97015380859375","64.97015380859375","1112","1112","1112"
"11139","98.71028900146484","98.71028900146484","98.71028900146484","1113","1113","1113"
"11149","114.94815063476562","114.94815063476562","114.94815063476562","1114","1114","1114"
"11169","40.9036750793457","40.9036750793457","40.9036750793457","1116","1116","1116"
"11209","62.045494079589844","62.045494079589844","62.045494079589844","1120","1120","1120"
"11279","35.988853454589844","35.988853454589844","35.988853454589844","1127","1127","1127"
"11289","39.666358947753906","39.666358947753906","39.666358947753906","1128","1128","1128"
"11299","38.00762176513672","38.00762176513672","38.00762176513672","1129","1129","1129"
"11309","70.74449157714844","70.74449157714844","70.74449157714844","1130","1130","1130"
"11319","54.636505126953125","54.636505126953125","54.636505126953125","1131","1131","1131"
"11329","64.9148178100586","64.9148178100586","64.9148178100586","1132","1132","1132"
"11359","65.55740356445312","65.55740356445312","65.55740356445312","1135","1135","1135"
"11369","66.97250366210938","66.97250366210938","66.97250366210938","1136","1136","1136"
"11379","62.82933044433594","62.82933044433594","62.82933044433594","1137","1137","1137"
"11409","37.46351623535156","37.46351623535156","37.46351623535156","1140","1140","1140"
"11429","37.1571159362793","37.1571159362793","37.1571159362793","1142","1142","1142"
"11449","53.18467330932617","53.18467330932617","53.18467330932617","1144","1144","1144"
"11539","50.072998046875","50.072998046875","50.072998046875","1153","1153","1153"
"11549","65.18304443359375","65.18304443359375","65.18304443359375","1154","1154","1154"
"11559","38.626747131347656","38.626747131347656","38.626747131347656","1155","1155","1155"
"11589","91.01895141601562","91.01895141601562","91.01895141601562","1158","1158","1158"
"11599","92.39247131347656","92.39247131347656","92.39247131347656","1159","1159","1159"
"11639","45.9891471862793","45.9891471862793","45.9891471862793","1163","1163","1163"
"11649","44.5975341796875","44.5975341796875","44.5975341796875","1164","1164","1164"
"11659","96.06831359863281","96.06831359863281","96.06831359863281","1165","1165","1165"
"11679","74.73373413085938","74.73373413085938","74.73373413085938","1167","1167","1167"
"11729","48.69013214111328","48.69013214111328","48.69013214111328","1172","1172","1172"
"11739","58.95935821533203","58.95935821533203","58.95935821533203","1173","1173","1173"
"11829","189.72894287109375","189.72894287109375","189.72894287109375","1182","1182","1182"
"11869","99.66200256347656","99.66200256347656","99.66200256347656","1186","1186","1186"
"11919","112.4515380859375","112.4515380859375","112.4515380859375","1191","1191","1191"
"11939","71.4030532836914","71.4030532836914","71.4030532836914","1193","1193","1193"
"12009","82.52241516113281","82.52241516113281","82.52241516113281","1200","1200","1200"
"12029","65.40094757080078","65.40094757080078","65.40094757080078","1202","1202","1202"
"12049","39.777313232421875","39.777313232421875","39.777313232421875","1204","1204","1204"
"12119","115.8198013305664","115.8198013305664","115.8198013305664","1211","1211","1211"
"12129","42.48798370361328","42.48798370361328","42.48798370361328","1212","1212","1212"
"12169","33.52423858642578","33.52423858642578","33.52423858642578","1216","1216","1216"
"12189","106.71165466308594","106.71165466308594","106.71165466308594","1218","1218","1218"
"12199","36.468387603759766","36.468387603759766","36.468387603759766","1219","1219","1219"
"12229","57.64508056640625","57.64508056640625","57.64508056640625","1222","1222","1222"
"12249","54.42164993286133","54.42164993286133","54.42164993286133","1224","1224","1224"
"12259","93.51260375976562","93.51260375976562","93.51260375976562","1225","1225","1225"
"12289","91.94874572753906","91.94874572753906","91.94874572753906","1228","1228","1228"
"12299","54.99338150024414","54.99338150024414","54.99338150024414","1229","1229","1229"
"12309","55.53575134277344","55.53575134277344","55.53575134277344","1230","1230","1230"
"12319","43.532142639160156","43.532142639160156","43.532142639160156","1231","1231","1231"
"12329","37.805362701416016","37.805362701416016","37.805362701416016","1232","1232","1232"
"12339","109.29080200195312","109.29080200195312","109.29080200195312","1233","1233","1233"
"12349","79.46422576904297","79.46422576904297","79.46422576904297","1234","1234","1234"
"12359","157.00479125976562","157.00479125976562","157.00479125976562","1235","1235","1235"
"12369","55.362586975097656","55.362586975097656","55.362586975097656","1236","1236","1236"
"12389","96.08493041992188","96.08493041992188","96.08493041992188","1238","1238","1238"
"12469","107.29861450195312","107.29861450195312","107.29861450195312","1246","1246","1246"
"12479","35.02133560180664","35.02133560180664","35.02133560180664","1247","1247","1247"
"12519","86.63143920898438","86.63143920898438","86.63143920898438","1251","1251","1251"
"12529","52.97254180908203","52.97254180908203","52.97254180908203","1252","1252","1252"
"12559","44.540889739990234","44.540889739990234","44.540889739990234","1255","1255","1255"
"12589","55.76076889038086","55.76076889038086","55.76076889038086","1258","1258","1258"
"12599","89.77129364013672","89.77129364013672","89.77129364013672","1259","1259","1259"
"12619","41.57575607299805","41.57575607299805","41.57575607299805","1261","1261","1261"
"12629","53.53936004638672","53.53936004638672","53.53936004638672","1262","1262","1262"
"12659","57.10958480834961","57.10958480834961","57.10958480834961","1265","1265","1265"
"12689","224.4063262939453","224.4063262939453","224.4063262939453","1268","1268","1268"
"12699","49.835052490234375","49.835052490234375","49.835052490234375","1269","1269","1269"
"12719","57.380332946777344","57.380332946777344","57.380332946777344","1271","1271","1271"
"12739","48.918975830078125","48.918975830078125","48.918975830078125","1273","1273","1273"
"12789","52.763702392578125","52.763702392578125","52.763702392578125","1278","1278","1278"
"12799","92.60917663574219","92.60917663574219","92.60917663574219","1279","1279","1279"
"12809","37.30844497680664","37.30844497680664","37.30844497680664","1280","1280","1280"
"12839","31.67770767211914","31.67770767211914","31.67770767211914","1283","1283","1283"
"12859","76.93994140625","76.93994140625","76.93994140625","1285","1285","1285"
"12869","57.48274230957031","57.48274230957031","57.48274230957031","1286","1286","1286"
"12879","93.56940460205078","93.56940460205078","93.56940460205078","1287","1287","1287"
"12889","83.91238403320312","83.91238403320312","83.91238403320312","1288","1288","1288"
"12919","62.426780700683594","62.426780700683594","62.426780700683594","1291","1291","1291"
"12949","54.43087387084961","54.43087387084961","54.43087387084961","1294","1294","1294"
"13019","99.37405395507812","99.37405395507812","99.37405395507812","1301","1301","1301"
"13049","109.96418762207031","109.96418762207031","109.96418762207031","1304","1304","1304"
"13109","68.82962799072266","68.82962799072266","68.82962799072266","1310","1310","1310"
"13119","79.73101043701172","79.73101043701172","79.73101043701172","1311","1311","1311"
"13129","69.84274291992188","69.84274291992188","69.84274291992188","1312","1312","1312"
"13139","48.58693313598633","48.58693313598633","48.58693313598633","1313","1313","1313"
"13159","69.03227996826172","69.03227996826172","69.03227996826172","1315","1315","1315"
"13209","80.14419555664062","80.14419555664062","80.14419555664062","1320","1320","1320"
"13229","54.45334243774414","54.45334243774414","54.45334243774414","1322","1322","1322"
"13249","221.57994079589844","221.57994079589844","221.57994079589844","1324","1324","1324"
"13259","42.085594177246094","42.085594177246094","42.085594177246094","1325","1325","1325"
"13269","78.60317993164062","78.60317993164062","78.60317993164062","1326","1326","1326"
"13279","43.93516159057617","43.93516159057617","43.93516159057617","1327","1327","1327"
"13309","60.11256790161133","60.11256790161133","60.11256790161133","1330","1330","1330"
"13329","37.31163787841797","37.31163787841797","37.31163787841797","1332","1332","1332"
"13339","94.9278564453125","94.9278564453125","94.9278564453125","1333","1333","1333"
"13429","40.52607727050781","40.52607727050781","40.52607727050781","1342","1342","1342"
"13439","34.60472106933594","34.60472106933594","34.60472106933594","1343","1343","1343"
"13469","71.7337875366211","71.7337875366211","71.7337875366211","1346","1346","1346"
"13489","70.55638122558594","70.55638122558594","70.55638122558594","1348","1348","1348"
"13499","54.546226501464844","54.546226501464844","54.546226501464844","1349","1349","1349"
"13509","62.04963302612305","62.04963302612305","62.04963302612305","1350","1350","1350"
"13519","30.380207061767578","30.380207061767578","30.380207061767578","1351","1351","1351"
"13529","39.86867904663086","39.86867904663086","39.86867904663086","1352","1352","1352"
"13599","53.48306655883789","53.48306655883789","53.48306655883789","1359","1359","1359"
"13609","94.66539764404297","94.66539764404297","94.66539764404297","1360","1360","1360"
"13629","39.35453414916992","39.35453414916992","39.35453414916992","1362","1362","1362"
"13649","55.596710205078125","55.596710205078125","55.596710205078125","1364","1364","1364"
"13669","53.567867279052734","53.567867279052734","53.567867279052734","1366","1366","1366"
"13679","46.37730026245117","46.37730026245117","46.37730026245117","1367","1367","1367"
"13699","74.53485870361328","74.53485870361328","74.53485870361328","1369","1369","1369"
"13709","74.59241485595703","74.59241485595703","74.59241485595703","1370","1370","1370"
"13739","40.91880798339844","40.91880798339844","40.91880798339844","1373","1373","1373"
"13779","36.431427001953125","36.431427001953125","36.431427001953125","1377","1377","1377"
"13789","37.375946044921875","37.375946044921875","37.375946044921875","1378","1378","1378"
"13859","70.71996307373047","70.71996307373047","70.71996307373047","1385","1385","1385"
"13869","51.56220626831055","51.56220626831055","51.56220626831055","1386","1386","1386"
"13919","69.4090347290039","69.4090347290039","69.4090347290039","1391","1391","1391"
"13929","39.027957916259766","39.027957916259766","39.027957916259766","1392","1392","1392"
"13949","44.3250732421875","44.3250732421875","44.3250732421875","1394","1394","1394"
"13959","57.22288131713867","57.22288131713867","57.22288131713867","1395","1395","1395"
"13969","45.313446044921875","45.313446044921875","45.313446044921875","1396","1396","1396"
"13979","44.58150863647461","44.58150863647461","44.58150863647461","1397","1397","1397"
"13989","69.11318969726562","69.11318969726562","69.11318969726562","1398","1398","1398"
"14039","91.62632751464844","91.62632751464844","91.62632751464844","1403","1403","1403"
"14049","74.19141387939453","74.19141387939453","74.19141387939453","1404","1404","1404"
"14059","67.11283111572266","67.11283111572266","67.11283111572266","1405","1405","1405"
"14069","48.7799072265625","48.7799072265625","48.7799072265625","1406","1406","1406"
"14089","67.19529724121094","67.19529724121094","67.19529724121094","1408","1408","1408"
"14109","35.208030700683594","35.208030700683594","35.208030700683594","1410","1410","1410"
"14139","45.54904556274414","45.54904556274414","45.54904556274414","1413","1413","1413"
"14179","88.74317169189453","88.74317169189453","88.74317169189453","1417","1417","1417"
"14189","55.759552001953125","55.759552001953125","55.759552001953125","1418","1418","1418"
"14249","56.90532684326172","56.90532684326172","56.90532684326172","1424","1424","1424"
"14289","44.62245178222656","44.62245178222656","44.62245178222656","1428","1428","1428"
"14339","47.43334197998047","47.43334197998047","47.43334197998047","1433","1433","1433"
"14359","92.57197570800781","92.57197570800781","92.57197570800781","1435","1435","1435"
"14369","41.45389175415039","41.45389175415039","41.45389175415039","1436","1436","1436"
"14419","84.60697937011719","84.60697937011719","84.60697937011719","1441","1441","1441"
"14449","34.390132904052734","34.390132904052734","34.390132904052734","1444","1444","1444"
"14469","55.29609680175781","55.29609680175781","55.29609680175781","1446","1446","1446"
"14479","41.80769348144531","41.80769348144531","41.80769348144531","1447","1447","1447"
"14489","38.41968536376953","38.41968536376953","38.41968536376953","1448","1448","1448"
"14499","51.55554962158203","51.55554962158203","51.55554962158203","1449","1449","1449"
"14529","43.389957427978516","43.389957427978516","43.389957427978516","1452","1452","1452"
"14579","67.57615661621094","67.57615661621094","67.57615661621094","1457","1457","1457"
"14589","94.46184539794922","94.46184539794922","94.46184539794922","1458","1458","1458"
"14599","87.32415008544922","87.32415008544922","87.32415008544922","1459","1459","1459"
"14619","37.25489807128906","37.25489807128906","37.25489807128906","1461","1461","1461"
"14649","76.91424560546875","76.91424560546875","76.91424560546875","1464","1464","1464"
"14659","88.61229705810547","88.61229705810547","88.61229705810547","1465","1465","1465"
"14689","40.71525573730469","40.71525573730469","40.71525573730469","1468","1468","1468"
"14709","65.41015625","65.41015625","65.41015625","1470","1470","1470"
"14729","86.76884460449219","86.76884460449219","86.76884460449219","1472","1472","1472"
"14749","29.995885848999023","29.995885848999023","29.995885848999023","1474","1474","1474"
"14809","128.86090087890625","128.86090087890625","128.86090087890625","1480","1480","1480"
"14859","40.2830924987793","40.2830924987793","40.2830924987793","1485","1485","1485"
"14869","82.36399841308594","82.36399841308594","82.36399841308594","1486","1486","1486"
"14879","69.85245513916016","69.85245513916016","69.85245513916016","1487","1487","1487"
"14889","75.44554138183594","75.44554138183594","75.44554138183594","1488","1488","1488"
"14909","61.94691467285156","61.94691467285156","61.94691467285156","1490","1490","1490"
"14949","89.47665405273438","89.47665405273438","89.47665405273438","1494","1494","1494"
"15009","45.361846923828125","45.361846923828125","45.361846923828125","1500","1500","1500"
"15019","100.30815887451172","100.30815887451172","100.30815887451172","1501","1501","1501"
"15059","89.00887298583984","89.00887298583984","89.00887298583984","1505","1505","1505"
"15079","63.84248352050781","63.84248352050781","63.84248352050781","1507","1507","1507"
"15089","71.80341339111328","71.80341339111328","71.80341339111328","1508","1508","1508"
"15119","42.34608459472656","42.34608459472656","42.34608459472656","1511","1511","1511"
"15129","180.1019287109375","180.1019287109375","180.1019287109375","1512","1512","1512"
"15189","47.18437194824219","47.18437194824219","47.18437194824219","1518","1518","1518"
"15259","35.75830841064453","35.75830841064453","35.75830841064453","1525","1525","1525"
"15299","98.09735107421875","98.09735107421875","98.09735107421875","1529","1529","1529"
"15319","51.016883850097656","51.016883850097656","51.016883850097656","1531","1531","1531"
"15329","77.15589141845703","77.15589141845703","77.15589141845703","1532","1532","1532"
"15359","83.02365112304688","83.02365112304688","83.02365112304688","1535","1535","1535"
"15379","36.67704772949219","36.67704772949219","36.67704772949219","1537","1537","1537"
"15399","68.56034851074219","68.56034851074219","68.56034851074219","1539","1539","1539"
"15409","133.04403686523438","133.04403686523438","133.04403686523438","1540","1540","1540"
"15419","53.24768829345703","53.24768829345703","53.24768829345703","1541","1541","1541"
"15469","110.87010955810547","110.87010955810547","110.87010955810547","1546","1546","1546"
"15479","71.88133239746094","71.88133239746094","71.88133239746094","1547","1547","1547"
"15489","47.96412658691406","47.96412658691406","47.96412658691406","1548","1548","1548"
"15499","73.7132797241211","73.7132797241211","73.7132797241211","1549","1549","1549"
"15509","66.06193542480469","66.06193542480469","66.06193542480469","1550","1550","1550"
"15519","75.4569320678711","75.4569320678711","75.4569320678711","1551","1551","1551"
"15529","84.825439453125","84.825439453125","84.825439453125","1552","1552","1552"
"15559","96.24171447753906","96.24171447753906","96.24171447753906","1555","1555","1555"
"15569","58.47602844238281","58.47602844238281","58.47602844238281","1556","1556","1556"
"15589","80.89202880859375","80.89202880859375","80.89202880859375","1558","1558","1558"
"15609","40.26737594604492","40.26737594604492","40.26737594604492","1560","1560","1560"
"15619","54.21615219116211","54.21615219116211","54.21615219116211","1561","1561","1561"
"15659","50.24822235107422","50.24822235107422","50.24822235107422","1565","1565","1565"
"15689","43.931488037109375","43.931488037109375","43.931488037109375","1568","1568","1568"
"15699","59.151756286621094","59.151756286621094","59.151756286621094","1569","1569","1569"
"15729","127.11558532714844","127.11558532714844","127.11558532714844","1572","1572","1572"
"15749","37.08329772949219","37.08329772949219","37.08329772949219","1574","1574","1574"
"15759","46.446807861328125","46.446807861328125","46.446807861328125","1575","1575","1575"
"15769","111.5168685913086","111.5168685913086","111.5168685913086","1576","1576","1576"
"15779","80.28646850585938","80.28646850585938","80.28646850585938","1577","1577","1577"
"15859","33.32223892211914","33.32223892211914","33.32223892211914","1585","1585","1585"
"15889","49.766029357910156","49.766029357910156","49.766029357910156","1588","1588","1588"
"15899","34.55482482910156","34.55482482910156","34.55482482910156","1589","1589","1589"
"15929","55.50908660888672","55.50908660888672","55.50908660888672","1592","1592","1592"
"15969","29.645524978637695","29.645524978637695","29.645524978637695","1596","1596","1596"
"15989","68.99295043945312","68.99295043945312","68.99295043945312","1598","1598","1598"
"16009","44.216732025146484","44.216732025146484","44.216732025146484","1600","1600","1600"
"16039","44.588218688964844","44.588218688964844","44.588218688964844","1603","1603","1603"
"16049","82.7439193725586","82.7439193725586","82.7439193725586","1604","1604","1604"
"16079","42.92015075683594","42.92015075683594","42.92015075683594","1607","1607","1607"
"16089","49.952579498291016","49.952579498291016","49.952579498291016","1608","1608","1608"
"16109","148.71368408203125","148.71368408203125","148.71368408203125","1610","1610","1610"
"16139","87.67578887939453","87.67578887939453","87.67578887939453","1613","1613","1613"
"16159","46.99513626098633","46.99513626098633","46.99513626098633","1615","1615","1615"
"16169","65.10084533691406","65.10084533691406","65.10084533691406","1616","1616","1616"
"16179","38.90873718261719","38.90873718261719","38.90873718261719","1617","1617","1617"
"16189","77.88976287841797","77.88976287841797","77.88976287841797","1618","1618","1618"
"16209","59.23249435424805","59.23249435424805","59.23249435424805","1620","1620","1620"
"16229","97.46126556396484","97.46126556396484","97.46126556396484","1622","1622","1622"
"16239","113.9806900024414","113.9806900024414","113.9806900024414","1623","1623","1623"
"16279","63.40556716918945","63.40556716918945","63.40556716918945","1627","1627","1627"
"16319","39.98735809326172","39.98735809326172","39.98735809326172","1631","1631","1631"
"16339","61.20441436767578","61.20441436767578","61.20441436767578","1633","1633","1633"
"16359","46.30778503417969","46.30778503417969","46.30778503417969","1635","1635","1635"
"16369","83.67676544189453","83.67676544189453","83.67676544189453","1636","1636","1636"
"16379","80.7884750366211","80.7884750366211","80.7884750366211","1637","1637","1637"
"16419","74.05728912353516","74.05728912353516","74.05728912353516","1641","1641","1641"
"16429","46.355133056640625","46.355133056640625","46.355133056640625","1642","1642","1642"
"16439","49.98445129394531","49.98445129394531","49.98445129394531","1643","1643","1643"
"16449","38.995033264160156","38.995033264160156","38.995033264160156","1644","1644","1644"
"16469","74.58722686767578","74.58722686767578","74.58722686767578","1646","1646","1646"
"16479","79.954345703125","79.954345703125","79.954345703125","1647","1647","1647"
"16489","33.460350036621094","33.460350036621094","33.460350036621094","1648","1648","1648"
"16509","54.538124084472656","54.538124084472656","54.538124084472656","1650","1650","1650"
"16529","110.15327453613281","110.15327453613281","110.15327453613281","1652","1652","1652"
"16579","38.173587799072266","38.173587799072266","38.173587799072266","1657","1657","1657"
"16589","56.22088623046875","56.22088623046875","56.22088623046875","1658","1658","1658"
"16659","42.331947326660156","42.331947326660156","42.331947326660156","1665","1665","1665"
"16709","39.770729064941406","39.770729064941406","39.770729064941406","1670","1670","1670"
"16729","64.27876281738281","64.27876281738281","64.27876281738281","1672","1672","1672"
"16739","64.36601257324219","64.36601257324219","64.36601257324219","1673","1673","1673"
"16759","66.74120330810547","66.74120330810547","66.74120330810547","1675","1675","1675"
"16779","45.46250915527344","45.46250915527344","45.46250915527344","1677","1677","1677"
"16799","68.81103515625","68.81103515625","68.81103515625","1679","1679","1679"
"16829","89.21505737304688","89.21505737304688","89.21505737304688","1682","1682","1682"
"16849","70.08816528320312","70.08816528320312","70.08816528320312","1684","1684","1684"
"16869","60.083335876464844","60.083335876464844","60.083335876464844","1686","1686","1686"
"16909","204.62620544433594","204.62620544433594","204.62620544433594","1690","1690","1690"
"16919","60.31745147705078","60.31745147705078","60.31745147705078","1691","1691","1691"
"16929","159.01751708984375","159.01751708984375","159.01751708984375","1692","1692","1692"
"16989","95.99983215332031","95.99983215332031","95.99983215332031","1698","1698","1698"
"17009","48.16978073120117","48.16978073120117","48.16978073120117","1700","1700","1700"
"17029","41.75822067260742","41.75822067260742","41.75822067260742","1702","1702","1702"
"17039","60.36109161376953","60.36109161376953","60.36109161376953","1703","1703","1703"
"17059","90.74361419677734","90.74361419677734","90.74361419677734","1705","1705","1705"
"17079","82.21212005615234","82.21212005615234","82.21212005615234","1707","1707","1707"
"17099","37.21532440185547","37.21532440185547","37.21532440185547","1709","1709","1709"
"17119","51.5165901184082","51.5165901184082","51.5165901184082","1711","1711","1711"
"17129","38.78620147705078","38.78620147705078","38.78620147705078","1712","1712","1712"
"17139","57.77369689941406","57.77369689941406","57.77369689941406","1713","1713","1713"
"17149","81.02128601074219","81.02128601074219","81.02128601074219","1714","1714","1714"
"17169","37.283348083496094","37.283348083496094","37.283348083496094","1716","1716","1716"
"17189","55.20027542114258","55.20027542114258","55.20027542114258","1718","1718","1718"
"17209","57.57855987548828","57.57855987548828","57.57855987548828","1720","1720","1720"
"17229","52.462982177734375","52.462982177734375","52.462982177734375","1722","1722","1722"
"17249","36.25031661987305","36.25031661987305","36.25031661987305","1724","1724","1724"
"17259","41.433536529541016","41.433536529541016","41.433536529541016","1725","1725","1725"
"17269","102.41735076904297","102.41735076904297","102.41735076904297","1726","1726","1726"
"17279","36.6532096862793","36.6532096862793","36.6532096862793","1727","1727","1727"
"17309","48.79722595214844","48.79722595214844","48.79722595214844","1730","1730","1730"
"17329","35.21009826660156","35.21009826660156","35.21009826660156","1732","1732","1732"
"17349","52.805213928222656","52.805213928222656","52.805213928222656","1734","1734","1734"
"17379","32.84182357788086","32.84182357788086","32.84182357788086","1737","1737","1737"
"17389","78.50614166259766","78.50614166259766","78.50614166259766","1738","1738","1738"
"17419","42.66099548339844","42.66099548339844","42.66099548339844","1741","1741","1741"
"17509","29.49262809753418","29.49262809753418","29.49262809753418","1750","1750","1750"
"17529","39.85542678833008","39.85542678833008","39.85542678833008","1752","1752","1752"
"17539","33.619354248046875","33.619354248046875","33.619354248046875","1753","1753","1753"
"17549","55.14838409423828","55.14838409423828","55.14838409423828","1754","1754","1754"
"17609","52.599884033203125","52.599884033203125","52.599884033203125","1760","1760","1760"
"17619","56.05236053466797","56.05236053466797","56.05236053466797","1761","1761","1761"
"17629","35.417808532714844","35.417808532714844","35.417808532714844","1762","1762","1762"
"17639","64.34883117675781","64.34883117675781","64.34883117675781","1763","1763","1763"
"17689","39.08357238769531","39.08357238769531","39.08357238769531","1768","1768","1768"
"17699","37.91303634643555","37.91303634643555","37.91303634643555","1769","1769","1769"
"17709","48.98896026611328","48.98896026611328","48.98896026611328","1770","1770","1770"
"17739","52.43431091308594","52.43431091308594","52.43431091308594","1773","1773","1773"
"17799","93.29251098632812","93.29251098632812","93.29251098632812","1779","1779","1779"
"17809","64.19115447998047","64.19115447998047","64.19115447998047","1780","1780","1780"
"17819","72.01571655273438","72.01571655273438","72.01571655273438","1781","1781","1781"
"17829","35.025848388671875","35.025848388671875","35.025848388671875","1782","1782","1782"
"17839","100.76490783691406","100.76490783691406","100.76490783691406","1783","1783","1783"
"17859","47.21271514892578","47.21271514892578","47.21271514892578","1785","1785","1785"
"17889","33.54609298706055","33.54609298706055","33.54609298706055","1788","1788","1788"
"17909","45.40459060668945","45.40459060668945","45.40459060668945","1790","1790","1790"
"17919","56.73005294799805","56.73005294799805","56.73005294799805","1791","1791","1791"
"17929","48.79462814331055","48.79462814331055","48.79462814331055","1792","1792","1792"
"17939","40.00510025024414","40.00510025024414","40.00510025024414","1793","1793","1793"
"17949","44.34339141845703","44.34339141845703","44.34339141845703","1794","1794","1794"
"17969","87.90834045410156","87.90834045410156","87.90834045410156","1796","1796","1796"
"17989","77.56421661376953","77.56421661376953","77.56421661376953","1798","1798","1798"
"18009","64.03353118896484","64.03353118896484","64.03353118896484","1800","1800","1800"
"18019","58.48204040527344","58.48204040527344","58.48204040527344","1801","1801","1801"
"18029","34.11447525024414","34.11447525024414","34.11447525024414","1802","1802","1802"
"18039","57.700904846191406","57.700904846191406","57.700904846191406","1803","1803","1803"
"18069","35.04238510131836","35.04238510131836","35.04238510131836","1806","1806","1806"
"18089","35.93633270263672","35.93633270263672","35.93633270263672","1808","1808","1808"
"18099","103.29647064208984","103.29647064208984","103.29647064208984","1809","1809","1809"
"18109","75.25679779052734","75.25679779052734","75.25679779052734","1810","1810","1810"
"18129","47.56732940673828","47.56732940673828","47.56732940673828","1812","1812","1812"
"18139","206.27520751953125","206.27520751953125","206.27520751953125","1813","1813","1813"
"18149","33.49271774291992","33.49271774291992","33.49271774291992","1814","1814","1814"
"18199","141.78733825683594","141.78733825683594","141.78733825683594","1819","1819","1819"
"18209","91.91519165039062","91.91519165039062","91.91519165039062","1820","1820","1820"
"18219","52.755958557128906","52.755958557128906","52.755958557128906","1821","1821","1821"
"18229","37.32521438598633","37.32521438598633","37.32521438598633","1822","1822","1822"
"18239","55.31483459472656","55.31483459472656","55.31483459472656","1823","1823","1823"
"18289","37.01958465576172","37.01958465576172","37.01958465576172","1828","1828","1828"
"18309","36.544151306152344","36.544151306152344","36.544151306152344","1830","1830","1830"
"18329","53.78899383544922","53.78899383544922","53.78899383544922","1832","1832","1832"
"18339","49.17601776123047","49.17601776123047","49.17601776123047","1833","1833","1833"
"18349","57.01546859741211","57.01546859741211","57.01546859741211","1834","1834","1834"
"18369","63.078067779541016","63.078067779541016","63.078067779541016","1836","1836","1836"
"18409","35.128257751464844","35.128257751464844","35.128257751464844","1840","1840","1840"
"18439","48.77534866333008","48.77534866333008","48.77534866333008","1843","1843","1843"
"18459","34.881378173828125","34.881378173828125","34.881378173828125","1845","1845","1845"
"18469","52.80803680419922","52.80803680419922","52.80803680419922","1846","1846","1846"
"18569","51.36055374145508","51.36055374145508","51.36055374145508","1856","1856","1856"
"18599","51.69362258911133","51.69362258911133","51.69362258911133","1859","1859","1859"
"18619","46.373111724853516","46.373111724853516","46.373111724853516","1861","1861","1861"
"18629","56.918148040771484","56.918148040771484","56.918148040771484","1862","1862","1862"
"18679","79.9437255859375","79.9437255859375","79.9437255859375","1867","1867","1867"
"18699","82.10331726074219","82.10331726074219","82.10331726074219","1869","1869","1869"
"18749","50.090667724609375","50.090667724609375","50.090667724609375","1874","1874","1874"
"18759","76.49375915527344","76.49375915527344","76.49375915527344","1875","1875","1875"
"18779","85.15170288085938","85.15170288085938","85.15170288085938","1877","1877","1877"
"18789","111.5445327758789","111.5445327758789","111.5445327758789","1878","1878","1878"
"18829","69.56414794921875","69.56414794921875","69.56414794921875","1882","1882","1882"
"18839","68.45928192138672","68.45928192138672","68.45928192138672","1883","1883","1883"
"18889","46.404571533203125","46.404571533203125","46.404571533203125","1888","1888","1888"
"18899","34.77520751953125","34.77520751953125","34.77520751953125","1889","1889","1889"
"18939","81.90437316894531","81.90437316894531","81.90437316894531","1893","1893","1893"
"18979","45.44076919555664","45.44076919555664","45.44076919555664","1897","1897","1897"
"19039","69.33804321289062","69.33804321289062","69.33804321289062","1903","1903","1903"
"19109","57.20555114746094","57.20555114746094","57.20555114746094","1910","1910","1910"
"19259","89.74092864990234","89.74092864990234","89.74092864990234","1925","1925","1925"
"19279","40.26457977294922","40.26457977294922","40.26457977294922","1927","1927","1927"
"19289","63.30630874633789","63.30630874633789","63.30630874633789","1928","1928","1928"
"19299","71.06437683105469","71.06437683105469","71.06437683105469","1929","1929","1929"
"19339","70.62954711914062","70.62954711914062","70.62954711914062","1933","1933","1933"
"19399","41.294776916503906","41.294776916503906","41.294776916503906","1939","1939","1939"
"19419","37.608314514160156","37.608314514160156","37.608314514160156","1941","1941","1941"
"19449","39.365455627441406","39.365455627441406","39.365455627441406","1944","1944","1944"
"19459","63.85674285888672","63.85674285888672","63.85674285888672","1945","1945","1945"
"19489","51.03522491455078","51.03522491455078","51.03522491455078","1948","1948","1948"
"19519","81.9354019165039","81.9354019165039","81.9354019165039","1951","1951","1951"
"19549","55.86253356933594","55.86253356933594","55.86253356933594","1954","1954","1954"
"19569","63.53141784667969","63.53141784667969","63.53141784667969","1956","1956","1956"
"19599","59.31089782714844","59.31089782714844","59.31089782714844","1959","1959","1959"
"19609","33.74912643432617","33.74912643432617","33.74912643432617","1960","1960","1960"
"19669","52.19749450683594","52.19749450683594","52.19749450683594","1966","1966","1966"
"19729","67.97799682617188","67.97799682617188","67.97799682617188","1972","1972","1972"
"19759","43.653472900390625","43.653472900390625","43.653472900390625","1975","1975","1975"
"19779","47.872886657714844","47.872886657714844","47.872886657714844","1977","1977","1977"
"19799","49.55525207519531","49.55525207519531","49.55525207519531","1979","1979","1979"
"19829","45.87651443481445","45.87651443481445","45.87651443481445","1982","1982","1982"
"19839","34.56463623046875","34.56463623046875","34.56463623046875","1983","1983","1983"
"19859","31.467050552368164","31.467050552368164","31.467050552368164","1985","1985","1985"
"19919","47.68295669555664","47.68295669555664","47.68295669555664","1991","1991","1991"
"19949","62.74406433105469","62.74406433105469","62.74406433105469","1994","1994","1994"
"19979","75.27668762207031","75.27668762207031","75.27668762207031","1997","1997","1997"
"19999","63.198036193847656","63.198036193847656","63.198036193847656","1999","1999","1999"
"20009","46.6673583984375","46.6673583984375","46.6673583984375","2000","2000","2000"
"20029","70.4140396118164","70.4140396118164","70.4140396118164","2002","2002","2002"
"20059","50.48625564575195","50.48625564575195","50.48625564575195","2005","2005","2005"
"20069","30.28508949279785","30.28508949279785","30.28508949279785","2006","2006","2006"
"20089","73.7681655883789","73.7681655883789","73.7681655883789","2008","2008","2008"
"20109","92.87762451171875","92.87762451171875","92.87762451171875","2010","2010","2010"
"20119","43.3449821472168","43.3449821472168","43.3449821472168","2011","2011","2011"
"20129","75.08097839355469","75.08097839355469","75.08097839355469","2012","2012","2012"
"20149","43.45863342285156","43.45863342285156","43.45863342285156","2014","2014","2014"
"20169","56.62648391723633","56.62648391723633","56.62648391723633","2016","2016","2016"
"20219","77.65326690673828","77.65326690673828","77.65326690673828","2021","2021","2021"
"20249","59.43285369873047","59.43285369873047","59.43285369873047","2024","2024","2024"
"20259","77.29019165039062","77.29019165039062","77.29019165039062","2025","2025","2025"
"20269","56.58232498168945","56.58232498168945","56.58232498168945","2026","2026","2026"
"20289","44.31214141845703","44.31214141845703","44.31214141845703","2028","2028","2028"
"20309","44.759765625","44.759765625","44.759765625","2030","2030","2030"
"20339","53.95661926269531","53.95661926269531","53.95661926269531","2033","2033","2033"
"20349","58.74375915527344","58.74375915527344","58.74375915527344","2034","2034","2034"
"20379","37.11977005004883","37.11977005004883","37.11977005004883","2037","2037","2037"
"20399","59.4212760925293","59.4212760925293","59.4212760925293","2039","2039","2039"
"20419","40.415382385253906","40.415382385253906","40.415382385253906","2041","2041","2041"
"20429","98.32177734375","98.32177734375","98.32177734375","2042","2042","2042"
"20469","73.4283676147461","73.4283676147461","73.4283676147461","2046","2046","2046"
"20479","43.805023193359375","43.805023193359375","43.805023193359375","2047","2047","2047"
"20489","33.56755065917969","33.56755065917969","33.56755065917969","2048","2048","2048"
"20499","89.95484924316406","89.95484924316406","89.95484924316406","2049","2049","2049"
"20559","55.998573303222656","55.998573303222656","55.998573303222656","2055","2055","2055"
"20679","52.277015686035156","52.277015686035156","52.277015686035156","2067","2067","2067"
"20689","57.63548278808594","57.63548278808594","57.63548278808594","2068","2068","2068"
"20709","48.66933822631836","48.66933822631836","48.66933822631836","2070","2070","2070"
"20739","37.81913375854492","37.81913375854492","37.81913375854492","2073","2073","2073"
"20769","53.0086784362793","53.0086784362793","53.0086784362793","2076","2076","2076"
"20779","62.952056884765625","62.952056884765625","62.952056884765625","2077","2077","2077"
"20809","133.01931762695312","133.01931762695312","133.01931762695312","2080","2080","2080"
"20829","56.0537109375","56.0537109375","56.0537109375","2082","2082","2082"
"20859","66.4709243774414","66.4709243774414","66.4709243774414","2085","2085","2085"
"20889","53.105491638183594","53.105491638183594","53.105491638183594","2088","2088","2088"
"20899","85.13954162597656","85.13954162597656","85.13954162597656","2089","2089","2089"
"20909","57.418643951416016","57.418643951416016","57.418643951416016","2090","2090","2090"
"20929","60.300567626953125","60.300567626953125","60.300567626953125","2092","2092","2092"
"20939","39.553375244140625","39.553375244140625","39.553375244140625","2093","2093","2093"
"20969","71.4763412475586","71.4763412475586","71.4763412475586","2096","2096","2096"
"20989","61.697635650634766","61.697635650634766","61.697635650634766","2098","2098","2098"
"21009","67.70501708984375","67.70501708984375","67.70501708984375","2100","2100","2100"
"21019","58.06035614013672","58.06035614013672","58.06035614013672","2101","2101","2101"
"21029","63.987422943115234","63.987422943115234","63.987422943115234","2102","2102","2102"
"21049","53.674442291259766","53.674442291259766","53.674442291259766","2104","2104","2104"
"21059","100.643310546875","100.643310546875","100.643310546875","2105","2105","2105"
"21109","28.069061279296875","28.069061279296875","28.069061279296875","2110","2110","2110"
"21119","48.77315902709961","48.77315902709961","48.77315902709961","2111","2111","2111"
"21129","30.814109802246094","30.814109802246094","30.814109802246094","2112","2112","2112"
"21179","54.64915084838867","54.64915084838867","54.64915084838867","2117","2117","2117"
"21209","41.691627502441406","41.691627502441406","41.691627502441406","2120","2120","2120"
"21219","36.01842498779297","36.01842498779297","36.01842498779297","2121","2121","2121"
"21249","33.08245086669922","33.08245086669922","33.08245086669922","2124","2124","2124"
"21309","30.732358932495117","30.732358932495117","30.732358932495117","2130","2130","2130"
"21319","33.67268371582031","33.67268371582031","33.67268371582031","2131","2131","2131"
"21339","49.97266387939453","49.97266387939453","49.97266387939453","2133","2133","2133"
"21349","51.07023620605469","51.07023620605469","51.07023620605469","2134","2134","2134"
"21359","42.673377990722656","42.673377990722656","42.673377990722656","2135","2135","2135"
"21369","75.76691436767578","75.76691436767578","75.76691436767578","2136","2136","2136"
"21379","71.54899597167969","71.54899597167969","71.54899597167969","2137","2137","2137"
"21389","51.469947814941406","51.469947814941406","51.469947814941406","2138","2138","2138"
"21419","30.225830078125","30.225830078125","30.225830078125","2141","2141","2141"
"21439","50.209739685058594","50.209739685058594","50.209739685058594","2143","2143","2143"
"21449","66.37049865722656","66.37049865722656","66.37049865722656","2144","2144","2144"
"21469","43.746185302734375","43.746185302734375","43.746185302734375","2146","2146","2146"
"21509","34.904991149902344","34.904991149902344","34.904991149902344","2150","2150","2150"
"21529","50.510032653808594","50.510032653808594","50.510032653808594","2152","2152","2152"
"21539","51.9141845703125","51.9141845703125","51.9141845703125","2153","2153","2153"
"21569","54.49034881591797","54.49034881591797","54.49034881591797","2156","2156","2156"
"21589","55.36454772949219","55.36454772949219","55.36454772949219","2158","2158","2158"
"21599","52.04458236694336","52.04458236694336","52.04458236694336","2159","2159","2159"
"21629","68.81585693359375","68.81585693359375","68.81585693359375","2162","2162","2162"
"21649","51.77365493774414","51.77365493774414","51.77365493774414","2164","2164","2164"
"21659","70.87247467041016","70.87247467041016","70.87247467041016","2165","2165","2165"
"21669","51.450687408447266","51.450687408447266","51.450687408447266","2166","2166","2166"
"21719","51.50904846191406","51.50904846191406","51.50904846191406","2171","2171","2171"
"21739","92.40409088134766","92.40409088134766","92.40409088134766","2173","2173","2173"
"21789","33.76065444946289","33.76065444946289","33.76065444946289","2178","2178","2178"
"21809","49.610416412353516","49.610416412353516","49.610416412353516","2180","2180","2180"
"21829","66.79843139648438","66.79843139648438","66.79843139648438","2182","2182","2182"
"21849","48.85481262207031","48.85481262207031","48.85481262207031","2184","2184","2184"
"21859","42.66493225097656","42.66493225097656","42.66493225097656","2185","2185","2185"
"21879","88.1290512084961","88.1290512084961","88.1290512084961","2187","2187","2187"
"21889","78.53004455566406","78.53004455566406","78.53004455566406","2188","2188","2188"
"21899","60.33559799194336","60.33559799194336","60.33559799194336","2189","2189","2189"
"21929","47.89484405517578","47.89484405517578","47.89484405517578","2192","2192","2192"
"21939","37.36829376220703","37.36829376220703","37.36829376220703","2193","2193","2193"
"21949","30.919921875","30.919921875","30.919921875","2194","2194","2194"
"21979","54.02467727661133","54.02467727661133","54.02467727661133","2197","2197","2197"
"21989","53.19844436645508","53.19844436645508","53.19844436645508","2198","2198","2198"
"21999","89.60043334960938","89.60043334960938","89.60043334960938","2199","2199","2199"
"22009","31.115886688232422","31.115886688232422","31.115886688232422","2200","2200","2200"
"22019","51.00355911254883","51.00355911254883","51.00355911254883","2201","2201","2201"
"22039","47.667457580566406","47.667457580566406","47.667457580566406","2203","2203","2203"
"22079","65.68409729003906","65.68409729003906","65.68409729003906","2207","2207","2207"
"22089","83.27544403076172","83.27544403076172","83.27544403076172","2208","2208","2208"
"22099","66.72661590576172","66.72661590576172","66.72661590576172","2209","2209","2209"
"22129","38.9404182434082","38.9404182434082","38.9404182434082","2212","2212","2212"
"22139","33.382545471191406","33.382545471191406","33.382545471191406","2213","2213","2213"
"22199","50.05659866333008","50.05659866333008","50.05659866333008","2219","2219","2219"
"22329","42.33076095581055","42.33076095581055","42.33076095581055","2232","2232","2232"
"22339","47.31483840942383","47.31483840942383","47.31483840942383","2233","2233","2233"
"22479","57.20390319824219","57.20390319824219","57.20390319824219","2247","2247","2247"
"22489","66.72148895263672","66.72148895263672","66.72148895263672","2248","2248","2248"
"22499","67.7110366821289","67.7110366821289","67.7110366821289","2249","2249","2249"
"22529","74.37138366699219","74.37138366699219","74.37138366699219","2252","2252","2252"
"22579","62.91295623779297","62.91295623779297","62.91295623779297","2257","2257","2257"
"22589","38.83884811401367","38.83884811401367","38.83884811401367","2258","2258","2258"
"22609","71.17576599121094","71.17576599121094","71.17576599121094","2260","2260","2260"
"22639","115.380126953125","115.380126953125","115.380126953125","2263","2263","2263"
"22649","42.231773376464844","42.231773376464844","42.231773376464844","2264","2264","2264"
"22659","59.561431884765625","59.561431884765625","59.561431884765625","2265","2265","2265"
"22699","51.99637222290039","51.99637222290039","51.99637222290039","2269","2269","2269"
"22719","38.208030700683594","38.208030700683594","38.208030700683594","2271","2271","2271"
"22729","60.45420837402344","60.45420837402344","60.45420837402344","2272","2272","2272"
"22739","49.992919921875","49.992919921875","49.992919921875","2273","2273","2273"
"22759","52.832420349121094","52.832420349121094","52.832420349121094","2275","2275","2275"
"22769","48.15882873535156","48.15882873535156","48.15882873535156","2276","2276","2276"
"22809","48.999935150146484","48.999935150146484","48.999935150146484","2280","2280","2280"
"22829","55.220375061035156","55.220375061035156","55.220375061035156","2282","2282","2282"
"22839","53.46123123168945","53.46123123168945","53.46123123168945","2283","2283","2283"
"22849","40.2623405456543","40.2623405456543","40.2623405456543","2284","2284","2284"
"22889","38.17325973510742","38.17325973510742","38.17325973510742","2288","2288","2288"
"22899","34.39469909667969","34.39469909667969","34.39469909667969","2289","2289","2289"
"22929","65.68602752685547","65.68602752685547","65.68602752685547","2292","2292","2292"
"22959","33.62931442260742","33.62931442260742","33.62931442260742","2295","2295","2295"
"22969","86.34070587158203","86.34070587158203","86.34070587158203","2296","2296","2296"
"23029","44.71385192871094","44.71385192871094","44.71385192871094","2302","2302","2302"
"23119","54.34831237792969","54.34831237792969","54.34831237792969","2311","2311","2311"
"23209","58.98453140258789","58.98453140258789","58.98453140258789","2320","2320","2320"
"23219","41.45539855957031","41.45539855957031","41.45539855957031","2321","2321","2321"
"23259","53.0699577331543","53.0699577331543","53.0699577331543","2325","2325","2325"
"23289","75.36885070800781","75.36885070800781","75.36885070800781","2328","2328","2328"
"23349","41.157997131347656","41.157997131347656","41.157997131347656","2334","2334","2334"
"23369","48.63605499267578","48.63605499267578","48.63605499267578","2336","2336","2336"
"23389","148.01339721679688","148.01339721679688","148.01339721679688","2338","2338","2338"
"23409","82.69392395019531","82.69392395019531","82.69392395019531","2340","2340","2340"
"23439","33.08853530883789","33.08853530883789","33.08853530883789","2343","2343","2343"
"23469","45.79713439941406","45.79713439941406","45.79713439941406","2346","2346","2346"
"23489","39.07769775390625","39.07769775390625","39.07769775390625","2348","2348","2348"
"23499","60.75082015991211","60.75082015991211","60.75082015991211","2349","2349","2349"
"23529","37.4882698059082","37.4882698059082","37.4882698059082","2352","2352","2352"
"23549","79.61216735839844","79.61216735839844","79.61216735839844","2354","2354","2354"
"23569","40.874759674072266","40.874759674072266","40.874759674072266","2356","2356","2356"
"23579","36.68156814575195","36.68156814575195","36.68156814575195","2357","2357","2357"
"23599","63.63411331176758","63.63411331176758","63.63411331176758","2359","2359","2359"
"23639","34.62237548828125","34.62237548828125","34.62237548828125","2363","2363","2363"
"23719","72.8591079711914","72.8591079711914","72.8591079711914","2371","2371","2371"
"23739","48.304832458496094","48.304832458496094","48.304832458496094","2373","2373","2373"
"23749","31.123794555664062","31.123794555664062","31.123794555664062","2374","2374","2374"
"23759","36.5048828125","36.5048828125","36.5048828125","2375","2375","2375"
"23779","34.24626922607422","34.24626922607422","34.24626922607422","2377","2377","2377"
"23789","40.631107330322266","40.631107330322266","40.631107330322266","2378","2378","2378"
"23809","40.680152893066406","40.680152893066406","40.680152893066406","2380","2380","2380"
"23829","42.007015228271484","42.007015228271484","42.007015228271484","2382","2382","2382"
"23839","80.5045166015625","80.5045166015625","80.5045166015625","2383","2383","2383"
"23849","36.10897445678711","36.10897445678711","36.10897445678711","2384","2384","2384"
"23879","38.978973388671875","38.978973388671875","38.978973388671875","2387","2387","2387"
"23889","30.52963638305664","30.52963638305664","30.52963638305664","2388","2388","2388"
"23909","68.75422668457031","68.75422668457031","68.75422668457031","2390","2390","2390"
"23939","88.29588317871094","88.29588317871094","88.29588317871094","2393","2393","2393"
"23949","50.74455261230469","50.74455261230469","50.74455261230469","2394","2394","2394"
"23959","80.8234634399414","80.8234634399414","80.8234634399414","2395","2395","2395"
"23969","48.09394073486328","48.09394073486328","48.09394073486328","2396","2396","2396"
"23989","38.8084831237793","38.8084831237793","38.8084831237793","2398","2398","2398"
"24009","81.56478881835938","81.56478881835938","81.56478881835938","2400","2400","2400"
"24049","36.903072357177734","36.903072357177734","36.903072357177734","2404","2404","2404"
"24059","47.67339324951172","47.67339324951172","47.67339324951172","2405","2405","2405"
"24069","35.55725860595703","35.55725860595703","35.55725860595703","2406","2406","2406"
"24109","71.14543914794922","71.14543914794922","71.14543914794922","2410","2410","2410"
"24159","46.2608757019043","46.2608757019043","46.2608757019043","2415","2415","2415"
"24179","54.85845947265625","54.85845947265625","54.85845947265625","2417","2417","2417"
"24189","81.8343734741211","81.8343734741211","81.8343734741211","2418","2418","2418"
"24199","58.67566680908203","58.67566680908203","58.67566680908203","2419","2419","2419"
"24209","40.087528228759766","40.087528228759766","40.087528228759766","2420","2420","2420"
"24219","33.25712966918945","33.25712966918945","33.25712966918945","2421","2421","2421"
"24229","39.03605651855469","39.03605651855469","39.03605651855469","2422","2422","2422"
"24249","63.683982849121094","63.683982849121094","63.683982849121094","2424","2424","2424"
"24259","194.2591552734375","194.2591552734375","194.2591552734375","2425","2425","2425"
"24279","33.88035583496094","33.88035583496094","33.88035583496094","2427","2427","2427"
"24289","37.16252136230469","37.16252136230469","37.16252136230469","2428","2428","2428"
"24299","70.0052490234375","70.0052490234375","70.0052490234375","2429","2429","2429"
"24319","66.00663757324219","66.00663757324219","66.00663757324219","2431","2431","2431"
"24429","32.64605712890625","32.64605712890625","32.64605712890625","2442","2442","2442"
"24489","43.70952606201172","43.70952606201172","43.70952606201172","2448","2448","2448"
"24529","32.90040969848633","32.90040969848633","32.90040969848633","2452","2452","2452"
"24539","81.01931762695312","81.01931762695312","81.01931762695312","2453","2453","2453"
"24549","74.1876220703125","74.1876220703125","74.1876220703125","2454","2454","2454"
"24579","73.2006607055664","73.2006607055664","73.2006607055664","2457","2457","2457"
"24599","38.0871467590332","38.0871467590332","38.0871467590332","2459","2459","2459"
"24609","70.87362670898438","70.87362670898438","70.87362670898438","2460","2460","2460"
"24669","60.35860824584961","60.35860824584961","60.35860824584961","2466","2466","2466"
"24699","30.918018341064453","30.918018341064453","30.918018341064453","2469","2469","2469"
"24729","43.518707275390625","43.518707275390625","43.518707275390625","2472","2472","2472"
"24739","63.26219177246094","63.26219177246094","63.26219177246094","2473","2473","2473"
"24779","43.712886810302734","43.712886810302734","43.712886810302734","2477","2477","2477"
"24809","37.56186294555664","37.56186294555664","37.56186294555664","2480","2480","2480"
"24819","43.273773193359375","43.273773193359375","43.273773193359375","2481","2481","2481"
"24859","73.20835876464844","73.20835876464844","73.20835876464844","2485","2485","2485"
"24879","42.73225021362305","42.73225021362305","42.73225021362305","2487","2487","2487"
"24889","46.178749084472656","46.178749084472656","46.178749084472656","2488","2488","2488"
"24919","41.45643615722656","41.45643615722656","41.45643615722656","2491","2491","2491"
"24939","48.258766174316406","48.258766174316406","48.258766174316406","2493","2493","2493"
"25009","29.118165969848633","29.118165969848633","29.118165969848633","2500","2500","2500"
"25019","96.47660827636719","96.47660827636719","96.47660827636719","2501","2501","2501"
"25059","41.200828552246094","41.200828552246094","41.200828552246094","2505","2505","2505"
"25109","40.630027770996094","40.630027770996094","40.630027770996094","2510","2510","2510"
"25119","52.03385543823242","52.03385543823242","52.03385543823242","2511","2511","2511"
"25189","37.85283660888672","37.85283660888672","37.85283660888672","2518","2518","2518"
"25209","26.946826934814453","26.946826934814453","26.946826934814453","2520","2520","2520"
"25219","37.614837646484375","37.614837646484375","37.614837646484375","2521","2521","2521"
"25229","32.139404296875","32.139404296875","32.139404296875","2522","2522","2522"
"25269","47.61784744262695","47.61784744262695","47.61784744262695","2526","2526","2526"
"25279","36.91062545776367","36.91062545776367","36.91062545776367","2527","2527","2527"
"25299","56.560462951660156","56.560462951660156","56.560462951660156","2529","2529","2529"
"25309","50.474422454833984","50.474422454833984","50.474422454833984","2530","2530","2530"
"25319","97.31183624267578","97.31183624267578","97.31183624267578","2531","2531","2531"
"25339","41.64073181152344","41.64073181152344","41.64073181152344","2533","2533","2533"
"25349","44.597476959228516","44.597476959228516","44.597476959228516","2534","2534","2534"
"25379","167.83486938476562","167.83486938476562","167.83486938476562","2537","2537","2537"
"25399","54.24470901489258","54.24470901489258","54.24470901489258","2539","2539","2539"
"25409","46.712303161621094","46.712303161621094","46.712303161621094","2540","2540","2540"
"25419","31.142623901367188","31.142623901367188","31.142623901367188","2541","2541","2541"
"25429","75.03529357910156","75.03529357910156","75.03529357910156","2542","2542","2542"
"25449","46.119659423828125","46.119659423828125","46.119659423828125","2544","2544","2544"
"25489","43.01774978637695","43.01774978637695","43.01774978637695","2548","2548","2548"
"25499","56.56394958496094","56.56394958496094","56.56394958496094","2549","2549","2549"
"25519","38.71656799316406","38.71656799316406","38.71656799316406","2551","2551","2551"
"25559","52.92524719238281","52.92524719238281","52.92524719238281","2555","2555","2555"
"25569","45.31380081176758","45.31380081176758","45.31380081176758","2556","2556","2556"
"25579","36.478187561035156","36.478187561035156","36.478187561035156","2557","2557","2557"
"25609","35.141632080078125","35.141632080078125","35.141632080078125","2560","2560","2560"
"25619","75.93450164794922","75.93450164794922","75.93450164794922","2561","2561","2561"
"25629","54.71623611450195","54.71623611450195","54.71623611450195","2562","2562","2562"
"25639","57.38379669189453","57.38379669189453","57.38379669189453","2563","2563","2563"
"25659","55.73353958129883","55.73353958129883","55.73353958129883","2565","2565","2565"
"25689","40.57106399536133","40.57106399536133","40.57106399536133","2568","2568","2568"
"25729","70.33948516845703","70.33948516845703","70.33948516845703","2572","2572","2572"
"25739","45.3448371887207","45.3448371887207","45.3448371887207","2573","2573","2573"
"25769","35.21684265136719","35.21684265136719","35.21684265136719","2576","2576","2576"
"25789","75.85110473632812","75.85110473632812","75.85110473632812","2578","2578","2578"
"25809","27.975139617919922","27.975139617919922","27.975139617919922","2580","2580","2580"
"25819","65.24740600585938","65.24740600585938","65.24740600585938","2581","2581","2581"
"25829","48.65927505493164","48.65927505493164","48.65927505493164","2582","2582","2582"
"25839","97.76835632324219","97.76835632324219","97.76835632324219","2583","2583","2583"
"25849","48.067989349365234","48.067989349365234","48.067989349365234","2584","2584","2584"
"25859","43.8463134765625","43.8463134765625","43.8463134765625","2585","2585","2585"
"25869","72.1173095703125","72.1173095703125","72.1173095703125","2586","2586","2586"
"25879","45.868019104003906","45.868019104003906","45.868019104003906","2587","2587","2587"
"25909","49.15070724487305","49.15070724487305","49.15070724487305","2590","2590","2590"
"25929","64.21282196044922","64.21282196044922","64.21282196044922","2592","2592","2592"
"25939","52.364444732666016","52.364444732666016","52.364444732666016","2593","2593","2593"
"25949","48.75859832763672","48.75859832763672","48.75859832763672","2594","2594","2594"
"25999","59.15419006347656","59.15419006347656","59.15419006347656","2599","2599","2599"
"26039","32.51395034790039","32.51395034790039","32.51395034790039","2603","2603","2603"
"26069","31.136537551879883","31.136537551879883","31.136537551879883","2606","2606","2606"
"26129","57.29961013793945","57.29961013793945","57.29961013793945","2612","2612","2612"
"26159","36.479454040527344","36.479454040527344","36.479454040527344","2615","2615","2615"
"26169","42.25716781616211","42.25716781616211","42.25716781616211","2616","2616","2616"
"26219","51.64862060546875","51.64862060546875","51.64862060546875","2621","2621","2621"
"26249","54.914878845214844","54.914878845214844","54.914878845214844","2624","2624","2624"
"26299","128.11077880859375","128.11077880859375","128.11077880859375","2629","2629","2629"
"26319","63.09947967529297","63.09947967529297","63.09947967529297","2631","2631","2631"
"26329","56.984718322753906","56.984718322753906","56.984718322753906","2632","2632","2632"
"26419","41.94904327392578","41.94904327392578","41.94904327392578","2641","2641","2641"
"26469","44.57685089111328","44.57685089111328","44.57685089111328","2646","2646","2646"
"26479","33.844642639160156","33.844642639160156","33.844642639160156","2647","2647","2647"
"26499","32.07786560058594","32.07786560058594","32.07786560058594","2649","2649","2649"
"26559","54.135597229003906","54.135597229003906","54.135597229003906","2655","2655","2655"
"26569","36.30830764770508","36.30830764770508","36.30830764770508","2656","2656","2656"
"26589","37.690452575683594","37.690452575683594","37.690452575683594","2658","2658","2658"
"26609","64.4310302734375","64.4310302734375","64.4310302734375","2660","2660","2660"
"26629","56.07663345336914","56.07663345336914","56.07663345336914","2662","2662","2662"
"26639","44.90462875366211","44.90462875366211","44.90462875366211","2663","2663","2663"
"26679","50.26607131958008","50.26607131958008","50.26607131958008","2667","2667","2667"
"26709","45.22591018676758","45.22591018676758","45.22591018676758","2670","2670","2670"
"26729","34.62831115722656","34.62831115722656","34.62831115722656","2672","2672","2672"
"26739","45.92998504638672","45.92998504638672","45.92998504638672","2673","2673","2673"
"26769","46.825767517089844","46.825767517089844","46.825767517089844","2676","2676","2676"
"26809","87.86846160888672","87.86846160888672","87.86846160888672","2680","2680","2680"
"26839","41.83946228027344","41.83946228027344","41.83946228027344","2683","2683","2683"
"26849","45.10862731933594","45.10862731933594","45.10862731933594","2684","2684","2684"
"26889","36.908573150634766","36.908573150634766","36.908573150634766","2688","2688","2688"
"26999","40.07373809814453","40.07373809814453","40.07373809814453","2699","2699","2699"
"27009","45.882972717285156","45.882972717285156","45.882972717285156","2700","2700","2700"
"27029","37.57670974731445","37.57670974731445","37.57670974731445","2702","2702","2702"
"27049","56.416133880615234","56.416133880615234","56.416133880615234","2704","2704","2704"
"27059","35.434898376464844","35.434898376464844","35.434898376464844","2705","2705","2705"
"27079","56.532676696777344","56.532676696777344","56.532676696777344","2707","2707","2707"
"27099","93.80040740966797","93.80040740966797","93.80040740966797","2709","2709","2709"
"27129","40.45744323730469","40.45744323730469","40.45744323730469","2712","2712","2712"
"27149","33.94564437866211","33.94564437866211","33.94564437866211","2714","2714","2714"
"27169","41.830406188964844","41.830406188964844","41.830406188964844","2716","2716","2716"
"27179","52.100502014160156","52.100502014160156","52.100502014160156","2717","2717","2717"
"27189","33.25299072265625","33.25299072265625","33.25299072265625","2718","2718","2718"
"27199","39.1231803894043","39.1231803894043","39.1231803894043","2719","2719","2719"
"27209","33.41085433959961","33.41085433959961","33.41085433959961","2720","2720","2720"
"27239","42.61739730834961","42.61739730834961","42.61739730834961","2723","2723","2723"
"27259","36.10309982299805","36.10309982299805","36.10309982299805","2725","2725","2725"
"27299","59.66691589355469","59.66691589355469","59.66691589355469","2729","2729","2729"
"27329","62.11351013183594","62.11351013183594","62.11351013183594","2732","2732","2732"
"27339","33.87010955810547","33.87010955810547","33.87010955810547","2733","2733","2733"
"27359","31.24225425720215","31.24225425720215","31.24225425720215","2735","2735","2735"
"27389","41.63665771484375","41.63665771484375","41.63665771484375","2738","2738","2738"
"27399","44.276451110839844","44.276451110839844","44.276451110839844","2739","2739","2739"
"27419","34.84466552734375","34.84466552734375","34.84466552734375","2741","2741","2741"
"27429","51.72389221191406","51.72389221191406","51.72389221191406","2742","2742","2742"
"27439","54.544071197509766","54.544071197509766","54.544071197509766","2743","2743","2743"
"27509","46.50920486450195","46.50920486450195","46.50920486450195","2750","2750","2750"
"27529","76.79903411865234","76.79903411865234","76.79903411865234","2752","2752","2752"
"27629","31.145519256591797","31.145519256591797","31.145519256591797","2762","2762","2762"
"27679","38.438785552978516","38.438785552978516","38.438785552978516","2767","2767","2767"
"27739","37.50855255126953","37.50855255126953","37.50855255126953","2773","2773","2773"
"27819","100.09434509277344","100.09434509277344","100.09434509277344","2781","2781","2781"
"27919","45.79020690917969","45.79020690917969","45.79020690917969","2791","2791","2791"
"27929","51.11762237548828","51.11762237548828","51.11762237548828","2792","2792","2792"
"27939","64.48986053466797","64.48986053466797","64.48986053466797","2793","2793","2793"
"27949","61.011558532714844","61.011558532714844","61.011558532714844","2794","2794","2794"
"27979","47.61390686035156","47.61390686035156","47.61390686035156","2797","2797","2797"
"27989","55.41471481323242","55.41471481323242","55.41471481323242","2798","2798","2798"
"27999","46.373077392578125","46.373077392578125","46.373077392578125","2799","2799","2799"
"28009","32.984832763671875","32.984832763671875","32.984832763671875","2800","2800","2800"
"28029","54.27415466308594","54.27415466308594","54.27415466308594","2802","2802","2802"
"28049","35.506893157958984","35.506893157958984","35.506893157958984","2804","2804","2804"
"28069","29.073923110961914","29.073923110961914","29.073923110961914","2806","2806","2806"
"28109","41.671119689941406","41.671119689941406","41.671119689941406","2810","2810","2810"
"28159","29.998291015625","29.998291015625","29.998291015625","2815","2815","2815"
"28169","39.092628479003906","39.092628479003906","39.092628479003906","2816","2816","2816"
"28199","29.173900604248047","29.173900604248047","29.173900604248047","2819","2819","2819"
"28219","33.828147888183594","33.828147888183594","33.828147888183594","2821","2821","2821"
"28259","52.93537139892578","52.93537139892578","52.93537139892578","2825","2825","2825"
"28329","60.03681945800781","60.03681945800781","60.03681945800781","2832","2832","2832"
"28339","29.751876831054688","29.751876831054688","29.751876831054688","2833","2833","2833"
"28349","50.50859451293945","50.50859451293945","50.50859451293945","2834","2834","2834"
"28369","67.90019226074219","67.90019226074219","67.90019226074219","2836","2836","2836"
"28399","50.42076873779297","50.42076873779297","50.42076873779297","2839","2839","2839"
"28419","62.618865966796875","62.618865966796875","62.618865966796875","2841","2841","2841"
"28429","37.84986877441406","37.84986877441406","37.84986877441406","2842","2842","2842"
"28449","55.14104461669922","55.14104461669922","55.14104461669922","2844","2844","2844"
"28479","47.905548095703125","47.905548095703125","47.905548095703125","2847","2847","2847"
"28499","52.267913818359375","52.267913818359375","52.267913818359375","2849","2849","2849"
"28509","35.301414489746094","35.301414489746094","35.301414489746094","2850","2850","2850"
"28519","27.419782638549805","27.419782638549805","27.419782638549805","2851","2851","2851"
"28539","32.774078369140625","32.774078369140625","32.774078369140625","2853","2853","2853"
"28569","36.127044677734375","36.127044677734375","36.127044677734375","2856","2856","2856"
"28599","40.13116455078125","40.13116455078125","40.13116455078125","2859","2859","2859"
"28609","31.37615203857422","31.37615203857422","31.37615203857422","2860","2860","2860"
"28629","67.77546691894531","67.77546691894531","67.77546691894531","2862","2862","2862"
"28639","74.2511978149414","74.2511978149414","74.2511978149414","2863","2863","2863"
"28659","53.4642448425293","53.4642448425293","53.4642448425293","2865","2865","2865"
"28689","46.730201721191406","46.730201721191406","46.730201721191406","2868","2868","2868"
"28699","61.144187927246094","61.144187927246094","61.144187927246094","2869","2869","2869"
"28719","62.339820861816406","62.339820861816406","62.339820861816406","2871","2871","2871"
"28749","49.335514068603516","49.335514068603516","49.335514068603516","2874","2874","2874"
"28779","54.173545837402344","54.173545837402344","54.173545837402344","2877","2877","2877"
"28799","38.07611083984375","38.07611083984375","38.07611083984375","2879","2879","2879"
"28829","47.47320556640625","47.47320556640625","47.47320556640625","2882","2882","2882"
"28849","33.96138381958008","33.96138381958008","33.96138381958008","2884","2884","2884"
"28859","32.975440979003906","32.975440979003906","32.975440979003906","2885","2885","2885"
"28939","64.48818969726562","64.48818969726562","64.48818969726562","2893","2893","2893"
"28949","46.71345520019531","46.71345520019531","46.71345520019531","2894","2894","2894"
"28969","41.49020004272461","41.49020004272461","41.49020004272461","2896","2896","2896"
"29029","54.22589874267578","54.22589874267578","54.22589874267578","2902","2902","2902"
"29049","33.20610046386719","33.20610046386719","33.20610046386719","2904","2904","2904"
"29069","39.01464080810547","39.01464080810547","39.01464080810547","2906","2906","2906"
"29099","51.94439697265625","51.94439697265625","51.94439697265625","2909","2909","2909"
"29119","42.55476379394531","42.55476379394531","42.55476379394531","2911","2911","2911"
"29169","31.036991119384766","31.036991119384766","31.036991119384766","2916","2916","2916"
"29179","38.102359771728516","38.102359771728516","38.102359771728516","2917","2917","2917"
"29189","37.003692626953125","37.003692626953125","37.003692626953125","2918","2918","2918"
"29219","33.86750411987305","33.86750411987305","33.86750411987305","2921","2921","2921"
"29249","45.00564956665039","45.00564956665039","45.00564956665039","2924","2924","2924"
"29269","39.36943054199219","39.36943054199219","39.36943054199219","2926","2926","2926"
"29279","42.750545501708984","42.750545501708984","42.750545501708984","2927","2927","2927"
"29289","64.73572540283203","64.73572540283203","64.73572540283203","2928","2928","2928"
"29299","29.348766326904297","29.348766326904297","29.348766326904297","2929","2929","2929"
"29309","69.52593994140625","69.52593994140625","69.52593994140625","2930","2930","2930"
"29319","55.125","55.125","55.125","2931","2931","2931"
"29389","40.54939651489258","40.54939651489258","40.54939651489258","2938","2938","2938"
"29399","36.248390197753906","36.248390197753906","36.248390197753906","2939","2939","2939"
"29419","46.99298858642578","46.99298858642578","46.99298858642578","2941","2941","2941"
"29469","63.61219024658203","63.61219024658203","63.61219024658203","2946","2946","2946"
"29509","44.39157485961914","44.39157485961914","44.39157485961914","2950","2950","2950"
"29539","58.05712127685547","58.05712127685547","58.05712127685547","2953","2953","2953"
"29549","36.205535888671875","36.205535888671875","36.205535888671875","2954","2954","2954"
"29589","98.79391479492188","98.79391479492188","98.79391479492188","2958","2958","2958"
"29639","31.404207229614258","31.404207229614258","31.404207229614258","2963","2963","2963"
"29649","51.93731689453125","51.93731689453125","51.93731689453125","2964","2964","2964"
"29669","57.56035232543945","57.56035232543945","57.56035232543945","2966","2966","2966"
"29719","54.30137634277344","54.30137634277344","54.30137634277344","2971","2971","2971"
"29759","46.13945770263672","46.13945770263672","46.13945770263672","2975","2975","2975"
"29779","48.74721145629883","48.74721145629883","48.74721145629883","2977","2977","2977"
"29819","84.30984497070312","84.30984497070312","84.30984497070312","2981","2981","2981"
"29839","36.75987243652344","36.75987243652344","36.75987243652344","2983","2983","2983"
"29889","33.907814025878906","33.907814025878906","33.907814025878906","2988","2988","2988"
"29899","29.761730194091797","29.761730194091797","29.761730194091797","2989","2989","2989"
"29919","35.700706481933594","35.700706481933594","35.700706481933594","2991","2991","2991"
"29929","30.638154983520508","30.638154983520508","30.638154983520508","2992","2992","2992"
"29969","54.34649658203125","54.34649658203125","54.34649658203125","2996","2996","2996"
"30039","66.57758331298828","66.57758331298828","66.57758331298828","3003","3003","3003"
"30059","90.3262939453125","90.3262939453125","90.3262939453125","3005","3005","3005"
"30099","37.855045318603516","37.855045318603516","37.855045318603516","3009","3009","3009"
"30109","93.56362915039062","93.56362915039062","93.56362915039062","3010","3010","3010"
"30169","39.724422454833984","39.724422454833984","39.724422454833984","3016","3016","3016"
"30179","44.21090316772461","44.21090316772461","44.21090316772461","3017","3017","3017"
"30189","47.12627410888672","47.12627410888672","47.12627410888672","3018","3018","3018"
"30249","35.86515426635742","35.86515426635742","35.86515426635742","3024","3024","3024"
"30279","41.57550048828125","41.57550048828125","41.57550048828125","3027","3027","3027"
"30299","75.35328674316406","75.35328674316406","75.35328674316406","3029","3029","3029"
"30309","44.78730773925781","44.78730773925781","44.78730773925781","3030","3030","3030"
"30319","53.65620040893555","53.65620040893555","53.65620040893555","3031","3031","3031"
"30329","35.42498779296875","35.42498779296875","35.42498779296875","3032","3032","3032"
"30349","30.115528106689453","30.115528106689453","30.115528106689453","3034","3034","3034"
"30359","37.798343658447266","37.798343658447266","37.798343658447266","3035","3035","3035"
"30429","31.770793914794922","31.770793914794922","31.770793914794922","3042","3042","3042"
"30439","60.80241775512695","60.80241775512695","60.80241775512695","3043","3043","3043"
"30449","120.1265869140625","120.1265869140625","120.1265869140625","3044","3044","3044"
"30469","33.821224212646484","33.821224212646484","33.821224212646484","3046","3046","3046"
"30529","70.9462661743164","70.9462661743164","70.9462661743164","3052","3052","3052"
"30579","47.47975158691406","47.47975158691406","47.47975158691406","3057","3057","3057"
"30599","42.774383544921875","42.774383544921875","42.774383544921875","3059","3059","3059"
"30619","65.39033508300781","65.39033508300781","65.39033508300781","3061","3061","3061"
"30629","34.04989242553711","34.04989242553711","34.04989242553711","3062","3062","3062"
"30669","33.70405578613281","33.70405578613281","33.70405578613281","3066","3066","3066"
"30689","25.418659210205078","25.418659210205078","25.418659210205078","3068","3068","3068"
"30699","30.898921966552734","30.898921966552734","30.898921966552734","3069","3069","3069"
"30709","39.2203483581543","39.2203483581543","39.2203483581543","3070","3070","3070"
"30739","38.26789093017578","38.26789093017578","38.26789093017578","3073","3073","3073"
"30749","46.8383674621582","46.8383674621582","46.8383674621582","3074","3074","3074"
"30839","42.592742919921875","42.592742919921875","42.592742919921875","3083","3083","3083"
"30849","31.19924545288086","31.19924545288086","31.19924545288086","3084","3084","3084"
"30859","60.191261291503906","60.191261291503906","60.191261291503906","3085","3085","3085"
"30919","46.023902893066406","46.023902893066406","46.023902893066406","3091","3091","3091"
"30939","58.64433670043945","58.64433670043945","58.64433670043945","3093","3093","3093"
"30969","32.72856903076172","32.72856903076172","32.72856903076172","3096","3096","3096"
"30979","35.96533203125","35.96533203125","35.96533203125","3097","3097","3097"
"31009","59.98097610473633","59.98097610473633","59.98097610473633","3100","3100","3100"
"31029","46.05279541015625","46.05279541015625","46.05279541015625","3102","3102","3102"
"31039","49.0970458984375","49.0970458984375","49.0970458984375","3103","3103","3103"
"31089","53.546478271484375","53.546478271484375","53.546478271484375","3108","3108","3108"
"31119","90.45982360839844","90.45982360839844","90.45982360839844","3111","3111","3111"
"31149","43.30767059326172","43.30767059326172","43.30767059326172","3114","3114","3114"
"31179","74.16349792480469","74.16349792480469","74.16349792480469","3117","3117","3117"
"31219","29.79813003540039","29.79813003540039","29.79813003540039","3121","3121","3121"
"31229","47.299808502197266","47.299808502197266","47.299808502197266","3122","3122","3122"
"31249","33.1146354675293","33.1146354675293","33.1146354675293","3124","3124","3124"
"31259","75.01358032226562","75.01358032226562","75.01358032226562","3125","3125","3125"
"31309","35.89899444580078","35.89899444580078","35.89899444580078","3130","3130","3130"
"31329","40.62690353393555","40.62690353393555","40.62690353393555","3132","3132","3132"
"31349","72.8227310180664","72.8227310180664","72.8227310180664","3134","3134","3134"
"31359","53.216617584228516","53.216617584228516","53.216617584228516","3135","3135","3135"
"31389","56.287261962890625","56.287261962890625","56.287261962890625","3138","3138","3138"
"31419","26.307138442993164","26.307138442993164","26.307138442993164","3141","3141","3141"
"31459","28.276214599609375","28.276214599609375","28.276214599609375","3145","3145","3145"
"31499","31.998363494873047","31.998363494873047","31.998363494873047","3149","3149","3149"
"31509","57.84449768066406","57.84449768066406","57.84449768066406","3150","3150","3150"
"31539","61.566017150878906","61.566017150878906","61.566017150878906","3153","3153","3153"
"31559","65.10372924804688","65.10372924804688","65.10372924804688","3155","3155","3155"
"31569","52.202415466308594","52.202415466308594","52.202415466308594","3156","3156","3156"
"31579","33.251712799072266","33.251712799072266","33.251712799072266","3157","3157","3157"
"31619","29.70538330078125","29.70538330078125","29.70538330078125","3161","3161","3161"
"31639","45.56998825073242","45.56998825073242","45.56998825073242","3163","3163","3163"
"31679","44.11412811279297","44.11412811279297","44.11412811279297","3167","3167","3167"
"31719","58.51698303222656","58.51698303222656","58.51698303222656","3171","3171","3171"
"31739","39.101783752441406","39.101783752441406","39.101783752441406","3173","3173","3173"
"31769","67.48312377929688","67.48312377929688","67.48312377929688","3176","3176","3176"
"31779","44.79942321777344","44.79942321777344","44.79942321777344","3177","3177","3177"
"31889","44.13111114501953","44.13111114501953","44.13111114501953","3188","3188","3188"
"31919","35.83357238769531","35.83357238769531","35.83357238769531","3191","3191","3191"
"31999","35.18915557861328","35.18915557861328","35.18915557861328","3199","3199","3199"
"32019","42.00054168701172","42.00054168701172","42.00054168701172","3201","3201","3201"
"32029","47.68545150756836","47.68545150756836","47.68545150756836","3202","3202","3202"
"32069","70.82564544677734","70.82564544677734","70.82564544677734","3206","3206","3206"
"32079","44.575767517089844","44.575767517089844","44.575767517089844","3207","3207","3207"
"32089","59.20824432373047","59.20824432373047","59.20824432373047","3208","3208","3208"
"32129","47.483436584472656","47.483436584472656","47.483436584472656","3212","3212","3212"
"32139","88.76358032226562","88.76358032226562","88.76358032226562","3213","3213","3213"
"32149","35.701866149902344","35.701866149902344","35.701866149902344","3214","3214","3214"
"32159","58.48741912841797","58.48741912841797","58.48741912841797","3215","3215","3215"
"32219","36.93236541748047","36.93236541748047","36.93236541748047","3221","3221","3221"
"32239","31.31760597229004","31.31760597229004","31.31760597229004","3223","3223","3223"
"32249","33.82658004760742","33.82658004760742","33.82658004760742","3224","3224","3224"
"32299","58.51274871826172","58.51274871826172","58.51274871826172","3229","3229","3229"
"32309","42.01649475097656","42.01649475097656","42.01649475097656","3230","3230","3230"
"32319","63.64646530151367","63.64646530151367","63.64646530151367","3231","3231","3231"
"32379","134.20709228515625","134.20709228515625","134.20709228515625","3237","3237","3237"
"32389","51.66752243041992","51.66752243041992","51.66752243041992","3238","3238","3238"
"32399","35.6158447265625","35.6158447265625","35.6158447265625","3239","3239","3239"
"32419","35.95534133911133","35.95534133911133","35.95534133911133","3241","3241","3241"
"32469","70.50611114501953","70.50611114501953","70.50611114501953","3246","3246","3246"
"32479","28.46398162841797","28.46398162841797","28.46398162841797","3247","3247","3247"
"32489","57.886756896972656","57.886756896972656","57.886756896972656","3248","3248","3248"
"32519","49.26266098022461","49.26266098022461","49.26266098022461","3251","3251","3251"
"32629","30.19927215576172","30.19927215576172","30.19927215576172","3262","3262","3262"
"32639","30.30643653869629","30.30643653869629","30.30643653869629","3263","3263","3263"
"32659","48.06217956542969","48.06217956542969","48.06217956542969","3265","3265","3265"
"32739","33.85697937011719","33.85697937011719","33.85697937011719","3273","3273","3273"
"32749","33.432533264160156","33.432533264160156","33.432533264160156","3274","3274","3274"
"32769","36.58964157104492","36.58964157104492","36.58964157104492","3276","3276","3276"
"32779","33.93980407714844","33.93980407714844","33.93980407714844","3277","3277","3277"
"32809","64.55913543701172","64.55913543701172","64.55913543701172","3280","3280","3280"
"32819","34.223968505859375","34.223968505859375","34.223968505859375","3281","3281","3281"
"32829","34.18881607055664","34.18881607055664","34.18881607055664","3282","3282","3282"
"32859","60.62892532348633","60.62892532348633","60.62892532348633","3285","3285","3285"
"32899","47.069854736328125","47.069854736328125","47.069854736328125","3289","3289","3289"
"32929","37.672996520996094","37.672996520996094","37.672996520996094","3292","3292","3292"
"32939","37.61500930786133","37.61500930786133","37.61500930786133","3293","3293","3293"
"32969","33.550514221191406","33.550514221191406","33.550514221191406","3296","3296","3296"
"32979","60.552127838134766","60.552127838134766","60.552127838134766","3297","3297","3297"
"33049","76.00736999511719","76.00736999511719","76.00736999511719","3304","3304","3304"
"33069","62.025875091552734","62.025875091552734","62.025875091552734","3306","3306","3306"
"33099","85.78323364257812","85.78323364257812","85.78323364257812","3309","3309","3309"
"33109","46.735538482666016","46.735538482666016","46.735538482666016","3310","3310","3310"
"33129","28.919143676757812","28.919143676757812","28.919143676757812","3312","3312","3312"
"33169","43.727745056152344","43.727745056152344","43.727745056152344","3316","3316","3316"
"33189","54.66516876220703","54.66516876220703","54.66516876220703","3318","3318","3318"
"33199","46.84080123901367","46.84080123901367","46.84080123901367","3319","3319","3319"
"33219","61.97330093383789","61.97330093383789","61.97330093383789","3321","3321","3321"
"33229","44.084228515625","44.084228515625","44.084228515625","3322","3322","3322"
"33289","32.67808532714844","32.67808532714844","32.67808532714844","3328","3328","3328"
"33329","41.072792053222656","41.072792053222656","41.072792053222656","3332","3332","3332"
"33359","43.18817138671875","43.18817138671875","43.18817138671875","3335","3335","3335"
"33369","46.54838562011719","46.54838562011719","46.54838562011719","3336","3336","3336"
"33379","70.36570739746094","70.36570739746094","70.36570739746094","3337","3337","3337"
"33409","55.44237518310547","55.44237518310547","55.44237518310547","3340","3340","3340"
"33419","40.2147102355957","40.2147102355957","40.2147102355957","3341","3341","3341"
"33439","38.67373275756836","38.67373275756836","38.67373275756836","3343","3343","3343"
"33469","40.57869338989258","40.57869338989258","40.57869338989258","3346","3346","3346"
"33499","42.33144760131836","42.33144760131836","42.33144760131836","3349","3349","3349"
"33539","58.44837951660156","58.44837951660156","58.44837951660156","3353","3353","3353"
"33569","57.12102508544922","57.12102508544922","57.12102508544922","3356","3356","3356"
"33579","42.405311584472656","42.405311584472656","42.405311584472656","3357","3357","3357"
"33599","50.470245361328125","50.470245361328125","50.470245361328125","3359","3359","3359"
"33609","45.10483169555664","45.10483169555664","45.10483169555664","3360","3360","3360"
"33649","52.5419921875","52.5419921875","52.5419921875","3364","3364","3364"
"33659","56.43741226196289","56.43741226196289","56.43741226196289","3365","3365","3365"
"33669","43.506561279296875","43.506561279296875","43.506561279296875","3366","3366","3366"
"33679","31.943195343017578","31.943195343017578","31.943195343017578","3367","3367","3367"
"33699","42.701045989990234","42.701045989990234","42.701045989990234","3369","3369","3369"
"33709","38.854652404785156","38.854652404785156","38.854652404785156","3370","3370","3370"
"33729","42.8648681640625","42.8648681640625","42.8648681640625","3372","3372","3372"
"33739","46.48513412475586","46.48513412475586","46.48513412475586","3373","3373","3373"
"33759","59.109130859375","59.109130859375","59.109130859375","3375","3375","3375"
"33769","31.013225555419922","31.013225555419922","31.013225555419922","3376","3376","3376"
"33829","28.3741512298584","28.3741512298584","28.3741512298584","3382","3382","3382"
"33839","53.92610549926758","53.92610549926758","53.92610549926758","3383","3383","3383"
"33859","59.249366760253906","59.249366760253906","59.249366760253906","3385","3385","3385"
"33879","69.41416931152344","69.41416931152344","69.41416931152344","3387","3387","3387"
"33929","55.98750305175781","55.98750305175781","55.98750305175781","3392","3392","3392"
"33939","52.181488037109375","52.181488037109375","52.181488037109375","3393","3393","3393"
"33989","89.15354919433594","89.15354919433594","89.15354919433594","3398","3398","3398"
"33999","98.15859985351562","98.15859985351562","98.15859985351562","3399","3399","3399"
"34009","43.17495346069336","43.17495346069336","43.17495346069336","3400","3400","3400"
"34019","45.098846435546875","45.098846435546875","45.098846435546875","3401","3401","3401"
"34039","57.226531982421875","57.226531982421875","57.226531982421875","3403","3403","3403"
"34089","64.02933502197266","64.02933502197266","64.02933502197266","3408","3408","3408"
"34169","48.24285125732422","48.24285125732422","48.24285125732422","3416","3416","3416"
"34179","59.997764587402344","59.997764587402344","59.997764587402344","3417","3417","3417"
"34199","61.06140899658203","61.06140899658203","61.06140899658203","3419","3419","3419"
"34219","32.36708450317383","32.36708450317383","32.36708450317383","3421","3421","3421"
"34229","72.52923583984375","72.52923583984375","72.52923583984375","3422","3422","3422"
"34239","60.366539001464844","60.366539001464844","60.366539001464844","3423","3423","3423"
"34259","55.29676818847656","55.29676818847656","55.29676818847656","3425","3425","3425"
"34289","44.36387252807617","44.36387252807617","44.36387252807617","3428","3428","3428"
"34299","54.60852813720703","54.60852813720703","54.60852813720703","3429","3429","3429"
"34309","47.306819915771484","47.306819915771484","47.306819915771484","3430","3430","3430"
"34359","43.98908996582031","43.98908996582031","43.98908996582031","3435","3435","3435"
"34399","46.20244598388672","46.20244598388672","46.20244598388672","3439","3439","3439"
"34409","39.321746826171875","39.321746826171875","39.321746826171875","3440","3440","3440"
"34419","47.01812744140625","47.01812744140625","47.01812744140625","3441","3441","3441"
"34449","30.145244598388672","30.145244598388672","30.145244598388672","3444","3444","3444"
"34469","35.6171989440918","35.6171989440918","35.6171989440918","3446","3446","3446"
"34519","54.83075714111328","54.83075714111328","54.83075714111328","3451","3451","3451"
"34529","89.90156555175781","89.90156555175781","89.90156555175781","3452","3452","3452"
"34579","55.052337646484375","55.052337646484375","55.052337646484375","3457","3457","3457"
"34589","38.59868240356445","38.59868240356445","38.59868240356445","3458","3458","3458"
"34659","37.85426330566406","37.85426330566406","37.85426330566406","3465","3465","3465"
"34719","33.73165512084961","33.73165512084961","33.73165512084961","3471","3471","3471"
"34729","38.059425354003906","38.059425354003906","38.059425354003906","3472","3472","3472"
"34759","32.20806884765625","32.20806884765625","32.20806884765625","3475","3475","3475"
"34769","46.05199432373047","46.05199432373047","46.05199432373047","3476","3476","3476"
"34799","34.11929702758789","34.11929702758789","34.11929702758789","3479","3479","3479"
"34839","42.15580368041992","42.15580368041992","42.15580368041992","3483","3483","3483"
"34849","56.09613037109375","56.09613037109375","56.09613037109375","3484","3484","3484"
"34859","38.672889709472656","38.672889709472656","38.672889709472656","3485","3485","3485"
"34869","70.43388366699219","70.43388366699219","70.43388366699219","3486","3486","3486"
"34899","50.47479248046875","50.47479248046875","50.47479248046875","3489","3489","3489"
"34929","37.38140869140625","37.38140869140625","37.38140869140625","3492","3492","3492"
"34939","54.618473052978516","54.618473052978516","54.618473052978516","3493","3493","3493"
"34949","32.79764938354492","32.79764938354492","32.79764938354492","3494","3494","3494"
"34959","39.303016662597656","39.303016662597656","39.303016662597656","3495","3495","3495"
"34969","55.074256896972656","55.074256896972656","55.074256896972656","3496","3496","3496"
"34979","189.15914916992188","189.15914916992188","189.15914916992188","3497","3497","3497"
"35039","37.0965461730957","37.0965461730957","37.0965461730957","3503","3503","3503"
"35069","30.235153198242188","30.235153198242188","30.235153198242188","3506","3506","3506"
"35119","40.318206787109375","40.318206787109375","40.318206787109375","3511","3511","3511"
"35149","41.018070220947266","41.018070220947266","41.018070220947266","3514","3514","3514"
"35159","30.462602615356445","30.462602615356445","30.462602615356445","3515","3515","3515"
"35189","32.87311553955078","32.87311553955078","32.87311553955078","3518","3518","3518"
"35239","67.6056900024414","67.6056900024414","67.6056900024414","3523","3523","3523"
"35259","40.244781494140625","40.244781494140625","40.244781494140625","3525","3525","3525"
"35289","51.611572265625","51.611572265625","51.611572265625","3528","3528","3528"
"35299","60.78525161743164","60.78525161743164","60.78525161743164","3529","3529","3529"
"35309","26.145641326904297","26.145641326904297","26.145641326904297","3530","3530","3530"
"35339","56.22309112548828","56.22309112548828","56.22309112548828","3533","3533","3533"
"35359","41.42509078979492","41.42509078979492","41.42509078979492","3535","3535","3535"
"35369","40.380367279052734","40.380367279052734","40.380367279052734","3536","3536","3536"
"35439","40.9890251159668","40.9890251159668","40.9890251159668","3543","3543","3543"
"35469","53.341163635253906","53.341163635253906","53.341163635253906","3546","3546","3546"
"35479","38.317569732666016","38.317569732666016","38.317569732666016","3547","3547","3547"
"35579","32.82977294921875","32.82977294921875","32.82977294921875","3557","3557","3557"
"35629","38.85553741455078","38.85553741455078","38.85553741455078","3562","3562","3562"
"35639","39.13922882080078","39.13922882080078","39.13922882080078","3563","3563","3563"
"35669","62.17406463623047","62.17406463623047","62.17406463623047","3566","3566","3566"
"35679","36.877586364746094","36.877586364746094","36.877586364746094","3567","3567","3567"
"35699","43.182830810546875","43.182830810546875","43.182830810546875","3569","3569","3569"
"35719","30.622940063476562","30.622940063476562","30.622940063476562","3571","3571","3571"
"35749","154.21568298339844","154.21568298339844","154.21568298339844","3574","3574","3574"
"35759","36.12133026123047","36.12133026123047","36.12133026123047","3575","3575","3575"
"35779","31.171192169189453","31.171192169189453","31.171192169189453","3577","3577","3577"
"35789","97.1732177734375","97.1732177734375","97.1732177734375","3578","3578","3578"
"35829","34.005638122558594","34.005638122558594","34.005638122558594","3582","3582","3582"
"35839","53.525630950927734","53.525630950927734","53.525630950927734","3583","3583","3583"
"35849","29.67547607421875","29.67547607421875","29.67547607421875","3584","3584","3584"
"35869","49.892330169677734","49.892330169677734","49.892330169677734","3586","3586","3586"
"35889","44.711761474609375","44.711761474609375","44.711761474609375","3588","3588","3588"
"35899","25.702545166015625","25.702545166015625","25.702545166015625","3589","3589","3589"
"35919","91.39299011230469","91.39299011230469","91.39299011230469","3591","3591","3591"
"35949","30.059967041015625","30.059967041015625","30.059967041015625","3594","3594","3594"
"35959","38.74068069458008","38.74068069458008","38.74068069458008","3595","3595","3595"
"35979","56.02653503417969","56.02653503417969","56.02653503417969","3597","3597","3597"
"35999","37.36579513549805","37.36579513549805","37.36579513549805","3599","3599","3599"
"36009","35.90230178833008","35.90230178833008","35.90230178833008","3600","3600","3600"
"36019","43.48835754394531","43.48835754394531","43.48835754394531","3601","3601","3601"
"36029","36.57041931152344","36.57041931152344","36.57041931152344","3602","3602","3602"
"36049","36.04537582397461","36.04537582397461","36.04537582397461","3604","3604","3604"
"36059","33.087379455566406","33.087379455566406","33.087379455566406","3605","3605","3605"
"36089","48.55647659301758","48.55647659301758","48.55647659301758","3608","3608","3608"
"36109","40.887393951416016","40.887393951416016","40.887393951416016","3610","3610","3610"
"36139","50.76811599731445","50.76811599731445","50.76811599731445","3613","3613","3613"
"36159","34.08476257324219","34.08476257324219","34.08476257324219","3615","3615","3615"
"36189","51.25244140625","51.25244140625","51.25244140625","3618","3618","3618"
"36199","96.03285217285156","96.03285217285156","96.03285217285156","3619","3619","3619"
"36239","42.769439697265625","42.769439697265625","42.769439697265625","3623","3623","3623"
"36249","43.45717239379883","43.45717239379883","43.45717239379883","3624","3624","3624"
"36289","59.198974609375","59.198974609375","59.198974609375","3628","3628","3628"
"36299","47.156822204589844","47.156822204589844","47.156822204589844","3629","3629","3629"
"36319","30.670001983642578","30.670001983642578","30.670001983642578","3631","3631","3631"
"36339","34.428627014160156","34.428627014160156","34.428627014160156","3633","3633","3633"
"36369","59.416290283203125","59.416290283203125","59.416290283203125","3636","3636","3636"
"36409","47.03935623168945","47.03935623168945","47.03935623168945","3640","3640","3640"
"36429","45.32095718383789","45.32095718383789","45.32095718383789","3642","3642","3642"
"36449","105.749267578125","105.749267578125","105.749267578125","3644","3644","3644"
"36489","85.53343963623047","85.53343963623047","85.53343963623047","3648","3648","3648"
"36499","28.76165008544922","28.76165008544922","28.76165008544922","3649","3649","3649"
"36529","53.93333053588867","53.93333053588867","53.93333053588867","3652","3652","3652"
"36539","50.502620697021484","50.502620697021484","50.502620697021484","3653","3653","3653"
"36559","60.71922302246094","60.71922302246094","60.71922302246094","3655","3655","3655"
"36569","33.722450256347656","33.722450256347656","33.722450256347656","3656","3656","3656"
"36589","44.709083557128906","44.709083557128906","44.709083557128906","3658","3658","3658"
"36609","52.33214569091797","52.33214569091797","52.33214569091797","3660","3660","3660"
"36639","51.16743087768555","51.16743087768555","51.16743087768555","3663","3663","3663"
"36679","61.376834869384766","61.376834869384766","61.376834869384766","3667","3667","3667"
"36739","40.158843994140625","40.158843994140625","40.158843994140625","3673","3673","3673"
"36759","36.79838562011719","36.79838562011719","36.79838562011719","3675","3675","3675"
"36769","28.186443328857422","28.186443328857422","28.186443328857422","3676","3676","3676"
"36779","62.333168029785156","62.333168029785156","62.333168029785156","3677","3677","3677"
"36789","34.81868362426758","34.81868362426758","34.81868362426758","3678","3678","3678"
"36799","53.566036224365234","53.566036224365234","53.566036224365234","3679","3679","3679"
"36809","38.03091812133789","38.03091812133789","38.03091812133789","3680","3680","3680"
"36839","33.14913558959961","33.14913558959961","33.14913558959961","3683","3683","3683"
"36869","48.10542678833008","48.10542678833008","48.10542678833008","3686","3686","3686"
"36899","54.59197235107422","54.59197235107422","54.59197235107422","3689","3689","3689"
"36999","39.513431549072266","39.513431549072266","39.513431549072266","3699","3699","3699"
"37019","39.03009033203125","39.03009033203125","39.03009033203125","3701","3701","3701"
"37069","43.44574737548828","43.44574737548828","43.44574737548828","3706","3706","3706"
"37139","42.610618591308594","42.610618591308594","42.610618591308594","3713","3713","3713"
"37149","50.133216857910156","50.133216857910156","50.133216857910156","3714","3714","3714"
"37199","83.85175323486328","83.85175323486328","83.85175323486328","3719","3719","3719"
"37209","36.54990005493164","36.54990005493164","36.54990005493164","3720","3720","3720"
"37239","35.69485855102539","35.69485855102539","35.69485855102539","3723","3723","3723"
"37279","45.36664581298828","45.36664581298828","45.36664581298828","3727","3727","3727"
"37299","64.6981201171875","64.6981201171875","64.6981201171875","3729","3729","3729"
"37309","82.91070556640625","82.91070556640625","82.91070556640625","3730","3730","3730"
"37329","36.47907257080078","36.47907257080078","36.47907257080078","3732","3732","3732"
"37339","40.621315002441406","40.621315002441406","40.621315002441406","3733","3733","3733"
"37349","34.841156005859375","34.841156005859375","34.841156005859375","3734","3734","3734"
"37359","49.41539001464844","49.41539001464844","49.41539001464844","3735","3735","3735"
"37379","41.73745346069336","41.73745346069336","41.73745346069336","3737","3737","3737"
"37409","32.285667419433594","32.285667419433594","32.285667419433594","3740","3740","3740"
"37419","37.002540588378906","37.002540588378906","37.002540588378906","3741","3741","3741"
"37429","48.719947814941406","48.719947814941406","48.719947814941406","3742","3742","3742"
"37449","32.99205017089844","32.99205017089844","32.99205017089844","3744","3744","3744"
"37469","29.66596221923828","29.66596221923828","29.66596221923828","3746","3746","3746"
"37489","72.4798583984375","72.4798583984375","72.4798583984375","3748","3748","3748"
"37499","45.592769622802734","45.592769622802734","45.592769622802734","3749","3749","3749"
"37509","45.61528396606445","45.61528396606445","45.61528396606445","3750","3750","3750"
"37549","79.11627960205078","79.11627960205078","79.11627960205078","3754","3754","3754"
"37569","37.9997444152832","37.9997444152832","37.9997444152832","3756","3756","3756"
"37589","49.41147232055664","49.41147232055664","49.41147232055664","3758","3758","3758"
"37609","52.438720703125","52.438720703125","52.438720703125","3760","3760","3760"
"37649","29.03940773010254","29.03940773010254","29.03940773010254","3764","3764","3764"
"37659","58.25236511230469","58.25236511230469","58.25236511230469","3765","3765","3765"
"37669","43.54865646362305","43.54865646362305","43.54865646362305","3766","3766","3766"
"37679","45.03132629394531","45.03132629394531","45.03132629394531","3767","3767","3767"
"37689","44.412269592285156","44.412269592285156","44.412269592285156","3768","3768","3768"
"37699","30.868871688842773","30.868871688842773","30.868871688842773","3769","3769","3769"
"37709","38.88581848144531","38.88581848144531","38.88581848144531","3770","3770","3770"
"37719","43.919578552246094","43.919578552246094","43.919578552246094","3771","3771","3771"
"37739","31.78156089782715","31.78156089782715","31.78156089782715","3773","3773","3773"
"37749","38.1693115234375","38.1693115234375","38.1693115234375","3774","3774","3774"
"37769","34.70030975341797","34.70030975341797","34.70030975341797","3776","3776","3776"
"37839","36.229835510253906","36.229835510253906","36.229835510253906","3783","3783","3783"
"37899","44.8287467956543","44.8287467956543","44.8287467956543","3789","3789","3789"
"37919","42.41707229614258","42.41707229614258","42.41707229614258","3791","3791","3791"
"37949","61.54267883300781","61.54267883300781","61.54267883300781","3794","3794","3794"
"38009","78.17496490478516","78.17496490478516","78.17496490478516","3800","3800","3800"
"38039","68.97936248779297","68.97936248779297","68.97936248779297","3803","3803","3803"
"38119","38.49656295776367","38.49656295776367","38.49656295776367","3811","3811","3811"
"38129","38.91801834106445","38.91801834106445","38.91801834106445","3812","3812","3812"
"38149","41.97809982299805","41.97809982299805","41.97809982299805","3814","3814","3814"
"38159","30.45711326599121","30.45711326599121","30.45711326599121","3815","3815","3815"
"38189","33.403560638427734","33.403560638427734","33.403560638427734","3818","3818","3818"
"38219","51.88289260864258","51.88289260864258","51.88289260864258","3821","3821","3821"
"38239","34.39741516113281","34.39741516113281","34.39741516113281","3823","3823","3823"
"38249","52.969451904296875","52.969451904296875","52.969451904296875","3824","3824","3824"
"38269","39.05485916137695","39.05485916137695","39.05485916137695","3826","3826","3826"
"38299","40.519466400146484","40.519466400146484","40.519466400146484","3829","3829","3829"
"38309","61.840694427490234","61.840694427490234","61.840694427490234","3830","3830","3830"
"38329","72.66132354736328","72.66132354736328","72.66132354736328","3832","3832","3832"
"38339","38.12337875366211","38.12337875366211","38.12337875366211","3833","3833","3833"
"38359","57.17151641845703","57.17151641845703","57.17151641845703","3835","3835","3835"
"38369","52.088260650634766","52.088260650634766","52.088260650634766","3836","3836","3836"
"38389","68.582763671875","68.582763671875","68.582763671875","3838","3838","3838"
"38409","37.79240798950195","37.79240798950195","37.79240798950195","3840","3840","3840"
"38499","47.32274627685547","47.32274627685547","47.32274627685547","3849","3849","3849"
"38509","35.69189453125","35.69189453125","35.69189453125","3850","3850","3850"
"38539","74.84586334228516","74.84586334228516","74.84586334228516","3853","3853","3853"
"38559","32.78553771972656","32.78553771972656","32.78553771972656","3855","3855","3855"
"38579","51.0179443359375","51.0179443359375","51.0179443359375","3857","3857","3857"
"38609","46.79279708862305","46.79279708862305","46.79279708862305","3860","3860","3860"
"38619","39.568294525146484","39.568294525146484","39.568294525146484","3861","3861","3861"
"38629","47.195858001708984","47.195858001708984","47.195858001708984","3862","3862","3862"
"38639","40.27509689331055","40.27509689331055","40.27509689331055","3863","3863","3863"
"38689","37.91048049926758","37.91048049926758","37.91048049926758","3868","3868","3868"
"38709","59.422584533691406","59.422584533691406","59.422584533691406","3870","3870","3870"
"38719","64.77973937988281","64.77973937988281","64.77973937988281","3871","3871","3871"
"38779","27.07058334350586","27.07058334350586","27.07058334350586","3877","3877","3877"
"38789","46.51261520385742","46.51261520385742","46.51261520385742","3878","3878","3878"
"38799","43.278892517089844","43.278892517089844","43.278892517089844","3879","3879","3879"
"38819","38.00048828125","38.00048828125","38.00048828125","3881","3881","3881"
"38839","36.669837951660156","36.669837951660156","36.669837951660156","3883","3883","3883"
"38859","46.129241943359375","46.129241943359375","46.129241943359375","3885","3885","3885"
"38879","28.46541976928711","28.46541976928711","28.46541976928711","3887","3887","3887"
"38899","38.73927688598633","38.73927688598633","38.73927688598633","3889","3889","3889"
"38929","34.20354461669922","34.20354461669922","34.20354461669922","3892","3892","3892"
"38939","66.60714721679688","66.60714721679688","66.60714721679688","3893","3893","3893"
"38949","49.10002899169922","49.10002899169922","49.10002899169922","3894","3894","3894"
"38959","45.867740631103516","45.867740631103516","45.867740631103516","3895","3895","3895"
"38979","45.489410400390625","45.489410400390625","45.489410400390625","3897","3897","3897"
"38999","34.43682098388672","34.43682098388672","34.43682098388672","3899","3899","3899"
"39049","43.07121276855469","43.07121276855469","43.07121276855469","3904","3904","3904"
"39089","53.471473693847656","53.471473693847656","53.471473693847656","3908","3908","3908"
"39109","53.545074462890625","53.545074462890625","53.545074462890625","3910","3910","3910"
"39129","35.54460144042969","35.54460144042969","35.54460144042969","3912","3912","3912"
"39149","97.81234741210938","97.81234741210938","97.81234741210938","3914","3914","3914"
"39179","40.113826751708984","40.113826751708984","40.113826751708984","3917","3917","3917"
"39199","40.688720703125","40.688720703125","40.688720703125","3919","3919","3919"
"39209","68.73902130126953","68.73902130126953","68.73902130126953","3920","3920","3920"
"39219","69.9744873046875","69.9744873046875","69.9744873046875","3921","3921","3921"
"39239","46.76010513305664","46.76010513305664","46.76010513305664","3923","3923","3923"
"39259","39.26677322387695","39.26677322387695","39.26677322387695","3925","3925","3925"
"39319","70.21552276611328","70.21552276611328","70.21552276611328","3931","3931","3931"
"39329","55.3917121887207","55.3917121887207","55.3917121887207","3932","3932","3932"
"39339","65.13319396972656","65.13319396972656","65.13319396972656","3933","3933","3933"
"39349","39.90684127807617","39.90684127807617","39.90684127807617","3934","3934","3934"
"39379","85.92314147949219","85.92314147949219","85.92314147949219","3937","3937","3937"
"39389","40.98020935058594","40.98020935058594","40.98020935058594","3938","3938","3938"
"39419","35.90361404418945","35.90361404418945","35.90361404418945","3941","3941","3941"
"39429","71.24602508544922","71.24602508544922","71.24602508544922","3942","3942","3942"
"39439","41.887969970703125","41.887969970703125","41.887969970703125","3943","3943","3943"
"39449","38.62530517578125","38.62530517578125","38.62530517578125","3944","3944","3944"
"39469","28.370132446289062","28.370132446289062","28.370132446289062","3946","3946","3946"
"39509","29.98717498779297","29.98717498779297","29.98717498779297","3950","3950","3950"
"39519","42.75389862060547","42.75389862060547","42.75389862060547","3951","3951","3951"
"39539","36.138004302978516","36.138004302978516","36.138004302978516","3953","3953","3953"
"39559","32.44015121459961","32.44015121459961","32.44015121459961","3955","3955","3955"
"39569","37.69438171386719","37.69438171386719","37.69438171386719","3956","3956","3956"
"39589","52.402549743652344","52.402549743652344","52.402549743652344","3958","3958","3958"
"39609","80.12355041503906","80.12355041503906","80.12355041503906","3960","3960","3960"
"39619","42.068115234375","42.068115234375","42.068115234375","3961","3961","3961"
"39669","68.42277526855469","68.42277526855469","68.42277526855469","3966","3966","3966"
"39689","53.04912567138672","53.04912567138672","53.04912567138672","3968","3968","3968"
"39749","44.77398681640625","44.77398681640625","44.77398681640625","3974","3974","3974"
"39759","37.900054931640625","37.900054931640625","37.900054931640625","3975","3975","3975"
"39769","53.2369270324707","53.2369270324707","53.2369270324707","3976","3976","3976"
"39789","42.643287658691406","42.643287658691406","42.643287658691406","3978","3978","3978"
"39799","49.22602081298828","49.22602081298828","49.22602081298828","3979","3979","3979"
"39819","58.817543029785156","58.817543029785156","58.817543029785156","3981","3981","3981"
"39899","45.28179168701172","45.28179168701172","45.28179168701172","3989","3989","3989"
"39909","53.78376007080078","53.78376007080078","53.78376007080078","3990","3990","3990"
"39919","34.94337463378906","34.94337463378906","34.94337463378906","3991","3991","3991"
"39939","33.20941162109375","33.20941162109375","33.20941162109375","3993","3993","3993"
"39989","68.7884521484375","68.7884521484375","68.7884521484375","3998","3998","3998"
"40009","38.78253173828125","38.78253173828125","38.78253173828125","4000","4000","4000"
"40019","47.24369812011719","47.24369812011719","47.24369812011719","4001","4001","4001"
"40029","44.02878189086914","44.02878189086914","44.02878189086914","4002","4002","4002"
"40089","39.88961410522461","39.88961410522461","39.88961410522461","4008","4008","4008"
"40099","33.552738189697266","33.552738189697266","33.552738189697266","4009","4009","4009"
"40129","55.71699523925781","55.71699523925781","55.71699523925781","4012","4012","4012"
"40169","33.49494171142578","33.49494171142578","33.49494171142578","4016","4016","4016"
"40179","39.4420280456543","39.4420280456543","39.4420280456543","4017","4017","4017"
"40219","38.472068786621094","38.472068786621094","38.472068786621094","4021","4021","4021"
"40249","31.892290115356445","31.892290115356445","31.892290115356445","4024","4024","4024"
"40259","62.4147834777832","62.4147834777832","62.4147834777832","4025","4025","4025"
"40299","45.51834487915039","45.51834487915039","45.51834487915039","4029","4029","4029"
"40329","28.442415237426758","28.442415237426758","28.442415237426758","4032","4032","4032"
"40409","28.57245445251465","28.57245445251465","28.57245445251465","4040","4040","4040"
"40539","58.185264587402344","58.185264587402344","58.185264587402344","4053","4053","4053"
"40549","54.22114944458008","54.22114944458008","54.22114944458008","4054","4054","4054"
"40559","40.9948844909668","40.9948844909668","40.9948844909668","4055","4055","4055"
"40599","44.8123893737793","44.8123893737793","44.8123893737793","4059","4059","4059"
"40609","29.532785415649414","29.532785415649414","29.532785415649414","4060","4060","4060"
"40669","74.6860580444336","74.6860580444336","74.6860580444336","4066","4066","4066"
"40749","39.603267669677734","39.603267669677734","39.603267669677734","4074","4074","4074"
"40859","30.202251434326172","30.202251434326172","30.202251434326172","4085","4085","4085"
"40879","31.944698333740234","31.944698333740234","31.944698333740234","4087","4087","4087"
"40899","49.21444320678711","49.21444320678711","49.21444320678711","4089","4089","4089"
"40909","35.29524230957031","35.29524230957031","35.29524230957031","4090","4090","4090"
"40919","41.64236068725586","41.64236068725586","41.64236068725586","4091","4091","4091"
"40929","30.176742553710938","30.176742553710938","30.176742553710938","4092","4092","4092"
"40969","64.02835083007812","64.02835083007812","64.02835083007812","4096","4096","4096"
"40979","39.03868103027344","39.03868103027344","39.03868103027344","4097","4097","4097"
"41009","94.19599914550781","94.19599914550781","94.19599914550781","4100","4100","4100"
"41019","53.431270599365234","53.431270599365234","53.431270599365234","4101","4101","4101"
"41029","35.6231575012207","35.6231575012207","35.6231575012207","4102","4102","4102"
"41049","39.750091552734375","39.750091552734375","39.750091552734375","4104","4104","4104"
"41059","28.865581512451172","28.865581512451172","28.865581512451172","4105","4105","4105"
"41139","60.33255386352539","60.33255386352539","60.33255386352539","4113","4113","4113"
"41149","57.29651641845703","57.29651641845703","57.29651641845703","4114","4114","4114"
"41159","43.33820343017578","43.33820343017578","43.33820343017578","4115","4115","4115"
"41179","61.26625061035156","61.26625061035156","61.26625061035156","4117","4117","4117"
"41199","36.344024658203125","36.344024658203125","36.344024658203125","4119","4119","4119"
"41269","29.13193130493164","29.13193130493164","29.13193130493164","4126","4126","4126"
"41319","40.25873565673828","40.25873565673828","40.25873565673828","4131","4131","4131"
"41409","55.06201934814453","55.06201934814453","55.06201934814453","4140","4140","4140"
"41419","63.589778900146484","63.589778900146484","63.589778900146484","4141","4141","4141"
"41429","54.392704010009766","54.392704010009766","54.392704010009766","4142","4142","4142"
"41439","45.426612854003906","45.426612854003906","45.426612854003906","4143","4143","4143"
"41449","28.26984405517578","28.26984405517578","28.26984405517578","4144","4144","4144"
"41459","52.05034255981445","52.05034255981445","52.05034255981445","4145","4145","4145"
"41479","55.3638801574707","55.3638801574707","55.3638801574707","4147","4147","4147"
"41489","42.155487060546875","42.155487060546875","42.155487060546875","4148","4148","4148"
"41499","36.73158264160156","36.73158264160156","36.73158264160156","4149","4149","4149"
"41509","36.60261154174805","36.60261154174805","36.60261154174805","4150","4150","4150"
"41519","60.133033752441406","60.133033752441406","60.133033752441406","4151","4151","4151"
"41529","40.198509216308594","40.198509216308594","40.198509216308594","4152","4152","4152"
"41629","69.64160919189453","69.64160919189453","69.64160919189453","4162","4162","4162"
"41639","62.52004623413086","62.52004623413086","62.52004623413086","4163","4163","4163"
"41659","44.381248474121094","44.381248474121094","44.381248474121094","4165","4165","4165"
"41709","47.72932434082031","47.72932434082031","47.72932434082031","4170","4170","4170"
"41759","56.54936218261719","56.54936218261719","56.54936218261719","4175","4175","4175"
"41779","37.83952331542969","37.83952331542969","37.83952331542969","4177","4177","4177"
"41819","32.26689910888672","32.26689910888672","32.26689910888672","4181","4181","4181"
"41849","50.614158630371094","50.614158630371094","50.614158630371094","4184","4184","4184"
"41869","42.287933349609375","42.287933349609375","42.287933349609375","4186","4186","4186"
"41889","41.619571685791016","41.619571685791016","41.619571685791016","4188","4188","4188"
"41979","38.01216125488281","38.01216125488281","38.01216125488281","4197","4197","4197"
"41989","35.85775375366211","35.85775375366211","35.85775375366211","4198","4198","4198"
"41999","38.698360443115234","38.698360443115234","38.698360443115234","4199","4199","4199"
"42029","36.18056869506836","36.18056869506836","36.18056869506836","4202","4202","4202"
"42039","47.01849365234375","47.01849365234375","47.01849365234375","4203","4203","4203"
"42109","54.03601837158203","54.03601837158203","54.03601837158203","4210","4210","4210"
"42129","55.825904846191406","55.825904846191406","55.825904846191406","4212","4212","4212"
"42139","31.401813507080078","31.401813507080078","31.401813507080078","4213","4213","4213"
"42229","29.950611114501953","29.950611114501953","29.950611114501953","4222","4222","4222"
"42249","33.131473541259766","33.131473541259766","33.131473541259766","4224","4224","4224"
"42259","32.618038177490234","32.618038177490234","32.618038177490234","4225","4225","4225"
"42279","39.37935256958008","39.37935256958008","39.37935256958008","4227","4227","4227"
"42289","40.827369689941406","40.827369689941406","40.827369689941406","4228","4228","4228"
"42299","52.31403732299805","52.31403732299805","52.31403732299805","4229","4229","4229"
"42309","32.10763168334961","32.10763168334961","32.10763168334961","4230","4230","4230"
"42319","30.38043212890625","30.38043212890625","30.38043212890625","4231","4231","4231"
"42389","43.22446823120117","43.22446823120117","43.22446823120117","4238","4238","4238"
"42409","43.71528625488281","43.71528625488281","43.71528625488281","4240","4240","4240"
"42429","33.447418212890625","33.447418212890625","33.447418212890625","4242","4242","4242"
"42449","53.48591613769531","53.48591613769531","53.48591613769531","4244","4244","4244"
"42479","44.634918212890625","44.634918212890625","44.634918212890625","4247","4247","4247"
"42509","31.393627166748047","31.393627166748047","31.393627166748047","4250","4250","4250"
"42519","34.74403762817383","34.74403762817383","34.74403762817383","4251","4251","4251"
"42579","39.43610382080078","39.43610382080078","39.43610382080078","4257","4257","4257"
"42629","34.4775276184082","34.4775276184082","34.4775276184082","4262","4262","4262"
"42689","32.043251037597656","32.043251037597656","32.043251037597656","4268","4268","4268"
"42699","60.49927520751953","60.49927520751953","60.49927520751953","4269","4269","4269"
"42709","32.586551666259766","32.586551666259766","32.586551666259766","4270","4270","4270"
"42729","44.576995849609375","44.576995849609375","44.576995849609375","4272","4272","4272"
"42749","58.77257537841797","58.77257537841797","58.77257537841797","4274","4274","4274"
"42759","51.89896774291992","51.89896774291992","51.89896774291992","4275","4275","4275"
"42779","46.78318786621094","46.78318786621094","46.78318786621094","4277","4277","4277"
"42819","36.229454040527344","36.229454040527344","36.229454040527344","4281","4281","4281"
"42889","33.4002799987793","33.4002799987793","33.4002799987793","4288","4288","4288"
"42959","62.796417236328125","62.796417236328125","62.796417236328125","4295","4295","4295"
"42979","39.384586334228516","39.384586334228516","39.384586334228516","4297","4297","4297"
"42989","48.23347091674805","48.23347091674805","48.23347091674805","4298","4298","4298"
"43049","46.43897247314453","46.43897247314453","46.43897247314453","4304","4304","4304"
"43089","41.700958251953125","41.700958251953125","41.700958251953125","4308","4308","4308"
"43129","38.85411071777344","38.85411071777344","38.85411071777344","4312","4312","4312"
"43139","45.159019470214844","45.159019470214844","45.159019470214844","4313","4313","4313"
"43149","37.49695587158203","37.49695587158203","37.49695587158203","4314","4314","4314"
"43189","61.741432189941406","61.741432189941406","61.741432189941406","4318","4318","4318"
"43199","40.73811340332031","40.73811340332031","40.73811340332031","4319","4319","4319"
"43219","44.52802658081055","44.52802658081055","44.52802658081055","4321","4321","4321"
"43269","44.28936767578125","44.28936767578125","44.28936767578125","4326","4326","4326"
"43289","27.924718856811523","27.924718856811523","27.924718856811523","4328","4328","4328"
"43299","61.345420837402344","61.345420837402344","61.345420837402344","4329","4329","4329"
"43359","45.581260681152344","45.581260681152344","45.581260681152344","4335","4335","4335"
"43379","50.756805419921875","50.756805419921875","50.756805419921875","4337","4337","4337"
"43389","48.19206237792969","48.19206237792969","48.19206237792969","4338","4338","4338"
"43409","42.50982666015625","42.50982666015625","42.50982666015625","4340","4340","4340"
"43419","34.80195999145508","34.80195999145508","34.80195999145508","4341","4341","4341"
"43449","44.32315444946289","44.32315444946289","44.32315444946289","4344","4344","4344"
"43459","29.458721160888672","29.458721160888672","29.458721160888672","4345","4345","4345"
"43469","37.66365051269531","37.66365051269531","37.66365051269531","4346","4346","4346"
"43489","43.363525390625","43.363525390625","43.363525390625","4348","4348","4348"
"43499","40.683292388916016","40.683292388916016","40.683292388916016","4349","4349","4349"
"43519","43.22960662841797","43.22960662841797","43.22960662841797","4351","4351","4351"
"43529","47.0433349609375","47.0433349609375","47.0433349609375","4352","4352","4352"
"43549","27.765708923339844","27.765708923339844","27.765708923339844","4354","4354","4354"
"43589","56.611236572265625","56.611236572265625","56.611236572265625","4358","4358","4358"
"43599","36.68228530883789","36.68228530883789","36.68228530883789","4359","4359","4359"
"43699","35.98877716064453","35.98877716064453","35.98877716064453","4369","4369","4369"
"43739","39.045677185058594","39.045677185058594","39.045677185058594","4373","4373","4373"
"43749","52.7437858581543","52.7437858581543","52.7437858581543","4374","4374","4374"
"43759","34.86915969848633","34.86915969848633","34.86915969848633","4375","4375","4375"
"43779","58.101295471191406","58.101295471191406","58.101295471191406","4377","4377","4377"
"43799","34.222801208496094","34.222801208496094","34.222801208496094","4379","4379","4379"
"43819","39.59465789794922","39.59465789794922","39.59465789794922","4381","4381","4381"
"43829","51.619606018066406","51.619606018066406","51.619606018066406","4382","4382","4382"
"43849","46.23385238647461","46.23385238647461","46.23385238647461","4384","4384","4384"
"43869","49.410335540771484","49.410335540771484","49.410335540771484","4386","4386","4386"
"43909","41.20760726928711","41.20760726928711","41.20760726928711","4390","4390","4390"
"43919","30.997394561767578","30.997394561767578","30.997394561767578","4391","4391","4391"
"43929","32.903526306152344","32.903526306152344","32.903526306152344","4392","4392","4392"
"44009","45.41709899902344","45.41709899902344","45.41709899902344","4400","4400","4400"
"44029","34.40045928955078","34.40045928955078","34.40045928955078","4402","4402","4402"
"44049","42.81221389770508","42.81221389770508","42.81221389770508","4404","4404","4404"
"44059","54.797332763671875","54.797332763671875","54.797332763671875","4405","4405","4405"
"44069","46.06834411621094","46.06834411621094","46.06834411621094","4406","4406","4406"
"44089","41.46974182128906","41.46974182128906","41.46974182128906","4408","4408","4408"
"44109","37.63556671142578","37.63556671142578","37.63556671142578","4410","4410","4410"
"44119","41.37611389160156","41.37611389160156","41.37611389160156","4411","4411","4411"
"44129","34.81343078613281","34.81343078613281","34.81343078613281","4412","4412","4412"
"44139","34.80643844604492","34.80643844604492","34.80643844604492","4413","4413","4413"
"44159","34.98200988769531","34.98200988769531","34.98200988769531","4415","4415","4415"
"44199","33.82140350341797","33.82140350341797","33.82140350341797","4419","4419","4419"
"44209","32.42036056518555","32.42036056518555","32.42036056518555","4420","4420","4420"
"44249","36.824005126953125","36.824005126953125","36.824005126953125","4424","4424","4424"
"44259","39.652427673339844","39.652427673339844","39.652427673339844","4425","4425","4425"
"44299","40.65029525756836","40.65029525756836","40.65029525756836","4429","4429","4429"
"44329","34.265506744384766","34.265506744384766","34.265506744384766","4432","4432","4432"
"44379","38.44916915893555","38.44916915893555","38.44916915893555","4437","4437","4437"
"44399","42.268062591552734","42.268062591552734","42.268062591552734","4439","4439","4439"
"44439","48.854591369628906","48.854591369628906","48.854591369628906","4443","4443","4443"
"44459","61.67555236816406","61.67555236816406","61.67555236816406","4445","4445","4445"
"44479","47.78828811645508","47.78828811645508","47.78828811645508","4447","4447","4447"
"44489","32.374168395996094","32.374168395996094","32.374168395996094","4448","4448","4448"
"44539","34.23851776123047","34.23851776123047","34.23851776123047","4453","4453","4453"
"44589","35.722740173339844","35.722740173339844","35.722740173339844","4458","4458","4458"
"44659","29.04320526123047","29.04320526123047","29.04320526123047","4465","4465","4465"
"44689","33.46463394165039","33.46463394165039","33.46463394165039","4468","4468","4468"
"44709","32.40959548950195","32.40959548950195","32.40959548950195","4470","4470","4470"
"44719","34.48629379272461","34.48629379272461","34.48629379272461","4471","4471","4471"
"44789","42.19580078125","42.19580078125","42.19580078125","4478","4478","4478"
"44819","48.30768585205078","48.30768585205078","48.30768585205078","4481","4481","4481"
"44869","46.528656005859375","46.528656005859375","46.528656005859375","4486","4486","4486"
"44879","35.68111801147461","35.68111801147461","35.68111801147461","4487","4487","4487"
"44899","36.515262603759766","36.515262603759766","36.515262603759766","4489","4489","4489"
"44919","48.01820755004883","48.01820755004883","48.01820755004883","4491","4491","4491"
"44939","44.89299392700195","44.89299392700195","44.89299392700195","4493","4493","4493"
"44949","31.72576141357422","31.72576141357422","31.72576141357422","4494","4494","4494"
"44969","38.159664154052734","38.159664154052734","38.159664154052734","4496","4496","4496"
"45029","37.49742126464844","37.49742126464844","37.49742126464844","4502","4502","4502"
"45039","45.99440002441406","45.99440002441406","45.99440002441406","4503","4503","4503"
"45059","32.70207595825195","32.70207595825195","32.70207595825195","4505","4505","4505"
"45109","28.293045043945312","28.293045043945312","28.293045043945312","4510","4510","4510"
"45129","46.150943756103516","46.150943756103516","46.150943756103516","4512","4512","4512"
"45199","60.22960662841797","60.22960662841797","60.22960662841797","4519","4519","4519"
"45209","48.012672424316406","48.012672424316406","48.012672424316406","4520","4520","4520"
"45219","48.6986083984375","48.6986083984375","48.6986083984375","4521","4521","4521"
"45229","30.78411102294922","30.78411102294922","30.78411102294922","4522","4522","4522"
"45239","67.99510955810547","67.99510955810547","67.99510955810547","4523","4523","4523"
"45269","29.19355583190918","29.19355583190918","29.19355583190918","4526","4526","4526"
"45279","75.67235565185547","75.67235565185547","75.67235565185547","4527","4527","4527"
"45329","34.50846862792969","34.50846862792969","34.50846862792969","4532","4532","4532"
"45349","52.228424072265625","52.228424072265625","52.228424072265625","4534","4534","4534"
"45399","25.457143783569336","25.457143783569336","25.457143783569336","4539","4539","4539"
"45429","36.710601806640625","36.710601806640625","36.710601806640625","4542","4542","4542"
"45439","37.85670852661133","37.85670852661133","37.85670852661133","4543","4543","4543"
"45479","49.6383056640625","49.6383056640625","49.6383056640625","4547","4547","4547"
"45499","47.908180236816406","47.908180236816406","47.908180236816406","4549","4549","4549"
"45539","56.46299362182617","56.46299362182617","56.46299362182617","4553","4553","4553"
"45559","35.572418212890625","35.572418212890625","35.572418212890625","4555","4555","4555"
"45589","39.387027740478516","39.387027740478516","39.387027740478516","4558","4558","4558"
"45599","42.878700256347656","42.878700256347656","42.878700256347656","4559","4559","4559"
"45609","44.06326675415039","44.06326675415039","44.06326675415039","4560","4560","4560"
"45639","35.785850524902344","35.785850524902344","35.785850524902344","4563","4563","4563"
"45649","64.01099395751953","64.01099395751953","64.01099395751953","4564","4564","4564"
"45659","30.02060317993164","30.02060317993164","30.02060317993164","4565","4565","4565"
"45669","42.74663543701172","42.74663543701172","42.74663543701172","4566","4566","4566"
"45679","47.030738830566406","47.030738830566406","47.030738830566406","4567","4567","4567"
"45709","47.04969024658203","47.04969024658203","47.04969024658203","4570","4570","4570"
"45739","52.51460266113281","52.51460266113281","52.51460266113281","4573","4573","4573"
"45779","33.706851959228516","33.706851959228516","33.706851959228516","4577","4577","4577"
"45789","27.320337295532227","27.320337295532227","27.320337295532227","4578","4578","4578"
"45799","40.46165466308594","40.46165466308594","40.46165466308594","4579","4579","4579"
"45819","43.012943267822266","43.012943267822266","43.012943267822266","4581","4581","4581"
"45829","38.37565612792969","38.37565612792969","38.37565612792969","4582","4582","4582"
"45869","42.52199172973633","42.52199172973633","42.52199172973633","4586","4586","4586"
"45879","57.12689208984375","57.12689208984375","57.12689208984375","4587","4587","4587"
"45919","71.39012908935547","71.39012908935547","71.39012908935547","4591","4591","4591"
"45959","43.800018310546875","43.800018310546875","43.800018310546875","4595","4595","4595"
"45969","31.07568359375","31.07568359375","31.07568359375","4596","4596","4596"
"46049","151.51129150390625","151.51129150390625","151.51129150390625","4604","4604","4604"
"46069","35.46558380126953","35.46558380126953","35.46558380126953","4606","4606","4606"
"46079","36.171775817871094","36.171775817871094","36.171775817871094","4607","4607","4607"
"46089","35.024017333984375","35.024017333984375","35.024017333984375","4608","4608","4608"
"46099","43.21644592285156","43.21644592285156","43.21644592285156","4609","4609","4609"
"46169","72.93144226074219","72.93144226074219","72.93144226074219","4616","4616","4616"
"46189","52.87028503417969","52.87028503417969","52.87028503417969","4618","4618","4618"
"46199","37.19178771972656","37.19178771972656","37.19178771972656","4619","4619","4619"
"46219","44.50847625732422","44.50847625732422","44.50847625732422","4621","4621","4621"
"46259","37.9824333190918","37.9824333190918","37.9824333190918","4625","4625","4625"
"46279","29.846454620361328","29.846454620361328","29.846454620361328","4627","4627","4627"
"46309","40.740455627441406","40.740455627441406","40.740455627441406","4630","4630","4630"
"46319","26.176036834716797","26.176036834716797","26.176036834716797","4631","4631","4631"
"46339","54.2646369934082","54.2646369934082","54.2646369934082","4633","4633","4633"
"46359","42.05750274658203","42.05750274658203","42.05750274658203","4635","4635","4635"
"46379","37.10942077636719","37.10942077636719","37.10942077636719","4637","4637","4637"
"46399","63.01177215576172","63.01177215576172","63.01177215576172","4639","4639","4639"
"46429","40.84299850463867","40.84299850463867","40.84299850463867","4642","4642","4642"
"46449","52.971553802490234","52.971553802490234","52.971553802490234","4644","4644","4644"
"46479","66.0401611328125","66.0401611328125","66.0401611328125","4647","4647","4647"
"46489","32.08110046386719","32.08110046386719","32.08110046386719","4648","4648","4648"
"46509","33.029876708984375","33.029876708984375","33.029876708984375","4650","4650","4650"
"46519","32.13679504394531","32.13679504394531","32.13679504394531","4651","4651","4651"
"46539","54.19249725341797","54.19249725341797","54.19249725341797","4653","4653","4653"
"46559","41.18828201293945","41.18828201293945","41.18828201293945","4655","4655","4655"
"46589","47.59324645996094","47.59324645996094","47.59324645996094","4658","4658","4658"
"46599","46.11896514892578","46.11896514892578","46.11896514892578","4659","4659","4659"
"46619","48.21977996826172","48.21977996826172","48.21977996826172","4661","4661","4661"
"46659","51.956783294677734","51.956783294677734","51.956783294677734","4665","4665","4665"
"46669","47.043907165527344","47.043907165527344","47.043907165527344","4666","4666","4666"
"46709","49.49170684814453","49.49170684814453","49.49170684814453","4670","4670","4670"
"46729","96.67525482177734","96.67525482177734","96.67525482177734","4672","4672","4672"
"46739","43.17118835449219","43.17118835449219","43.17118835449219","4673","4673","4673"
"46749","39.574119567871094","39.574119567871094","39.574119567871094","4674","4674","4674"
"46769","33.33723068237305","33.33723068237305","33.33723068237305","4676","4676","4676"
"46779","50.84642791748047","50.84642791748047","50.84642791748047","4677","4677","4677"
"46809","28.570703506469727","28.570703506469727","28.570703506469727","4680","4680","4680"
"46899","38.956573486328125","38.956573486328125","38.956573486328125","4689","4689","4689"
"46949","28.794031143188477","28.794031143188477","28.794031143188477","4694","4694","4694"
"46969","40.74673080444336","40.74673080444336","40.74673080444336","4696","4696","4696"
"46989","64.92892456054688","64.92892456054688","64.92892456054688","4698","4698","4698"
"47049","49.295230865478516","49.295230865478516","49.295230865478516","4704","4704","4704"
"47059","30.122140884399414","30.122140884399414","30.122140884399414","4705","4705","4705"
"47089","41.179931640625","41.179931640625","41.179931640625","4708","4708","4708"
"47109","35.00922775268555","35.00922775268555","35.00922775268555","4710","4710","4710"
"47129","33.765357971191406","33.765357971191406","33.765357971191406","4712","4712","4712"
"47139","33.293434143066406","33.293434143066406","33.293434143066406","4713","4713","4713"
"47159","37.17509460449219","37.17509460449219","37.17509460449219","4715","4715","4715"
"47199","33.93797302246094","33.93797302246094","33.93797302246094","4719","4719","4719"
"47209","35.67462158203125","35.67462158203125","35.67462158203125","4720","4720","4720"
"47269","43.155601501464844","43.155601501464844","43.155601501464844","4726","4726","4726"
"47279","49.45773696899414","49.45773696899414","49.45773696899414","4727","4727","4727"
"47299","34.923858642578125","34.923858642578125","34.923858642578125","4729","4729","4729"
"47319","70.48542785644531","70.48542785644531","70.48542785644531","4731","4731","4731"
"47339","37.89094161987305","37.89094161987305","37.89094161987305","4733","4733","4733"
"47349","31.92186164855957","31.92186164855957","31.92186164855957","4734","4734","4734"
"47359","51.99399948120117","51.99399948120117","51.99399948120117","4735","4735","4735"
"47429","30.378326416015625","30.378326416015625","30.378326416015625","4742","4742","4742"
"47509","79.2923812866211","79.2923812866211","79.2923812866211","4750","4750","4750"
"47519","40.909423828125","40.909423828125","40.909423828125","4751","4751","4751"
"47529","39.395347595214844","39.395347595214844","39.395347595214844","4752","4752","4752"
"47539","51.232547760009766","51.232547760009766","51.232547760009766","4753","4753","4753"
"47569","39.504600524902344","39.504600524902344","39.504600524902344","4756","4756","4756"
"47589","41.27885437011719","41.27885437011719","41.27885437011719","4758","4758","4758"
"47599","47.41270065307617","47.41270065307617","47.41270065307617","4759","4759","4759"
"47629","55.90520095825195","55.90520095825195","55.90520095825195","4762","4762","4762"
"47639","32.506134033203125","32.506134033203125","32.506134033203125","4763","4763","4763"
"47719","36.36764907836914","36.36764907836914","36.36764907836914","4771","4771","4771"
"47729","38.157318115234375","38.157318115234375","38.157318115234375","4772","4772","4772"
"47739","30.814502716064453","30.814502716064453","30.814502716064453","4773","4773","4773"
"47749","40.78508758544922","40.78508758544922","40.78508758544922","4774","4774","4774"
"47759","43.660736083984375","43.660736083984375","43.660736083984375","4775","4775","4775"
"47789","37.76549530029297","37.76549530029297","37.76549530029297","4778","4778","4778"
"47799","52.71853256225586","52.71853256225586","52.71853256225586","4779","4779","4779"
"47809","58.81806182861328","58.81806182861328","58.81806182861328","4780","4780","4780"
"47839","38.084068298339844","38.084068298339844","38.084068298339844","4783","4783","4783"
"47849","30.3560848236084","30.3560848236084","30.3560848236084","4784","4784","4784"
"47859","33.546321868896484","33.546321868896484","33.546321868896484","4785","4785","4785"
"47899","58.52035903930664","58.52035903930664","58.52035903930664","4789","4789","4789"
"47909","96.62108612060547","96.62108612060547","96.62108612060547","4790","4790","4790"
"47929","55.69861602783203","55.69861602783203","55.69861602783203","4792","4792","4792"
"47959","35.845272064208984","35.845272064208984","35.845272064208984","4795","4795","4795"
"47999","39.08055877685547","39.08055877685547","39.08055877685547","4799","4799","4799"
"48009","50.15161895751953","50.15161895751953","50.15161895751953","4800","4800","4800"
"48049","43.79193115234375","43.79193115234375","43.79193115234375","4804","4804","4804"
"48069","49.56151580810547","49.56151580810547","49.56151580810547","4806","4806","4806"
"48129","34.58880615234375","34.58880615234375","34.58880615234375","4812","4812","4812"
"48169","32.684356689453125","32.684356689453125","32.684356689453125","4816","4816","4816"
"48189","39.53936767578125","39.53936767578125","39.53936767578125","4818","4818","4818"
"48199","39.17109680175781","39.17109680175781","39.17109680175781","4819","4819","4819"
"48229","34.487457275390625","34.487457275390625","34.487457275390625","4822","4822","4822"
"48239","48.25335693359375","48.25335693359375","48.25335693359375","4823","4823","4823"
"48249","45.460472106933594","45.460472106933594","45.460472106933594","4824","4824","4824"
"48269","39.62937545776367","39.62937545776367","39.62937545776367","4826","4826","4826"
"48299","40.688018798828125","40.688018798828125","40.688018798828125","4829","4829","4829"
"48389","51.79165267944336","51.79165267944336","51.79165267944336","4838","4838","4838"
"48399","41.46241760253906","41.46241760253906","41.46241760253906","4839","4839","4839"
"48439","33.387271881103516","33.387271881103516","33.387271881103516","4843","4843","4843"
"48459","35.3379020690918","35.3379020690918","35.3379020690918","4845","4845","4845"
"48519","28.64185333251953","28.64185333251953","28.64185333251953","4851","4851","4851"
"48529","30.39183235168457","30.39183235168457","30.39183235168457","4852","4852","4852"
"48609","40.24111557006836","40.24111557006836","40.24111557006836","4860","4860","4860"
"48629","39.846954345703125","39.846954345703125","39.846954345703125","4862","4862","4862"
"48709","66.9068603515625","66.9068603515625","66.9068603515625","4870","4870","4870"
"48759","36.66823959350586","36.66823959350586","36.66823959350586","4875","4875","4875"
"48789","26.802080154418945","26.802080154418945","26.802080154418945","4878","4878","4878"
"48799","34.50014877319336","34.50014877319336","34.50014877319336","4879","4879","4879"
"48869","29.54234504699707","29.54234504699707","29.54234504699707","4886","4886","4886"
"48909","50.67943572998047","50.67943572998047","50.67943572998047","4890","4890","4890"
"48939","49.41859436035156","49.41859436035156","49.41859436035156","4893","4893","4893"
"48969","25.090129852294922","25.090129852294922","25.090129852294922","4896","4896","4896"
"49019","42.354827880859375","42.354827880859375","42.354827880859375","4901","4901","4901"
"49029","52.104759216308594","52.104759216308594","52.104759216308594","4902","4902","4902"
"49069","38.391971588134766","38.391971588134766","38.391971588134766","4906","4906","4906"
"49099","53.729881286621094","53.729881286621094","53.729881286621094","4909","4909","4909"
"49119","33.663700103759766","33.663700103759766","33.663700103759766","4911","4911","4911"
"49139","35.41977310180664","35.41977310180664","35.41977310180664","4913","4913","4913"
"49149","31.568681716918945","31.568681716918945","31.568681716918945","4914","4914","4914"
"49169","44.417503356933594","44.417503356933594","44.417503356933594","4916","4916","4916"
"49179","74.31074523925781","74.31074523925781","74.31074523925781","4917","4917","4917"
"49189","39.48747253417969","39.48747253417969","39.48747253417969","4918","4918","4918"
"49199","27.949665069580078","27.949665069580078","27.949665069580078","4919","4919","4919"
"49219","27.600954055786133","27.600954055786133","27.600954055786133","4921","4921","4921"
"49239","48.51154708862305","48.51154708862305","48.51154708862305","4923","4923","4923"
"49259","34.135337829589844","34.135337829589844","34.135337829589844","4925","4925","4925"
"49309","58.22706604003906","58.22706604003906","58.22706604003906","4930","4930","4930"
"49359","37.792701721191406","37.792701721191406","37.792701721191406","4935","4935","4935"
"49379","35.155052185058594","35.155052185058594","35.155052185058594","4937","4937","4937"
"49409","33.95758056640625","33.95758056640625","33.95758056640625","4940","4940","4940"
"49429","37.49187469482422","37.49187469482422","37.49187469482422","4942","4942","4942"
"49439","41.09930419921875","41.09930419921875","41.09930419921875","4943","4943","4943"
"49449","36.46338653564453","36.46338653564453","36.46338653564453","4944","4944","4944"
"49469","34.457298278808594","34.457298278808594","34.457298278808594","4946","4946","4946"
"49509","64.63790130615234","64.63790130615234","64.63790130615234","4950","4950","4950"
"49519","29.717336654663086","29.717336654663086","29.717336654663086","4951","4951","4951"
"49579","32.1447868347168","32.1447868347168","32.1447868347168","4957","4957","4957"
"49599","25.019346237182617","25.019346237182617","25.019346237182617","4959","4959","4959"
"49629","51.32191467285156","51.32191467285156","51.32191467285156","4962","4962","4962"
"49639","36.92627716064453","36.92627716064453","36.92627716064453","4963","4963","4963"
"49649","44.41302490234375","44.41302490234375","44.41302490234375","4964","4964","4964"
"49659","70.28515625","70.28515625","70.28515625","4965","4965","4965"
"49679","31.875885009765625","31.875885009765625","31.875885009765625","4967","4967","4967"
"49689","32.56123352050781","32.56123352050781","32.56123352050781","4968","4968","4968"
"49749","30.370962142944336","30.370962142944336","30.370962142944336","4974","4974","4974"
"49789","51.45680618286133","51.45680618286133","51.45680618286133","4978","4978","4978"
"49799","28.596487045288086","28.596487045288086","28.596487045288086","4979","4979","4979"
"49839","51.98429870605469","51.98429870605469","51.98429870605469","4983","4983","4983"
"49919","45.81716537475586","45.81716537475586","45.81716537475586","4991","4991","4991"
"49929","39.64987564086914","39.64987564086914","39.64987564086914","4992","4992","4992"
"49949","72.72757720947266","72.72757720947266","72.72757720947266","4994","4994","4994"
"49989","38.289764404296875","38.289764404296875","38.289764404296875","4998","4998","4998"
"49999","55.664772033691406","55.664772033691406","55.664772033691406","4999","4999","4999"
"50009","41.65397644042969","41.65397644042969","41.65397644042969","5000","5000","5000"
"50049","47.05226516723633","47.05226516723633","47.05226516723633","5004","5004","5004"
"50099","48.80420684814453","48.80420684814453","48.80420684814453","5009","5009","5009"
"50119","55.36065673828125","55.36065673828125","55.36065673828125","5011","5011","5011"
"50159","40.61920928955078","40.61920928955078","40.61920928955078","5015","5015","5015"
"50169","36.436527252197266","36.436527252197266","36.436527252197266","5016","5016","5016"
"50189","37.42787551879883","37.42787551879883","37.42787551879883","5018","5018","5018"
"50199","40.39624786376953","40.39624786376953","40.39624786376953","5019","5019","5019"
"50219","37.58732223510742","37.58732223510742","37.58732223510742","5021","5021","5021"
"50239","36.744842529296875","36.744842529296875","36.744842529296875","5023","5023","5023"
"50249","37.36935806274414","37.36935806274414","37.36935806274414","5024","5024","5024"
"50309","43.33403396606445","43.33403396606445","43.33403396606445","5030","5030","5030"
"50349","56.83818817138672","56.83818817138672","56.83818817138672","5034","5034","5034"
"50359","29.85226821899414","29.85226821899414","29.85226821899414","5035","5035","5035"
"50379","34.5575065612793","34.5575065612793","34.5575065612793","5037","5037","5037"
"50389","32.21818161010742","32.21818161010742","32.21818161010742","5038","5038","5038"
"50409","34.53894805908203","34.53894805908203","34.53894805908203","5040","5040","5040"
"50419","34.552555084228516","34.552555084228516","34.552555084228516","5041","5041","5041"
"50449","39.875083923339844","39.875083923339844","39.875083923339844","5044","5044","5044"
"50469","49.933570861816406","49.933570861816406","49.933570861816406","5046","5046","5046"
"50489","35.617401123046875","35.617401123046875","35.617401123046875","5048","5048","5048"
"50509","32.35719299316406","32.35719299316406","32.35719299316406","5050","5050","5050"
"50519","36.20138931274414","36.20138931274414","36.20138931274414","5051","5051","5051"
"50539","54.28276443481445","54.28276443481445","54.28276443481445","5053","5053","5053"
"50549","35.31248474121094","35.31248474121094","35.31248474121094","5054","5054","5054"
"50569","40.26259994506836","40.26259994506836","40.26259994506836","5056","5056","5056"
"50589","39.03374099731445","39.03374099731445","39.03374099731445","5058","5058","5058"
"50609","30.333667755126953","30.333667755126953","30.333667755126953","5060","5060","5060"
"50619","54.529808044433594","54.529808044433594","54.529808044433594","5061","5061","5061"
"50629","41.34488296508789","41.34488296508789","41.34488296508789","5062","5062","5062"
"50659","40.76028060913086","40.76028060913086","40.76028060913086","5065","5065","5065"
"50669","31.883228302001953","31.883228302001953","31.883228302001953","5066","5066","5066"
"50699","30.295610427856445","30.295610427856445","30.295610427856445","5069","5069","5069"
"50719","34.424503326416016","34.424503326416016","34.424503326416016","5071","5071","5071"
"50749","46.784000396728516","46.784000396728516","46.784000396728516","5074","5074","5074"
"50769","39.68011474609375","39.68011474609375","39.68011474609375","5076","5076","5076"
"50789","49.67768096923828","49.67768096923828","49.67768096923828","5078","5078","5078"
"50809","55.12548065185547","55.12548065185547","55.12548065185547","5080","5080","5080"
"50869","116.87802124023438","116.87802124023438","116.87802124023438","5086","5086","5086"
"50899","57.88432693481445","57.88432693481445","57.88432693481445","5089","5089","5089"
"50919","74.47822570800781","74.47822570800781","74.47822570800781","5091","5091","5091"
"50939","38.28313446044922","38.28313446044922","38.28313446044922","5093","5093","5093"
"51019","69.89105987548828","69.89105987548828","69.89105987548828","5101","5101","5101"
"51049","36.92787551879883","36.92787551879883","36.92787551879883","5104","5104","5104"
"51059","58.45944595336914","58.45944595336914","58.45944595336914","5105","5105","5105"
"51109","35.54872131347656","35.54872131347656","35.54872131347656","5110","5110","5110"
"51139","37.08909225463867","37.08909225463867","37.08909225463867","5113","5113","5113"
"51179","34.373146057128906","34.373146057128906","34.373146057128906","5117","5117","5117"
"51199","29.23880958557129","29.23880958557129","29.23880958557129","5119","5119","5119"
"51239","38.02242660522461","38.02242660522461","38.02242660522461","5123","5123","5123"
"51259","41.176841735839844","41.176841735839844","41.176841735839844","5125","5125","5125"
"51289","37.67765808105469","37.67765808105469","37.67765808105469","5128","5128","5128"
"51309","35.712406158447266","35.712406158447266","35.712406158447266","5130","5130","5130"
"51319","32.963871002197266","32.963871002197266","32.963871002197266","5131","5131","5131"
"51349","29.413009643554688","29.413009643554688","29.413009643554688","5134","5134","5134"
"51369","40.34755325317383","40.34755325317383","40.34755325317383","5136","5136","5136"
"51409","29.519662857055664","29.519662857055664","29.519662857055664","5140","5140","5140"
"51429","33.610530853271484","33.610530853271484","33.610530853271484","5142","5142","5142"
"51439","85.59666442871094","85.59666442871094","85.59666442871094","5143","5143","5143"
"51459","37.43886184692383","37.43886184692383","37.43886184692383","5145","5145","5145"
"51489","53.01299285888672","53.01299285888672","53.01299285888672","5148","5148","5148"
"51509","30.51666259765625","30.51666259765625","30.51666259765625","5150","5150","5150"
"51589","41.433162689208984","41.433162689208984","41.433162689208984","5158","5158","5158"
"51619","40.61632537841797","40.61632537841797","40.61632537841797","5161","5161","5161"
"51649","29.549930572509766","29.549930572509766","29.549930572509766","5164","5164","5164"
"51659","26.3840389251709","26.3840389251709","26.3840389251709","5165","5165","5165"
"51679","42.84149169921875","42.84149169921875","42.84149169921875","5167","5167","5167"
"51689","78.57605743408203","78.57605743408203","78.57605743408203","5168","5168","5168"
"51709","53.94312286376953","53.94312286376953","53.94312286376953","5170","5170","5170"
"51729","30.606502532958984","30.606502532958984","30.606502532958984","5172","5172","5172"
"51739","110.01133728027344","110.01133728027344","110.01133728027344","5173","5173","5173"
"51799","58.224525451660156","58.224525451660156","58.224525451660156","5179","5179","5179"
"51809","38.72930908203125","38.72930908203125","38.72930908203125","5180","5180","5180"
"51819","75.08959197998047","75.08959197998047","75.08959197998047","5181","5181","5181"
"51829","36.276458740234375","36.276458740234375","36.276458740234375","5182","5182","5182"
"51839","32.520713806152344","32.520713806152344","32.520713806152344","5183","5183","5183"
"51869","34.645835876464844","34.645835876464844","34.645835876464844","5186","5186","5186"
"51919","29.038036346435547","29.038036346435547","29.038036346435547","5191","5191","5191"
"51939","50.57628631591797","50.57628631591797","50.57628631591797","5193","5193","5193"
"51949","35.649295806884766","35.649295806884766","35.649295806884766","5194","5194","5194"
"51959","39.10457992553711","39.10457992553711","39.10457992553711","5195","5195","5195"
"51999","35.92750549316406","35.92750549316406","35.92750549316406","5199","5199","5199"
"52009","35.493133544921875","35.493133544921875","35.493133544921875","5200","5200","5200"
"52019","29.227346420288086","29.227346420288086","29.227346420288086","5201","5201","5201"
"52029","34.472564697265625","34.472564697265625","34.472564697265625","5202","5202","5202"
"52039","32.7895393371582","32.7895393371582","32.7895393371582","5203","5203","5203"
"52079","29.38102912902832","29.38102912902832","29.38102912902832","5207","5207","5207"
"52109","34.927242279052734","34.927242279052734","34.927242279052734","5210","5210","5210"
"52119","33.266639709472656","33.266639709472656","33.266639709472656","5211","5211","5211"
"52129","37.755435943603516","37.755435943603516","37.755435943603516","5212","5212","5212"
"52159","33.00362014770508","33.00362014770508","33.00362014770508","5215","5215","5215"
"52169","24.81639289855957","24.81639289855957","24.81639289855957","5216","5216","5216"
"52189","46.90184020996094","46.90184020996094","46.90184020996094","5218","5218","5218"
"52249","57.49031448364258","57.49031448364258","57.49031448364258","5224","5224","5224"
"52269","37.48172378540039","37.48172378540039","37.48172378540039","5226","5226","5226"
"52279","49.446556091308594","49.446556091308594","49.446556091308594","5227","5227","5227"
"52319","54.357948303222656","54.357948303222656","54.357948303222656","5231","5231","5231"
"52339","31.409122467041016","31.409122467041016","31.409122467041016","5233","5233","5233"
"52349","42.71874237060547","42.71874237060547","42.71874237060547","5234","5234","5234"
"52399","41.651283264160156","41.651283264160156","41.651283264160156","5239","5239","5239"
"52409","51.199676513671875","51.199676513671875","51.199676513671875","5240","5240","5240"
"52429","47.07233428955078","47.07233428955078","47.07233428955078","5242","5242","5242"
"52489","32.47376251220703","32.47376251220703","32.47376251220703","5248","5248","5248"
"52499","33.38481903076172","33.38481903076172","33.38481903076172","5249","5249","5249"
"52509","45.29449462890625","45.29449462890625","45.29449462890625","5250","5250","5250"
"52559","48.246707916259766","48.246707916259766","48.246707916259766","5255","5255","5255"
"52599","38.73831558227539","38.73831558227539","38.73831558227539","5259","5259","5259"
"52609","49.39456558227539","49.39456558227539","49.39456558227539","5260","5260","5260"
"52619","31.686180114746094","31.686180114746094","31.686180114746094","5261","5261","5261"
"52669","39.859989166259766","39.859989166259766","39.859989166259766","5266","5266","5266"
"52679","40.37158966064453","40.37158966064453","40.37158966064453","5267","5267","5267"
"52689","33.04835891723633","33.04835891723633","33.04835891723633","5268","5268","5268"
"52729","30.81021499633789","30.81021499633789","30.81021499633789","5272","5272","5272"
"52739","36.28105163574219","36.28105163574219","36.28105163574219","5273","5273","5273"
"52749","40.941444396972656","40.941444396972656","40.941444396972656","5274","5274","5274"
"52779","72.59418487548828","72.59418487548828","72.59418487548828","5277","5277","5277"
"52819","35.684688568115234","35.684688568115234","35.684688568115234","5281","5281","5281"
"52849","33.42696762084961","33.42696762084961","33.42696762084961","5284","5284","5284"
"52859","37.285133361816406","37.285133361816406","37.285133361816406","5285","5285","5285"
"52869","38.45061492919922","38.45061492919922","38.45061492919922","5286","5286","5286"
"52879","36.776084899902344","36.776084899902344","36.776084899902344","5287","5287","5287"
"52949","27.4899845123291","27.4899845123291","27.4899845123291","5294","5294","5294"
"52969","39.115074157714844","39.115074157714844","39.115074157714844","5296","5296","5296"
"52979","39.609046936035156","39.609046936035156","39.609046936035156","5297","5297","5297"
"52999","43.52322006225586","43.52322006225586","43.52322006225586","5299","5299","5299"
"53029","42.06113052368164","42.06113052368164","42.06113052368164","5302","5302","5302"
"53049","32.97709274291992","32.97709274291992","32.97709274291992","5304","5304","5304"
"53139","44.22817611694336","44.22817611694336","44.22817611694336","5313","5313","5313"
"53159","32.0685920715332","32.0685920715332","32.0685920715332","5315","5315","5315"
"53189","42.709232330322266","42.709232330322266","42.709232330322266","5318","5318","5318"
"53229","37.67002868652344","37.67002868652344","37.67002868652344","5322","5322","5322"
"53279","27.01744842529297","27.01744842529297","27.01744842529297","5327","5327","5327"
"53299","43.79385757446289","43.79385757446289","43.79385757446289","5329","5329","5329"
"53319","64.78753662109375","64.78753662109375","64.78753662109375","5331","5331","5331"
"53329","31.61306381225586","31.61306381225586","31.61306381225586","5332","5332","5332"
"53339","42.99272155761719","42.99272155761719","42.99272155761719","5333","5333","5333"
"53349","23.610048294067383","23.610048294067383","23.610048294067383","5334","5334","5334"
"53359","33.775001525878906","33.775001525878906","33.775001525878906","5335","5335","5335"
"53369","31.104787826538086","31.104787826538086","31.104787826538086","5336","5336","5336"
"53409","46.41574478149414","46.41574478149414","46.41574478149414","5340","5340","5340"
"53429","35.22411346435547","35.22411346435547","35.22411346435547","5342","5342","5342"
"53439","29.502975463867188","29.502975463867188","29.502975463867188","5343","5343","5343"
"53469","48.92591857910156","48.92591857910156","48.92591857910156","5346","5346","5346"
"53489","45.195804595947266","45.195804595947266","45.195804595947266","5348","5348","5348"
"53499","29.403820037841797","29.403820037841797","29.403820037841797","5349","5349","5349"
"53559","43.62322235107422","43.62322235107422","43.62322235107422","5355","5355","5355"
"53569","34.893550872802734","34.893550872802734","34.893550872802734","5356","5356","5356"
"53589","39.256858825683594","39.256858825683594","39.256858825683594","5358","5358","5358"
"53609","75.78611755371094","75.78611755371094","75.78611755371094","5360","5360","5360"
"53619","44.76654815673828","44.76654815673828","44.76654815673828","5361","5361","5361"
"53699","46.28236770629883","46.28236770629883","46.28236770629883","5369","5369","5369"
"53769","41.663421630859375","41.663421630859375","41.663421630859375","5376","5376","5376"
"53799","44.37562561035156","44.37562561035156","44.37562561035156","5379","5379","5379"
"53829","34.14179229736328","34.14179229736328","34.14179229736328","5382","5382","5382"
"53839","41.974159240722656","41.974159240722656","41.974159240722656","5383","5383","5383"
"53849","45.49089813232422","45.49089813232422","45.49089813232422","5384","5384","5384"
"53889","35.08219909667969","35.08219909667969","35.08219909667969","5388","5388","5388"
"53899","43.539451599121094","43.539451599121094","43.539451599121094","5389","5389","5389"
"53909","32.08241653442383","32.08241653442383","32.08241653442383","5390","5390","5390"
"53929","34.1739387512207","34.1739387512207","34.1739387512207","5392","5392","5392"
"53949","62.94090270996094","62.94090270996094","62.94090270996094","5394","5394","5394"
"53959","34.592498779296875","34.592498779296875","34.592498779296875","5395","5395","5395"
"53969","132.8418426513672","132.8418426513672","132.8418426513672","5396","5396","5396"
"53989","34.57560729980469","34.57560729980469","34.57560729980469","5398","5398","5398"
"53999","39.50306701660156","39.50306701660156","39.50306701660156","5399","5399","5399"
"54019","44.38446044921875","44.38446044921875","44.38446044921875","5401","5401","5401"
"54039","38.477046966552734","38.477046966552734","38.477046966552734","5403","5403","5403"
"54059","33.51255416870117","33.51255416870117","33.51255416870117","5405","5405","5405"
"54069","36.595680236816406","36.595680236816406","36.595680236816406","5406","5406","5406"
"54129","40.04753112792969","40.04753112792969","40.04753112792969","5412","5412","5412"
"54169","53.00247573852539","53.00247573852539","53.00247573852539","5416","5416","5416"
"54199","47.84033966064453","47.84033966064453","47.84033966064453","5419","5419","5419"
"54219","33.60478210449219","33.60478210449219","33.60478210449219","5421","5421","5421"
"54239","33.11219024658203","33.11219024658203","33.11219024658203","5423","5423","5423"
"54279","36.73479080200195","36.73479080200195","36.73479080200195","5427","5427","5427"
"54289","35.92216873168945","35.92216873168945","35.92216873168945","5428","5428","5428"
"54319","41.227149963378906","41.227149963378906","41.227149963378906","5431","5431","5431"
"54349","54.82890319824219","54.82890319824219","54.82890319824219","5434","5434","5434"
"54359","31.789501190185547","31.789501190185547","31.789501190185547","5435","5435","5435"
"54379","42.2083740234375","42.2083740234375","42.2083740234375","5437","5437","5437"
"54389","64.84330749511719","64.84330749511719","64.84330749511719","5438","5438","5438"
"54399","55.69998550415039","55.69998550415039","55.69998550415039","5439","5439","5439"
"54439","42.16722106933594","42.16722106933594","42.16722106933594","5443","5443","5443"
"54449","40.79746627807617","40.79746627807617","40.79746627807617","5444","5444","5444"
"54459","54.213775634765625","54.213775634765625","54.213775634765625","5445","5445","5445"
"54469","26.8031063079834","26.8031063079834","26.8031063079834","5446","5446","5446"
"54489","49.40613555908203","49.40613555908203","49.40613555908203","5448","5448","5448"
"54499","53.696475982666016","53.696475982666016","53.696475982666016","5449","5449","5449"
"54549","36.67373275756836","36.67373275756836","36.67373275756836","5454","5454","5454"
"54569","34.02138900756836","34.02138900756836","34.02138900756836","5456","5456","5456"
"54589","35.58979034423828","35.58979034423828","35.58979034423828","5458","5458","5458"
"54599","33.10010528564453","33.10010528564453","33.10010528564453","5459","5459","5459"
"54629","63.861961364746094","63.861961364746094","63.861961364746094","5462","5462","5462"
"54639","39.99302673339844","39.99302673339844","39.99302673339844","5463","5463","5463"
"54659","30.98944091796875","30.98944091796875","30.98944091796875","5465","5465","5465"
"54689","28.76150131225586","28.76150131225586","28.76150131225586","5468","5468","5468"
"54699","30.053943634033203","30.053943634033203","30.053943634033203","5469","5469","5469"
"54739","33.681880950927734","33.681880950927734","33.681880950927734","5473","5473","5473"
"54819","27.698261260986328","27.698261260986328","27.698261260986328","5481","5481","5481"
"54839","48.76742935180664","48.76742935180664","48.76742935180664","5483","5483","5483"
"54859","29.14693260192871","29.14693260192871","29.14693260192871","5485","5485","5485"
"54869","35.693603515625","35.693603515625","35.693603515625","5486","5486","5486"
"54939","34.717472076416016","34.717472076416016","34.717472076416016","5493","5493","5493"
"54949","22.40110969543457","22.40110969543457","22.40110969543457","5494","5494","5494"
"54979","35.732177734375","35.732177734375","35.732177734375","5497","5497","5497"
"54989","42.146461486816406","42.146461486816406","42.146461486816406","5498","5498","5498"
"55009","39.5791015625","39.5791015625","39.5791015625","5500","5500","5500"
"55109","44.13196563720703","44.13196563720703","44.13196563720703","5510","5510","5510"
"55149","44.5190544128418","44.5190544128418","44.5190544128418","5514","5514","5514"
"55169","44.19882583618164","44.19882583618164","44.19882583618164","5516","5516","5516"
"55179","61.838314056396484","61.838314056396484","61.838314056396484","5517","5517","5517"
"55209","111.65470886230469","111.65470886230469","111.65470886230469","5520","5520","5520"
"55239","60.158203125","60.158203125","60.158203125","5523","5523","5523"
"55259","32.63350296020508","32.63350296020508","32.63350296020508","5525","5525","5525"
"55339","53.93215560913086","53.93215560913086","53.93215560913086","5533","5533","5533"
"55359","77.06182861328125","77.06182861328125","77.06182861328125","5535","5535","5535"
"55449","30.11470603942871","30.11470603942871","30.11470603942871","5544","5544","5544"
"55459","40.57511901855469","40.57511901855469","40.57511901855469","5545","5545","5545"
"55479","52.88930130004883","52.88930130004883","52.88930130004883","5547","5547","5547"
"55489","34.215145111083984","34.215145111083984","34.215145111083984","5548","5548","5548"
"55519","33.90453338623047","33.90453338623047","33.90453338623047","5551","5551","5551"
"55579","34.31279754638672","34.31279754638672","34.31279754638672","5557","5557","5557"
"55599","30.654035568237305","30.654035568237305","30.654035568237305","5559","5559","5559"
"55619","36.90232849121094","36.90232849121094","36.90232849121094","5561","5561","5561"
"55659","34.15469741821289","34.15469741821289","34.15469741821289","5565","5565","5565"
"55709","35.964447021484375","35.964447021484375","35.964447021484375","5570","5570","5570"
"55739","48.927608489990234","48.927608489990234","48.927608489990234","5573","5573","5573"
"55819","37.1910400390625","37.1910400390625","37.1910400390625","5581","5581","5581"
"55839","42.88257598876953","42.88257598876953","42.88257598876953","5583","5583","5583"
"55879","33.8853645324707","33.8853645324707","33.8853645324707","5587","5587","5587"
"55889","29.16155242919922","29.16155242919922","29.16155242919922","5588","5588","5588"
"55929","46.88502502441406","46.88502502441406","46.88502502441406","5592","5592","5592"
"55939","38.311363220214844","38.311363220214844","38.311363220214844","5593","5593","5593"
"55969","26.99257469177246","26.99257469177246","26.99257469177246","5596","5596","5596"
"55989","22.680734634399414","22.680734634399414","22.680734634399414","5598","5598","5598"
"56029","37.28987121582031","37.28987121582031","37.28987121582031","5602","5602","5602"
"56049","38.209312438964844","38.209312438964844","38.209312438964844","5604","5604","5604"
"56079","28.787200927734375","28.787200927734375","28.787200927734375","5607","5607","5607"
"56089","26.15384864807129","26.15384864807129","26.15384864807129","5608","5608","5608"
"56109","36.538997650146484","36.538997650146484","36.538997650146484","5610","5610","5610"
"56139","39.213584899902344","39.213584899902344","39.213584899902344","5613","5613","5613"
"56149","37.96096420288086","37.96096420288086","37.96096420288086","5614","5614","5614"
"56169","31.487422943115234","31.487422943115234","31.487422943115234","5616","5616","5616"
"56179","34.11406326293945","34.11406326293945","34.11406326293945","5617","5617","5617"
"56189","41.402488708496094","41.402488708496094","41.402488708496094","5618","5618","5618"
"56209","35.69308853149414","35.69308853149414","35.69308853149414","5620","5620","5620"
"56219","31.809078216552734","31.809078216552734","31.809078216552734","5621","5621","5621"
"56259","57.10343933105469","57.10343933105469","57.10343933105469","5625","5625","5625"
"56289","52.63294982910156","52.63294982910156","52.63294982910156","5628","5628","5628"
"56299","30.274410247802734","30.274410247802734","30.274410247802734","5629","5629","5629"
"56339","39.45384979248047","39.45384979248047","39.45384979248047","5633","5633","5633"
"56349","25.613195419311523","25.613195419311523","25.613195419311523","5634","5634","5634"
"56409","34.88419723510742","34.88419723510742","34.88419723510742","5640","5640","5640"
"56429","25.82870864868164","25.82870864868164","25.82870864868164","5642","5642","5642"
"56449","37.6097412109375","37.6097412109375","37.6097412109375","5644","5644","5644"
"56459","36.619911193847656","36.619911193847656","36.619911193847656","5645","5645","5645"
"56479","49.3515510559082","49.3515510559082","49.3515510559082","5647","5647","5647"
"56489","32.7693977355957","32.7693977355957","32.7693977355957","5648","5648","5648"
"56519","36.1374397277832","36.1374397277832","36.1374397277832","5651","5651","5651"
"56539","48.180686950683594","48.180686950683594","48.180686950683594","5653","5653","5653"
"56589","40.80489730834961","40.80489730834961","40.80489730834961","5658","5658","5658"
"56599","27.554954528808594","27.554954528808594","27.554954528808594","5659","5659","5659"
"56619","26.77985382080078","26.77985382080078","26.77985382080078","5661","5661","5661"
"56629","36.28893280029297","36.28893280029297","36.28893280029297","5662","5662","5662"
"56639","30.719884872436523","30.719884872436523","30.719884872436523","5663","5663","5663"
"56649","27.85700225830078","27.85700225830078","27.85700225830078","5664","5664","5664"
"56669","43.265777587890625","43.265777587890625","43.265777587890625","5666","5666","5666"
"56709","27.840965270996094","27.840965270996094","27.840965270996094","5670","5670","5670"
"56749","41.57933044433594","41.57933044433594","41.57933044433594","5674","5674","5674"
"56819","26.474428176879883","26.474428176879883","26.474428176879883","5681","5681","5681"
"56839","50.68006896972656","50.68006896972656","50.68006896972656","5683","5683","5683"
"56859","40.273067474365234","40.273067474365234","40.273067474365234","5685","5685","5685"
"56919","40.33804702758789","40.33804702758789","40.33804702758789","5691","5691","5691"
"56949","29.06505584716797","29.06505584716797","29.06505584716797","5694","5694","5694"
"57019","56.841712951660156","56.841712951660156","56.841712951660156","5701","5701","5701"
"57049","46.62223815917969","46.62223815917969","46.62223815917969","5704","5704","5704"
"57069","36.75309371948242","36.75309371948242","36.75309371948242","5706","5706","5706"
"57089","50.6800422668457","50.6800422668457","50.6800422668457","5708","5708","5708"
"57109","36.00123977661133","36.00123977661133","36.00123977661133","5710","5710","5710"
"57149","38.601009368896484","38.601009368896484","38.601009368896484","5714","5714","5714"
"57189","56.361942291259766","56.361942291259766","56.361942291259766","5718","5718","5718"
"57219","30.205825805664062","30.205825805664062","30.205825805664062","5721","5721","5721"
"57279","40.24092483520508","40.24092483520508","40.24092483520508","5727","5727","5727"
"57339","56.21199035644531","56.21199035644531","56.21199035644531","5733","5733","5733"
"57359","27.45595932006836","27.45595932006836","27.45595932006836","5735","5735","5735"
"57419","38.26731872558594","38.26731872558594","38.26731872558594","5741","5741","5741"
"57449","31.233930587768555","31.233930587768555","31.233930587768555","5744","5744","5744"
"57479","49.024932861328125","49.024932861328125","49.024932861328125","5747","5747","5747"
"57519","38.32774353027344","38.32774353027344","38.32774353027344","5751","5751","5751"
"57529","29.39638328552246","29.39638328552246","29.39638328552246","5752","5752","5752"
"57539","42.59105682373047","42.59105682373047","42.59105682373047","5753","5753","5753"
"57559","39.06151580810547","39.06151580810547","39.06151580810547","5755","5755","5755"
"57569","24.978862762451172","24.978862762451172","24.978862762451172","5756","5756","5756"
"57579","43.17760467529297","43.17760467529297","43.17760467529297","5757","5757","5757"
"57609","26.813106536865234","26.813106536865234","26.813106536865234","5760","5760","5760"
"57619","44.703372955322266","44.703372955322266","44.703372955322266","5761","5761","5761"
"57649","60.04613494873047","60.04613494873047","60.04613494873047","5764","5764","5764"
"57659","37.560096740722656","37.560096740722656","37.560096740722656","5765","5765","5765"
"57699","63.63121032714844","63.63121032714844","63.63121032714844","5769","5769","5769"
"57729","38.97195816040039","38.97195816040039","38.97195816040039","5772","5772","5772"
"57739","29.736852645874023","29.736852645874023","29.736852645874023","5773","5773","5773"
"57769","39.09474182128906","39.09474182128906","39.09474182128906","5776","5776","5776"
"57779","39.85137176513672","39.85137176513672","39.85137176513672","5777","5777","5777"
"57789","37.904876708984375","37.904876708984375","37.904876708984375","5778","5778","5778"
"57859","33.947662353515625","33.947662353515625","33.947662353515625","5785","5785","5785"
"57959","45.141929626464844","45.141929626464844","45.141929626464844","5795","5795","5795"
"57969","30.791244506835938","30.791244506835938","30.791244506835938","5796","5796","5796"
"57979","69.50540924072266","69.50540924072266","69.50540924072266","5797","5797","5797"
"58009","57.566307067871094","57.566307067871094","57.566307067871094","5800","5800","5800"
"58019","29.473142623901367","29.473142623901367","29.473142623901367","5801","5801","5801"
"58029","36.86384201049805","36.86384201049805","36.86384201049805","5802","5802","5802"
"58049","56.13247299194336","56.13247299194336","56.13247299194336","5804","5804","5804"
"58059","31.33798599243164","31.33798599243164","31.33798599243164","5805","5805","5805"
"58079","35.368289947509766","35.368289947509766","35.368289947509766","5807","5807","5807"
"58089","37.915496826171875","37.915496826171875","37.915496826171875","5808","5808","5808"
"58179","53.003684997558594","53.003684997558594","53.003684997558594","5817","5817","5817"
"58189","37.826942443847656","37.826942443847656","37.826942443847656","5818","5818","5818"
"58199","53.136390686035156","53.136390686035156","53.136390686035156","5819","5819","5819"
"58219","50.23789978027344","50.23789978027344","50.23789978027344","5821","5821","5821"
"58229","36.884090423583984","36.884090423583984","36.884090423583984","5822","5822","5822"
"58249","34.22023010253906","34.22023010253906","34.22023010253906","5824","5824","5824"
"58309","25.78435516357422","25.78435516357422","25.78435516357422","5830","5830","5830"
"58319","65.6773452758789","65.6773452758789","65.6773452758789","5831","5831","5831"
"58339","35.78038787841797","35.78038787841797","35.78038787841797","5833","5833","5833"
"58359","34.335655212402344","34.335655212402344","34.335655212402344","5835","5835","5835"
"58369","35.77165222167969","35.77165222167969","35.77165222167969","5836","5836","5836"
"58409","57.6739616394043","57.6739616394043","57.6739616394043","5840","5840","5840"
"58469","35.941165924072266","35.941165924072266","35.941165924072266","5846","5846","5846"
"58479","28.329505920410156","28.329505920410156","28.329505920410156","5847","5847","5847"
"58489","24.850215911865234","24.850215911865234","24.850215911865234","5848","5848","5848"
"58509","35.48963928222656","35.48963928222656","35.48963928222656","5850","5850","5850"
"58529","27.055946350097656","27.055946350097656","27.055946350097656","5852","5852","5852"
"58559","40.644317626953125","40.644317626953125","40.644317626953125","5855","5855","5855"
"58569","31.847749710083008","31.847749710083008","31.847749710083008","5856","5856","5856"
"58599","36.52814483642578","36.52814483642578","36.52814483642578","5859","5859","5859"
"58629","42.231719970703125","42.231719970703125","42.231719970703125","5862","5862","5862"
"58639","59.0433349609375","59.0433349609375","59.0433349609375","5863","5863","5863"
"58649","34.53974914550781","34.53974914550781","34.53974914550781","5864","5864","5864"
"58679","31.54740333557129","31.54740333557129","31.54740333557129","5867","5867","5867"
"58699","34.01969528198242","34.01969528198242","34.01969528198242","5869","5869","5869"
"58749","40.146148681640625","40.146148681640625","40.146148681640625","5874","5874","5874"
"58759","31.30697250366211","31.30697250366211","31.30697250366211","5875","5875","5875"
"58769","32.48659896850586","32.48659896850586","32.48659896850586","5876","5876","5876"
"58799","44.656524658203125","44.656524658203125","44.656524658203125","5879","5879","5879"
"58819","35.06623458862305","35.06623458862305","35.06623458862305","5881","5881","5881"
"58839","40.282196044921875","40.282196044921875","40.282196044921875","5883","5883","5883"
"58869","40.43727493286133","40.43727493286133","40.43727493286133","5886","5886","5886"
"58899","56.67277908325195","56.67277908325195","56.67277908325195","5889","5889","5889"
"58909","56.58924102783203","56.58924102783203","56.58924102783203","5890","5890","5890"
"58959","35.966312408447266","35.966312408447266","35.966312408447266","5895","5895","5895"
"59019","88.84196472167969","88.84196472167969","88.84196472167969","5901","5901","5901"
"59049","34.549190521240234","34.549190521240234","34.549190521240234","5904","5904","5904"
"59089","44.88019561767578","44.88019561767578","44.88019561767578","5908","5908","5908"
"59099","34.0567626953125","34.0567626953125","34.0567626953125","5909","5909","5909"
"59109","28.75283432006836","28.75283432006836","28.75283432006836","5910","5910","5910"
"59139","45.468563079833984","45.468563079833984","45.468563079833984","5913","5913","5913"
"59159","37.750160217285156","37.750160217285156","37.750160217285156","5915","5915","5915"
"59199","32.80866241455078","32.80866241455078","32.80866241455078","5919","5919","5919"
"59209","33.820533752441406","33.820533752441406","33.820533752441406","5920","5920","5920"
"59219","66.71891021728516","66.71891021728516","66.71891021728516","5921","5921","5921"
"59229","46.26164245605469","46.26164245605469","46.26164245605469","5922","5922","5922"
"59279","46.12296676635742","46.12296676635742","46.12296676635742","5927","5927","5927"
"59309","34.20395278930664","34.20395278930664","34.20395278930664","5930","5930","5930"
"59339","40.76496505737305","40.76496505737305","40.76496505737305","5933","5933","5933"
"59369","35.341861724853516","35.341861724853516","35.341861724853516","5936","5936","5936"
"59379","90.21281433105469","90.21281433105469","90.21281433105469","5937","5937","5937"
"59409","37.10291290283203","37.10291290283203","37.10291290283203","5940","5940","5940"
"59419","30.83518409729004","30.83518409729004","30.83518409729004","5941","5941","5941"
"59429","28.93716049194336","28.93716049194336","28.93716049194336","5942","5942","5942"
"59449","40.12977600097656","40.12977600097656","40.12977600097656","5944","5944","5944"
"59459","31.992521286010742","31.992521286010742","31.992521286010742","5945","5945","5945"
"59469","29.897396087646484","29.897396087646484","29.897396087646484","5946","5946","5946"
"59479","37.287105560302734","37.287105560302734","37.287105560302734","5947","5947","5947"
"59509","31.067502975463867","31.067502975463867","31.067502975463867","5950","5950","5950"
"59529","38.49620819091797","38.49620819091797","38.49620819091797","5952","5952","5952"
"59549","68.86166381835938","68.86166381835938","68.86166381835938","5954","5954","5954"
"59559","40.24650573730469","40.24650573730469","40.24650573730469","5955","5955","5955"
"59569","36.26442337036133","36.26442337036133","36.26442337036133","5956","5956","5956"
"59599","49.45812225341797","49.45812225341797","49.45812225341797","5959","5959","5959"
"59609","34.9623908996582","34.9623908996582","34.9623908996582","5960","5960","5960"
"59619","36.973960876464844","36.973960876464844","36.973960876464844","5961","5961","5961"
"59669","44.74010467529297","44.74010467529297","44.74010467529297","5966","5966","5966"
"59689","25.47874641418457","25.47874641418457","25.47874641418457","5968","5968","5968"
"59699","36.09523010253906","36.09523010253906","36.09523010253906","5969","5969","5969"
"59719","40.91058349609375","40.91058349609375","40.91058349609375","5971","5971","5971"
"59729","57.42335510253906","57.42335510253906","57.42335510253906","5972","5972","5972"
"59759","32.2833251953125","32.2833251953125","32.2833251953125","5975","5975","5975"
"59779","45.712547302246094","45.712547302246094","45.712547302246094","5977","5977","5977"
"59789","35.30110168457031","35.30110168457031","35.30110168457031","5978","5978","5978"
"59799","33.952877044677734","33.952877044677734","33.952877044677734","5979","5979","5979"
"59809","28.242528915405273","28.242528915405273","28.242528915405273","5980","5980","5980"
"59969","29.4117488861084","29.4117488861084","29.4117488861084","5996","5996","5996"
"59999","47.26627731323242","47.26627731323242","47.26627731323242","5999","5999","5999"
"60009","41.33767318725586","41.33767318725586","41.33767318725586","6000","6000","6000"
"60079","30.484237670898438","30.484237670898438","30.484237670898438","6007","6007","6007"
"60099","30.128616333007812","30.128616333007812","30.128616333007812","6009","6009","6009"
"60119","34.9296875","34.9296875","34.9296875","6011","6011","6011"
"60189","29.717540740966797","29.717540740966797","29.717540740966797","6018","6018","6018"
"60219","29.829334259033203","29.829334259033203","29.829334259033203","6021","6021","6021"
"60229","48.96038818359375","48.96038818359375","48.96038818359375","6022","6022","6022"
"60239","36.582542419433594","36.582542419433594","36.582542419433594","6023","6023","6023"
"60249","26.7547664642334","26.7547664642334","26.7547664642334","6024","6024","6024"
"60269","29.210973739624023","29.210973739624023","29.210973739624023","6026","6026","6026"
"60289","33.28278732299805","33.28278732299805","33.28278732299805","6028","6028","6028"
"60319","32.95403289794922","32.95403289794922","32.95403289794922","6031","6031","6031"
"60329","46.3401985168457","46.3401985168457","46.3401985168457","6032","6032","6032"
"60429","30.986186981201172","30.986186981201172","30.986186981201172","6042","6042","6042"
"60439","32.88480758666992","32.88480758666992","32.88480758666992","6043","6043","6043"
"60549","48.67949676513672","48.67949676513672","48.67949676513672","6054","6054","6054"
"60579","27.266571044921875","27.266571044921875","27.266571044921875","6057","6057","6057"
"60599","30.312816619873047","30.312816619873047","30.312816619873047","6059","6059","6059"
"60609","28.302270889282227","28.302270889282227","28.302270889282227","6060","6060","6060"
"60639","29.917072296142578","29.917072296142578","29.917072296142578","6063","6063","6063"
"60689","26.416776657104492","26.416776657104492","26.416776657104492","6068","6068","6068"
"60709","39.37208938598633","39.37208938598633","39.37208938598633","6070","6070","6070"
"60769","29.931095123291016","29.931095123291016","29.931095123291016","6076","6076","6076"
"60779","44.15815353393555","44.15815353393555","44.15815353393555","6077","6077","6077"
"60789","27.169780731201172","27.169780731201172","27.169780731201172","6078","6078","6078"
"60799","37.03163146972656","37.03163146972656","37.03163146972656","6079","6079","6079"
"60829","41.38349151611328","41.38349151611328","41.38349151611328","6082","6082","6082"
"60869","34.303306579589844","34.303306579589844","34.303306579589844","6086","6086","6086"
"60879","34.9340934753418","34.9340934753418","34.9340934753418","6087","6087","6087"
"60899","35.264076232910156","35.264076232910156","35.264076232910156","6089","6089","6089"
"60969","40.443397521972656","40.443397521972656","40.443397521972656","6096","6096","6096"
"61019","28.362730026245117","28.362730026245117","28.362730026245117","6101","6101","6101"
"61039","34.918701171875","34.918701171875","34.918701171875","6103","6103","6103"
"61049","49.238040924072266","49.238040924072266","49.238040924072266","6104","6104","6104"
"61069","39.13636779785156","39.13636779785156","39.13636779785156","6106","6106","6106"
"61149","39.93388748168945","39.93388748168945","39.93388748168945","6114","6114","6114"
"61159","33.165565490722656","33.165565490722656","33.165565490722656","6115","6115","6115"
"61179","47.13062286376953","47.13062286376953","47.13062286376953","6117","6117","6117"
"61209","39.80253601074219","39.80253601074219","39.80253601074219","6120","6120","6120"
"61259","70.60176849365234","70.60176849365234","70.60176849365234","6125","6125","6125"
"61339","46.35658264160156","46.35658264160156","46.35658264160156","6133","6133","6133"
"61349","33.112754821777344","33.112754821777344","33.112754821777344","6134","6134","6134"
"61379","26.148221969604492","26.148221969604492","26.148221969604492","6137","6137","6137"
"61399","32.61274719238281","32.61274719238281","32.61274719238281","6139","6139","6139"
"61429","29.89276695251465","29.89276695251465","29.89276695251465","6142","6142","6142"
"61439","39.53645324707031","39.53645324707031","39.53645324707031","6143","6143","6143"
"61469","33.477149963378906","33.477149963378906","33.477149963378906","6146","6146","6146"
"61479","26.212121963500977","26.212121963500977","26.212121963500977","6147","6147","6147"
"61509","28.401147842407227","28.401147842407227","28.401147842407227","6150","6150","6150"
"61519","28.488422393798828","28.488422393798828","28.488422393798828","6151","6151","6151"
"61529","27.337005615234375","27.337005615234375","27.337005615234375","6152","6152","6152"
"61709","33.5048828125","33.5048828125","33.5048828125","6170","6170","6170"
"61799","25.33966064453125","25.33966064453125","25.33966064453125","6179","6179","6179"
"61829","27.491077423095703","27.491077423095703","27.491077423095703","6182","6182","6182"
"61839","27.07801055908203","27.07801055908203","27.07801055908203","6183","6183","6183"
"61869","36.43574905395508","36.43574905395508","36.43574905395508","6186","6186","6186"
"61879","32.8406982421875","32.8406982421875","32.8406982421875","6187","6187","6187"
"61899","24.018314361572266","24.018314361572266","24.018314361572266","6189","6189","6189"
"61929","48.53104019165039","48.53104019165039","48.53104019165039","6192","6192","6192"
"61939","49.451881408691406","49.451881408691406","49.451881408691406","6193","6193","6193"
"61969","32.04072570800781","32.04072570800781","32.04072570800781","6196","6196","6196"
"62009","33.562252044677734","33.562252044677734","33.562252044677734","6200","6200","6200"
"62019","30.941612243652344","30.941612243652344","30.941612243652344","6201","6201","6201"
"62029","33.2139778137207","33.2139778137207","33.2139778137207","6202","6202","6202"
"62059","31.448379516601562","31.448379516601562","31.448379516601562","6205","6205","6205"
"62069","129.5313720703125","129.5313720703125","129.5313720703125","6206","6206","6206"
"62079","26.086997985839844","26.086997985839844","26.086997985839844","6207","6207","6207"
"62089","40.17082214355469","40.17082214355469","40.17082214355469","6208","6208","6208"
"62119","30.086483001708984","30.086483001708984","30.086483001708984","6211","6211","6211"
"62129","40.746944427490234","40.746944427490234","40.746944427490234","6212","6212","6212"
"62149","40.38545227050781","40.38545227050781","40.38545227050781","6214","6214","6214"
"62169","42.39170455932617","42.39170455932617","42.39170455932617","6216","6216","6216"
"62189","40.15008544921875","40.15008544921875","40.15008544921875","6218","6218","6218"
"62199","32.460121154785156","32.460121154785156","32.460121154785156","6219","6219","6219"
"62219","63.68598556518555","63.68598556518555","63.68598556518555","6221","6221","6221"
"62259","26.434499740600586","26.434499740600586","26.434499740600586","6225","6225","6225"
"62319","32.69374465942383","32.69374465942383","32.69374465942383","6231","6231","6231"
"62329","32.723506927490234","32.723506927490234","32.723506927490234","6232","6232","6232"
"62369","41.88511657714844","41.88511657714844","41.88511657714844","6236","6236","6236"
"62409","38.16804122924805","38.16804122924805","38.16804122924805","6240","6240","6240"
"62419","40.14605712890625","40.14605712890625","40.14605712890625","6241","6241","6241"
"62439","30.011951446533203","30.011951446533203","30.011951446533203","6243","6243","6243"
"62459","35.787227630615234","35.787227630615234","35.787227630615234","6245","6245","6245"
"62499","33.24760818481445","33.24760818481445","33.24760818481445","6249","6249","6249"
"62589","28.3604736328125","28.3604736328125","28.3604736328125","6258","6258","6258"
"62599","33.191307067871094","33.191307067871094","33.191307067871094","6259","6259","6259"
"62619","33.50822448730469","33.50822448730469","33.50822448730469","6261","6261","6261"
"62659","29.03265380859375","29.03265380859375","29.03265380859375","6265","6265","6265"
"62689","33.202030181884766","33.202030181884766","33.202030181884766","6268","6268","6268"
"62699","34.61983108520508","34.61983108520508","34.61983108520508","6269","6269","6269"
"62709","29.822410583496094","29.822410583496094","29.822410583496094","6270","6270","6270"
"62769","42.5728645324707","42.5728645324707","42.5728645324707","6276","6276","6276"
"62809","33.27013397216797","33.27013397216797","33.27013397216797","6280","6280","6280"
"62819","47.545860290527344","47.545860290527344","47.545860290527344","6281","6281","6281"
"62829","39.03202819824219","39.03202819824219","39.03202819824219","6282","6282","6282"
"62849","86.0831298828125","86.0831298828125","86.0831298828125","6284","6284","6284"
"62899","59.16661071777344","59.16661071777344","59.16661071777344","6289","6289","6289"
"62919","34.3550910949707","34.3550910949707","34.3550910949707","6291","6291","6291"
"62939","29.737594604492188","29.737594604492188","29.737594604492188","6293","6293","6293"
"62959","44.21055221557617","44.21055221557617","44.21055221557617","6295","6295","6295"
"62979","40.64442443847656","40.64442443847656","40.64442443847656","6297","6297","6297"
"63059","35.54832458496094","35.54832458496094","35.54832458496094","6305","6305","6305"
"63069","29.879924774169922","29.879924774169922","29.879924774169922","6306","6306","6306"
"63079","62.7678337097168","62.7678337097168","62.7678337097168","6307","6307","6307"
"63099","28.324810028076172","28.324810028076172","28.324810028076172","6309","6309","6309"
"63109","46.43009948730469","46.43009948730469","46.43009948730469","6310","6310","6310"
"63129","46.094181060791016","46.094181060791016","46.094181060791016","6312","6312","6312"
"63169","48.999149322509766","48.999149322509766","48.999149322509766","6316","6316","6316"
"63189","34.99174499511719","34.99174499511719","34.99174499511719","6318","6318","6318"
"63229","42.473270416259766","42.473270416259766","42.473270416259766","6322","6322","6322"
"63289","38.207828521728516","38.207828521728516","38.207828521728516","6328","6328","6328"
"63349","45.39699935913086","45.39699935913086","45.39699935913086","6334","6334","6334"
"63379","39.77851867675781","39.77851867675781","39.77851867675781","6337","6337","6337"
"63409","29.494882583618164","29.494882583618164","29.494882583618164","6340","6340","6340"
"63419","26.537099838256836","26.537099838256836","26.537099838256836","6341","6341","6341"
"63429","43.64524841308594","43.64524841308594","43.64524841308594","6342","6342","6342"
"63439","56.39912414550781","56.39912414550781","56.39912414550781","6343","6343","6343"
"63489","27.65966796875","27.65966796875","27.65966796875","6348","6348","6348"
"63499","47.73154067993164","47.73154067993164","47.73154067993164","6349","6349","6349"
"63519","57.290771484375","57.290771484375","57.290771484375","6351","6351","6351"
"63579","30.68175506591797","30.68175506591797","30.68175506591797","6357","6357","6357"
"63629","43.742774963378906","43.742774963378906","43.742774963378906","6362","6362","6362"
"63709","32.32921600341797","32.32921600341797","32.32921600341797","6370","6370","6370"
"63719","28.587804794311523","28.587804794311523","28.587804794311523","6371","6371","6371"
"63789","26.31134605407715","26.31134605407715","26.31134605407715","6378","6378","6378"
"63809","39.89405822753906","39.89405822753906","39.89405822753906","6380","6380","6380"
"63829","56.804141998291016","56.804141998291016","56.804141998291016","6382","6382","6382"
"63839","44.96521759033203","44.96521759033203","44.96521759033203","6383","6383","6383"
"63869","38.51274871826172","38.51274871826172","38.51274871826172","6386","6386","6386"
"63879","29.92115592956543","29.92115592956543","29.92115592956543","6387","6387","6387"
"63969","40.36414337158203","40.36414337158203","40.36414337158203","6396","6396","6396"
"63999","33.737125396728516","33.737125396728516","33.737125396728516","6399","6399","6399"
"64019","41.48133850097656","41.48133850097656","41.48133850097656","6401","6401","6401"
"64029","36.202415466308594","36.202415466308594","36.202415466308594","6402","6402","6402"
"64059","28.949390411376953","28.949390411376953","28.949390411376953","6405","6405","6405"
"64089","35.286651611328125","35.286651611328125","35.286651611328125","6408","6408","6408"
"64129","37.27228927612305","37.27228927612305","37.27228927612305","6412","6412","6412"
"64149","34.664161682128906","34.664161682128906","34.664161682128906","6414","6414","6414"
"64159","28.531694412231445","28.531694412231445","28.531694412231445","6415","6415","6415"
"64169","45.94399642944336","45.94399642944336","45.94399642944336","6416","6416","6416"
"64179","42.368038177490234","42.368038177490234","42.368038177490234","6417","6417","6417"
"64229","45.9462776184082","45.9462776184082","45.9462776184082","6422","6422","6422"
"64239","33.10993957519531","33.10993957519531","33.10993957519531","6423","6423","6423"
"64269","46.8250732421875","46.8250732421875","46.8250732421875","6426","6426","6426"
"64309","44.99402618408203","44.99402618408203","44.99402618408203","6430","6430","6430"
"64389","41.19319152832031","41.19319152832031","41.19319152832031","6438","6438","6438"
"64399","29.908870697021484","29.908870697021484","29.908870697021484","6439","6439","6439"
"64409","42.679359436035156","42.679359436035156","42.679359436035156","6440","6440","6440"
"64429","34.27867889404297","34.27867889404297","34.27867889404297","6442","6442","6442"
"64469","72.03321838378906","72.03321838378906","72.03321838378906","6446","6446","6446"
"64479","40.89360427856445","40.89360427856445","40.89360427856445","6447","6447","6447"
"64539","26.799270629882812","26.799270629882812","26.799270629882812","6453","6453","6453"
"64549","29.577816009521484","29.577816009521484","29.577816009521484","6454","6454","6454"
"64559","34.4045295715332","34.4045295715332","34.4045295715332","6455","6455","6455"
"64599","41.980682373046875","41.980682373046875","41.980682373046875","6459","6459","6459"
"64639","26.554256439208984","26.554256439208984","26.554256439208984","6463","6463","6463"
"64659","30.45345687866211","30.45345687866211","30.45345687866211","6465","6465","6465"
"64689","30.89908790588379","30.89908790588379","30.89908790588379","6468","6468","6468"
"64699","41.857139587402344","41.857139587402344","41.857139587402344","6469","6469","6469"
"64709","39.71587371826172","39.71587371826172","39.71587371826172","6470","6470","6470"
"64719","27.338912963867188","27.338912963867188","27.338912963867188","6471","6471","6471"
"64739","99.5466537475586","99.5466537475586","99.5466537475586","6473","6473","6473"
"64749","32.39390182495117","32.39390182495117","32.39390182495117","6474","6474","6474"
"64779","25.329269409179688","25.329269409179688","25.329269409179688","6477","6477","6477"
"64809","26.614133834838867","26.614133834838867","26.614133834838867","6480","6480","6480"
"64849","26.813026428222656","26.813026428222656","26.813026428222656","6484","6484","6484"
"64869","27.165464401245117","27.165464401245117","27.165464401245117","6486","6486","6486"
"64909","28.216611862182617","28.216611862182617","28.216611862182617","6490","6490","6490"
"64929","68.95027923583984","68.95027923583984","68.95027923583984","6492","6492","6492"
"64949","29.463054656982422","29.463054656982422","29.463054656982422","6494","6494","6494"
"64959","32.50483322143555","32.50483322143555","32.50483322143555","6495","6495","6495"
"64969","35.19203186035156","35.19203186035156","35.19203186035156","6496","6496","6496"
"65059","28.264440536499023","28.264440536499023","28.264440536499023","6505","6505","6505"
"65079","24.224584579467773","24.224584579467773","24.224584579467773","6507","6507","6507"
"65109","37.843772888183594","37.843772888183594","37.843772888183594","6510","6510","6510"
"65119","68.08553314208984","68.08553314208984","68.08553314208984","6511","6511","6511"
"65149","42.215248107910156","42.215248107910156","42.215248107910156","6514","6514","6514"
"65159","28.770633697509766","28.770633697509766","28.770633697509766","6515","6515","6515"
"65189","31.243030548095703","31.243030548095703","31.243030548095703","6518","6518","6518"
"65209","44.859291076660156","44.859291076660156","44.859291076660156","6520","6520","6520"
"65229","34.06818771362305","34.06818771362305","34.06818771362305","6522","6522","6522"
"65259","39.753662109375","39.753662109375","39.753662109375","6525","6525","6525"
"65269","36.30731964111328","36.30731964111328","36.30731964111328","6526","6526","6526"
"65289","34.0107421875","34.0107421875","34.0107421875","6528","6528","6528"
"65309","37.76997375488281","37.76997375488281","37.76997375488281","6530","6530","6530"
"65349","43.51366424560547","43.51366424560547","43.51366424560547","6534","6534","6534"
"65359","30.969587326049805","30.969587326049805","30.969587326049805","6535","6535","6535"
"65369","31.54086685180664","31.54086685180664","31.54086685180664","6536","6536","6536"
"65379","54.62644958496094","54.62644958496094","54.62644958496094","6537","6537","6537"
"65389","22.962722778320312","22.962722778320312","22.962722778320312","6538","6538","6538"
"65399","30.14563751220703","30.14563751220703","30.14563751220703","6539","6539","6539"
"65429","41.26515197753906","41.26515197753906","41.26515197753906","6542","6542","6542"
"65449","58.362709045410156","58.362709045410156","58.362709045410156","6544","6544","6544"
"65459","33.79920959472656","33.79920959472656","33.79920959472656","6545","6545","6545"
"65519","27.620189666748047","27.620189666748047","27.620189666748047","6551","6551","6551"
"65529","36.06718826293945","36.06718826293945","36.06718826293945","6552","6552","6552"
"65559","26.488313674926758","26.488313674926758","26.488313674926758","6555","6555","6555"
"65569","26.863569259643555","26.863569259643555","26.863569259643555","6556","6556","6556"
"65579","37.116966247558594","37.116966247558594","37.116966247558594","6557","6557","6557"
"65629","55.437923431396484","55.437923431396484","55.437923431396484","6562","6562","6562"
"65659","44.5858039855957","44.5858039855957","44.5858039855957","6565","6565","6565"
"65689","26.63796615600586","26.63796615600586","26.63796615600586","6568","6568","6568"
"65709","48.245628356933594","48.245628356933594","48.245628356933594","6570","6570","6570"
"65759","29.57999038696289","29.57999038696289","29.57999038696289","6575","6575","6575"
"65789","28.225873947143555","28.225873947143555","28.225873947143555","6578","6578","6578"
"65799","31.28815460205078","31.28815460205078","31.28815460205078","6579","6579","6579"
"65809","33.57391357421875","33.57391357421875","33.57391357421875","6580","6580","6580"
"65829","24.34541893005371","24.34541893005371","24.34541893005371","6582","6582","6582"
"65839","32.07663345336914","32.07663345336914","32.07663345336914","6583","6583","6583"
"65849","32.34223556518555","32.34223556518555","32.34223556518555","6584","6584","6584"
"65859","32.85968780517578","32.85968780517578","32.85968780517578","6585","6585","6585"
"65869","38.336212158203125","38.336212158203125","38.336212158203125","6586","6586","6586"
"65889","33.58479690551758","33.58479690551758","33.58479690551758","6588","6588","6588"
"65899","29.306154251098633","29.306154251098633","29.306154251098633","6589","6589","6589"
"65909","29.19989776611328","29.19989776611328","29.19989776611328","6590","6590","6590"
"65959","31.360877990722656","31.360877990722656","31.360877990722656","6595","6595","6595"
"65979","55.984458923339844","55.984458923339844","55.984458923339844","6597","6597","6597"
"66009","29.45864486694336","29.45864486694336","29.45864486694336","6600","6600","6600"
"66029","40.560638427734375","40.560638427734375","40.560638427734375","6602","6602","6602"
"66039","41.13363265991211","41.13363265991211","41.13363265991211","6603","6603","6603"
"66069","31.88493537902832","31.88493537902832","31.88493537902832","6606","6606","6606"
"66099","31.575788497924805","31.575788497924805","31.575788497924805","6609","6609","6609"
"66109","25.426231384277344","25.426231384277344","25.426231384277344","6610","6610","6610"
"66119","25.451385498046875","25.451385498046875","25.451385498046875","6611","6611","6611"
"66219","60.36697769165039","60.36697769165039","60.36697769165039","6621","6621","6621"
"66239","22.669063568115234","22.669063568115234","22.669063568115234","6623","6623","6623"
"66259","29.469070434570312","29.469070434570312","29.469070434570312","6625","6625","6625"
"66269","58.72312927246094","58.72312927246094","58.72312927246094","6626","6626","6626"
"66279","35.003055572509766","35.003055572509766","35.003055572509766","6627","6627","6627"
"66309","28.929611206054688","28.929611206054688","28.929611206054688","6630","6630","6630"
"66339","25.926942825317383","25.926942825317383","25.926942825317383","6633","6633","6633"
"66379","30.117504119873047","30.117504119873047","30.117504119873047","6637","6637","6637"
"66389","22.0716552734375","22.0716552734375","22.0716552734375","6638","6638","6638"
"66439","40.0361213684082","40.0361213684082","40.0361213684082","6643","6643","6643"
"66449","33.68067932128906","33.68067932128906","33.68067932128906","6644","6644","6644"
"66459","33.78458023071289","33.78458023071289","33.78458023071289","6645","6645","6645"
"66509","31.4383602142334","31.4383602142334","31.4383602142334","6650","6650","6650"
"66519","28.398401260375977","28.398401260375977","28.398401260375977","6651","6651","6651"
"66559","35.934288024902344","35.934288024902344","35.934288024902344","6655","6655","6655"
"66569","32.971282958984375","32.971282958984375","32.971282958984375","6656","6656","6656"
"66599","193.40478515625","193.40478515625","193.40478515625","6659","6659","6659"
"66619","30.039588928222656","30.039588928222656","30.039588928222656","6661","6661","6661"
"66639","31.796903610229492","31.796903610229492","31.796903610229492","6663","6663","6663"
"66649","34.4217643737793","34.4217643737793","34.4217643737793","6664","6664","6664"
"66709","27.571857452392578","27.571857452392578","27.571857452392578","6670","6670","6670"
"66729","44.01797103881836","44.01797103881836","44.01797103881836","6672","6672","6672"
"66739","41.26789855957031","41.26789855957031","41.26789855957031","6673","6673","6673"
"66769","24.51761245727539","24.51761245727539","24.51761245727539","6676","6676","6676"
"66789","72.41390991210938","72.41390991210938","72.41390991210938","6678","6678","6678"
"66809","47.603187561035156","47.603187561035156","47.603187561035156","6680","6680","6680"
"66819","28.379287719726562","28.379287719726562","28.379287719726562","6681","6681","6681"
"66849","39.48808670043945","39.48808670043945","39.48808670043945","6684","6684","6684"
"66859","24.845661163330078","24.845661163330078","24.845661163330078","6685","6685","6685"
"66889","34.71872329711914","34.71872329711914","34.71872329711914","6688","6688","6688"
"66919","53.95359802246094","53.95359802246094","53.95359802246094","6691","6691","6691"
"66929","24.692373275756836","24.692373275756836","24.692373275756836","6692","6692","6692"
"66939","36.42807388305664","36.42807388305664","36.42807388305664","6693","6693","6693"
"66949","28.755931854248047","28.755931854248047","28.755931854248047","6694","6694","6694"
"66959","38.70267105102539","38.70267105102539","38.70267105102539","6695","6695","6695"
"67009","35.32327651977539","35.32327651977539","35.32327651977539","6700","6700","6700"
"67069","32.741111755371094","32.741111755371094","32.741111755371094","6706","6706","6706"
"67099","46.96707534790039","46.96707534790039","46.96707534790039","6709","6709","6709"
"67119","52.25666046142578","52.25666046142578","52.25666046142578","6711","6711","6711"
"67149","45.1841926574707","45.1841926574707","45.1841926574707","6714","6714","6714"
"67159","28.6976261138916","28.6976261138916","28.6976261138916","6715","6715","6715"
"67169","25.385046005249023","25.385046005249023","25.385046005249023","6716","6716","6716"
"67179","36.61066818237305","36.61066818237305","36.61066818237305","6717","6717","6717"
"67189","33.842281341552734","33.842281341552734","33.842281341552734","6718","6718","6718"
"67199","31.943567276000977","31.943567276000977","31.943567276000977","6719","6719","6719"
"67229","30.31732940673828","30.31732940673828","30.31732940673828","6722","6722","6722"
"67279","25.9534912109375","25.9534912109375","25.9534912109375","6727","6727","6727"
"67299","30.116790771484375","30.116790771484375","30.116790771484375","6729","6729","6729"
"67339","35.98291015625","35.98291015625","35.98291015625","6733","6733","6733"
"67369","53.83555603027344","53.83555603027344","53.83555603027344","6736","6736","6736"
"67379","35.53277587890625","35.53277587890625","35.53277587890625","6737","6737","6737"
"67429","33.39474105834961","33.39474105834961","33.39474105834961","6742","6742","6742"
"67439","24.142484664916992","24.142484664916992","24.142484664916992","6743","6743","6743"
"67469","31.005069732666016","31.005069732666016","31.005069732666016","6746","6746","6746"
"67479","85.48565673828125","85.48565673828125","85.48565673828125","6747","6747","6747"
"67499","43.665550231933594","43.665550231933594","43.665550231933594","6749","6749","6749"
"67569","41.062870025634766","41.062870025634766","41.062870025634766","6756","6756","6756"
"67599","42.38496398925781","42.38496398925781","42.38496398925781","6759","6759","6759"
"67629","44.52550506591797","44.52550506591797","44.52550506591797","6762","6762","6762"
"67639","39.806114196777344","39.806114196777344","39.806114196777344","6763","6763","6763"
"67669","28.00525665283203","28.00525665283203","28.00525665283203","6766","6766","6766"
"67679","26.337142944335938","26.337142944335938","26.337142944335938","6767","6767","6767"
"67759","31.2427921295166","31.2427921295166","31.2427921295166","6775","6775","6775"
"67769","37.504329681396484","37.504329681396484","37.504329681396484","6776","6776","6776"
"67789","27.33115005493164","27.33115005493164","27.33115005493164","6778","6778","6778"
"67809","34.48158645629883","34.48158645629883","34.48158645629883","6780","6780","6780"
"67829","32.33710861206055","32.33710861206055","32.33710861206055","6782","6782","6782"
"67839","43.40809631347656","43.40809631347656","43.40809631347656","6783","6783","6783"
"67869","45.7646484375","45.7646484375","45.7646484375","6786","6786","6786"
"67899","27.40642738342285","27.40642738342285","27.40642738342285","6789","6789","6789"
"67929","36.852294921875","36.852294921875","36.852294921875","6792","6792","6792"
"67949","37.84421157836914","37.84421157836914","37.84421157836914","6794","6794","6794"
"67979","28.580764770507812","28.580764770507812","28.580764770507812","6797","6797","6797"
"68009","32.52850341796875","32.52850341796875","32.52850341796875","6800","6800","6800"
"68029","39.607627868652344","39.607627868652344","39.607627868652344","6802","6802","6802"
"68039","30.952821731567383","30.952821731567383","30.952821731567383","6803","6803","6803"
"68059","26.168760299682617","26.168760299682617","26.168760299682617","6805","6805","6805"
"68099","74.00070190429688","74.00070190429688","74.00070190429688","6809","6809","6809"
"68119","27.515697479248047","27.515697479248047","27.515697479248047","6811","6811","6811"
"68159","34.56816482543945","34.56816482543945","34.56816482543945","6815","6815","6815"
"68199","31.774051666259766","31.774051666259766","31.774051666259766","6819","6819","6819"
"68219","41.86610794067383","41.86610794067383","41.86610794067383","6821","6821","6821"
"68239","32.625511169433594","32.625511169433594","32.625511169433594","6823","6823","6823"
"68269","28.041324615478516","28.041324615478516","28.041324615478516","6826","6826","6826"
"68279","34.020835876464844","34.020835876464844","34.020835876464844","6827","6827","6827"
"68289","53.63560485839844","53.63560485839844","53.63560485839844","6828","6828","6828"
"68299","36.636573791503906","36.636573791503906","36.636573791503906","6829","6829","6829"
"68309","26.652969360351562","26.652969360351562","26.652969360351562","6830","6830","6830"
"68329","31.211631774902344","31.211631774902344","31.211631774902344","6832","6832","6832"
"68349","22.476234436035156","22.476234436035156","22.476234436035156","6834","6834","6834"
"68369","33.88078689575195","33.88078689575195","33.88078689575195","6836","6836","6836"
"68449","29.735876083374023","29.735876083374023","29.735876083374023","6844","6844","6844"
"68459","29.893949508666992","29.893949508666992","29.893949508666992","6845","6845","6845"
"68509","30.121110916137695","30.121110916137695","30.121110916137695","6850","6850","6850"
"68559","56.40311050415039","56.40311050415039","56.40311050415039","6855","6855","6855"
"68609","41.78603744506836","41.78603744506836","41.78603744506836","6860","6860","6860"
"68679","73.21293640136719","73.21293640136719","73.21293640136719","6867","6867","6867"
"68689","32.012718200683594","32.012718200683594","32.012718200683594","6868","6868","6868"
"68699","33.25261688232422","33.25261688232422","33.25261688232422","6869","6869","6869"
"68739","32.702335357666016","32.702335357666016","32.702335357666016","6873","6873","6873"
"68749","43.19087219238281","43.19087219238281","43.19087219238281","6874","6874","6874"
"68759","44.03729248046875","44.03729248046875","44.03729248046875","6875","6875","6875"
"68819","35.788917541503906","35.788917541503906","35.788917541503906","6881","6881","6881"
"68829","34.20068359375","34.20068359375","34.20068359375","6882","6882","6882"
"68859","34.61761474609375","34.61761474609375","34.61761474609375","6885","6885","6885"
"68869","40.57740783691406","40.57740783691406","40.57740783691406","6886","6886","6886"
"68949","26.162757873535156","26.162757873535156","26.162757873535156","6894","6894","6894"
"68959","25.703472137451172","25.703472137451172","25.703472137451172","6895","6895","6895"
"68989","37.4157829284668","37.4157829284668","37.4157829284668","6898","6898","6898"
"68999","31.56355094909668","31.56355094909668","31.56355094909668","6899","6899","6899"
"69009","27.752037048339844","27.752037048339844","27.752037048339844","6900","6900","6900"
"69029","33.8433723449707","33.8433723449707","33.8433723449707","6902","6902","6902"
"69059","42.53183364868164","42.53183364868164","42.53183364868164","6905","6905","6905"
"69069","29.939313888549805","29.939313888549805","29.939313888549805","6906","6906","6906"
"69109","33.85490417480469","33.85490417480469","33.85490417480469","6910","6910","6910"
"69129","33.878456115722656","33.878456115722656","33.878456115722656","6912","6912","6912"
"69149","38.25597381591797","38.25597381591797","38.25597381591797","6914","6914","6914"
"69169","24.995100021362305","24.995100021362305","24.995100021362305","6916","6916","6916"
"69199","35.858802795410156","35.858802795410156","35.858802795410156","6919","6919","6919"
"69209","31.886735916137695","31.886735916137695","31.886735916137695","6920","6920","6920"
"69219","26.74306869506836","26.74306869506836","26.74306869506836","6921","6921","6921"
"69249","34.3825569152832","34.3825569152832","34.3825569152832","6924","6924","6924"
"69319","35.38089370727539","35.38089370727539","35.38089370727539","6931","6931","6931"
"69349","33.29087829589844","33.29087829589844","33.29087829589844","6934","6934","6934"
"69359","34.24544906616211","34.24544906616211","34.24544906616211","6935","6935","6935"
"69369","32.03083038330078","32.03083038330078","32.03083038330078","6936","6936","6936"
"69399","25.011545181274414","25.011545181274414","25.011545181274414","6939","6939","6939"
"69439","39.372745513916016","39.372745513916016","39.372745513916016","6943","6943","6943"
"69449","27.12993621826172","27.12993621826172","27.12993621826172","6944","6944","6944"
"69469","46.63654327392578","46.63654327392578","46.63654327392578","6946","6946","6946"
"69479","35.31120300292969","35.31120300292969","35.31120300292969","6947","6947","6947"
"69509","28.421070098876953","28.421070098876953","28.421070098876953","6950","6950","6950"
"69559","46.74053955078125","46.74053955078125","46.74053955078125","6955","6955","6955"
"69589","30.28373146057129","30.28373146057129","30.28373146057129","6958","6958","6958"
"69619","30.72467803955078","30.72467803955078","30.72467803955078","6961","6961","6961"
"69659","28.425621032714844","28.425621032714844","28.425621032714844","6965","6965","6965"
"69669","25.28849983215332","25.28849983215332","25.28849983215332","6966","6966","6966"
"69689","67.41988372802734","67.41988372802734","67.41988372802734","6968","6968","6968"
"69719","29.1611328125","29.1611328125","29.1611328125","6971","6971","6971"
"69739","24.804954528808594","24.804954528808594","24.804954528808594","6973","6973","6973"
"69759","39.53054428100586","39.53054428100586","39.53054428100586","6975","6975","6975"
"69809","53.46700668334961","53.46700668334961","53.46700668334961","6980","6980","6980"
"69849","31.436546325683594","31.436546325683594","31.436546325683594","6984","6984","6984"
"69859","27.813373565673828","27.813373565673828","27.813373565673828","6985","6985","6985"
"69879","33.56442642211914","33.56442642211914","33.56442642211914","6987","6987","6987"
"69889","24.465621948242188","24.465621948242188","24.465621948242188","6988","6988","6988"
"69899","47.727256774902344","47.727256774902344","47.727256774902344","6989","6989","6989"
"69909","29.865047454833984","29.865047454833984","29.865047454833984","6990","6990","6990"
"69949","35.21878433227539","35.21878433227539","35.21878433227539","6994","6994","6994"
"70029","38.99577713012695","38.99577713012695","38.99577713012695","7002","7002","7002"
"70039","42.06553649902344","42.06553649902344","42.06553649902344","7003","7003","7003"
"70049","48.22780990600586","48.22780990600586","48.22780990600586","7004","7004","7004"
"70059","38.193851470947266","38.193851470947266","38.193851470947266","7005","7005","7005"
"70079","40.46232604980469","40.46232604980469","40.46232604980469","7007","7007","7007"
"70109","29.84792709350586","29.84792709350586","29.84792709350586","7010","7010","7010"
"70119","34.981590270996094","34.981590270996094","34.981590270996094","7011","7011","7011"
"70139","62.53252029418945","62.53252029418945","62.53252029418945","7013","7013","7013"
"70179","31.93470573425293","31.93470573425293","31.93470573425293","7017","7017","7017"
"70189","32.64731979370117","32.64731979370117","32.64731979370117","7018","7018","7018"
"70229","40.32243347167969","40.32243347167969","40.32243347167969","7022","7022","7022"
"70259","33.46450424194336","33.46450424194336","33.46450424194336","7025","7025","7025"
"70299","25.990657806396484","25.990657806396484","25.990657806396484","7029","7029","7029"
"70379","42.41058349609375","42.41058349609375","42.41058349609375","7037","7037","7037"
"70409","28.697965621948242","28.697965621948242","28.697965621948242","7040","7040","7040"
"70419","31.085054397583008","31.085054397583008","31.085054397583008","7041","7041","7041"
"70489","35.35673141479492","35.35673141479492","35.35673141479492","7048","7048","7048"
"70519","40.5684814453125","40.5684814453125","40.5684814453125","7051","7051","7051"
"70569","35.650150299072266","35.650150299072266","35.650150299072266","7056","7056","7056"
"70599","30.796424865722656","30.796424865722656","30.796424865722656","7059","7059","7059"
"70619","36.72092819213867","36.72092819213867","36.72092819213867","7061","7061","7061"
"70629","25.435222625732422","25.435222625732422","25.435222625732422","7062","7062","7062"
"70649","31.681011199951172","31.681011199951172","31.681011199951172","7064","7064","7064"
"70669","30.94863510131836","30.94863510131836","30.94863510131836","7066","7066","7066"
"70709","55.43309783935547","55.43309783935547","55.43309783935547","7070","7070","7070"
"70739","28.72905731201172","28.72905731201172","28.72905731201172","7073","7073","7073"
"70779","40.957481384277344","40.957481384277344","40.957481384277344","7077","7077","7077"
"70819","38.89419937133789","38.89419937133789","38.89419937133789","7081","7081","7081"
"70829","26.72710418701172","26.72710418701172","26.72710418701172","7082","7082","7082"
"70839","32.57265853881836","32.57265853881836","32.57265853881836","7083","7083","7083"
"70879","31.43441390991211","31.43441390991211","31.43441390991211","7087","7087","7087"
"70899","30.17186164855957","30.17186164855957","30.17186164855957","7089","7089","7089"
"70909","42.81883239746094","42.81883239746094","42.81883239746094","7090","7090","7090"
"70919","29.62075424194336","29.62075424194336","29.62075424194336","7091","7091","7091"
"70949","21.464807510375977","21.464807510375977","21.464807510375977","7094","7094","7094"
"70979","27.17695426940918","27.17695426940918","27.17695426940918","7097","7097","7097"
"71129","35.46961975097656","35.46961975097656","35.46961975097656","7112","7112","7112"
"71149","30.68942642211914","30.68942642211914","30.68942642211914","7114","7114","7114"
"71199","33.117950439453125","33.117950439453125","33.117950439453125","7119","7119","7119"
"71219","31.728118896484375","31.728118896484375","31.728118896484375","7121","7121","7121"
"71259","28.015377044677734","28.015377044677734","28.015377044677734","7125","7125","7125"
"71289","26.995582580566406","26.995582580566406","26.995582580566406","7128","7128","7128"
"71319","23.92450523376465","23.92450523376465","23.92450523376465","7131","7131","7131"
"71329","26.82378387451172","26.82378387451172","26.82378387451172","7132","7132","7132"
"71369","25.924102783203125","25.924102783203125","25.924102783203125","7136","7136","7136"
"71379","22.181808471679688","22.181808471679688","22.181808471679688","7137","7137","7137"
"71409","67.45454406738281","67.45454406738281","67.45454406738281","7140","7140","7140"
"71449","29.347692489624023","29.347692489624023","29.347692489624023","7144","7144","7144"
"71499","42.53746795654297","42.53746795654297","42.53746795654297","7149","7149","7149"
"71519","26.3901424407959","26.3901424407959","26.3901424407959","7151","7151","7151"
"71549","41.30946350097656","41.30946350097656","41.30946350097656","7154","7154","7154"
"71599","27.141281127929688","27.141281127929688","27.141281127929688","7159","7159","7159"
"71609","45.505401611328125","45.505401611328125","45.505401611328125","7160","7160","7160"
"71629","53.33482360839844","53.33482360839844","53.33482360839844","7162","7162","7162"
"71649","31.52437973022461","31.52437973022461","31.52437973022461","7164","7164","7164"
"71669","38.94353485107422","38.94353485107422","38.94353485107422","7166","7166","7166"
"71689","24.386829376220703","24.386829376220703","24.386829376220703","7168","7168","7168"
"71739","27.548301696777344","27.548301696777344","27.548301696777344","7173","7173","7173"
"71749","35.994747161865234","35.994747161865234","35.994747161865234","7174","7174","7174"
"71769","31.94135284423828","31.94135284423828","31.94135284423828","7176","7176","7176"
"71869","60.1645622253418","60.1645622253418","60.1645622253418","7186","7186","7186"
"71889","37.711971282958984","37.711971282958984","37.711971282958984","7188","7188","7188"
"71909","33.259803771972656","33.259803771972656","33.259803771972656","7190","7190","7190"
"71939","50.21748352050781","50.21748352050781","50.21748352050781","7193","7193","7193"
"71949","29.94042205810547","29.94042205810547","29.94042205810547","7194","7194","7194"
"71969","22.15260887145996","22.15260887145996","22.15260887145996","7196","7196","7196"
"71989","31.927579879760742","31.927579879760742","31.927579879760742","7198","7198","7198"
"72009","44.40892791748047","44.40892791748047","44.40892791748047","7200","7200","7200"
"72059","42.20446014404297","42.20446014404297","42.20446014404297","7205","7205","7205"
"72069","40.34125900268555","40.34125900268555","40.34125900268555","7206","7206","7206"
"72079","32.06436538696289","32.06436538696289","32.06436538696289","7207","7207","7207"
"72089","35.034690856933594","35.034690856933594","35.034690856933594","7208","7208","7208"
"72109","27.060762405395508","27.060762405395508","27.060762405395508","7210","7210","7210"
"72129","29.435611724853516","29.435611724853516","29.435611724853516","7212","7212","7212"
"72139","32.96473693847656","32.96473693847656","32.96473693847656","7213","7213","7213"
"72149","33.839420318603516","33.839420318603516","33.839420318603516","7214","7214","7214"
"72209","38.663787841796875","38.663787841796875","38.663787841796875","7220","7220","7220"
"72269","25.14394760131836","25.14394760131836","25.14394760131836","7226","7226","7226"
"72299","22.429088592529297","22.429088592529297","22.429088592529297","7229","7229","7229"
"72349","41.0765380859375","41.0765380859375","41.0765380859375","7234","7234","7234"
"72359","60.762229919433594","60.762229919433594","60.762229919433594","7235","7235","7235"
"72369","29.151329040527344","29.151329040527344","29.151329040527344","7236","7236","7236"
"72389","59.55668640136719","59.55668640136719","59.55668640136719","7238","7238","7238"
"72399","30.7900390625","30.7900390625","30.7900390625","7239","7239","7239"
"72409","26.759490966796875","26.759490966796875","26.759490966796875","7240","7240","7240"
"72419","29.246904373168945","29.246904373168945","29.246904373168945","7241","7241","7241"
"72429","31.6982421875","31.6982421875","31.6982421875","7242","7242","7242"
"72449","22.977426528930664","22.977426528930664","22.977426528930664","7244","7244","7244"
"72459","34.523902893066406","34.523902893066406","34.523902893066406","7245","7245","7245"
"72469","28.796327590942383","28.796327590942383","28.796327590942383","7246","7246","7246"
"72479","37.29231262207031","37.29231262207031","37.29231262207031","7247","7247","7247"
"72489","38.583805084228516","38.583805084228516","38.583805084228516","7248","7248","7248"
"72499","31.595033645629883","31.595033645629883","31.595033645629883","7249","7249","7249"
"72519","41.19051742553711","41.19051742553711","41.19051742553711","7251","7251","7251"
"72539","53.28313446044922","53.28313446044922","53.28313446044922","7253","7253","7253"
"72549","32.87422561645508","32.87422561645508","32.87422561645508","7254","7254","7254"
"72609","25.696372985839844","25.696372985839844","25.696372985839844","7260","7260","7260"
"72639","27.011934280395508","27.011934280395508","27.011934280395508","7263","7263","7263"
"72649","44.26837921142578","44.26837921142578","44.26837921142578","7264","7264","7264"
"72659","33.56476593017578","33.56476593017578","33.56476593017578","7265","7265","7265"
"72689","26.207693099975586","26.207693099975586","26.207693099975586","7268","7268","7268"
"72699","34.101558685302734","34.101558685302734","34.101558685302734","7269","7269","7269"
"72749","27.78162956237793","27.78162956237793","27.78162956237793","7274","7274","7274"
"72759","26.72503662109375","26.72503662109375","26.72503662109375","7275","7275","7275"
"72779","29.10040283203125","29.10040283203125","29.10040283203125","7277","7277","7277"
"72789","37.694759368896484","37.694759368896484","37.694759368896484","7278","7278","7278"
"72799","28.188261032104492","28.188261032104492","28.188261032104492","7279","7279","7279"
"72809","29.16217803955078","29.16217803955078","29.16217803955078","7280","7280","7280"
"72859","30.924789428710938","30.924789428710938","30.924789428710938","7285","7285","7285"
"72869","32.764060974121094","32.764060974121094","32.764060974121094","7286","7286","7286"
"72909","24.52080535888672","24.52080535888672","24.52080535888672","7290","7290","7290"
"72929","41.850746154785156","41.850746154785156","41.850746154785156","7292","7292","7292"
"72939","60.419036865234375","60.419036865234375","60.419036865234375","7293","7293","7293"
"72959","32.53866958618164","32.53866958618164","32.53866958618164","7295","7295","7295"
"72969","34.8261833190918","34.8261833190918","34.8261833190918","7296","7296","7296"
"72989","26.84210205078125","26.84210205078125","26.84210205078125","7298","7298","7298"
"72999","36.53561782836914","36.53561782836914","36.53561782836914","7299","7299","7299"
"73019","30.841501235961914","30.841501235961914","30.841501235961914","7301","7301","7301"
"73049","28.03657341003418","28.03657341003418","28.03657341003418","7304","7304","7304"
"73089","36.370330810546875","36.370330810546875","36.370330810546875","7308","7308","7308"
"73109","37.17161560058594","37.17161560058594","37.17161560058594","7310","7310","7310"
"73139","28.7298641204834","28.7298641204834","28.7298641204834","7313","7313","7313"
"73159","29.39280128479004","29.39280128479004","29.39280128479004","7315","7315","7315"
"73259","25.407312393188477","25.407312393188477","25.407312393188477","7325","7325","7325"
"73289","25.827503204345703","25.827503204345703","25.827503204345703","7328","7328","7328"
"73299","35.95198059082031","35.95198059082031","35.95198059082031","7329","7329","7329"
"73309","54.97172546386719","54.97172546386719","54.97172546386719","7330","7330","7330"
"73329","30.444469451904297","30.444469451904297","30.444469451904297","7332","7332","7332"
"73409","30.393699645996094","30.393699645996094","30.393699645996094","7340","7340","7340"
"73449","24.99018096923828","24.99018096923828","24.99018096923828","7344","7344","7344"
"73459","30.952518463134766","30.952518463134766","30.952518463134766","7345","7345","7345"
"73479","44.80891036987305","44.80891036987305","44.80891036987305","7347","7347","7347"
"73499","40.10344696044922","40.10344696044922","40.10344696044922","7349","7349","7349"
"73559","35.95802307128906","35.95802307128906","35.95802307128906","7355","7355","7355"
"73579","29.936458587646484","29.936458587646484","29.936458587646484","7357","7357","7357"
"73589","28.171865463256836","28.171865463256836","28.171865463256836","7358","7358","7358"
"73619","37.182796478271484","37.182796478271484","37.182796478271484","7361","7361","7361"
"73649","29.115612030029297","29.115612030029297","29.115612030029297","7364","7364","7364"
"73659","45.87323760986328","45.87323760986328","45.87323760986328","7365","7365","7365"
"73679","33.240787506103516","33.240787506103516","33.240787506103516","7367","7367","7367"
"73739","27.461997985839844","27.461997985839844","27.461997985839844","7373","7373","7373"
"73789","34.164222717285156","34.164222717285156","34.164222717285156","7378","7378","7378"
"73819","31.377151489257812","31.377151489257812","31.377151489257812","7381","7381","7381"
"73839","39.67653274536133","39.67653274536133","39.67653274536133","7383","7383","7383"
"73849","49.63362121582031","49.63362121582031","49.63362121582031","7384","7384","7384"
"73899","40.39537048339844","40.39537048339844","40.39537048339844","7389","7389","7389"
"73909","33.79431915283203","33.79431915283203","33.79431915283203","7390","7390","7390"
"73919","28.230390548706055","28.230390548706055","28.230390548706055","7391","7391","7391"
"73979","36.51673126220703","36.51673126220703","36.51673126220703","7397","7397","7397"
"73999","30.77164077758789","30.77164077758789","30.77164077758789","7399","7399","7399"
"74009","24.500904083251953","24.500904083251953","24.500904083251953","7400","7400","7400"
"74039","35.949031829833984","35.949031829833984","35.949031829833984","7403","7403","7403"
"74079","26.71315574645996","26.71315574645996","26.71315574645996","7407","7407","7407"
"74109","24.231029510498047","24.231029510498047","24.231029510498047","7410","7410","7410"
"74139","29.348731994628906","29.348731994628906","29.348731994628906","7413","7413","7413"
"74159","33.02545166015625","33.02545166015625","33.02545166015625","7415","7415","7415"
"74169","23.728818893432617","23.728818893432617","23.728818893432617","7416","7416","7416"
"74179","54.61249542236328","54.61249542236328","54.61249542236328","7417","7417","7417"
"74199","24.296955108642578","24.296955108642578","24.296955108642578","7419","7419","7419"
"74229","29.531585693359375","29.531585693359375","29.531585693359375","7422","7422","7422"
"74259","45.85095977783203","45.85095977783203","45.85095977783203","7425","7425","7425"
"74289","30.86307144165039","30.86307144165039","30.86307144165039","7428","7428","7428"
"74299","33.926673889160156","33.926673889160156","33.926673889160156","7429","7429","7429"
"74309","45.26073455810547","45.26073455810547","45.26073455810547","7430","7430","7430"
"74319","41.45228576660156","41.45228576660156","41.45228576660156","7431","7431","7431"
"74339","44.66140365600586","44.66140365600586","44.66140365600586","7433","7433","7433"
"74349","37.7467041015625","37.7467041015625","37.7467041015625","7434","7434","7434"
"74359","29.901016235351562","29.901016235351562","29.901016235351562","7435","7435","7435"
"74379","47.34929275512695","47.34929275512695","47.34929275512695","7437","7437","7437"
"74409","42.49260711669922","42.49260711669922","42.49260711669922","7440","7440","7440"
"74419","34.04779815673828","34.04779815673828","34.04779815673828","7441","7441","7441"
"74449","27.16112518310547","27.16112518310547","27.16112518310547","7444","7444","7444"
"74459","30.252294540405273","30.252294540405273","30.252294540405273","7445","7445","7445"
"74519","32.666770935058594","32.666770935058594","32.666770935058594","7451","7451","7451"
"74549","26.387969970703125","26.387969970703125","26.387969970703125","7454","7454","7454"
"74579","28.85846710205078","28.85846710205078","28.85846710205078","7457","7457","7457"
"74589","26.079647064208984","26.079647064208984","26.079647064208984","7458","7458","7458"
"74599","78.776123046875","78.776123046875","78.776123046875","7459","7459","7459"
"74649","37.875518798828125","37.875518798828125","37.875518798828125","7464","7464","7464"
"74709","32.40391540527344","32.40391540527344","32.40391540527344","7470","7470","7470"
"74729","41.33124542236328","41.33124542236328","41.33124542236328","7472","7472","7472"
"74789","24.709896087646484","24.709896087646484","24.709896087646484","7478","7478","7478"
"74819","34.69045639038086","34.69045639038086","34.69045639038086","7481","7481","7481"
"74829","32.458587646484375","32.458587646484375","32.458587646484375","7482","7482","7482"
"74839","36.165348052978516","36.165348052978516","36.165348052978516","7483","7483","7483"
"74889","29.26722526550293","29.26722526550293","29.26722526550293","7488","7488","7488"
"74969","33.659664154052734","33.659664154052734","33.659664154052734","7496","7496","7496"
"74989","34.31177520751953","34.31177520751953","34.31177520751953","7498","7498","7498"
"75019","34.79395294189453","34.79395294189453","34.79395294189453","7501","7501","7501"
"75069","37.229557037353516","37.229557037353516","37.229557037353516","7506","7506","7506"
"75099","44.07164764404297","44.07164764404297","44.07164764404297","7509","7509","7509"
"75109","35.658660888671875","35.658660888671875","35.658660888671875","7510","7510","7510"
"75129","50.00820541381836","50.00820541381836","50.00820541381836","7512","7512","7512"
"75149","34.93941879272461","34.93941879272461","34.93941879272461","7514","7514","7514"
"75159","52.042110443115234","52.042110443115234","52.042110443115234","7515","7515","7515"
"75169","28.0355224609375","28.0355224609375","28.0355224609375","7516","7516","7516"
"75189","37.2920036315918","37.2920036315918","37.2920036315918","7518","7518","7518"
"75209","82.0971450805664","82.0971450805664","82.0971450805664","7520","7520","7520"
"75229","42.978729248046875","42.978729248046875","42.978729248046875","7522","7522","7522"
"75239","34.68350601196289","34.68350601196289","34.68350601196289","7523","7523","7523"
"75269","31.67172622680664","31.67172622680664","31.67172622680664","7526","7526","7526"
"75289","37.68330001831055","37.68330001831055","37.68330001831055","7528","7528","7528"
"75359","40.517494201660156","40.517494201660156","40.517494201660156","7535","7535","7535"
"75369","41.453819274902344","41.453819274902344","41.453819274902344","7536","7536","7536"
"75389","45.220401763916016","45.220401763916016","45.220401763916016","7538","7538","7538"
"75399","43.78791809082031","43.78791809082031","43.78791809082031","7539","7539","7539"
"75479","33.71441650390625","33.71441650390625","33.71441650390625","7547","7547","7547"
"75509","43.095218658447266","43.095218658447266","43.095218658447266","7550","7550","7550"
"75539","32.37145233154297","32.37145233154297","32.37145233154297","7553","7553","7553"
"75569","26.94772720336914","26.94772720336914","26.94772720336914","7556","7556","7556"
"75589","39.924659729003906","39.924659729003906","39.924659729003906","7558","7558","7558"
"75599","26.397109985351562","26.397109985351562","26.397109985351562","7559","7559","7559"
"75609","29.282594680786133","29.282594680786133","29.282594680786133","7560","7560","7560"
"75639","33.327613830566406","33.327613830566406","33.327613830566406","7563","7563","7563"
"75669","25.1428165435791","25.1428165435791","25.1428165435791","7566","7566","7566"
"75679","32.64211654663086","32.64211654663086","32.64211654663086","7567","7567","7567"
"75709","37.81275939941406","37.81275939941406","37.81275939941406","7570","7570","7570"
"75729","26.739763259887695","26.739763259887695","26.739763259887695","7572","7572","7572"
"75749","30.207042694091797","30.207042694091797","30.207042694091797","7574","7574","7574"
"75759","30.044776916503906","30.044776916503906","30.044776916503906","7575","7575","7575"
"75789","27.553138732910156","27.553138732910156","27.553138732910156","7578","7578","7578"
"75849","42.12702560424805","42.12702560424805","42.12702560424805","7584","7584","7584"
"75879","29.688758850097656","29.688758850097656","29.688758850097656","7587","7587","7587"
"75899","39.73529815673828","39.73529815673828","39.73529815673828","7589","7589","7589"
"75919","28.52068519592285","28.52068519592285","28.52068519592285","7591","7591","7591"
"75929","36.281272888183594","36.281272888183594","36.281272888183594","7592","7592","7592"
"75959","31.58542251586914","31.58542251586914","31.58542251586914","7595","7595","7595"
"75999","23.659923553466797","23.659923553466797","23.659923553466797","7599","7599","7599"
"76009","24.533479690551758","24.533479690551758","24.533479690551758","7600","7600","7600"
"76029","34.03070068359375","34.03070068359375","34.03070068359375","7602","7602","7602"
"76069","28.640731811523438","28.640731811523438","28.640731811523438","7606","7606","7606"
"76089","31.558429718017578","31.558429718017578","31.558429718017578","7608","7608","7608"
"76129","28.52787971496582","28.52787971496582","28.52787971496582","7612","7612","7612"
"76139","30.30199432373047","30.30199432373047","30.30199432373047","7613","7613","7613"
"76149","32.229736328125","32.229736328125","32.229736328125","7614","7614","7614"
"76159","31.02465057373047","31.02465057373047","31.02465057373047","7615","7615","7615"
"76179","80.96998596191406","80.96998596191406","80.96998596191406","7617","7617","7617"
"76199","21.907001495361328","21.907001495361328","21.907001495361328","7619","7619","7619"
"76209","48.50926208496094","48.50926208496094","48.50926208496094","7620","7620","7620"
"76219","23.798542022705078","23.798542022705078","23.798542022705078","7621","7621","7621"
"76269","29.467872619628906","29.467872619628906","29.467872619628906","7626","7626","7626"
"76279","38.189388275146484","38.189388275146484","38.189388275146484","7627","7627","7627"
"76299","31.394817352294922","31.394817352294922","31.394817352294922","7629","7629","7629"
"76319","33.959266662597656","33.959266662597656","33.959266662597656","7631","7631","7631"
"76349","39.59520721435547","39.59520721435547","39.59520721435547","7634","7634","7634"
"76379","37.258026123046875","37.258026123046875","37.258026123046875","7637","7637","7637"
"76389","33.28376770019531","33.28376770019531","33.28376770019531","7638","7638","7638"
"76399","23.797639846801758","23.797639846801758","23.797639846801758","7639","7639","7639"
"76419","29.187841415405273","29.187841415405273","29.187841415405273","7641","7641","7641"
"76449","29.454973220825195","29.454973220825195","29.454973220825195","7644","7644","7644"
"76469","45.516963958740234","45.516963958740234","45.516963958740234","7646","7646","7646"
"76479","32.2657585144043","32.2657585144043","32.2657585144043","7647","7647","7647"
"76499","23.878002166748047","23.878002166748047","23.878002166748047","7649","7649","7649"
"76509","31.3155460357666","31.3155460357666","31.3155460357666","7650","7650","7650"
"76529","35.69451904296875","35.69451904296875","35.69451904296875","7652","7652","7652"
"76549","32.06424331665039","32.06424331665039","32.06424331665039","7654","7654","7654"
"76569","41.890499114990234","41.890499114990234","41.890499114990234","7656","7656","7656"
"76599","33.50978469848633","33.50978469848633","33.50978469848633","7659","7659","7659"
"76619","43.60269546508789","43.60269546508789","43.60269546508789","7661","7661","7661"
"76629","39.416221618652344","39.416221618652344","39.416221618652344","7662","7662","7662"
"76679","37.27594757080078","37.27594757080078","37.27594757080078","7667","7667","7667"
"76699","31.83432388305664","31.83432388305664","31.83432388305664","7669","7669","7669"
"76709","31.32834243774414","31.32834243774414","31.32834243774414","7670","7670","7670"
"76719","22.620803833007812","22.620803833007812","22.620803833007812","7671","7671","7671"
"76729","32.57789611816406","32.57789611816406","32.57789611816406","7672","7672","7672"
"76749","34.49578857421875","34.49578857421875","34.49578857421875","7674","7674","7674"
"76759","44.988189697265625","44.988189697265625","44.988189697265625","7675","7675","7675"
"76769","37.68657302856445","37.68657302856445","37.68657302856445","7676","7676","7676"
"76819","29.69622230529785","29.69622230529785","29.69622230529785","7681","7681","7681"
"76849","53.982547760009766","53.982547760009766","53.982547760009766","7684","7684","7684"
"76869","38.90963363647461","38.90963363647461","38.90963363647461","7686","7686","7686"
"76899","24.349292755126953","24.349292755126953","24.349292755126953","7689","7689","7689"
"76909","26.539810180664062","26.539810180664062","26.539810180664062","7690","7690","7690"
"76969","26.82827377319336","26.82827377319336","26.82827377319336","7696","7696","7696"
"77029","32.874759674072266","32.874759674072266","32.874759674072266","7702","7702","7702"
"77039","31.916301727294922","31.916301727294922","31.916301727294922","7703","7703","7703"
"77059","30.120044708251953","30.120044708251953","30.120044708251953","7705","7705","7705"
"77089","27.438138961791992","27.438138961791992","27.438138961791992","7708","7708","7708"
"77109","41.455196380615234","41.455196380615234","41.455196380615234","7710","7710","7710"
"77139","39.933658599853516","39.933658599853516","39.933658599853516","7713","7713","7713"
"77179","32.38992691040039","32.38992691040039","32.38992691040039","7717","7717","7717"
"77209","49.47630310058594","49.47630310058594","49.47630310058594","7720","7720","7720"
"77229","25.33628273010254","25.33628273010254","25.33628273010254","7722","7722","7722"
"77269","45.62622833251953","45.62622833251953","45.62622833251953","7726","7726","7726"
"77279","34.47402572631836","34.47402572631836","34.47402572631836","7727","7727","7727"
"77319","26.081947326660156","26.081947326660156","26.081947326660156","7731","7731","7731"
"77349","31.636877059936523","31.636877059936523","31.636877059936523","7734","7734","7734"
"77379","45.28160095214844","45.28160095214844","45.28160095214844","7737","7737","7737"
"77399","44.737796783447266","44.737796783447266","44.737796783447266","7739","7739","7739"
"77409","31.120141983032227","31.120141983032227","31.120141983032227","7740","7740","7740"
"77519","26.579898834228516","26.579898834228516","26.579898834228516","7751","7751","7751"
"77559","32.82189178466797","32.82189178466797","32.82189178466797","7755","7755","7755"
"77609","29.311471939086914","29.311471939086914","29.311471939086914","7760","7760","7760"
"77619","31.967201232910156","31.967201232910156","31.967201232910156","7761","7761","7761"
"77629","57.33247756958008","57.33247756958008","57.33247756958008","7762","7762","7762"
"77639","39.40994644165039","39.40994644165039","39.40994644165039","7763","7763","7763"
"77649","35.449501037597656","35.449501037597656","35.449501037597656","7764","7764","7764"
"77659","30.766050338745117","30.766050338745117","30.766050338745117","7765","7765","7765"
"77719","38.309959411621094","38.309959411621094","38.309959411621094","7771","7771","7771"
"77769","46.44374465942383","46.44374465942383","46.44374465942383","7776","7776","7776"
"77779","40.241310119628906","40.241310119628906","40.241310119628906","7777","7777","7777"
"77789","37.027671813964844","37.027671813964844","37.027671813964844","7778","7778","7778"
"77799","33.995506286621094","33.995506286621094","33.995506286621094","7779","7779","7779"
"77849","44.22976303100586","44.22976303100586","44.22976303100586","7784","7784","7784"
"77859","31.082181930541992","31.082181930541992","31.082181930541992","7785","7785","7785"
"77899","47.62311553955078","47.62311553955078","47.62311553955078","7789","7789","7789"
"77929","28.452056884765625","28.452056884765625","28.452056884765625","7792","7792","7792"
"77939","43.53294372558594","43.53294372558594","43.53294372558594","7793","7793","7793"
"77949","31.595096588134766","31.595096588134766","31.595096588134766","7794","7794","7794"
"77959","28.578554153442383","28.578554153442383","28.578554153442383","7795","7795","7795"
"77979","45.8667106628418","45.8667106628418","45.8667106628418","7797","7797","7797"
"77999","28.04996109008789","28.04996109008789","28.04996109008789","7799","7799","7799"
"78009","32.459835052490234","32.459835052490234","32.459835052490234","7800","7800","7800"
"78029","29.41620445251465","29.41620445251465","29.41620445251465","7802","7802","7802"
"78069","32.02503967285156","32.02503967285156","32.02503967285156","7806","7806","7806"
"78079","34.98714065551758","34.98714065551758","34.98714065551758","7807","7807","7807"
"78099","26.231555938720703","26.231555938720703","26.231555938720703","7809","7809","7809"
"78109","29.831092834472656","29.831092834472656","29.831092834472656","7810","7810","7810"
"78149","36.641658782958984","36.641658782958984","36.641658782958984","7814","7814","7814"
"78169","34.768280029296875","34.768280029296875","34.768280029296875","7816","7816","7816"
"78239","27.14452362060547","27.14452362060547","27.14452362060547","7823","7823","7823"
"78249","45.068382263183594","45.068382263183594","45.068382263183594","7824","7824","7824"
"78289","29.903514862060547","29.903514862060547","29.903514862060547","7828","7828","7828"
"78329","37.507286071777344","37.507286071777344","37.507286071777344","7832","7832","7832"
"78339","33.64949035644531","33.64949035644531","33.64949035644531","7833","7833","7833"
"78359","37.53327560424805","37.53327560424805","37.53327560424805","7835","7835","7835"
"78379","46.14466094970703","46.14466094970703","46.14466094970703","7837","7837","7837"
"78389","30.109952926635742","30.109952926635742","30.109952926635742","7838","7838","7838"
"78419","27.32256317138672","27.32256317138672","27.32256317138672","7841","7841","7841"
"78439","30.449798583984375","30.449798583984375","30.449798583984375","7843","7843","7843"
"78449","33.72416305541992","33.72416305541992","33.72416305541992","7844","7844","7844"
"78489","47.235450744628906","47.235450744628906","47.235450744628906","7848","7848","7848"
"78509","36.004180908203125","36.004180908203125","36.004180908203125","7850","7850","7850"
"78519","31.259374618530273","31.259374618530273","31.259374618530273","7851","7851","7851"
"78529","29.462852478027344","29.462852478027344","29.462852478027344","7852","7852","7852"
"78539","31.687843322753906","31.687843322753906","31.687843322753906","7853","7853","7853"
"78559","33.076263427734375","33.076263427734375","33.076263427734375","7855","7855","7855"
"78579","30.909454345703125","30.909454345703125","30.909454345703125","7857","7857","7857"
"78589","37.26173400878906","37.26173400878906","37.26173400878906","7858","7858","7858"
"78639","20.639310836791992","20.639310836791992","20.639310836791992","7863","7863","7863"
"78679","31.76494026184082","31.76494026184082","31.76494026184082","7867","7867","7867"
"78699","50.22053527832031","50.22053527832031","50.22053527832031","7869","7869","7869"
"78719","25.754295349121094","25.754295349121094","25.754295349121094","7871","7871","7871"
"78749","23.33085823059082","23.33085823059082","23.33085823059082","7874","7874","7874"
"78759","25.511754989624023","25.511754989624023","25.511754989624023","7875","7875","7875"
"78779","28.041555404663086","28.041555404663086","28.041555404663086","7877","7877","7877"
"78839","27.245849609375","27.245849609375","27.245849609375","7883","7883","7883"
"78859","25.888347625732422","25.888347625732422","25.888347625732422","7885","7885","7885"
"78869","47.9193229675293","47.9193229675293","47.9193229675293","7886","7886","7886"
"78949","27.72452163696289","27.72452163696289","27.72452163696289","7894","7894","7894"
"78979","34.9597053527832","34.9597053527832","34.9597053527832","7897","7897","7897"
"78989","24.804960250854492","24.804960250854492","24.804960250854492","7898","7898","7898"
"79009","35.28728103637695","35.28728103637695","35.28728103637695","7900","7900","7900"
"79019","39.63446044921875","39.63446044921875","39.63446044921875","7901","7901","7901"
"79049","31.47365951538086","31.47365951538086","31.47365951538086","7904","7904","7904"
"79059","30.27754783630371","30.27754783630371","30.27754783630371","7905","7905","7905"
"79089","25.43097686767578","25.43097686767578","25.43097686767578","7908","7908","7908"
"79099","23.49091339111328","23.49091339111328","23.49091339111328","7909","7909","7909"
"79129","29.215333938598633","29.215333938598633","29.215333938598633","7912","7912","7912"
"79139","29.30926513671875","29.30926513671875","29.30926513671875","7913","7913","7913"
"79149","23.51776885986328","23.51776885986328","23.51776885986328","7914","7914","7914"
"79159","39.513877868652344","39.513877868652344","39.513877868652344","7915","7915","7915"
"79179","34.33313751220703","34.33313751220703","34.33313751220703","7917","7917","7917"
"79249","23.752073287963867","23.752073287963867","23.752073287963867","7924","7924","7924"
"79309","27.514541625976562","27.514541625976562","27.514541625976562","7930","7930","7930"
"79339","29.163646697998047","29.163646697998047","29.163646697998047","7933","7933","7933"
"79399","28.323104858398438","28.323104858398438","28.323104858398438","7939","7939","7939"
"79419","33.76494598388672","33.76494598388672","33.76494598388672","7941","7941","7941"
"79459","25.589460372924805","25.589460372924805","25.589460372924805","7945","7945","7945"
"79469","27.78289031982422","27.78289031982422","27.78289031982422","7946","7946","7946"
"79479","30.697546005249023","30.697546005249023","30.697546005249023","7947","7947","7947"
"79489","29.856369018554688","29.856369018554688","29.856369018554688","7948","7948","7948"
"79509","27.531761169433594","27.531761169433594","27.531761169433594","7950","7950","7950"
"79519","34.61732864379883","34.61732864379883","34.61732864379883","7951","7951","7951"
"79539","35.23549270629883","35.23549270629883","35.23549270629883","7953","7953","7953"
"79549","32.14443588256836","32.14443588256836","32.14443588256836","7954","7954","7954"
"79629","25.993162155151367","25.993162155151367","25.993162155151367","7962","7962","7962"
"79659","26.225997924804688","26.225997924804688","26.225997924804688","7965","7965","7965"
"79669","36.673553466796875","36.673553466796875","36.673553466796875","7966","7966","7966"
"79679","32.347503662109375","32.347503662109375","32.347503662109375","7967","7967","7967"
"79719","33.50050735473633","33.50050735473633","33.50050735473633","7971","7971","7971"
"79729","33.88747787475586","33.88747787475586","33.88747787475586","7972","7972","7972"
"79739","31.43014144897461","31.43014144897461","31.43014144897461","7973","7973","7973"
"79889","27.282331466674805","27.282331466674805","27.282331466674805","7988","7988","7988"
"79929","34.098854064941406","34.098854064941406","34.098854064941406","7992","7992","7992"
"79949","39.7606201171875","39.7606201171875","39.7606201171875","7994","7994","7994"
"79969","31.78841209411621","31.78841209411621","31.78841209411621","7996","7996","7996"
"79999","30.54327392578125","30.54327392578125","30.54327392578125","7999","7999","7999"
"80029","27.013317108154297","27.013317108154297","27.013317108154297","8002","8002","8002"
"80039","27.276294708251953","27.276294708251953","27.276294708251953","8003","8003","8003"
"80049","28.06578826904297","28.06578826904297","28.06578826904297","8004","8004","8004"
"80089","31.983226776123047","31.983226776123047","31.983226776123047","8008","8008","8008"
"80099","26.738252639770508","26.738252639770508","26.738252639770508","8009","8009","8009"
"80139","22.10824966430664","22.10824966430664","22.10824966430664","8013","8013","8013"
"80149","32.23728942871094","32.23728942871094","32.23728942871094","8014","8014","8014"
"80189","28.242359161376953","28.242359161376953","28.242359161376953","8018","8018","8018"
"80229","35.46440887451172","35.46440887451172","35.46440887451172","8022","8022","8022"
"80239","45.8720703125","45.8720703125","45.8720703125","8023","8023","8023"
"80279","31.258724212646484","31.258724212646484","31.258724212646484","8027","8027","8027"
"80299","28.371400833129883","28.371400833129883","28.371400833129883","8029","8029","8029"
"80329","24.89358139038086","24.89358139038086","24.89358139038086","8032","8032","8032"
"80339","23.082828521728516","23.082828521728516","23.082828521728516","8033","8033","8033"
"80359","24.509822845458984","24.509822845458984","24.509822845458984","8035","8035","8035"
"80369","31.6618595123291","31.6618595123291","31.6618595123291","8036","8036","8036"
"80439","34.67523193359375","34.67523193359375","34.67523193359375","8043","8043","8043"
"80489","35.562416076660156","35.562416076660156","35.562416076660156","8048","8048","8048"
"80509","25.574562072753906","25.574562072753906","25.574562072753906","8050","8050","8050"
"80529","23.36391258239746","23.36391258239746","23.36391258239746","8052","8052","8052"
"80559","25.069730758666992","25.069730758666992","25.069730758666992","8055","8055","8055"
"80599","26.461997985839844","26.461997985839844","26.461997985839844","8059","8059","8059"
"80609","46.754573822021484","46.754573822021484","46.754573822021484","8060","8060","8060"
"80649","26.621646881103516","26.621646881103516","26.621646881103516","8064","8064","8064"
"80669","31.699764251708984","31.699764251708984","31.699764251708984","8066","8066","8066"
"80679","29.371252059936523","29.371252059936523","29.371252059936523","8067","8067","8067"
"80739","36.315948486328125","36.315948486328125","36.315948486328125","8073","8073","8073"
"80749","21.682601928710938","21.682601928710938","21.682601928710938","8074","8074","8074"
"80759","33.326141357421875","33.326141357421875","33.326141357421875","8075","8075","8075"
"80799","40.3871955871582","40.3871955871582","40.3871955871582","8079","8079","8079"
"80819","30.311729431152344","30.311729431152344","30.311729431152344","8081","8081","8081"
"80859","39.521484375","39.521484375","39.521484375","8085","8085","8085"
"80869","30.8719482421875","30.8719482421875","30.8719482421875","8086","8086","8086"
"80889","31.033063888549805","31.033063888549805","31.033063888549805","8088","8088","8088"
"80909","27.111495971679688","27.111495971679688","27.111495971679688","8090","8090","8090"
"80919","37.08687210083008","37.08687210083008","37.08687210083008","8091","8091","8091"
"80929","40.40558624267578","40.40558624267578","40.40558624267578","8092","8092","8092"
"80959","29.719051361083984","29.719051361083984","29.719051361083984","8095","8095","8095"
"80969","32.52560806274414","32.52560806274414","32.52560806274414","8096","8096","8096"
"81019","39.68320083618164","39.68320083618164","39.68320083618164","8101","8101","8101"
"81059","33.85971450805664","33.85971450805664","33.85971450805664","8105","8105","8105"
"81069","42.463897705078125","42.463897705078125","42.463897705078125","8106","8106","8106"
"81079","38.876861572265625","38.876861572265625","38.876861572265625","8107","8107","8107"
"81089","36.20783615112305","36.20783615112305","36.20783615112305","8108","8108","8108"
"81099","43.62277603149414","43.62277603149414","43.62277603149414","8109","8109","8109"
"81119","25.00177001953125","25.00177001953125","25.00177001953125","8111","8111","8111"
"81129","35.953346252441406","35.953346252441406","35.953346252441406","8112","8112","8112"
"81149","40.6928596496582","40.6928596496582","40.6928596496582","8114","8114","8114"
"81189","24.7734375","24.7734375","24.7734375","8118","8118","8118"
"81199","22.903839111328125","22.903839111328125","22.903839111328125","8119","8119","8119"
"81299","30.956279754638672","30.956279754638672","30.956279754638672","8129","8129","8129"
"81339","22.425994873046875","22.425994873046875","22.425994873046875","8133","8133","8133"
"81359","25.64097023010254","25.64097023010254","25.64097023010254","8135","8135","8135"
"81369","30.451011657714844","30.451011657714844","30.451011657714844","8136","8136","8136"
"81399","30.417030334472656","30.417030334472656","30.417030334472656","8139","8139","8139"
"81439","34.02825927734375","34.02825927734375","34.02825927734375","8143","8143","8143"
"81459","36.35795974731445","36.35795974731445","36.35795974731445","8145","8145","8145"
"81479","43.28101348876953","43.28101348876953","43.28101348876953","8147","8147","8147"
"81489","25.002460479736328","25.002460479736328","25.002460479736328","8148","8148","8148"
"81499","28.2913875579834","28.2913875579834","28.2913875579834","8149","8149","8149"
"81519","32.82032775878906","32.82032775878906","32.82032775878906","8151","8151","8151"
"81529","37.21279525756836","37.21279525756836","37.21279525756836","8152","8152","8152"
"81539","37.157569885253906","37.157569885253906","37.157569885253906","8153","8153","8153"
"81589","29.208168029785156","29.208168029785156","29.208168029785156","8158","8158","8158"
"81609","28.16884994506836","28.16884994506836","28.16884994506836","8160","8160","8160"
"81669","32.09173583984375","32.09173583984375","32.09173583984375","8166","8166","8166"
"81679","33.82273864746094","33.82273864746094","33.82273864746094","8167","8167","8167"
"81759","30.879541397094727","30.879541397094727","30.879541397094727","8175","8175","8175"
"81789","37.13168716430664","37.13168716430664","37.13168716430664","8178","8178","8178"
"81809","34.27431106567383","34.27431106567383","34.27431106567383","8180","8180","8180"
"81839","32.19308090209961","32.19308090209961","32.19308090209961","8183","8183","8183"
"81869","25.225616455078125","25.225616455078125","25.225616455078125","8186","8186","8186"
"81889","40.10898208618164","40.10898208618164","40.10898208618164","8188","8188","8188"
"81899","33.554080963134766","33.554080963134766","33.554080963134766","8189","8189","8189"
"81919","26.89334487915039","26.89334487915039","26.89334487915039","8191","8191","8191"
"81929","23.673019409179688","23.673019409179688","23.673019409179688","8192","8192","8192"
"81959","55.37735366821289","55.37735366821289","55.37735366821289","8195","8195","8195"
"81969","28.73287010192871","28.73287010192871","28.73287010192871","8196","8196","8196"
"81979","37.968990325927734","37.968990325927734","37.968990325927734","8197","8197","8197"
"81989","47.433353424072266","47.433353424072266","47.433353424072266","8198","8198","8198"
"82029","54.14219665527344","54.14219665527344","54.14219665527344","8202","8202","8202"
"82049","52.387939453125","52.387939453125","52.387939453125","8204","8204","8204"
"82069","30.045246124267578","30.045246124267578","30.045246124267578","8206","8206","8206"
"82079","32.85063171386719","32.85063171386719","32.85063171386719","8207","8207","8207"
"82099","30.052913665771484","30.052913665771484","30.052913665771484","8209","8209","8209"
"82129","30.66675567626953","30.66675567626953","30.66675567626953","8212","8212","8212"
"82149","40.059104919433594","40.059104919433594","40.059104919433594","8214","8214","8214"
"82159","30.458454132080078","30.458454132080078","30.458454132080078","8215","8215","8215"
"82179","22.860393524169922","22.860393524169922","22.860393524169922","8217","8217","8217"
"82199","31.314395904541016","31.314395904541016","31.314395904541016","8219","8219","8219"
"82209","40.02555847167969","40.02555847167969","40.02555847167969","8220","8220","8220"
"82239","36.23047637939453","36.23047637939453","36.23047637939453","8223","8223","8223"
"82259","25.504718780517578","25.504718780517578","25.504718780517578","8225","8225","8225"
"82289","31.47989273071289","31.47989273071289","31.47989273071289","8228","8228","8228"
"82309","43.167667388916016","43.167667388916016","43.167667388916016","8230","8230","8230"
"82319","36.84510040283203","36.84510040283203","36.84510040283203","8231","8231","8231"
"82359","37.020774841308594","37.020774841308594","37.020774841308594","8235","8235","8235"
"82389","37.859291076660156","37.859291076660156","37.859291076660156","8238","8238","8238"
"82409","28.354001998901367","28.354001998901367","28.354001998901367","8240","8240","8240"
"82469","33.78126525878906","33.78126525878906","33.78126525878906","8246","8246","8246"
"82509","33.613365173339844","33.613365173339844","33.613365173339844","8250","8250","8250"
"82519","42.1301155090332","42.1301155090332","42.1301155090332","8251","8251","8251"
"82559","32.372398376464844","32.372398376464844","32.372398376464844","8255","8255","8255"
"82569","45.624942779541016","45.624942779541016","45.624942779541016","8256","8256","8256"
"82599","26.630939483642578","26.630939483642578","26.630939483642578","8259","8259","8259"
"82609","29.177631378173828","29.177631378173828","29.177631378173828","8260","8260","8260"
"82639","28.559783935546875","28.559783935546875","28.559783935546875","8263","8263","8263"
"82649","22.548267364501953","22.548267364501953","22.548267364501953","8264","8264","8264"
"82669","30.388629913330078","30.388629913330078","30.388629913330078","8266","8266","8266"
"82679","37.63251876831055","37.63251876831055","37.63251876831055","8267","8267","8267"
"82699","34.22304153442383","34.22304153442383","34.22304153442383","8269","8269","8269"
"82709","26.339330673217773","26.339330673217773","26.339330673217773","8270","8270","8270"
"82719","46.35662841796875","46.35662841796875","46.35662841796875","8271","8271","8271"
"82759","32.32159423828125","32.32159423828125","32.32159423828125","8275","8275","8275"
"82769","34.05048751831055","34.05048751831055","34.05048751831055","8276","8276","8276"
"82799","33.66965103149414","33.66965103149414","33.66965103149414","8279","8279","8279"
"82829","34.50541305541992","34.50541305541992","34.50541305541992","8282","8282","8282"
"82849","27.086589813232422","27.086589813232422","27.086589813232422","8284","8284","8284"
"82879","29.423276901245117","29.423276901245117","29.423276901245117","8287","8287","8287"
"82899","22.460691452026367","22.460691452026367","22.460691452026367","8289","8289","8289"
"82949","23.289981842041016","23.289981842041016","23.289981842041016","8294","8294","8294"
"82959","23.540416717529297","23.540416717529297","23.540416717529297","8295","8295","8295"
"83029","29.395549774169922","29.395549774169922","29.395549774169922","8302","8302","8302"
"83079","31.30646514892578","31.30646514892578","31.30646514892578","8307","8307","8307"
"83119","45.4912223815918","45.4912223815918","45.4912223815918","8311","8311","8311"
"83159","27.311634063720703","27.311634063720703","27.311634063720703","8315","8315","8315"
"83189","29.928993225097656","29.928993225097656","29.928993225097656","8318","8318","8318"
"83219","27.188474655151367","27.188474655151367","27.188474655151367","8321","8321","8321"
"83229","28.1450252532959","28.1450252532959","28.1450252532959","8322","8322","8322"
"83279","41.5504264831543","41.5504264831543","41.5504264831543","8327","8327","8327"
"83289","25.48554801940918","25.48554801940918","25.48554801940918","8328","8328","8328"
"83309","33.577484130859375","33.577484130859375","33.577484130859375","8330","8330","8330"
"83319","42.09950256347656","42.09950256347656","42.09950256347656","8331","8331","8331"
"83329","33.78426742553711","33.78426742553711","33.78426742553711","8332","8332","8332"
"83349","24.248987197875977","24.248987197875977","24.248987197875977","8334","8334","8334"
"83359","23.358173370361328","23.358173370361328","23.358173370361328","8335","8335","8335"
"83369","22.325916290283203","22.325916290283203","22.325916290283203","8336","8336","8336"
"83399","33.50088882446289","33.50088882446289","33.50088882446289","8339","8339","8339"
"83439","35.970340728759766","35.970340728759766","35.970340728759766","8343","8343","8343"
"83469","30.51205825805664","30.51205825805664","30.51205825805664","8346","8346","8346"
"83479","51.33413314819336","51.33413314819336","51.33413314819336","8347","8347","8347"
"83499","29.37529754638672","29.37529754638672","29.37529754638672","8349","8349","8349"
"83529","26.242774963378906","26.242774963378906","26.242774963378906","8352","8352","8352"
"83539","25.746971130371094","25.746971130371094","25.746971130371094","8353","8353","8353"
"83549","25.752979278564453","25.752979278564453","25.752979278564453","8354","8354","8354"
"83569","44.019264221191406","44.019264221191406","44.019264221191406","8356","8356","8356"
"83579","25.46431541442871","25.46431541442871","25.46431541442871","8357","8357","8357"
"83599","31.91327667236328","31.91327667236328","31.91327667236328","8359","8359","8359"
"83629","35.60710525512695","35.60710525512695","35.60710525512695","8362","8362","8362"
"83709","41.073768615722656","41.073768615722656","41.073768615722656","8370","8370","8370"
"83719","34.4917106628418","34.4917106628418","34.4917106628418","8371","8371","8371"
"83729","27.41507339477539","27.41507339477539","27.41507339477539","8372","8372","8372"
"83739","27.6334171295166","27.6334171295166","27.6334171295166","8373","8373","8373"
"83779","38.61629104614258","38.61629104614258","38.61629104614258","8377","8377","8377"
"83889","29.60845184326172","29.60845184326172","29.60845184326172","8388","8388","8388"
"83899","32.11930847167969","32.11930847167969","32.11930847167969","8389","8389","8389"
"83909","32.74049758911133","32.74049758911133","32.74049758911133","8390","8390","8390"
"83919","30.074447631835938","30.074447631835938","30.074447631835938","8391","8391","8391"
"83939","39.080047607421875","39.080047607421875","39.080047607421875","8393","8393","8393"
"83979","35.21148681640625","35.21148681640625","35.21148681640625","8397","8397","8397"
"83989","39.286399841308594","39.286399841308594","39.286399841308594","8398","8398","8398"
"84049","37.505699157714844","37.505699157714844","37.505699157714844","8404","8404","8404"
"84139","24.603910446166992","24.603910446166992","24.603910446166992","8413","8413","8413"
"84169","33.98335647583008","33.98335647583008","33.98335647583008","8416","8416","8416"
"84189","27.92800521850586","27.92800521850586","27.92800521850586","8418","8418","8418"
"84209","31.841920852661133","31.841920852661133","31.841920852661133","8420","8420","8420"
"84219","27.05796241760254","27.05796241760254","27.05796241760254","8421","8421","8421"
"84229","30.576871871948242","30.576871871948242","30.576871871948242","8422","8422","8422"
"84239","36.373741149902344","36.373741149902344","36.373741149902344","8423","8423","8423"
"84249","29.399494171142578","29.399494171142578","29.399494171142578","8424","8424","8424"
"84259","27.51245880126953","27.51245880126953","27.51245880126953","8425","8425","8425"
"84279","32.86738204956055","32.86738204956055","32.86738204956055","8427","8427","8427"
"84309","23.80218505859375","23.80218505859375","23.80218505859375","8430","8430","8430"
"84329","32.410057067871094","32.410057067871094","32.410057067871094","8432","8432","8432"
"84339","35.125144958496094","35.125144958496094","35.125144958496094","8433","8433","8433"
"84349","26.921308517456055","26.921308517456055","26.921308517456055","8434","8434","8434"
"84359","33.239173889160156","33.239173889160156","33.239173889160156","8435","8435","8435"
"84399","23.78499984741211","23.78499984741211","23.78499984741211","8439","8439","8439"
"84409","25.827430725097656","25.827430725097656","25.827430725097656","8440","8440","8440"
"84479","34.293067932128906","34.293067932128906","34.293067932128906","8447","8447","8447"
"84489","27.819194793701172","27.819194793701172","27.819194793701172","8448","8448","8448"
"84499","26.786888122558594","26.786888122558594","26.786888122558594","8449","8449","8449"
"84529","24.927398681640625","24.927398681640625","24.927398681640625","8452","8452","8452"
"84569","28.426982879638672","28.426982879638672","28.426982879638672","8456","8456","8456"
"84579","23.748485565185547","23.748485565185547","23.748485565185547","8457","8457","8457"
"84609","25.789220809936523","25.789220809936523","25.789220809936523","8460","8460","8460"
"84619","33.98427200317383","33.98427200317383","33.98427200317383","8461","8461","8461"
"84669","36.083065032958984","36.083065032958984","36.083065032958984","8466","8466","8466"
"84679","37.13973617553711","37.13973617553711","37.13973617553711","8467","8467","8467"
"84749","26.40584945678711","26.40584945678711","26.40584945678711","8474","8474","8474"
"84759","26.039291381835938","26.039291381835938","26.039291381835938","8475","8475","8475"
"84859","25.178003311157227","25.178003311157227","25.178003311157227","8485","8485","8485"
"84869","31.917129516601562","31.917129516601562","31.917129516601562","8486","8486","8486"
"84919","24.677978515625","24.677978515625","24.677978515625","8491","8491","8491"
"84929","33.288970947265625","33.288970947265625","33.288970947265625","8492","8492","8492"
"84949","27.038461685180664","27.038461685180664","27.038461685180664","8494","8494","8494"
"85029","31.13007164001465","31.13007164001465","31.13007164001465","8502","8502","8502"
"85059","21.553926467895508","21.553926467895508","21.553926467895508","8505","8505","8505"
"85099","31.988609313964844","31.988609313964844","31.988609313964844","8509","8509","8509"
"85109","37.46202850341797","37.46202850341797","37.46202850341797","8510","8510","8510"
"85119","26.66896629333496","26.66896629333496","26.66896629333496","8511","8511","8511"
"85159","27.830078125","27.830078125","27.830078125","8515","8515","8515"
"85229","29.475757598876953","29.475757598876953","29.475757598876953","8522","8522","8522"
"85249","33.97114181518555","33.97114181518555","33.97114181518555","8524","8524","8524"
"85289","31.29097557067871","31.29097557067871","31.29097557067871","8528","8528","8528"
"85309","25.962526321411133","25.962526321411133","25.962526321411133","8530","8530","8530"
"85319","22.84610939025879","22.84610939025879","22.84610939025879","8531","8531","8531"
"85329","23.933414459228516","23.933414459228516","23.933414459228516","8532","8532","8532"
"85339","39.29755783081055","39.29755783081055","39.29755783081055","8533","8533","8533"
"85349","27.123849868774414","27.123849868774414","27.123849868774414","8534","8534","8534"
"85359","22.65340805053711","22.65340805053711","22.65340805053711","8535","8535","8535"
"85379","22.86623764038086","22.86623764038086","22.86623764038086","8537","8537","8537"
"85409","33.69763946533203","33.69763946533203","33.69763946533203","8540","8540","8540"
"85419","23.656375885009766","23.656375885009766","23.656375885009766","8541","8541","8541"
"85449","28.0736026763916","28.0736026763916","28.0736026763916","8544","8544","8544"
"85479","27.35367202758789","27.35367202758789","27.35367202758789","8547","8547","8547"
"85509","31.802650451660156","31.802650451660156","31.802650451660156","8550","8550","8550"
"85519","26.82574462890625","26.82574462890625","26.82574462890625","8551","8551","8551"
"85559","49.775390625","49.775390625","49.775390625","8555","8555","8555"
"85609","25.276351928710938","25.276351928710938","25.276351928710938","8560","8560","8560"
"85689","54.27361297607422","54.27361297607422","54.27361297607422","8568","8568","8568"
"85699","27.23341178894043","27.23341178894043","27.23341178894043","8569","8569","8569"
"85739","32.37105178833008","32.37105178833008","32.37105178833008","8573","8573","8573"
"85799","24.494647979736328","24.494647979736328","24.494647979736328","8579","8579","8579"
"85839","33.03734588623047","33.03734588623047","33.03734588623047","8583","8583","8583"
"85849","33.99970626831055","33.99970626831055","33.99970626831055","8584","8584","8584"
"85899","38.79392623901367","38.79392623901367","38.79392623901367","8589","8589","8589"
"85909","28.592201232910156","28.592201232910156","28.592201232910156","8590","8590","8590"
"85919","38.35127258300781","38.35127258300781","38.35127258300781","8591","8591","8591"
"85929","26.532535552978516","26.532535552978516","26.532535552978516","8592","8592","8592"
"85979","22.482086181640625","22.482086181640625","22.482086181640625","8597","8597","8597"
"86049","35.36334228515625","35.36334228515625","35.36334228515625","8604","8604","8604"
"86099","29.615373611450195","29.615373611450195","29.615373611450195","8609","8609","8609"
"86109","29.767030715942383","29.767030715942383","29.767030715942383","8610","8610","8610"
"86159","27.41118049621582","27.41118049621582","27.41118049621582","8615","8615","8615"
"86199","20.360782623291016","20.360782623291016","20.360782623291016","8619","8619","8619"
"86219","31.222150802612305","31.222150802612305","31.222150802612305","8621","8621","8621"
"86229","27.430463790893555","27.430463790893555","27.430463790893555","8622","8622","8622"
"86279","24.65599250793457","24.65599250793457","24.65599250793457","8627","8627","8627"
"86319","34.554256439208984","34.554256439208984","34.554256439208984","8631","8631","8631"
"86329","33.27855682373047","33.27855682373047","33.27855682373047","8632","8632","8632"
"86369","21.422197341918945","21.422197341918945","21.422197341918945","8636","8636","8636"
"86379","43.84041976928711","43.84041976928711","43.84041976928711","8637","8637","8637"
"86409","44.30615997314453","44.30615997314453","44.30615997314453","8640","8640","8640"
"86439","23.41675567626953","23.41675567626953","23.41675567626953","8643","8643","8643"
"86459","39.2327880859375","39.2327880859375","39.2327880859375","8645","8645","8645"
"86469","22.976486206054688","22.976486206054688","22.976486206054688","8646","8646","8646"
"86479","30.541149139404297","30.541149139404297","30.541149139404297","8647","8647","8647"
"86499","25.428356170654297","25.428356170654297","25.428356170654297","8649","8649","8649"
"86579","24.170053482055664","24.170053482055664","24.170053482055664","8657","8657","8657"
"86609","32.765480041503906","32.765480041503906","32.765480041503906","8660","8660","8660"
"86619","29.598777770996094","29.598777770996094","29.598777770996094","8661","8661","8661"
"86629","26.582252502441406","26.582252502441406","26.582252502441406","8662","8662","8662"
"86639","24.574909210205078","24.574909210205078","24.574909210205078","8663","8663","8663"
"86669","31.65367317199707","31.65367317199707","31.65367317199707","8666","8666","8666"
"86689","47.395179748535156","47.395179748535156","47.395179748535156","8668","8668","8668"
"86699","25.548646926879883","25.548646926879883","25.548646926879883","8669","8669","8669"
"86709","36.974632263183594","36.974632263183594","36.974632263183594","8670","8670","8670"
"86769","37.57559585571289","37.57559585571289","37.57559585571289","8676","8676","8676"
"86779","30.84586524963379","30.84586524963379","30.84586524963379","8677","8677","8677"
"86829","31.259723663330078","31.259723663330078","31.259723663330078","8682","8682","8682"
"86839","36.74335861206055","36.74335861206055","36.74335861206055","8683","8683","8683"
"86849","21.7957706451416","21.7957706451416","21.7957706451416","8684","8684","8684"
"86879","46.26749038696289","46.26749038696289","46.26749038696289","8687","8687","8687"
"86919","30.50506019592285","30.50506019592285","30.50506019592285","8691","8691","8691"
"86929","45.53721237182617","45.53721237182617","45.53721237182617","8692","8692","8692"
"86969","32.32011032104492","32.32011032104492","32.32011032104492","8696","8696","8696"
"86989","23.198532104492188","23.198532104492188","23.198532104492188","8698","8698","8698"
"86999","20.35506820678711","20.35506820678711","20.35506820678711","8699","8699","8699"
"87009","28.961292266845703","28.961292266845703","28.961292266845703","8700","8700","8700"
"87099","26.35655403137207","26.35655403137207","26.35655403137207","8709","8709","8709"
"87109","37.02446365356445","37.02446365356445","37.02446365356445","8710","8710","8710"
"87149","29.69363784790039","29.69363784790039","29.69363784790039","8714","8714","8714"
"87209","41.995399475097656","41.995399475097656","41.995399475097656","8720","8720","8720"
"87229","22.872953414916992","22.872953414916992","22.872953414916992","8722","8722","8722"
"87239","28.324810028076172","28.324810028076172","28.324810028076172","8723","8723","8723"
"87249","24.16061782836914","24.16061782836914","24.16061782836914","8724","8724","8724"
"87279","31.452186584472656","31.452186584472656","31.452186584472656","8727","8727","8727"
"87289","21.97411346435547","21.97411346435547","21.97411346435547","8728","8728","8728"
"87359","26.867874145507812","26.867874145507812","26.867874145507812","8735","8735","8735"
"87369","36.1156120300293","36.1156120300293","36.1156120300293","8736","8736","8736"
"87379","32.03696060180664","32.03696060180664","32.03696060180664","8737","8737","8737"
"87509","33.76960372924805","33.76960372924805","33.76960372924805","8750","8750","8750"
"87529","32.480472564697266","32.480472564697266","32.480472564697266","8752","8752","8752"
"87549","49.32112503051758","49.32112503051758","49.32112503051758","8754","8754","8754"
"87559","48.95979309082031","48.95979309082031","48.95979309082031","8755","8755","8755"
"87639","33.98351287841797","33.98351287841797","33.98351287841797","8763","8763","8763"
"87649","25.066150665283203","25.066150665283203","25.066150665283203","8764","8764","8764"
"87739","29.721790313720703","29.721790313720703","29.721790313720703","8773","8773","8773"
"87749","34.90672302246094","34.90672302246094","34.90672302246094","8774","8774","8774"
"87779","44.07477569580078","44.07477569580078","44.07477569580078","8777","8777","8777"
"87789","24.53622817993164","24.53622817993164","24.53622817993164","8778","8778","8778"
"87819","26.8631649017334","26.8631649017334","26.8631649017334","8781","8781","8781"
"87839","36.3388671875","36.3388671875","36.3388671875","8783","8783","8783"
"87849","42.604164123535156","42.604164123535156","42.604164123535156","8784","8784","8784"
"87879","48.66940689086914","48.66940689086914","48.66940689086914","8787","8787","8787"
"87889","26.518959045410156","26.518959045410156","26.518959045410156","8788","8788","8788"
"87919","24.702224731445312","24.702224731445312","24.702224731445312","8791","8791","8791"
"88009","46.16041564941406","46.16041564941406","46.16041564941406","8800","8800","8800"
"88029","34.54010772705078","34.54010772705078","34.54010772705078","8802","8802","8802"
"88039","32.238128662109375","32.238128662109375","32.238128662109375","8803","8803","8803"
"88059","26.911069869995117","26.911069869995117","26.911069869995117","8805","8805","8805"
"88109","28.749225616455078","28.749225616455078","28.749225616455078","8810","8810","8810"
"88149","27.153079986572266","27.153079986572266","27.153079986572266","8814","8814","8814"
"88159","38.877769470214844","38.877769470214844","38.877769470214844","8815","8815","8815"
"88169","32.58219528198242","32.58219528198242","32.58219528198242","8816","8816","8816"
"88229","31.37331771850586","31.37331771850586","31.37331771850586","8822","8822","8822"
"88249","25.11945343017578","25.11945343017578","25.11945343017578","8824","8824","8824"
"88259","38.19987869262695","38.19987869262695","38.19987869262695","8825","8825","8825"
"88279","35.67628479003906","35.67628479003906","35.67628479003906","8827","8827","8827"
"88309","24.479095458984375","24.479095458984375","24.479095458984375","8830","8830","8830"
"88349","30.132518768310547","30.132518768310547","30.132518768310547","8834","8834","8834"
"88369","25.782272338867188","25.782272338867188","25.782272338867188","8836","8836","8836"
"88399","32.244876861572266","32.244876861572266","32.244876861572266","8839","8839","8839"
"88439","24.441898345947266","24.441898345947266","24.441898345947266","8843","8843","8843"
"88459","31.072099685668945","31.072099685668945","31.072099685668945","8845","8845","8845"
"88469","35.70582580566406","35.70582580566406","35.70582580566406","8846","8846","8846"
"88479","27.753347396850586","27.753347396850586","27.753347396850586","8847","8847","8847"
"88499","24.069059371948242","24.069059371948242","24.069059371948242","8849","8849","8849"
"88519","32.403297424316406","32.403297424316406","32.403297424316406","8851","8851","8851"
"88559","26.975679397583008","26.975679397583008","26.975679397583008","8855","8855","8855"
"88569","41.373619079589844","41.373619079589844","41.373619079589844","8856","8856","8856"
"88609","23.601394653320312","23.601394653320312","23.601394653320312","8860","8860","8860"
"88619","27.208717346191406","27.208717346191406","27.208717346191406","8861","8861","8861"
"88639","44.83306121826172","44.83306121826172","44.83306121826172","8863","8863","8863"
"88659","29.46811294555664","29.46811294555664","29.46811294555664","8865","8865","8865"
"88699","20.130496978759766","20.130496978759766","20.130496978759766","8869","8869","8869"
"88709","24.777050018310547","24.777050018310547","24.777050018310547","8870","8870","8870"
"88719","23.423694610595703","23.423694610595703","23.423694610595703","8871","8871","8871"
"88729","40.85218811035156","40.85218811035156","40.85218811035156","8872","8872","8872"
"88739","34.44816207885742","34.44816207885742","34.44816207885742","8873","8873","8873"
"88789","37.0687255859375","37.0687255859375","37.0687255859375","8878","8878","8878"
"88819","30.17695426940918","30.17695426940918","30.17695426940918","8881","8881","8881"
"88849","19.496021270751953","19.496021270751953","19.496021270751953","8884","8884","8884"
"88869","34.69138717651367","34.69138717651367","34.69138717651367","8886","8886","8886"
"88949","40.842376708984375","40.842376708984375","40.842376708984375","8894","8894","8894"
"88959","29.82744789123535","29.82744789123535","29.82744789123535","8895","8895","8895"
"88979","26.925220489501953","26.925220489501953","26.925220489501953","8897","8897","8897"
"89009","26.757869720458984","26.757869720458984","26.757869720458984","8900","8900","8900"
"89029","28.38787841796875","28.38787841796875","28.38787841796875","8902","8902","8902"
"89049","31.64864730834961","31.64864730834961","31.64864730834961","8904","8904","8904"
"89059","40.99741744995117","40.99741744995117","40.99741744995117","8905","8905","8905"
"89069","24.606597900390625","24.606597900390625","24.606597900390625","8906","8906","8906"
"89119","24.36705780029297","24.36705780029297","24.36705780029297","8911","8911","8911"
"89149","22.53356170654297","22.53356170654297","22.53356170654297","8914","8914","8914"
"89169","33.00276184082031","33.00276184082031","33.00276184082031","8916","8916","8916"
"89199","23.759124755859375","23.759124755859375","23.759124755859375","8919","8919","8919"
"89209","23.22311782836914","23.22311782836914","23.22311782836914","8920","8920","8920"
"89239","46.712005615234375","46.712005615234375","46.712005615234375","8923","8923","8923"
"89269","26.492692947387695","26.492692947387695","26.492692947387695","8926","8926","8926"
"89279","37.45261764526367","37.45261764526367","37.45261764526367","8927","8927","8927"
"89289","30.28995704650879","30.28995704650879","30.28995704650879","8928","8928","8928"
"89399","28.474943161010742","28.474943161010742","28.474943161010742","8939","8939","8939"
"89439","29.586959838867188","29.586959838867188","29.586959838867188","8943","8943","8943"
"89459","30.622501373291016","30.622501373291016","30.622501373291016","8945","8945","8945"
"89469","29.21041488647461","29.21041488647461","29.21041488647461","8946","8946","8946"
"89479","34.74677658081055","34.74677658081055","34.74677658081055","8947","8947","8947"
"89509","33.693748474121094","33.693748474121094","33.693748474121094","8950","8950","8950"
"89539","24.619112014770508","24.619112014770508","24.619112014770508","8953","8953","8953"
"89569","28.665771484375","28.665771484375","28.665771484375","8956","8956","8956"
"89599","50.92072296142578","50.92072296142578","50.92072296142578","8959","8959","8959"
"89629","29.546083450317383","29.546083450317383","29.546083450317383","8962","8962","8962"
"89639","26.177013397216797","26.177013397216797","26.177013397216797","8963","8963","8963"
"89669","22.97920799255371","22.97920799255371","22.97920799255371","8966","8966","8966"
"89679","36.25724792480469","36.25724792480469","36.25724792480469","8967","8967","8967"
"89699","33.210357666015625","33.210357666015625","33.210357666015625","8969","8969","8969"
"89719","27.7076358795166","27.7076358795166","27.7076358795166","8971","8971","8971"
"89749","30.980144500732422","30.980144500732422","30.980144500732422","8974","8974","8974"
"89759","41.98136901855469","41.98136901855469","41.98136901855469","8975","8975","8975"
"89769","24.71817970275879","24.71817970275879","24.71817970275879","8976","8976","8976"
"89779","31.786602020263672","31.786602020263672","31.786602020263672","8977","8977","8977"
"89789","32.576045989990234","32.576045989990234","32.576045989990234","8978","8978","8978"
"89799","26.812713623046875","26.812713623046875","26.812713623046875","8979","8979","8979"
"89819","27.507495880126953","27.507495880126953","27.507495880126953","8981","8981","8981"
"89829","28.652437210083008","28.652437210083008","28.652437210083008","8982","8982","8982"
"89839","27.63053321838379","27.63053321838379","27.63053321838379","8983","8983","8983"
"89889","25.8048095703125","25.8048095703125","25.8048095703125","8988","8988","8988"
"89939","31.906940460205078","31.906940460205078","31.906940460205078","8993","8993","8993"
"89979","25.88825035095215","25.88825035095215","25.88825035095215","8997","8997","8997"
"89999","24.48239517211914","24.48239517211914","24.48239517211914","8999","8999","8999"
"90029","35.617271423339844","35.617271423339844","35.617271423339844","9002","9002","9002"
"90079","24.591350555419922","24.591350555419922","24.591350555419922","9007","9007","9007"
"90089","38.737300872802734","38.737300872802734","38.737300872802734","9008","9008","9008"
"90099","32.91695785522461","32.91695785522461","32.91695785522461","9009","9009","9009"
"90119","23.780868530273438","23.780868530273438","23.780868530273438","9011","9011","9011"
"90169","33.99567413330078","33.99567413330078","33.99567413330078","9016","9016","9016"
"90179","49.19102096557617","49.19102096557617","49.19102096557617","9017","9017","9017"
"90189","40.50322723388672","40.50322723388672","40.50322723388672","9018","9018","9018"
"90199","24.910045623779297","24.910045623779297","24.910045623779297","9019","9019","9019"
"90209","23.242124557495117","23.242124557495117","23.242124557495117","9020","9020","9020"
"90229","24.614702224731445","24.614702224731445","24.614702224731445","9022","9022","9022"
"90239","30.081077575683594","30.081077575683594","30.081077575683594","9023","9023","9023"
"90259","28.18892478942871","28.18892478942871","28.18892478942871","9025","9025","9025"
"90269","23.236759185791016","23.236759185791016","23.236759185791016","9026","9026","9026"
"90279","30.068710327148438","30.068710327148438","30.068710327148438","9027","9027","9027"
"90309","29.564924240112305","29.564924240112305","29.564924240112305","9030","9030","9030"
"90319","26.651411056518555","26.651411056518555","26.651411056518555","9031","9031","9031"
"90349","23.728328704833984","23.728328704833984","23.728328704833984","9034","9034","9034"
"90379","27.74143409729004","27.74143409729004","27.74143409729004","9037","9037","9037"
"90419","30.47051429748535","30.47051429748535","30.47051429748535","9041","9041","9041"
"90439","34.23170852661133","34.23170852661133","34.23170852661133","9043","9043","9043"
"90469","28.982866287231445","28.982866287231445","28.982866287231445","9046","9046","9046"
"90549","20.223302841186523","20.223302841186523","20.223302841186523","9054","9054","9054"
"90599","29.173259735107422","29.173259735107422","29.173259735107422","9059","9059","9059"
"90619","35.99699783325195","35.99699783325195","35.99699783325195","9061","9061","9061"
"90649","39.42719650268555","39.42719650268555","39.42719650268555","9064","9064","9064"
"90659","24.257278442382812","24.257278442382812","24.257278442382812","9065","9065","9065"
"90679","33.66802215576172","33.66802215576172","33.66802215576172","9067","9067","9067"
"90689","31.1170711517334","31.1170711517334","31.1170711517334","9068","9068","9068"
"90709","24.935636520385742","24.935636520385742","24.935636520385742","9070","9070","9070"
"90739","31.718273162841797","31.718273162841797","31.718273162841797","9073","9073","9073"
"90859","22.918472290039062","22.918472290039062","22.918472290039062","9085","9085","9085"
"90889","32.477073669433594","32.477073669433594","32.477073669433594","9088","9088","9088"
"90919","30.926511764526367","30.926511764526367","30.926511764526367","9091","9091","9091"
"90939","21.397205352783203","21.397205352783203","21.397205352783203","9093","9093","9093"
"90959","65.00686645507812","65.00686645507812","65.00686645507812","9095","9095","9095"
"90969","21.302627563476562","21.302627563476562","21.302627563476562","9096","9096","9096"
"91029","28.113235473632812","28.113235473632812","28.113235473632812","9102","9102","9102"
"91039","21.132766723632812","21.132766723632812","21.132766723632812","9103","9103","9103"
"91049","27.30314064025879","27.30314064025879","27.30314064025879","9104","9104","9104"
"91069","28.076892852783203","28.076892852783203","28.076892852783203","9106","9106","9106"
"91079","39.38039779663086","39.38039779663086","39.38039779663086","9107","9107","9107"
"91089","38.16405487060547","38.16405487060547","38.16405487060547","9108","9108","9108"
"91099","33.924522399902344","33.924522399902344","33.924522399902344","9109","9109","9109"
"91119","34.27295684814453","34.27295684814453","34.27295684814453","9111","9111","9111"
"91139","31.77005386352539","31.77005386352539","31.77005386352539","9113","9113","9113"
"91169","47.92890548706055","47.92890548706055","47.92890548706055","9116","9116","9116"
"91199","33.628440856933594","33.628440856933594","33.628440856933594","9119","9119","9119"
"91229","30.04916763305664","30.04916763305664","30.04916763305664","9122","9122","9122"
"91339","32.21595764160156","32.21595764160156","32.21595764160156","9133","9133","9133"
"91349","41.40615463256836","41.40615463256836","41.40615463256836","9134","9134","9134"
"91419","31.662330627441406","31.662330627441406","31.662330627441406","9141","9141","9141"
"91429","20.748395919799805","20.748395919799805","20.748395919799805","9142","9142","9142"
"91439","24.79311752319336","24.79311752319336","24.79311752319336","9143","9143","9143"
"91459","24.24605369567871","24.24605369567871","24.24605369567871","9145","9145","9145"
"91469","28.17459487915039","28.17459487915039","28.17459487915039","9146","9146","9146"
"91539","36.245872497558594","36.245872497558594","36.245872497558594","9153","9153","9153"
"91559","38.15033721923828","38.15033721923828","38.15033721923828","9155","9155","9155"
"91589","25.85682487487793","25.85682487487793","25.85682487487793","9158","9158","9158"
"91629","30.433149337768555","30.433149337768555","30.433149337768555","9162","9162","9162"
"91639","38.535423278808594","38.535423278808594","38.535423278808594","9163","9163","9163"
"91659","25.243152618408203","25.243152618408203","25.243152618408203","9165","9165","9165"
"91669","39.49482727050781","39.49482727050781","39.49482727050781","9166","9166","9166"
"91679","24.80373764038086","24.80373764038086","24.80373764038086","9167","9167","9167"
"91689","46.17709732055664","46.17709732055664","46.17709732055664","9168","9168","9168"
"91709","45.35329818725586","45.35329818725586","45.35329818725586","9170","9170","9170"
"91739","25.34023666381836","25.34023666381836","25.34023666381836","9173","9173","9173"
"91749","30.518970489501953","30.518970489501953","30.518970489501953","9174","9174","9174"
"91769","21.054794311523438","21.054794311523438","21.054794311523438","9176","9176","9176"
"91779","26.75539207458496","26.75539207458496","26.75539207458496","9177","9177","9177"
"91799","28.026626586914062","28.026626586914062","28.026626586914062","9179","9179","9179"
"91829","38.07573318481445","38.07573318481445","38.07573318481445","9182","9182","9182"
"91839","26.602581024169922","26.602581024169922","26.602581024169922","9183","9183","9183"
"91889","33.52293395996094","33.52293395996094","33.52293395996094","9188","9188","9188"
"91899","33.805458068847656","33.805458068847656","33.805458068847656","9189","9189","9189"
"91909","45.113250732421875","45.113250732421875","45.113250732421875","9190","9190","9190"
"91939","31.011335372924805","31.011335372924805","31.011335372924805","9193","9193","9193"
"91969","24.774070739746094","24.774070739746094","24.774070739746094","9196","9196","9196"
"91979","35.103302001953125","35.103302001953125","35.103302001953125","9197","9197","9197"
"91989","25.475387573242188","25.475387573242188","25.475387573242188","9198","9198","9198"
"92089","19.476226806640625","19.476226806640625","19.476226806640625","9208","9208","9208"
"92109","33.22321319580078","33.22321319580078","33.22321319580078","9210","9210","9210"
"92119","25.653732299804688","25.653732299804688","25.653732299804688","9211","9211","9211"
"92139","24.97770118713379","24.97770118713379","24.97770118713379","9213","9213","9213"
"92149","44.36341857910156","44.36341857910156","44.36341857910156","9214","9214","9214"
"92159","33.841278076171875","33.841278076171875","33.841278076171875","9215","9215","9215"
"92169","63.8519287109375","63.8519287109375","63.8519287109375","9216","9216","9216"
"92209","54.88497543334961","54.88497543334961","54.88497543334961","9220","9220","9220"
"92229","25.63014793395996","25.63014793395996","25.63014793395996","9222","9222","9222"
"92369","27.796314239501953","27.796314239501953","27.796314239501953","9236","9236","9236"
"92429","27.71004295349121","27.71004295349121","27.71004295349121","9242","9242","9242"
"92439","23.23784637451172","23.23784637451172","23.23784637451172","9243","9243","9243"
"92459","22.31302261352539","22.31302261352539","22.31302261352539","9245","9245","9245"
"92479","33.94369125366211","33.94369125366211","33.94369125366211","9247","9247","9247"
"92539","59.9185791015625","59.9185791015625","59.9185791015625","9253","9253","9253"
"92549","25.708402633666992","25.708402633666992","25.708402633666992","9254","9254","9254"
"92559","19.637969970703125","19.637969970703125","19.637969970703125","9255","9255","9255"
"92619","28.679462432861328","28.679462432861328","28.679462432861328","9261","9261","9261"
"92669","27.853679656982422","27.853679656982422","27.853679656982422","9266","9266","9266"
"92689","22.35681915283203","22.35681915283203","22.35681915283203","9268","9268","9268"
"92709","29.946571350097656","29.946571350097656","29.946571350097656","9270","9270","9270"
"92769","40.505828857421875","40.505828857421875","40.505828857421875","9276","9276","9276"
"92799","22.18576431274414","22.18576431274414","22.18576431274414","9279","9279","9279"
"92849","27.379770278930664","27.379770278930664","27.379770278930664","9284","9284","9284"
"92859","29.566429138183594","29.566429138183594","29.566429138183594","9285","9285","9285"
"92899","23.82422637939453","23.82422637939453","23.82422637939453","9289","9289","9289"
"92909","30.491941452026367","30.491941452026367","30.491941452026367","9290","9290","9290"
"92969","34.7836799621582","34.7836799621582","34.7836799621582","9296","9296","9296"
"92989","24.810619354248047","24.810619354248047","24.810619354248047","9298","9298","9298"
"92999","25.357521057128906","25.357521057128906","25.357521057128906","9299","9299","9299"
"93039","22.881641387939453","22.881641387939453","22.881641387939453","9303","9303","9303"
"93049","21.59785270690918","21.59785270690918","21.59785270690918","9304","9304","9304"
"93089","20.79511260986328","20.79511260986328","20.79511260986328","9308","9308","9308"
"93099","21.59634017944336","21.59634017944336","21.59634017944336","9309","9309","9309"
"93159","24.827354431152344","24.827354431152344","24.827354431152344","9315","9315","9315"
"93219","44.29435729980469","44.29435729980469","44.29435729980469","9321","9321","9321"
"93239","25.943944931030273","25.943944931030273","25.943944931030273","9323","9323","9323"
"93249","36.601348876953125","36.601348876953125","36.601348876953125","9324","9324","9324"
"93309","20.66059684753418","20.66059684753418","20.66059684753418","9330","9330","9330"
"93319","23.741943359375","23.741943359375","23.741943359375","9331","9331","9331"
"93329","39.918678283691406","39.918678283691406","39.918678283691406","9332","9332","9332"
"93339","21.025972366333008","21.025972366333008","21.025972366333008","9333","9333","9333"
"93369","24.057050704956055","24.057050704956055","24.057050704956055","9336","9336","9336"
"93379","38.286197662353516","38.286197662353516","38.286197662353516","9337","9337","9337"
"93389","29.771223068237305","29.771223068237305","29.771223068237305","9338","9338","9338"
"93399","26.11638641357422","26.11638641357422","26.11638641357422","9339","9339","9339"
"93409","36.135047912597656","36.135047912597656","36.135047912597656","9340","9340","9340"
"93429","22.529348373413086","22.529348373413086","22.529348373413086","9342","9342","9342"
"93439","20.001956939697266","20.001956939697266","20.001956939697266","9343","9343","9343"
"93469","27.305126190185547","27.305126190185547","27.305126190185547","9346","9346","9346"
"93479","34.851749420166016","34.851749420166016","34.851749420166016","9347","9347","9347"
"93489","33.56195831298828","33.56195831298828","33.56195831298828","9348","9348","9348"
"93509","33.020164489746094","33.020164489746094","33.020164489746094","9350","9350","9350"
"93529","25.906375885009766","25.906375885009766","25.906375885009766","9352","9352","9352"
"93559","33.20199966430664","33.20199966430664","33.20199966430664","9355","9355","9355"
"93609","30.386079788208008","30.386079788208008","30.386079788208008","9360","9360","9360"
"93639","27.52874183654785","27.52874183654785","27.52874183654785","9363","9363","9363"
"93669","43.07720947265625","43.07720947265625","43.07720947265625","9366","9366","9366"
"93709","26.95806884765625","26.95806884765625","26.95806884765625","9370","9370","9370"
"93719","23.976667404174805","23.976667404174805","23.976667404174805","9371","9371","9371"
"93749","26.415987014770508","26.415987014770508","26.415987014770508","9374","9374","9374"
"93759","28.29343032836914","28.29343032836914","28.29343032836914","9375","9375","9375"
"93799","25.794567108154297","25.794567108154297","25.794567108154297","9379","9379","9379"
"93819","34.23171615600586","34.23171615600586","34.23171615600586","9381","9381","9381"
"93829","33.15097427368164","33.15097427368164","33.15097427368164","9382","9382","9382"
"93839","27.757755279541016","27.757755279541016","27.757755279541016","9383","9383","9383"
"93849","22.35129737854004","22.35129737854004","22.35129737854004","9384","9384","9384"
"93859","43.50386047363281","43.50386047363281","43.50386047363281","9385","9385","9385"
"93909","26.205698013305664","26.205698013305664","26.205698013305664","9390","9390","9390"
"93949","28.36956214904785","28.36956214904785","28.36956214904785","9394","9394","9394"
"93979","40.32423400878906","40.32423400878906","40.32423400878906","9397","9397","9397"
"93989","25.2877254486084","25.2877254486084","25.2877254486084","9398","9398","9398"
"93999","35.55195236206055","35.55195236206055","35.55195236206055","9399","9399","9399"
"94009","23.250465393066406","23.250465393066406","23.250465393066406","9400","9400","9400"
"94029","28.84379768371582","28.84379768371582","28.84379768371582","9402","9402","9402"
"94239","22.399599075317383","22.399599075317383","22.399599075317383","9423","9423","9423"
"94249","28.431604385375977","28.431604385375977","28.431604385375977","9424","9424","9424"
"94279","25.040180206298828","25.040180206298828","25.040180206298828","9427","9427","9427"
"94299","35.8612060546875","35.8612060546875","35.8612060546875","9429","9429","9429"
"94309","24.089365005493164","24.089365005493164","24.089365005493164","9430","9430","9430"
"94319","23.770965576171875","23.770965576171875","23.770965576171875","9431","9431","9431"
"94339","30.729141235351562","30.729141235351562","30.729141235351562","9433","9433","9433"
"94349","36.84430694580078","36.84430694580078","36.84430694580078","9434","9434","9434"
"94359","30.224185943603516","30.224185943603516","30.224185943603516","9435","9435","9435"
"94369","30.27239990234375","30.27239990234375","30.27239990234375","9436","9436","9436"
"94379","51.30356979370117","51.30356979370117","51.30356979370117","9437","9437","9437"
"94389","31.56696128845215","31.56696128845215","31.56696128845215","9438","9438","9438"
"94409","30.94607162475586","30.94607162475586","30.94607162475586","9440","9440","9440"
"94429","24.62891387939453","24.62891387939453","24.62891387939453","9442","9442","9442"
"94449","39.78874588012695","39.78874588012695","39.78874588012695","9444","9444","9444"
"94459","23.181354522705078","23.181354522705078","23.181354522705078","9445","9445","9445"
"94469","20.726171493530273","20.726171493530273","20.726171493530273","9446","9446","9446"
"94479","22.711265563964844","22.711265563964844","22.711265563964844","9447","9447","9447"
"94489","21.05715560913086","21.05715560913086","21.05715560913086","9448","9448","9448"
"94499","26.212390899658203","26.212390899658203","26.212390899658203","9449","9449","9449"
"94559","51.49816131591797","51.49816131591797","51.49816131591797","9455","9455","9455"
"94569","35.07794189453125","35.07794189453125","35.07794189453125","9456","9456","9456"
"94589","28.333118438720703","28.333118438720703","28.333118438720703","9458","9458","9458"
"94649","24.984519958496094","24.984519958496094","24.984519958496094","9464","9464","9464"
"94659","26.91171646118164","26.91171646118164","26.91171646118164","9465","9465","9465"
"94679","28.356399536132812","28.356399536132812","28.356399536132812","9467","9467","9467"
"94709","39.0538330078125","39.0538330078125","39.0538330078125","9470","9470","9470"
"94719","23.664321899414062","23.664321899414062","23.664321899414062","9471","9471","9471"
"94729","22.90753936767578","22.90753936767578","22.90753936767578","9472","9472","9472"
"94739","21.010032653808594","21.010032653808594","21.010032653808594","9473","9473","9473"
"94849","24.65938377380371","24.65938377380371","24.65938377380371","9484","9484","9484"
"94859","31.65402603149414","31.65402603149414","31.65402603149414","9485","9485","9485"
"94869","29.888439178466797","29.888439178466797","29.888439178466797","9486","9486","9486"
"94879","37.597747802734375","37.597747802734375","37.597747802734375","9487","9487","9487"
"94899","22.816022872924805","22.816022872924805","22.816022872924805","9489","9489","9489"
"94909","20.130290985107422","20.130290985107422","20.130290985107422","9490","9490","9490"
"94939","50.134647369384766","50.134647369384766","50.134647369384766","9493","9493","9493"
"94959","34.228145599365234","34.228145599365234","34.228145599365234","9495","9495","9495"
"94999","49.598236083984375","49.598236083984375","49.598236083984375","9499","9499","9499"
"95029","28.14541244506836","28.14541244506836","28.14541244506836","9502","9502","9502"
"95089","43.479644775390625","43.479644775390625","43.479644775390625","9508","9508","9508"
"95109","28.547714233398438","28.547714233398438","28.547714233398438","9510","9510","9510"
"95119","22.465667724609375","22.465667724609375","22.465667724609375","9511","9511","9511"
"95129","24.694446563720703","24.694446563720703","24.694446563720703","9512","9512","9512"
"95139","25.809326171875","25.809326171875","25.809326171875","9513","9513","9513"
"95189","33.11479187011719","33.11479187011719","33.11479187011719","9518","9518","9518"
"95209","27.33017921447754","27.33017921447754","27.33017921447754","9520","9520","9520"
"95229","21.31763458251953","21.31763458251953","21.31763458251953","9522","9522","9522"
"95289","27.73941421508789","27.73941421508789","27.73941421508789","9528","9528","9528"
"95309","30.782859802246094","30.782859802246094","30.782859802246094","9530","9530","9530"
"95319","25.48499870300293","25.48499870300293","25.48499870300293","9531","9531","9531"
"95329","29.952190399169922","29.952190399169922","29.952190399169922","9532","9532","9532"
"95339","27.901447296142578","27.901447296142578","27.901447296142578","9533","9533","9533"
"95359","25.18826675415039","25.18826675415039","25.18826675415039","9535","9535","9535"
"95429","23.890682220458984","23.890682220458984","23.890682220458984","9542","9542","9542"
"95449","20.16620635986328","20.16620635986328","20.16620635986328","9544","9544","9544"
"95479","27.094013214111328","27.094013214111328","27.094013214111328","9547","9547","9547"
"95489","28.959749221801758","28.959749221801758","28.959749221801758","9548","9548","9548"
"95549","35.199005126953125","35.199005126953125","35.199005126953125","9554","9554","9554"
"95569","37.9662971496582","37.9662971496582","37.9662971496582","9556","9556","9556"
"95589","23.526714324951172","23.526714324951172","23.526714324951172","9558","9558","9558"
"95599","29.173686981201172","29.173686981201172","29.173686981201172","9559","9559","9559"
"95619","34.67624282836914","34.67624282836914","34.67624282836914","9561","9561","9561"
"95699","28.017532348632812","28.017532348632812","28.017532348632812","9569","9569","9569"
"95719","25.966068267822266","25.966068267822266","25.966068267822266","9571","9571","9571"
"95729","39.845001220703125","39.845001220703125","39.845001220703125","9572","9572","9572"
"95869","24.254140853881836","24.254140853881836","24.254140853881836","9586","9586","9586"
"95899","33.83803939819336","33.83803939819336","33.83803939819336","9589","9589","9589"
"95909","32.231407165527344","32.231407165527344","32.231407165527344","9590","9590","9590"
"95989","26.715354919433594","26.715354919433594","26.715354919433594","9598","9598","9598"
"95999","30.943090438842773","30.943090438842773","30.943090438842773","9599","9599","9599"
"96009","20.972896575927734","20.972896575927734","20.972896575927734","9600","9600","9600"
"96059","28.805330276489258","28.805330276489258","28.805330276489258","9605","9605","9605"
"96069","20.06812858581543","20.06812858581543","20.06812858581543","9606","9606","9606"
"96079","35.150909423828125","35.150909423828125","35.150909423828125","9607","9607","9607"
"96129","29.02232551574707","29.02232551574707","29.02232551574707","9612","9612","9612"
"96169","33.47550964355469","33.47550964355469","33.47550964355469","9616","9616","9616"
"96199","23.141555786132812","23.141555786132812","23.141555786132812","9619","9619","9619"
"96219","34.959747314453125","34.959747314453125","34.959747314453125","9621","9621","9621"
"96229","32.382041931152344","32.382041931152344","32.382041931152344","9622","9622","9622"
"96269","22.364700317382812","22.364700317382812","22.364700317382812","9626","9626","9626"
"96289","32.04697036743164","32.04697036743164","32.04697036743164","9628","9628","9628"
"96299","26.364669799804688","26.364669799804688","26.364669799804688","9629","9629","9629"
"96309","33.69172668457031","33.69172668457031","33.69172668457031","9630","9630","9630"
"96339","20.562519073486328","20.562519073486328","20.562519073486328","9633","9633","9633"
"96349","29.94933319091797","29.94933319091797","29.94933319091797","9634","9634","9634"
"96359","21.80595588684082","21.80595588684082","21.80595588684082","9635","9635","9635"
"96379","21.26665496826172","21.26665496826172","21.26665496826172","9637","9637","9637"
"96389","25.286026000976562","25.286026000976562","25.286026000976562","9638","9638","9638"
"96419","31.000736236572266","31.000736236572266","31.000736236572266","9641","9641","9641"
"96459","34.890716552734375","34.890716552734375","34.890716552734375","9645","9645","9645"
"96489","22.998104095458984","22.998104095458984","22.998104095458984","9648","9648","9648"
"96499","23.495508193969727","23.495508193969727","23.495508193969727","9649","9649","9649"
"96509","34.089046478271484","34.089046478271484","34.089046478271484","9650","9650","9650"
"96519","26.75688934326172","26.75688934326172","26.75688934326172","9651","9651","9651"
"96529","26.404638290405273","26.404638290405273","26.404638290405273","9652","9652","9652"
"96549","36.10650634765625","36.10650634765625","36.10650634765625","9654","9654","9654"
"96579","40.85481643676758","40.85481643676758","40.85481643676758","9657","9657","9657"
"96599","24.32741355895996","24.32741355895996","24.32741355895996","9659","9659","9659"
"96609","27.634117126464844","27.634117126464844","27.634117126464844","9660","9660","9660"
"96619","34.02714157104492","34.02714157104492","34.02714157104492","9661","9661","9661"
"96629","22.372377395629883","22.372377395629883","22.372377395629883","9662","9662","9662"
"96689","20.453250885009766","20.453250885009766","20.453250885009766","9668","9668","9668"
"96709","23.10062599182129","23.10062599182129","23.10062599182129","9670","9670","9670"
"96729","22.881107330322266","22.881107330322266","22.881107330322266","9672","9672","9672"
"96749","31.603771209716797","31.603771209716797","31.603771209716797","9674","9674","9674"
"96779","26.02728271484375","26.02728271484375","26.02728271484375","9677","9677","9677"
"96819","31.72689437866211","31.72689437866211","31.72689437866211","9681","9681","9681"
"96839","25.1789608001709","25.1789608001709","25.1789608001709","9683","9683","9683"
"96849","27.263647079467773","27.263647079467773","27.263647079467773","9684","9684","9684"
"96889","34.023223876953125","34.023223876953125","34.023223876953125","9688","9688","9688"
"96929","23.230770111083984","23.230770111083984","23.230770111083984","9692","9692","9692"
"96939","23.328733444213867","23.328733444213867","23.328733444213867","9693","9693","9693"
"96949","21.606632232666016","21.606632232666016","21.606632232666016","9694","9694","9694"
"96969","35.82207489013672","35.82207489013672","35.82207489013672","9696","9696","9696"
"96989","28.66274070739746","28.66274070739746","28.66274070739746","9698","9698","9698"
"97009","42.99808883666992","42.99808883666992","42.99808883666992","9700","9700","9700"
"97019","38.0665283203125","38.0665283203125","38.0665283203125","9701","9701","9701"
"97039","28.63165283203125","28.63165283203125","28.63165283203125","9703","9703","9703"
"97059","33.02354049682617","33.02354049682617","33.02354049682617","9705","9705","9705"
"97069","38.52240753173828","38.52240753173828","38.52240753173828","9706","9706","9706"
"97119","27.033935546875","27.033935546875","27.033935546875","9711","9711","9711"
"97139","19.80817222595215","19.80817222595215","19.80817222595215","9713","9713","9713"
"97179","37.10418701171875","37.10418701171875","37.10418701171875","9717","9717","9717"
"97189","31.671653747558594","31.671653747558594","31.671653747558594","9718","9718","9718"
"97199","30.37130355834961","30.37130355834961","30.37130355834961","9719","9719","9719"
"97209","23.5562686920166","23.5562686920166","23.5562686920166","9720","9720","9720"
"97259","29.51627540588379","29.51627540588379","29.51627540588379","9725","9725","9725"
"97319","23.21491241455078","23.21491241455078","23.21491241455078","9731","9731","9731"
"97349","28.906700134277344","28.906700134277344","28.906700134277344","9734","9734","9734"
"97369","25.464111328125","25.464111328125","25.464111328125","9736","9736","9736"
"97409","25.008512496948242","25.008512496948242","25.008512496948242","9740","9740","9740"
"97439","32.99886703491211","32.99886703491211","32.99886703491211","9743","9743","9743"
"97489","21.500185012817383","21.500185012817383","21.500185012817383","9748","9748","9748"
"97499","21.507312774658203","21.507312774658203","21.507312774658203","9749","9749","9749"
"97519","29.302379608154297","29.302379608154297","29.302379608154297","9751","9751","9751"
"97529","22.330839157104492","22.330839157104492","22.330839157104492","9752","9752","9752"
"97549","27.83605194091797","27.83605194091797","27.83605194091797","9754","9754","9754"
"97579","33.25883483886719","33.25883483886719","33.25883483886719","9757","9757","9757"
"97609","25.968570709228516","25.968570709228516","25.968570709228516","9760","9760","9760"
"97629","28.518489837646484","28.518489837646484","28.518489837646484","9762","9762","9762"
"97649","20.373933792114258","20.373933792114258","20.373933792114258","9764","9764","9764"
"97669","29.127166748046875","29.127166748046875","29.127166748046875","9766","9766","9766"
"97709","29.17689323425293","29.17689323425293","29.17689323425293","9770","9770","9770"
"97719","23.95116424560547","23.95116424560547","23.95116424560547","9771","9771","9771"
"97729","26.21477508544922","26.21477508544922","26.21477508544922","9772","9772","9772"
"97839","30.794376373291016","30.794376373291016","30.794376373291016","9783","9783","9783"
"97869","22.426483154296875","22.426483154296875","22.426483154296875","9786","9786","9786"
"97889","23.415822982788086","23.415822982788086","23.415822982788086","9788","9788","9788"
"97899","22.51162338256836","22.51162338256836","22.51162338256836","9789","9789","9789"
"97919","25.47643280029297","25.47643280029297","25.47643280029297","9791","9791","9791"
"97929","22.86931610107422","22.86931610107422","22.86931610107422","9792","9792","9792"
"97949","29.550880432128906","29.550880432128906","29.550880432128906","9794","9794","9794"
"98009","26.79520606994629","26.79520606994629","26.79520606994629","9800","9800","9800"
"98019","27.387914657592773","27.387914657592773","27.387914657592773","9801","9801","9801"
"98049","29.716577529907227","29.716577529907227","29.716577529907227","9804","9804","9804"
"98189","31.593875885009766","31.593875885009766","31.593875885009766","9818","9818","9818"
"98209","23.293012619018555","23.293012619018555","23.293012619018555","9820","9820","9820"
"98219","25.156856536865234","25.156856536865234","25.156856536865234","9821","9821","9821"
"98259","25.69390296936035","25.69390296936035","25.69390296936035","9825","9825","9825"
"98269","20.386516571044922","20.386516571044922","20.386516571044922","9826","9826","9826"
"98369","22.806562423706055","22.806562423706055","22.806562423706055","9836","9836","9836"
"98409","27.433656692504883","27.433656692504883","27.433656692504883","9840","9840","9840"
"98449","27.325267791748047","27.325267791748047","27.325267791748047","9844","9844","9844"
"98479","32.86052322387695","32.86052322387695","32.86052322387695","9847","9847","9847"
"98499","26.038372039794922","26.038372039794922","26.038372039794922","9849","9849","9849"
"98529","23.736820220947266","23.736820220947266","23.736820220947266","9852","9852","9852"
"98549","21.56220245361328","21.56220245361328","21.56220245361328","9854","9854","9854"
"98559","29.956321716308594","29.956321716308594","29.956321716308594","9855","9855","9855"
"98589","36.269737243652344","36.269737243652344","36.269737243652344","9858","9858","9858"
"98629","32.79758071899414","32.79758071899414","32.79758071899414","9862","9862","9862"
"98689","29.675304412841797","29.675304412841797","29.675304412841797","9868","9868","9868"
"98699","28.242528915405273","28.242528915405273","28.242528915405273","9869","9869","9869"
"98719","27.832700729370117","27.832700729370117","27.832700729370117","9871","9871","9871"
"98739","34.0789909362793","34.0789909362793","34.0789909362793","9873","9873","9873"
"98779","23.239757537841797","23.239757537841797","23.239757537841797","9877","9877","9877"
"98799","35.247520446777344","35.247520446777344","35.247520446777344","9879","9879","9879"
"98809","28.47243881225586","28.47243881225586","28.47243881225586","9880","9880","9880"
"98819","24.302446365356445","24.302446365356445","24.302446365356445","9881","9881","9881"
"98839","29.535415649414062","29.535415649414062","29.535415649414062","9883","9883","9883"
"98849","25.166276931762695","25.166276931762695","25.166276931762695","9884","9884","9884"
"98879","23.94525909423828","23.94525909423828","23.94525909423828","9887","9887","9887"
"98949","27.434310913085938","27.434310913085938","27.434310913085938","9894","9894","9894"
"98959","23.21013641357422","23.21013641357422","23.21013641357422","9895","9895","9895"
"99009","23.641571044921875","23.641571044921875","23.641571044921875","9900","9900","9900"
"99019","23.767427444458008","23.767427444458008","23.767427444458008","9901","9901","9901"
"99039","23.76441192626953","23.76441192626953","23.76441192626953","9903","9903","9903"
"99049","27.693777084350586","27.693777084350586","27.693777084350586","9904","9904","9904"
"99059","33.578426361083984","33.578426361083984","33.578426361083984","9905","9905","9905"
"99069","29.045061111450195","29.045061111450195","29.045061111450195","9906","9906","9906"
"99079","32.85285949707031","32.85285949707031","32.85285949707031","9907","9907","9907"
"99099","20.222484588623047","20.222484588623047","20.222484588623047","9909","9909","9909"
"99109","24.337535858154297","24.337535858154297","24.337535858154297","9910","9910","9910"
"99159","32.02222442626953","32.02222442626953","32.02222442626953","9915","9915","9915"
"99179","26.076091766357422","26.076091766357422","26.076091766357422","9917","9917","9917"
"99189","35.63493728637695","35.63493728637695","35.63493728637695","9918","9918","9918"
"99199","33.595558166503906","33.595558166503906","33.595558166503906","9919","9919","9919"
"99209","21.059555053710938","21.059555053710938","21.059555053710938","9920","9920","9920"
"99239","24.621129989624023","24.621129989624023","24.621129989624023","9923","9923","9923"
"99249","23.56601333618164","23.56601333618164","23.56601333618164","9924","9924","9924"
"99309","31.221797943115234","31.221797943115234","31.221797943115234","9930","9930","9930"
"99339","22.710620880126953","22.710620880126953","22.710620880126953","9933","9933","9933"
"99349","37.673789978027344","37.673789978027344","37.673789978027344","9934","9934","9934"
"99359","24.327579498291016","24.327579498291016","24.327579498291016","9935","9935","9935"
"99419","31.01627540588379","31.01627540588379","31.01627540588379","9941","9941","9941"
"99529","25.99287986755371","25.99287986755371","25.99287986755371","9952","9952","9952"
"99549","29.247451782226562","29.247451782226562","29.247451782226562","9954","9954","9954"
"99589","28.38513946533203","28.38513946533203","28.38513946533203","9958","9958","9958"
"99599","25.167282104492188","25.167282104492188","25.167282104492188","9959","9959","9959"
"99659","23.523578643798828","23.523578643798828","23.523578643798828","9965","9965","9965"
"99669","41.97595977783203","41.97595977783203","41.97595977783203","9966","9966","9966"
"99679","39.63341522216797","39.63341522216797","39.63341522216797","9967","9967","9967"
"99689","24.01152992248535","24.01152992248535","24.01152992248535","9968","9968","9968"
"99699","24.800540924072266","24.800540924072266","24.800540924072266","9969","9969","9969"
"99709","42.199466705322266","42.199466705322266","42.199466705322266","9970","9970","9970"
"99719","22.812843322753906","22.812843322753906","22.812843322753906","9971","9971","9971"
"99739","19.526334762573242","19.526334762573242","19.526334762573242","9973","9973","9973"
"99799","22.690364837646484","22.690364837646484","22.690364837646484","9979","9979","9979"
"99819","31.034229278564453","31.034229278564453","31.034229278564453","9981","9981","9981"
"99839","22.216747283935547","22.216747283935547","22.216747283935547","9983","9983","9983"
"99919","25.401947021484375","25.401947021484375","25.401947021484375","9991","9991","9991"
"99929","25.98238754272461","25.98238754272461","25.98238754272461","9992","9992","9992"
"99939","25.62026596069336","25.62026596069336","25.62026596069336","9993","9993","9993"
"99959","25.99143409729004","25.99143409729004","25.99143409729004","9995","9995","9995"
"100039","21.567737579345703","21.567737579345703","21.567737579345703","10003","10003","10003"
"100049","30.29422378540039","30.29422378540039","30.29422378540039","10004","10004","10004"
"100079","34.885231018066406","34.885231018066406","34.885231018066406","10007","10007","10007"
"100089","23.493257522583008","23.493257522583008","23.493257522583008","10008","10008","10008"
"100099","28.001480102539062","28.001480102539062","28.001480102539062","10009","10009","10009"
"100149","21.300607681274414","21.300607681274414","21.300607681274414","10014","10014","10014"
"100159","35.10028839111328","35.10028839111328","35.10028839111328","10015","10015","10015"
"100179","22.19291114807129","22.19291114807129","22.19291114807129","10017","10017","10017"
"100209","53.109073638916016","53.109073638916016","53.109073638916016","10020","10020","10020"
"100239","25.197250366210938","25.197250366210938","25.197250366210938","10023","10023","10023"
"100269","30.673200607299805","30.673200607299805","30.673200607299805","10026","10026","10026"
"100299","46.792518615722656","46.792518615722656","46.792518615722656","10029","10029","10029"
"100309","19.7020320892334","19.7020320892334","19.7020320892334","10030","10030","10030"
"100329","24.94422721862793","24.94422721862793","24.94422721862793","10032","10032","10032"
"100339","19.88554573059082","19.88554573059082","19.88554573059082","10033","10033","10033"
"100359","21.32721710205078","21.32721710205078","21.32721710205078","10035","10035","10035"
"100389","27.806737899780273","27.806737899780273","27.806737899780273","10038","10038","10038"
"100409","35.15890884399414","35.15890884399414","35.15890884399414","10040","10040","10040"
"100429","22.995214462280273","22.995214462280273","22.995214462280273","10042","10042","10042"
"100439","21.775360107421875","21.775360107421875","21.775360107421875","10043","10043","10043"
"100449","32.50957489013672","32.50957489013672","32.50957489013672","10044","10044","10044"
"100459","26.443199157714844","26.443199157714844","26.443199157714844","10045","10045","10045"
"100479","31.931669235229492","31.931669235229492","31.931669235229492","10047","10047","10047"
"100489","22.69200325012207","22.69200325012207","22.69200325012207","10048","10048","10048"
"100519","26.436920166015625","26.436920166015625","26.436920166015625","10051","10051","10051"
"100529","19.724206924438477","19.724206924438477","19.724206924438477","10052","10052","10052"
"100539","31.197702407836914","31.197702407836914","31.197702407836914","10053","10053","10053"
"100549","29.30881690979004","29.30881690979004","29.30881690979004","10054","10054","10054"
"100559","32.18659973144531","32.18659973144531","32.18659973144531","10055","10055","10055"
"100569","27.106454849243164","27.106454849243164","27.106454849243164","10056","10056","10056"
"100579","22.739761352539062","22.739761352539062","22.739761352539062","10057","10057","10057"
"100589","21.2301082611084","21.2301082611084","21.2301082611084","10058","10058","10058"
"100609","23.535491943359375","23.535491943359375","23.535491943359375","10060","10060","10060"
"100679","36.60505294799805","36.60505294799805","36.60505294799805","10067","10067","10067"
"100699","29.129737854003906","29.129737854003906","29.129737854003906","10069","10069","10069"
"100719","21.034265518188477","21.034265518188477","21.034265518188477","10071","10071","10071"
"100729","26.56485366821289","26.56485366821289","26.56485366821289","10072","10072","10072"
"100759","23.556365966796875","23.556365966796875","23.556365966796875","10075","10075","10075"
"100769","40.2911491394043","40.2911491394043","40.2911491394043","10076","10076","10076"
"100779","36.024742126464844","36.024742126464844","36.024742126464844","10077","10077","10077"
"100829","23.352388381958008","23.352388381958008","23.352388381958008","10082","10082","10082"
"100849","26.59770965576172","26.59770965576172","26.59770965576172","10084","10084","10084"
"100869","30.299348831176758","30.299348831176758","30.299348831176758","10086","10086","10086"
"100879","28.711225509643555","28.711225509643555","28.711225509643555","10087","10087","10087"
"100899","22.6668643951416","22.6668643951416","22.6668643951416","10089","10089","10089"
"100909","23.689950942993164","23.689950942993164","23.689950942993164","10090","10090","10090"
"100919","25.226078033447266","25.226078033447266","25.226078033447266","10091","10091","10091"
"100979","27.94426918029785","27.94426918029785","27.94426918029785","10097","10097","10097"
"100989","30.000757217407227","30.000757217407227","30.000757217407227","10098","10098","10098"
"101049","23.572589874267578","23.572589874267578","23.572589874267578","10104","10104","10104"
"101059","24.55211639404297","24.55211639404297","24.55211639404297","10105","10105","10105"
"101069","28.756803512573242","28.756803512573242","28.756803512573242","10106","10106","10106"
"101079","22.78472137451172","22.78472137451172","22.78472137451172","10107","10107","10107"
"101099","19.042722702026367","19.042722702026367","19.042722702026367","10109","10109","10109"
"101109","28.648805618286133","28.648805618286133","28.648805618286133","10110","10110","10110"
"101119","32.79652404785156","32.79652404785156","32.79652404785156","10111","10111","10111"
"101129","28.199941635131836","28.199941635131836","28.199941635131836","10112","10112","10112"
"101149","26.47003746032715","26.47003746032715","26.47003746032715","10114","10114","10114"
"101219","22.262331008911133","22.262331008911133","22.262331008911133","10121","10121","10121"
"101269","27.234132766723633","27.234132766723633","27.234132766723633","10126","10126","10126"
"101299","26.07807159423828","26.07807159423828","26.07807159423828","10129","10129","10129"
"101409","26.132312774658203","26.132312774658203","26.132312774658203","10140","10140","10140"
"101429","32.00285720825195","32.00285720825195","32.00285720825195","10142","10142","10142"
"101499","39.856536865234375","39.856536865234375","39.856536865234375","10149","10149","10149"
"101509","31.89128303527832","31.89128303527832","31.89128303527832","10150","10150","10150"
"101529","31.1240291595459","31.1240291595459","31.1240291595459","10152","10152","10152"
"101539","22.420839309692383","22.420839309692383","22.420839309692383","10153","10153","10153"
"101569","23.01628303527832","23.01628303527832","23.01628303527832","10156","10156","10156"
"101579","20.919286727905273","20.919286727905273","20.919286727905273","10157","10157","10157"
"101589","27.11275291442871","27.11275291442871","27.11275291442871","10158","10158","10158"
"101599","26.090389251708984","26.090389251708984","26.090389251708984","10159","10159","10159"
"101609","24.40544891357422","24.40544891357422","24.40544891357422","10160","10160","10160"
"101639","23.098068237304688","23.098068237304688","23.098068237304688","10163","10163","10163"
"101649","18.162490844726562","18.162490844726562","18.162490844726562","10164","10164","10164"
"101659","26.90085220336914","26.90085220336914","26.90085220336914","10165","10165","10165"
"101669","22.127248764038086","22.127248764038086","22.127248764038086","10166","10166","10166"
"101709","25.359838485717773","25.359838485717773","25.359838485717773","10170","10170","10170"
"101759","27.783082962036133","27.783082962036133","27.783082962036133","10175","10175","10175"
"101779","30.929582595825195","30.929582595825195","30.929582595825195","10177","10177","10177"
"101809","26.568817138671875","26.568817138671875","26.568817138671875","10180","10180","10180"
"101839","26.18417739868164","26.18417739868164","26.18417739868164","10183","10183","10183"
"101849","40.25685501098633","40.25685501098633","40.25685501098633","10184","10184","10184"
"101859","23.13650131225586","23.13650131225586","23.13650131225586","10185","10185","10185"
"101919","25.44991683959961","25.44991683959961","25.44991683959961","10191","10191","10191"
"101929","27.749162673950195","27.749162673950195","27.749162673950195","10192","10192","10192"
"101959","26.152362823486328","26.152362823486328","26.152362823486328","10195","10195","10195"
"101969","25.75478744506836","25.75478744506836","25.75478744506836","10196","10196","10196"
"101979","26.427385330200195","26.427385330200195","26.427385330200195","10197","10197","10197"
"101999","21.226055145263672","21.226055145263672","21.226055145263672","10199","10199","10199"
"102009","23.834197998046875","23.834197998046875","23.834197998046875","10200","10200","10200"
"102049","22.17885971069336","22.17885971069336","22.17885971069336","10204","10204","10204"
"102069","20.31549072265625","20.31549072265625","20.31549072265625","10206","10206","10206"
"102089","32.31903839111328","32.31903839111328","32.31903839111328","10208","10208","10208"
"102099","30.252338409423828","30.252338409423828","30.252338409423828","10209","10209","10209"
"102129","30.463756561279297","30.463756561279297","30.463756561279297","10212","10212","10212"
"102189","28.986251831054688","28.986251831054688","28.986251831054688","10218","10218","10218"
"102199","28.462257385253906","28.462257385253906","28.462257385253906","10219","10219","10219"
"102229","35.17668151855469","35.17668151855469","35.17668151855469","10222","10222","10222"
"102259","20.83498764038086","20.83498764038086","20.83498764038086","10225","10225","10225"
"102269","33.60486602783203","33.60486602783203","33.60486602783203","10226","10226","10226"
"102289","25.011672973632812","25.011672973632812","25.011672973632812","10228","10228","10228"
"102329","22.04397964477539","22.04397964477539","22.04397964477539","10232","10232","10232"
"102349","35.0227165222168","35.0227165222168","35.0227165222168","10234","10234","10234"
"102369","21.66056251525879","21.66056251525879","21.66056251525879","10236","10236","10236"
"102379","30.32447624206543","30.32447624206543","30.32447624206543","10237","10237","10237"
"102429","24.972352981567383","24.972352981567383","24.972352981567383","10242","10242","10242"
"102449","20.543254852294922","20.543254852294922","20.543254852294922","10244","10244","10244"
"102469","22.530025482177734","22.530025482177734","22.530025482177734","10246","10246","10246"
"102479","29.42644500732422","29.42644500732422","29.42644500732422","10247","10247","10247"
"102489","22.167964935302734","22.167964935302734","22.167964935302734","10248","10248","10248"
"102529","23.597305297851562","23.597305297851562","23.597305297851562","10252","10252","10252"
"102539","53.08723449707031","53.08723449707031","53.08723449707031","10253","10253","10253"
"102589","23.4227352142334","23.4227352142334","23.4227352142334","10258","10258","10258"
"102639","20.988325119018555","20.988325119018555","20.988325119018555","10263","10263","10263"
"102649","28.54180145263672","28.54180145263672","28.54180145263672","10264","10264","10264"
"102669","65.5455551147461","65.5455551147461","65.5455551147461","10266","10266","10266"
"102689","25.787517547607422","25.787517547607422","25.787517547607422","10268","10268","10268"
"102699","22.575511932373047","22.575511932373047","22.575511932373047","10269","10269","10269"
"102709","25.6538143157959","25.6538143157959","25.6538143157959","10270","10270","10270"
"102729","33.44746398925781","33.44746398925781","33.44746398925781","10272","10272","10272"
"102749","23.525691986083984","23.525691986083984","23.525691986083984","10274","10274","10274"
"102769","25.135374069213867","25.135374069213867","25.135374069213867","10276","10276","10276"
"102809","33.58607482910156","33.58607482910156","33.58607482910156","10280","10280","10280"
"102849","28.953367233276367","28.953367233276367","28.953367233276367","10284","10284","10284"
"102859","24.72041130065918","24.72041130065918","24.72041130065918","10285","10285","10285"
"102899","28.15239715576172","28.15239715576172","28.15239715576172","10289","10289","10289"
"102909","19.902603149414062","19.902603149414062","19.902603149414062","10290","10290","10290"
"102959","29.623830795288086","29.623830795288086","29.623830795288086","10295","10295","10295"
"102969","30.057260513305664","30.057260513305664","30.057260513305664","10296","10296","10296"
"103009","23.790327072143555","23.790327072143555","23.790327072143555","10300","10300","10300"
"103029","24.629026412963867","24.629026412963867","24.629026412963867","10302","10302","10302"
"103039","26.008188247680664","26.008188247680664","26.008188247680664","10303","10303","10303"
"103059","30.26466941833496","30.26466941833496","30.26466941833496","10305","10305","10305"
"103069","22.620004653930664","22.620004653930664","22.620004653930664","10306","10306","10306"
"103179","26.842748641967773","26.842748641967773","26.842748641967773","10317","10317","10317"
"103199","23.433914184570312","23.433914184570312","23.433914184570312","10319","10319","10319"
"103229","28.1083984375","28.1083984375","28.1083984375","10322","10322","10322"
"103259","26.357807159423828","26.357807159423828","26.357807159423828","10325","10325","10325"
"103289","19.47714614868164","19.47714614868164","19.47714614868164","10328","10328","10328"
"103299","26.430862426757812","26.430862426757812","26.430862426757812","10329","10329","10329"
"103309","24.088850021362305","24.088850021362305","24.088850021362305","10330","10330","10330"
"103329","23.657089233398438","23.657089233398438","23.657089233398438","10332","10332","10332"
"103349","26.953685760498047","26.953685760498047","26.953685760498047","10334","10334","10334"
"103359","29.87908935546875","29.87908935546875","29.87908935546875","10335","10335","10335"
"103369","24.70701789855957","24.70701789855957","24.70701789855957","10336","10336","10336"
"103389","27.944339752197266","27.944339752197266","27.944339752197266","10338","10338","10338"
"103429","31.739824295043945","31.739824295043945","31.739824295043945","10342","10342","10342"
"103499","36.97898483276367","36.97898483276367","36.97898483276367","10349","10349","10349"
"103519","25.915719985961914","25.915719985961914","25.915719985961914","10351","10351","10351"
"103529","26.062856674194336","26.062856674194336","26.062856674194336","10352","10352","10352"
"103539","26.835233688354492","26.835233688354492","26.835233688354492","10353","10353","10353"
"103559","29.602859497070312","29.602859497070312","29.602859497070312","10355","10355","10355"
"103579","29.796550750732422","29.796550750732422","29.796550750732422","10357","10357","10357"
"103599","22.657121658325195","22.657121658325195","22.657121658325195","10359","10359","10359"
"103619","37.85646057128906","37.85646057128906","37.85646057128906","10361","10361","10361"
"103649","24.5264892578125","24.5264892578125","24.5264892578125","10364","10364","10364"
"103689","24.911949157714844","24.911949157714844","24.911949157714844","10368","10368","10368"
"103729","27.745113372802734","27.745113372802734","27.745113372802734","10372","10372","10372"
"103759","34.26828384399414","34.26828384399414","34.26828384399414","10375","10375","10375"
"103769","26.918224334716797","26.918224334716797","26.918224334716797","10376","10376","10376"
"103809","20.244680404663086","20.244680404663086","20.244680404663086","10380","10380","10380"
"103829","36.55319595336914","36.55319595336914","36.55319595336914","10382","10382","10382"
"103849","19.949810028076172","19.949810028076172","19.949810028076172","10384","10384","10384"
"103899","44.74978256225586","44.74978256225586","44.74978256225586","10389","10389","10389"
"103919","32.560516357421875","32.560516357421875","32.560516357421875","10391","10391","10391"
"103949","24.291038513183594","24.291038513183594","24.291038513183594","10394","10394","10394"
"103959","22.447731018066406","22.447731018066406","22.447731018066406","10395","10395","10395"
"103989","24.788700103759766","24.788700103759766","24.788700103759766","10398","10398","10398"
"104009","26.519655227661133","26.519655227661133","26.519655227661133","10400","10400","10400"
"104019","19.242145538330078","19.242145538330078","19.242145538330078","10401","10401","10401"
"104029","23.589519500732422","23.589519500732422","23.589519500732422","10402","10402","10402"
"104039","26.748567581176758","26.748567581176758","26.748567581176758","10403","10403","10403"
"104049","27.684917449951172","27.684917449951172","27.684917449951172","10404","10404","10404"
"104069","29.75227928161621","29.75227928161621","29.75227928161621","10406","10406","10406"
"104109","24.161666870117188","24.161666870117188","24.161666870117188","10410","10410","10410"
"104129","26.018054962158203","26.018054962158203","26.018054962158203","10412","10412","10412"
"104139","38.931095123291016","38.931095123291016","38.931095123291016","10413","10413","10413"
"104169","23.256053924560547","23.256053924560547","23.256053924560547","10416","10416","10416"
"104229","19.993446350097656","19.993446350097656","19.993446350097656","10422","10422","10422"
"104279","27.351240158081055","27.351240158081055","27.351240158081055","10427","10427","10427"
"104319","19.382776260375977","19.382776260375977","19.382776260375977","10431","10431","10431"
"104329","24.222198486328125","24.222198486328125","24.222198486328125","10432","10432","10432"
"104339","25.908735275268555","25.908735275268555","25.908735275268555","10433","10433","10433"
"104359","20.522552490234375","20.522552490234375","20.522552490234375","10435","10435","10435"
"104369","29.208927154541016","29.208927154541016","29.208927154541016","10436","10436","10436"
"104399","23.127410888671875","23.127410888671875","23.127410888671875","10439","10439","10439"
"104429","19.14102554321289","19.14102554321289","19.14102554321289","10442","10442","10442"
"104439","24.955808639526367","24.955808639526367","24.955808639526367","10443","10443","10443"
"104449","21.549427032470703","21.549427032470703","21.549427032470703","10444","10444","10444"
"104459","26.428361892700195","26.428361892700195","26.428361892700195","10445","10445","10445"
"104499","25.827098846435547","25.827098846435547","25.827098846435547","10449","10449","10449"
"104509","28.949934005737305","28.949934005737305","28.949934005737305","10450","10450","10450"
"104539","44.15235137939453","44.15235137939453","44.15235137939453","10453","10453","10453"
"104559","33.5602912902832","33.5602912902832","33.5602912902832","10455","10455","10455"
"104589","27.706974029541016","27.706974029541016","27.706974029541016","10458","10458","10458"
"104599","20.378368377685547","20.378368377685547","20.378368377685547","10459","10459","10459"
"104629","24.233123779296875","24.233123779296875","24.233123779296875","10462","10462","10462"
"104649","31.648759841918945","31.648759841918945","31.648759841918945","10464","10464","10464"
"104679","26.209728240966797","26.209728240966797","26.209728240966797","10467","10467","10467"
"104689","23.10494041442871","23.10494041442871","23.10494041442871","10468","10468","10468"
"104699","19.70696449279785","19.70696449279785","19.70696449279785","10469","10469","10469"
"104709","25.201154708862305","25.201154708862305","25.201154708862305","10470","10470","10470"
"104729","32.189266204833984","32.189266204833984","32.189266204833984","10472","10472","10472"
"104739","26.617509841918945","26.617509841918945","26.617509841918945","10473","10473","10473"
"104749","29.790056228637695","29.790056228637695","29.790056228637695","10474","10474","10474"
"104759","26.49151611328125","26.49151611328125","26.49151611328125","10475","10475","10475"
"104809","27.578916549682617","27.578916549682617","27.578916549682617","10480","10480","10480"
"104859","30.70674705505371","30.70674705505371","30.70674705505371","10485","10485","10485"
"104889","30.396286010742188","30.396286010742188","30.396286010742188","10488","10488","10488"
"104919","24.914094924926758","24.914094924926758","24.914094924926758","10491","10491","10491"
"105019","23.51024627685547","23.51024627685547","23.51024627685547","10501","10501","10501"
"105039","21.838481903076172","21.838481903076172","21.838481903076172","10503","10503","10503"
"105049","34.49112319946289","34.49112319946289","34.49112319946289","10504","10504","10504"
"105069","27.548973083496094","27.548973083496094","27.548973083496094","10506","10506","10506"
"105099","25.436416625976562","25.436416625976562","25.436416625976562","10509","10509","10509"
"105109","28.33689308166504","28.33689308166504","28.33689308166504","10510","10510","10510"
"105129","19.836374282836914","19.836374282836914","19.836374282836914","10512","10512","10512"
"105149","21.494884490966797","21.494884490966797","21.494884490966797","10514","10514","10514"
"105179","23.758651733398438","23.758651733398438","23.758651733398438","10517","10517","10517"
"105189","33.98418426513672","33.98418426513672","33.98418426513672","10518","10518","10518"
"105229","24.41763687133789","24.41763687133789","24.41763687133789","10522","10522","10522"
"105249","30.37213897705078","30.37213897705078","30.37213897705078","10524","10524","10524"
"105259","26.687740325927734","26.687740325927734","26.687740325927734","10525","10525","10525"
"105279","20.989713668823242","20.989713668823242","20.989713668823242","10527","10527","10527"
"105319","32.703704833984375","32.703704833984375","32.703704833984375","10531","10531","10531"
"105339","20.342891693115234","20.342891693115234","20.342891693115234","10533","10533","10533"
"105349","29.84900665283203","29.84900665283203","29.84900665283203","10534","10534","10534"
"105379","32.326629638671875","32.326629638671875","32.326629638671875","10537","10537","10537"
"105409","31.045988082885742","31.045988082885742","31.045988082885742","10540","10540","10540"
"105419","23.36267852783203","23.36267852783203","23.36267852783203","10541","10541","10541"
"105429","29.053199768066406","29.053199768066406","29.053199768066406","10542","10542","10542"
"105509","28.899188995361328","28.899188995361328","28.899188995361328","10550","10550","10550"
"105529","34.25690841674805","34.25690841674805","34.25690841674805","10552","10552","10552"
"105549","26.036605834960938","26.036605834960938","26.036605834960938","10554","10554","10554"
"105559","34.35875701904297","34.35875701904297","34.35875701904297","10555","10555","10555"
"105599","23.7308349609375","23.7308349609375","23.7308349609375","10559","10559","10559"
"105639","37.875980377197266","37.875980377197266","37.875980377197266","10563","10563","10563"
"105649","24.222240447998047","24.222240447998047","24.222240447998047","10564","10564","10564"
"105659","23.791946411132812","23.791946411132812","23.791946411132812","10565","10565","10565"
"105689","30.320171356201172","30.320171356201172","30.320171356201172","10568","10568","10568"
"105709","26.867416381835938","26.867416381835938","26.867416381835938","10570","10570","10570"
"105719","30.96129608154297","30.96129608154297","30.96129608154297","10571","10571","10571"
"105729","24.754112243652344","24.754112243652344","24.754112243652344","10572","10572","10572"
"105779","27.567596435546875","27.567596435546875","27.567596435546875","10577","10577","10577"
"105809","26.322311401367188","26.322311401367188","26.322311401367188","10580","10580","10580"
"105819","33.37990188598633","33.37990188598633","33.37990188598633","10581","10581","10581"
"105889","30.840688705444336","30.840688705444336","30.840688705444336","10588","10588","10588"
"105899","23.568899154663086","23.568899154663086","23.568899154663086","10589","10589","10589"
"105909","27.414051055908203","27.414051055908203","27.414051055908203","10590","10590","10590"
"105929","34.182586669921875","34.182586669921875","34.182586669921875","10592","10592","10592"
"105979","26.18410873413086","26.18410873413086","26.18410873413086","10597","10597","10597"
"106059","24.040435791015625","24.040435791015625","24.040435791015625","10605","10605","10605"
"106069","26.867137908935547","26.867137908935547","26.867137908935547","10606","10606","10606"
"106149","27.409711837768555","27.409711837768555","27.409711837768555","10614","10614","10614"
"106169","27.004592895507812","27.004592895507812","27.004592895507812","10616","10616","10616"
"106189","23.04402732849121","23.04402732849121","23.04402732849121","10618","10618","10618"
"106199","25.145721435546875","25.145721435546875","25.145721435546875","10619","10619","10619"
"106259","35.02862548828125","35.02862548828125","35.02862548828125","10625","10625","10625"
"106279","23.290233612060547","23.290233612060547","23.290233612060547","10627","10627","10627"
"106289","20.868316650390625","20.868316650390625","20.868316650390625","10628","10628","10628"
"106329","21.256263732910156","21.256263732910156","21.256263732910156","10632","10632","10632"
"106359","24.003070831298828","24.003070831298828","24.003070831298828","10635","10635","10635"
"106369","22.078487396240234","22.078487396240234","22.078487396240234","10636","10636","10636"
"106379","27.734066009521484","27.734066009521484","27.734066009521484","10637","10637","10637"
"106399","20.81291961669922","20.81291961669922","20.81291961669922","10639","10639","10639"
"106409","20.05612564086914","20.05612564086914","20.05612564086914","10640","10640","10640"
"106439","25.73009490966797","25.73009490966797","25.73009490966797","10643","10643","10643"
"106619","35.28525161743164","35.28525161743164","35.28525161743164","10661","10661","10661"
"106629","32.319190979003906","32.319190979003906","32.319190979003906","10662","10662","10662"
"106669","28.79613494873047","28.79613494873047","28.79613494873047","10666","10666","10666"
"106689","28.131622314453125","28.131622314453125","28.131622314453125","10668","10668","10668"
"106699","26.135116577148438","26.135116577148438","26.135116577148438","10669","10669","10669"
"106739","30.098987579345703","30.098987579345703","30.098987579345703","10673","10673","10673"
"106759","23.036073684692383","23.036073684692383","23.036073684692383","10675","10675","10675"
"106779","32.60261535644531","32.60261535644531","32.60261535644531","10677","10677","10677"
"106789","23.491100311279297","23.491100311279297","23.491100311279297","10678","10678","10678"
"106809","22.180395126342773","22.180395126342773","22.180395126342773","10680","10680","10680"
"106819","29.88302993774414","29.88302993774414","29.88302993774414","10681","10681","10681"
"106859","24.609407424926758","24.609407424926758","24.609407424926758","10685","10685","10685"
"106889","22.86932945251465","22.86932945251465","22.86932945251465","10688","10688","10688"
"106899","22.330041885375977","22.330041885375977","22.330041885375977","10689","10689","10689"
"106929","33.90629577636719","33.90629577636719","33.90629577636719","10692","10692","10692"
"106959","31.306678771972656","31.306678771972656","31.306678771972656","10695","10695","10695"
"106979","21.427715301513672","21.427715301513672","21.427715301513672","10697","10697","10697"
"107009","22.090774536132812","22.090774536132812","22.090774536132812","10700","10700","10700"
"107059","25.110271453857422","25.110271453857422","25.110271453857422","10705","10705","10705"
"107079","24.264476776123047","24.264476776123047","24.264476776123047","10707","10707","10707"
"107089","24.86269187927246","24.86269187927246","24.86269187927246","10708","10708","10708"
"107109","29.282955169677734","29.282955169677734","29.282955169677734","10710","10710","10710"
"107179","22.68975257873535","22.68975257873535","22.68975257873535","10717","10717","10717"
"107199","50.789764404296875","50.789764404296875","50.789764404296875","10719","10719","10719"
"107229","29.391639709472656","29.391639709472656","29.391639709472656","10722","10722","10722"
"107259","22.6979923248291","22.6979923248291","22.6979923248291","10725","10725","10725"
"107269","19.546680450439453","19.546680450439453","19.546680450439453","10726","10726","10726"
"107279","22.80084228515625","22.80084228515625","22.80084228515625","10727","10727","10727"
"107309","30.46438980102539","30.46438980102539","30.46438980102539","10730","10730","10730"
"107319","23.94956398010254","23.94956398010254","23.94956398010254","10731","10731","10731"
"107329","24.09326934814453","24.09326934814453","24.09326934814453","10732","10732","10732"
"107349","36.10334777832031","36.10334777832031","36.10334777832031","10734","10734","10734"
"107399","32.21454620361328","32.21454620361328","32.21454620361328","10739","10739","10739"
"107429","31.548219680786133","31.548219680786133","31.548219680786133","10742","10742","10742"
"107439","21.156322479248047","21.156322479248047","21.156322479248047","10743","10743","10743"
"107499","29.849834442138672","29.849834442138672","29.849834442138672","10749","10749","10749"
"107519","21.99050521850586","21.99050521850586","21.99050521850586","10751","10751","10751"
"107549","30.65919303894043","30.65919303894043","30.65919303894043","10754","10754","10754"
"107579","29.671327590942383","29.671327590942383","29.671327590942383","10757","10757","10757"
"107589","21.489578247070312","21.489578247070312","21.489578247070312","10758","10758","10758"
"107599","28.60982894897461","28.60982894897461","28.60982894897461","10759","10759","10759"
"107639","27.578670501708984","27.578670501708984","27.578670501708984","10763","10763","10763"
"107649","20.026351928710938","20.026351928710938","20.026351928710938","10764","10764","10764"
"107709","22.515357971191406","22.515357971191406","22.515357971191406","10770","10770","10770"
"107739","26.992177963256836","26.992177963256836","26.992177963256836","10773","10773","10773"
"107749","20.09952163696289","20.09952163696289","20.09952163696289","10774","10774","10774"
"107769","28.885026931762695","28.885026931762695","28.885026931762695","10776","10776","10776"
"107779","26.099872589111328","26.099872589111328","26.099872589111328","10777","10777","10777"
"107799","33.0814094543457","33.0814094543457","33.0814094543457","10779","10779","10779"
"107839","29.044893264770508","29.044893264770508","29.044893264770508","10783","10783","10783"
"107849","21.93015480041504","21.93015480041504","21.93015480041504","10784","10784","10784"
"107859","32.07622528076172","32.07622528076172","32.07622528076172","10785","10785","10785"
"107919","22.410390853881836","22.410390853881836","22.410390853881836","10791","10791","10791"
"107989","36.09669876098633","36.09669876098633","36.09669876098633","10798","10798","10798"
"108009","27.780094146728516","27.780094146728516","27.780094146728516","10800","10800","10800"
"108079","18.622516632080078","18.622516632080078","18.622516632080078","10807","10807","10807"
"108089","30.37706756591797","30.37706756591797","30.37706756591797","10808","10808","10808"
"108129","24.911611557006836","24.911611557006836","24.911611557006836","10812","10812","10812"
"108139","21.33992576599121","21.33992576599121","21.33992576599121","10813","10813","10813"
"108149","25.43841552734375","25.43841552734375","25.43841552734375","10814","10814","10814"
"108179","25.557546615600586","25.557546615600586","25.557546615600586","10817","10817","10817"
"108209","23.88983154296875","23.88983154296875","23.88983154296875","10820","10820","10820"
"108229","21.171371459960938","21.171371459960938","21.171371459960938","10822","10822","10822"
"108239","25.835920333862305","25.835920333862305","25.835920333862305","10823","10823","10823"
"108249","22.953617095947266","22.953617095947266","22.953617095947266","10824","10824","10824"
"108279","21.796466827392578","21.796466827392578","21.796466827392578","10827","10827","10827"
"108289","36.999908447265625","36.999908447265625","36.999908447265625","10828","10828","10828"
"108299","22.807846069335938","22.807846069335938","22.807846069335938","10829","10829","10829"
"108309","34.741512298583984","34.741512298583984","34.741512298583984","10830","10830","10830"
"108339","20.397472381591797","20.397472381591797","20.397472381591797","10833","10833","10833"
"108349","29.126514434814453","29.126514434814453","29.126514434814453","10834","10834","10834"
"108389","23.8199462890625","23.8199462890625","23.8199462890625","10838","10838","10838"
"108399","22.9356746673584","22.9356746673584","22.9356746673584","10839","10839","10839"
"108429","26.04290771484375","26.04290771484375","26.04290771484375","10842","10842","10842"
"108479","23.860660552978516","23.860660552978516","23.860660552978516","10847","10847","10847"
"108529","22.360530853271484","22.360530853271484","22.360530853271484","10852","10852","10852"
"108539","25.264291763305664","25.264291763305664","25.264291763305664","10853","10853","10853"
"108649","20.529020309448242","20.529020309448242","20.529020309448242","10864","10864","10864"
"108679","26.31757354736328","26.31757354736328","26.31757354736328","10867","10867","10867"
"108729","24.57915687561035","24.57915687561035","24.57915687561035","10872","10872","10872"
"108749","22.50495147705078","22.50495147705078","22.50495147705078","10874","10874","10874"
"108779","23.555320739746094","23.555320739746094","23.555320739746094","10877","10877","10877"
"108789","25.87550926208496","25.87550926208496","25.87550926208496","10878","10878","10878"
"108819","30.483495712280273","30.483495712280273","30.483495712280273","10881","10881","10881"
"108829","35.44209289550781","35.44209289550781","35.44209289550781","10882","10882","10882"
"108839","25.567119598388672","25.567119598388672","25.567119598388672","10883","10883","10883"
"108859","20.15204620361328","20.15204620361328","20.15204620361328","10885","10885","10885"
"108869","28.4559383392334","28.4559383392334","28.4559383392334","10886","10886","10886"
"108879","20.85715675354004","20.85715675354004","20.85715675354004","10887","10887","10887"
"108929","26.787431716918945","26.787431716918945","26.787431716918945","10892","10892","10892"
"108939","25.631622314453125","25.631622314453125","25.631622314453125","10893","10893","10893"
"108949","35.38371276855469","35.38371276855469","35.38371276855469","10894","10894","10894"
"108959","23.557621002197266","23.557621002197266","23.557621002197266","10895","10895","10895"
"108969","29.30571746826172","29.30571746826172","29.30571746826172","10896","10896","10896"
"108999","22.376480102539062","22.376480102539062","22.376480102539062","10899","10899","10899"
"109039","23.07503318786621","23.07503318786621","23.07503318786621","10903","10903","10903"
"109059","22.80404281616211","22.80404281616211","22.80404281616211","10905","10905","10905"
"109089","19.846195220947266","19.846195220947266","19.846195220947266","10908","10908","10908"
"109129","25.707109451293945","25.707109451293945","25.707109451293945","10912","10912","10912"
"109159","24.801572799682617","24.801572799682617","24.801572799682617","10915","10915","10915"
"109169","32.981361389160156","32.981361389160156","32.981361389160156","10916","10916","10916"
"109209","27.926836013793945","27.926836013793945","27.926836013793945","10920","10920","10920"
"109229","25.016395568847656","25.016395568847656","25.016395568847656","10922","10922","10922"
"109239","24.546573638916016","24.546573638916016","24.546573638916016","10923","10923","10923"
"109249","25.805709838867188","25.805709838867188","25.805709838867188","10924","10924","10924"
"109259","23.227474212646484","23.227474212646484","23.227474212646484","10925","10925","10925"
"109289","31.21889877319336","31.21889877319336","31.21889877319336","10928","10928","10928"
"109309","23.59355926513672","23.59355926513672","23.59355926513672","10930","10930","10930"
"109319","25.851104736328125","25.851104736328125","25.851104736328125","10931","10931","10931"
"109349","19.058504104614258","19.058504104614258","19.058504104614258","10934","10934","10934"
"109369","21.702045440673828","21.702045440673828","21.702045440673828","10936","10936","10936"
"109379","28.066333770751953","28.066333770751953","28.066333770751953","10937","10937","10937"
"109399","18.710573196411133","18.710573196411133","18.710573196411133","10939","10939","10939"
"109419","23.23419189453125","23.23419189453125","23.23419189453125","10941","10941","10941"
"109469","21.147275924682617","21.147275924682617","21.147275924682617","10946","10946","10946"
"109479","61.850914001464844","61.850914001464844","61.850914001464844","10947","10947","10947"
"109489","31.773937225341797","31.773937225341797","31.773937225341797","10948","10948","10948"
"109499","24.607866287231445","24.607866287231445","24.607866287231445","10949","10949","10949"
"109529","26.911487579345703","26.911487579345703","26.911487579345703","10952","10952","10952"
"109539","23.505207061767578","23.505207061767578","23.505207061767578","10953","10953","10953"
"109549","26.18716049194336","26.18716049194336","26.18716049194336","10954","10954","10954"
"109579","19.219045639038086","19.219045639038086","19.219045639038086","10957","10957","10957"
"109589","24.134204864501953","24.134204864501953","24.134204864501953","10958","10958","10958"
"109599","20.813365936279297","20.813365936279297","20.813365936279297","10959","10959","10959"
"109629","23.969524383544922","23.969524383544922","23.969524383544922","10962","10962","10962"
"109669","21.620271682739258","21.620271682739258","21.620271682739258","10966","10966","10966"
"109719","18.600399017333984","18.600399017333984","18.600399017333984","10971","10971","10971"
"109749","25.347543716430664","25.347543716430664","25.347543716430664","10974","10974","10974"
"109799","27.80207633972168","27.80207633972168","27.80207633972168","10979","10979","10979"
"109819","23.50935935974121","23.50935935974121","23.50935935974121","10981","10981","10981"
"109829","25.25503158569336","25.25503158569336","25.25503158569336","10982","10982","10982"
"109839","19.738405227661133","19.738405227661133","19.738405227661133","10983","10983","10983"
"109849","33.29362106323242","33.29362106323242","33.29362106323242","10984","10984","10984"
"109859","20.00636100769043","20.00636100769043","20.00636100769043","10985","10985","10985"
"109919","18.36965560913086","18.36965560913086","18.36965560913086","10991","10991","10991"
"109939","30.112722396850586","30.112722396850586","30.112722396850586","10993","10993","10993"
"109979","21.985177993774414","21.985177993774414","21.985177993774414","10997","10997","10997"
"110039","21.173770904541016","21.173770904541016","21.173770904541016","11003","11003","11003"
"110069","28.79022216796875","28.79022216796875","28.79022216796875","11006","11006","11006"
"110089","20.78351593017578","20.78351593017578","20.78351593017578","11008","11008","11008"
"110129","29.055330276489258","29.055330276489258","29.055330276489258","11012","11012","11012"
"110139","27.583763122558594","27.583763122558594","27.583763122558594","11013","11013","11013"
"110149","24.929750442504883","24.929750442504883","24.929750442504883","11014","11014","11014"
"110159","23.704837799072266","23.704837799072266","23.704837799072266","11015","11015","11015"
"110169","20.4567928314209","20.4567928314209","20.4567928314209","11016","11016","11016"
"110189","36.79185104370117","36.79185104370117","36.79185104370117","11018","11018","11018"
"110239","24.172679901123047","24.172679901123047","24.172679901123047","11023","11023","11023"
"110279","27.10837745666504","27.10837745666504","27.10837745666504","11027","11027","11027"
"110289","23.640676498413086","23.640676498413086","23.640676498413086","11028","11028","11028"
"110309","21.284135818481445","21.284135818481445","21.284135818481445","11030","11030","11030"
"110349","18.42113494873047","18.42113494873047","18.42113494873047","11034","11034","11034"
"110359","33.382591247558594","33.382591247558594","33.382591247558594","11035","11035","11035"
"110389","18.644325256347656","18.644325256347656","18.644325256347656","11038","11038","11038"
"110399","26.711185455322266","26.711185455322266","26.711185455322266","11039","11039","11039"
"110459","26.988780975341797","26.988780975341797","26.988780975341797","11045","11045","11045"
"110469","24.678688049316406","24.678688049316406","24.678688049316406","11046","11046","11046"
"110499","31.59994125366211","31.59994125366211","31.59994125366211","11049","11049","11049"
"110509","22.77978515625","22.77978515625","22.77978515625","11050","11050","11050"
"110519","30.674205780029297","30.674205780029297","30.674205780029297","11051","11051","11051"
"110529","24.510196685791016","24.510196685791016","24.510196685791016","11052","11052","11052"
"110559","26.369251251220703","26.369251251220703","26.369251251220703","11055","11055","11055"
"110579","69.82381439208984","69.82381439208984","69.82381439208984","11057","11057","11057"
"110589","26.10329246520996","26.10329246520996","26.10329246520996","11058","11058","11058"
"110619","31.115707397460938","31.115707397460938","31.115707397460938","11061","11061","11061"
"110669","28.50910186767578","28.50910186767578","28.50910186767578","11066","11066","11066"
"110719","22.130891799926758","22.130891799926758","22.130891799926758","11071","11071","11071"
"110749","22.95594024658203","22.95594024658203","22.95594024658203","11074","11074","11074"
"110759","23.234371185302734","23.234371185302734","23.234371185302734","11075","11075","11075"
"110809","29.16000747680664","29.16000747680664","29.16000747680664","11080","11080","11080"
"110859","28.033899307250977","28.033899307250977","28.033899307250977","11085","11085","11085"
"110879","25.554630279541016","25.554630279541016","25.554630279541016","11087","11087","11087"
"110889","24.471046447753906","24.471046447753906","24.471046447753906","11088","11088","11088"
"110909","27.353450775146484","27.353450775146484","27.353450775146484","11090","11090","11090"
"110939","30.152851104736328","30.152851104736328","30.152851104736328","11093","11093","11093"
"110949","21.871599197387695","21.871599197387695","21.871599197387695","11094","11094","11094"
"110979","28.68010711669922","28.68010711669922","28.68010711669922","11097","11097","11097"
"111009","23.056373596191406","23.056373596191406","23.056373596191406","11100","11100","11100"
"111049","21.573684692382812","21.573684692382812","21.573684692382812","11104","11104","11104"
"111089","21.872629165649414","21.872629165649414","21.872629165649414","11108","11108","11108"
"111119","30.317049026489258","30.317049026489258","30.317049026489258","11111","11111","11111"
"111129","25.495100021362305","25.495100021362305","25.495100021362305","11112","11112","11112"
"111139","24.263357162475586","24.263357162475586","24.263357162475586","11113","11113","11113"
"111149","24.438142776489258","24.438142776489258","24.438142776489258","11114","11114","11114"
"111169","29.890724182128906","29.890724182128906","29.890724182128906","11116","11116","11116"
"111179","34.582969665527344","34.582969665527344","34.582969665527344","11117","11117","11117"
"111239","25.245784759521484","25.245784759521484","25.245784759521484","11123","11123","11123"
"111259","30.971511840820312","30.971511840820312","30.971511840820312","11125","11125","11125"
"111269","32.35200119018555","32.35200119018555","32.35200119018555","11126","11126","11126"
"111329","24.766048431396484","24.766048431396484","24.766048431396484","11132","11132","11132"
"111339","24.93294906616211","24.93294906616211","24.93294906616211","11133","11133","11133"
"111359","24.64986801147461","24.64986801147461","24.64986801147461","11135","11135","11135"
"111369","21.804502487182617","21.804502487182617","21.804502487182617","11136","11136","11136"
"111379","18.574867248535156","18.574867248535156","18.574867248535156","11137","11137","11137"
"111409","24.61216926574707","24.61216926574707","24.61216926574707","11140","11140","11140"
"111449","29.198076248168945","29.198076248168945","29.198076248168945","11144","11144","11144"
"111459","21.26120376586914","21.26120376586914","21.26120376586914","11145","11145","11145"
"111469","25.90534210205078","25.90534210205078","25.90534210205078","11146","11146","11146"
"111509","23.80335235595703","23.80335235595703","23.80335235595703","11150","11150","11150"
"111539","23.810733795166016","23.810733795166016","23.810733795166016","11153","11153","11153"
"111589","26.659420013427734","26.659420013427734","26.659420013427734","11158","11158","11158"
"111599","19.178396224975586","19.178396224975586","19.178396224975586","11159","11159","11159"
"111609","22.161598205566406","22.161598205566406","22.161598205566406","11160","11160","11160"
"111619","21.226001739501953","21.226001739501953","21.226001739501953","11161","11161","11161"
"111649","20.113525390625","20.113525390625","20.113525390625","11164","11164","11164"
"111659","32.92490768432617","32.92490768432617","32.92490768432617","11165","11165","11165"
"111749","23.128284454345703","23.128284454345703","23.128284454345703","11174","11174","11174"
"111759","31.94384765625","31.94384765625","31.94384765625","11175","11175","11175"
"111789","32.505821228027344","32.505821228027344","32.505821228027344","11178","11178","11178"
"111799","30.992061614990234","30.992061614990234","30.992061614990234","11179","11179","11179"
"111829","22.764827728271484","22.764827728271484","22.764827728271484","11182","11182","11182"
"111889","29.531984329223633","29.531984329223633","29.531984329223633","11188","11188","11188"
"111909","20.368162155151367","20.368162155151367","20.368162155151367","11190","11190","11190"
"111919","28.054962158203125","28.054962158203125","28.054962158203125","11191","11191","11191"
"111939","24.770309448242188","24.770309448242188","24.770309448242188","11193","11193","11193"
"111949","22.24835205078125","22.24835205078125","22.24835205078125","11194","11194","11194"
"111969","29.472209930419922","29.472209930419922","29.472209930419922","11196","11196","11196"
"112039","20.963123321533203","20.963123321533203","20.963123321533203","11203","11203","11203"
"112069","35.32482147216797","35.32482147216797","35.32482147216797","11206","11206","11206"
"112099","42.94450378417969","42.94450378417969","42.94450378417969","11209","11209","11209"
"112139","28.116064071655273","28.116064071655273","28.116064071655273","11213","11213","11213"
"112149","28.1857852935791","28.1857852935791","28.1857852935791","11214","11214","11214"
"112159","26.769187927246094","26.769187927246094","26.769187927246094","11215","11215","11215"
"112169","33.9702262878418","33.9702262878418","33.9702262878418","11216","11216","11216"
"112189","27.881362915039062","27.881362915039062","27.881362915039062","11218","11218","11218"
"112239","24.656999588012695","24.656999588012695","24.656999588012695","11223","11223","11223"
"112279","26.43246078491211","26.43246078491211","26.43246078491211","11227","11227","11227"
"112299","29.77630615234375","29.77630615234375","29.77630615234375","11229","11229","11229"
"112319","32.43904113769531","32.43904113769531","32.43904113769531","11231","11231","11231"
"112329","25.938264846801758","25.938264846801758","25.938264846801758","11232","11232","11232"
"112349","25.346317291259766","25.346317291259766","25.346317291259766","11234","11234","11234"
"112389","32.38239288330078","32.38239288330078","32.38239288330078","11238","11238","11238"
"112399","31.455678939819336","31.455678939819336","31.455678939819336","11239","11239","11239"
"112409","18.251720428466797","18.251720428466797","18.251720428466797","11240","11240","11240"
"112489","20.87333869934082","20.87333869934082","20.87333869934082","11248","11248","11248"
"112559","27.51182746887207","27.51182746887207","27.51182746887207","11255","11255","11255"
"112579","23.602752685546875","23.602752685546875","23.602752685546875","11257","11257","11257"
"112589","26.424373626708984","26.424373626708984","26.424373626708984","11258","11258","11258"
"112609","24.59339714050293","24.59339714050293","24.59339714050293","11260","11260","11260"
"112619","26.595136642456055","26.595136642456055","26.595136642456055","11261","11261","11261"
"112629","23.17266845703125","23.17266845703125","23.17266845703125","11262","11262","11262"
"112649","25.60677719116211","25.60677719116211","25.60677719116211","11264","11264","11264"
"112659","32.24987030029297","32.24987030029297","32.24987030029297","11265","11265","11265"
"112689","22.333118438720703","22.333118438720703","22.333118438720703","11268","11268","11268"
"112719","25.393396377563477","25.393396377563477","25.393396377563477","11271","11271","11271"
"112729","28.081941604614258","28.081941604614258","28.081941604614258","11272","11272","11272"
"112769","22.040279388427734","22.040279388427734","22.040279388427734","11276","11276","11276"
"112779","23.695844650268555","23.695844650268555","23.695844650268555","11277","11277","11277"
"112799","19.94496726989746","19.94496726989746","19.94496726989746","11279","11279","11279"
"112809","19.356664657592773","19.356664657592773","19.356664657592773","11280","11280","11280"
"112909","20.158119201660156","20.158119201660156","20.158119201660156","11290","11290","11290"
"112929","23.83789825439453","23.83789825439453","23.83789825439453","11292","11292","11292"
"112939","31.5101318359375","31.5101318359375","31.5101318359375","11293","11293","11293"
"112959","27.525466918945312","27.525466918945312","27.525466918945312","11295","11295","11295"
"112989","25.632022857666016","25.632022857666016","25.632022857666016","11298","11298","11298"
"113009","25.20677947998047","25.20677947998047","25.20677947998047","11300","11300","11300"
"113049","31.23674201965332","31.23674201965332","31.23674201965332","11304","11304","11304"
"113059","23.033687591552734","23.033687591552734","23.033687591552734","11305","11305","11305"
"113089","24.814374923706055","24.814374923706055","24.814374923706055","11308","11308","11308"
"113099","28.10080337524414","28.10080337524414","28.10080337524414","11309","11309","11309"
"113109","27.081947326660156","27.081947326660156","27.081947326660156","11310","11310","11310"
"113119","21.66256332397461","21.66256332397461","21.66256332397461","11311","11311","11311"
"113129","21.713016510009766","21.713016510009766","21.713016510009766","11312","11312","11312"
"113139","27.40103530883789","27.40103530883789","27.40103530883789","11313","11313","11313"
"113149","22.31023406982422","22.31023406982422","22.31023406982422","11314","11314","11314"
"113159","32.162269592285156","32.162269592285156","32.162269592285156","11315","11315","11315"
"113189","28.595352172851562","28.595352172851562","28.595352172851562","11318","11318","11318"
"113209","19.576732635498047","19.576732635498047","19.576732635498047","11320","11320","11320"
"113229","23.245235443115234","23.245235443115234","23.245235443115234","11322","11322","11322"
"113249","24.48822784423828","24.48822784423828","24.48822784423828","11324","11324","11324"
"113279","24.615825653076172","24.615825653076172","24.615825653076172","11327","11327","11327"
"113289","74.66793823242188","74.66793823242188","74.66793823242188","11328","11328","11328"
"113299","30.801239013671875","30.801239013671875","30.801239013671875","11329","11329","11329"
"113349","25.056838989257812","25.056838989257812","25.056838989257812","11334","11334","11334"
"113379","21.340267181396484","21.340267181396484","21.340267181396484","11337","11337","11337"
"113399","23.149188995361328","23.149188995361328","23.149188995361328","11339","11339","11339"
"113459","19.90384864807129","19.90384864807129","19.90384864807129","11345","11345","11345"
"113469","20.005878448486328","20.005878448486328","20.005878448486328","11346","11346","11346"
"113479","29.595996856689453","29.595996856689453","29.595996856689453","11347","11347","11347"
"113499","23.877891540527344","23.877891540527344","23.877891540527344","11349","11349","11349"
"113539","28.555252075195312","28.555252075195312","28.555252075195312","11353","11353","11353"
"113549","28.429529190063477","28.429529190063477","28.429529190063477","11354","11354","11354"
"113589","22.49368667602539","22.49368667602539","22.49368667602539","11358","11358","11358"
"113639","28.708606719970703","28.708606719970703","28.708606719970703","11363","11363","11363"
"113649","21.56479835510254","21.56479835510254","21.56479835510254","11364","11364","11364"
"113659","22.714454650878906","22.714454650878906","22.714454650878906","11365","11365","11365"
"113669","24.766849517822266","24.766849517822266","24.766849517822266","11366","11366","11366"
"113679","22.3458251953125","22.3458251953125","22.3458251953125","11367","11367","11367"
"113699","21.175045013427734","21.175045013427734","21.175045013427734","11369","11369","11369"
"113739","25.81116485595703","25.81116485595703","25.81116485595703","11373","11373","11373"
"113749","37.726356506347656","37.726356506347656","37.726356506347656","11374","11374","11374"
"113779","23.733169555664062","23.733169555664062","23.733169555664062","11377","11377","11377"
"113809","27.419357299804688","27.419357299804688","27.419357299804688","11380","11380","11380"
"113819","20.004114151000977","20.004114151000977","20.004114151000977","11381","11381","11381"
"113849","24.504838943481445","24.504838943481445","24.504838943481445","11384","11384","11384"
"113859","27.26404571533203","27.26404571533203","27.26404571533203","11385","11385","11385"
"113919","22.95374870300293","22.95374870300293","22.95374870300293","11391","11391","11391"
"113969","25.67837905883789","25.67837905883789","25.67837905883789","11396","11396","11396"
"114059","24.43244171142578","24.43244171142578","24.43244171142578","11405","11405","11405"
"114089","24.694963455200195","24.694963455200195","24.694963455200195","11408","11408","11408"
"114099","38.19416046142578","38.19416046142578","38.19416046142578","11409","11409","11409"
"114129","27.80650520324707","27.80650520324707","27.80650520324707","11412","11412","11412"
"114139","21.83502960205078","21.83502960205078","21.83502960205078","11413","11413","11413"
"114159","22.497695922851562","22.497695922851562","22.497695922851562","11415","11415","11415"
"114169","23.03839874267578","23.03839874267578","23.03839874267578","11416","11416","11416"
"114229","21.87801742553711","21.87801742553711","21.87801742553711","11422","11422","11422"
"114239","21.882244110107422","21.882244110107422","21.882244110107422","11423","11423","11423"
"114269","25.359148025512695","25.359148025512695","25.359148025512695","11426","11426","11426"
"114309","22.848827362060547","22.848827362060547","22.848827362060547","11430","11430","11430"
"114329","26.327728271484375","26.327728271484375","26.327728271484375","11432","11432","11432"
"114339","34.801082611083984","34.801082611083984","34.801082611083984","11433","11433","11433"
"114369","21.07655143737793","21.07655143737793","21.07655143737793","11436","11436","11436"
"114399","22.28106117248535","22.28106117248535","22.28106117248535","11439","11439","11439"
"114409","26.374752044677734","26.374752044677734","26.374752044677734","11440","11440","11440"
"114429","27.705591201782227","27.705591201782227","27.705591201782227","11442","11442","11442"
"114439","22.051883697509766","22.051883697509766","22.051883697509766","11443","11443","11443"
"114469","26.346569061279297","26.346569061279297","26.346569061279297","11446","11446","11446"
"114479","19.244890213012695","19.244890213012695","19.244890213012695","11447","11447","11447"
"114489","23.030488967895508","23.030488967895508","23.030488967895508","11448","11448","11448"
"114509","28.804218292236328","28.804218292236328","28.804218292236328","11450","11450","11450"
"114589","20.53018569946289","20.53018569946289","20.53018569946289","11458","11458","11458"
"114599","29.115894317626953","29.115894317626953","29.115894317626953","11459","11459","11459"
"114619","23.627239227294922","23.627239227294922","23.627239227294922","11461","11461","11461"
"114629","25.06422996520996","25.06422996520996","25.06422996520996","11462","11462","11462"
"114659","23.95983123779297","23.95983123779297","23.95983123779297","11465","11465","11465"
"114689","27.9975528717041","27.9975528717041","27.9975528717041","11468","11468","11468"
"114709","26.497861862182617","26.497861862182617","26.497861862182617","11470","11470","11470"
"114759","23.282638549804688","23.282638549804688","23.282638549804688","11475","11475","11475"
"114769","27.625322341918945","27.625322341918945","27.625322341918945","11476","11476","11476"
"114779","17.301223754882812","17.301223754882812","17.301223754882812","11477","11477","11477"
"114789","24.45151138305664","24.45151138305664","24.45151138305664","11478","11478","11478"
"114809","19.88116455078125","19.88116455078125","19.88116455078125","11480","11480","11480"
"114819","24.285160064697266","24.285160064697266","24.285160064697266","11481","11481","11481"
"114859","34.25327682495117","34.25327682495117","34.25327682495117","11485","11485","11485"
"114909","25.477535247802734","25.477535247802734","25.477535247802734","11490","11490","11490"
"114939","23.5109920501709","23.5109920501709","23.5109920501709","11493","11493","11493"
"114969","20.688661575317383","20.688661575317383","20.688661575317383","11496","11496","11496"
"115009","23.74565315246582","23.74565315246582","23.74565315246582","11500","11500","11500"
"115019","23.653417587280273","23.653417587280273","23.653417587280273","11501","11501","11501"
"115079","31.601343154907227","31.601343154907227","31.601343154907227","11507","11507","11507"
"115129","26.240942001342773","26.240942001342773","26.240942001342773","11512","11512","11512"
"115149","22.99602508544922","22.99602508544922","22.99602508544922","11514","11514","11514"
"115189","37.208702087402344","37.208702087402344","37.208702087402344","11518","11518","11518"
"115219","22.85481071472168","22.85481071472168","22.85481071472168","11521","11521","11521"
"115249","22.27043342590332","22.27043342590332","22.27043342590332","11524","11524","11524"
"115299","28.401809692382812","28.401809692382812","28.401809692382812","11529","11529","11529"
"115319","30.42650604248047","30.42650604248047","30.42650604248047","11531","11531","11531"
"115349","27.314565658569336","27.314565658569336","27.314565658569336","11534","11534","11534"
"115359","22.838991165161133","22.838991165161133","22.838991165161133","11535","11535","11535"
"115379","25.319171905517578","25.319171905517578","25.319171905517578","11537","11537","11537"
"115389","26.880455017089844","26.880455017089844","26.880455017089844","11538","11538","11538"
"115399","21.167633056640625","21.167633056640625","21.167633056640625","11539","11539","11539"
"115429","24.691043853759766","24.691043853759766","24.691043853759766","11542","11542","11542"
"115439","26.95421028137207","26.95421028137207","26.95421028137207","11543","11543","11543"
"115449","20.773942947387695","20.773942947387695","20.773942947387695","11544","11544","11544"
"115489","18.977752685546875","18.977752685546875","18.977752685546875","11548","11548","11548"
"115499","21.994077682495117","21.994077682495117","21.994077682495117","11549","11549","11549"
"115509","23.271894454956055","23.271894454956055","23.271894454956055","11550","11550","11550"
"115519","26.331172943115234","26.331172943115234","26.331172943115234","11551","11551","11551"
"115569","19.672130584716797","19.672130584716797","19.672130584716797","11556","11556","11556"
"115589","24.3072566986084","24.3072566986084","24.3072566986084","11558","11558","11558"
"115599","26.192684173583984","26.192684173583984","26.192684173583984","11559","11559","11559"
"115619","35.569820404052734","35.569820404052734","35.569820404052734","11561","11561","11561"
"115629","22.286033630371094","22.286033630371094","22.286033630371094","11562","11562","11562"
"115649","24.345746994018555","24.345746994018555","24.345746994018555","11564","11564","11564"
"115659","25.131412506103516","25.131412506103516","25.131412506103516","11565","11565","11565"
"115679","25.081947326660156","25.081947326660156","25.081947326660156","11567","11567","11567"
"115699","23.54448890686035","23.54448890686035","23.54448890686035","11569","11569","11569"
"115739","19.23650550842285","19.23650550842285","19.23650550842285","11573","11573","11573"
"115759","21.967456817626953","21.967456817626953","21.967456817626953","11575","11575","11575"
"115819","31.33272933959961","31.33272933959961","31.33272933959961","11581","11581","11581"
"115829","22.747543334960938","22.747543334960938","22.747543334960938","11582","11582","11582"
"115839","23.57781219482422","23.57781219482422","23.57781219482422","11583","11583","11583"
"115859","17.926246643066406","17.926246643066406","17.926246643066406","11585","11585","11585"
"115869","27.176733016967773","27.176733016967773","27.176733016967773","11586","11586","11586"
"115879","24.19541358947754","24.19541358947754","24.19541358947754","11587","11587","11587"
"115909","22.680435180664062","22.680435180664062","22.680435180664062","11590","11590","11590"
"115939","20.84392738342285","20.84392738342285","20.84392738342285","11593","11593","11593"
"115949","19.286069869995117","19.286069869995117","19.286069869995117","11594","11594","11594"
"115969","21.49870491027832","21.49870491027832","21.49870491027832","11596","11596","11596"
"116059","22.861249923706055","22.861249923706055","22.861249923706055","11605","11605","11605"
"116069","18.813692092895508","18.813692092895508","18.813692092895508","11606","11606","11606"
"116079","18.854806900024414","18.854806900024414","18.854806900024414","11607","11607","11607"
"116089","25.068603515625","25.068603515625","25.068603515625","11608","11608","11608"
"116099","24.30506134033203","24.30506134033203","24.30506134033203","11609","11609","11609"
"116129","28.92731475830078","28.92731475830078","28.92731475830078","11612","11612","11612"
"116149","22.323123931884766","22.323123931884766","22.323123931884766","11614","11614","11614"
"116159","31.634593963623047","31.634593963623047","31.634593963623047","11615","11615","11615"
"116169","24.299663543701172","24.299663543701172","24.299663543701172","11616","11616","11616"
"116179","37.51191711425781","37.51191711425781","37.51191711425781","11617","11617","11617"
"116189","30.838756561279297","30.838756561279297","30.838756561279297","11618","11618","11618"
"116199","22.335681915283203","22.335681915283203","22.335681915283203","11619","11619","11619"
"116219","33.61902618408203","33.61902618408203","33.61902618408203","11621","11621","11621"
"116239","26.005138397216797","26.005138397216797","26.005138397216797","11623","11623","11623"
"116259","25.370601654052734","25.370601654052734","25.370601654052734","11625","11625","11625"
"116279","23.78005599975586","23.78005599975586","23.78005599975586","11627","11627","11627"
"116299","29.731216430664062","29.731216430664062","29.731216430664062","11629","11629","11629"
"116329","22.48699951171875","22.48699951171875","22.48699951171875","11632","11632","11632"
"116349","23.448549270629883","23.448549270629883","23.448549270629883","11634","11634","11634"
"116379","25.138362884521484","25.138362884521484","25.138362884521484","11637","11637","11637"
"116389","22.879623413085938","22.879623413085938","22.879623413085938","11638","11638","11638"
"116409","22.941301345825195","22.941301345825195","22.941301345825195","11640","11640","11640"
"116419","21.885883331298828","21.885883331298828","21.885883331298828","11641","11641","11641"
"116429","21.65947151184082","21.65947151184082","21.65947151184082","11642","11642","11642"
"116479","20.344606399536133","20.344606399536133","20.344606399536133","11647","11647","11647"
"116509","28.581501007080078","28.581501007080078","28.581501007080078","11650","11650","11650"
"116519","21.961639404296875","21.961639404296875","21.961639404296875","11651","11651","11651"
"116569","24.155305862426758","24.155305862426758","24.155305862426758","11656","11656","11656"
"116599","23.983884811401367","23.983884811401367","23.983884811401367","11659","11659","11659"
"116609","30.563888549804688","30.563888549804688","30.563888549804688","11660","11660","11660"
"116619","24.015335083007812","24.015335083007812","24.015335083007812","11661","11661","11661"
"116639","21.359643936157227","21.359643936157227","21.359643936157227","11663","11663","11663"
"116649","17.86635971069336","17.86635971069336","17.86635971069336","11664","11664","11664"
"116659","22.5402889251709","22.5402889251709","22.5402889251709","11665","11665","11665"
"116669","23.530248641967773","23.530248641967773","23.530248641967773","11666","11666","11666"
"116679","22.6656436920166","22.6656436920166","22.6656436920166","11667","11667","11667"
"116699","20.99412727355957","20.99412727355957","20.99412727355957","11669","11669","11669"
"116719","28.429668426513672","28.429668426513672","28.429668426513672","11671","11671","11671"
"116729","21.907337188720703","21.907337188720703","21.907337188720703","11672","11672","11672"
"116759","31.40138816833496","31.40138816833496","31.40138816833496","11675","11675","11675"
"116889","25.170869827270508","25.170869827270508","25.170869827270508","11688","11688","11688"
"116939","24.70496940612793","24.70496940612793","24.70496940612793","11693","11693","11693"
"116989","22.257150650024414","22.257150650024414","22.257150650024414","11698","11698","11698"
"117059","20.538087844848633","20.538087844848633","20.538087844848633","11705","11705","11705"
"117129","18.98966407775879","18.98966407775879","18.98966407775879","11712","11712","11712"
"117179","30.070316314697266","30.070316314697266","30.070316314697266","11717","11717","11717"
"117189","23.951236724853516","23.951236724853516","23.951236724853516","11718","11718","11718"
"117199","22.39151382446289","22.39151382446289","22.39151382446289","11719","11719","11719"
"117219","18.30599594116211","18.30599594116211","18.30599594116211","11721","11721","11721"
"117249","20.860607147216797","20.860607147216797","20.860607147216797","11724","11724","11724"
"117279","21.414941787719727","21.414941787719727","21.414941787719727","11727","11727","11727"
"117329","20.212787628173828","20.212787628173828","20.212787628173828","11732","11732","11732"
"117369","22.559608459472656","22.559608459472656","22.559608459472656","11736","11736","11736"
"117389","28.010719299316406","28.010719299316406","28.010719299316406","11738","11738","11738"
"117399","21.270671844482422","21.270671844482422","21.270671844482422","11739","11739","11739"
"117429","25.21490478515625","25.21490478515625","25.21490478515625","11742","11742","11742"
"117449","22.659500122070312","22.659500122070312","22.659500122070312","11744","11744","11744"
"117459","30.96221160888672","30.96221160888672","30.96221160888672","11745","11745","11745"
"117479","30.120136260986328","30.120136260986328","30.120136260986328","11747","11747","11747"
"117539","22.960159301757812","22.960159301757812","22.960159301757812","11753","11753","11753"
"117569","28.51401710510254","28.51401710510254","28.51401710510254","11756","11756","11756"
"117589","19.845882415771484","19.845882415771484","19.845882415771484","11758","11758","11758"
"117609","25.102100372314453","25.102100372314453","25.102100372314453","11760","11760","11760"
"117659","18.781005859375","18.781005859375","18.781005859375","11765","11765","11765"
"117679","24.05072021484375","24.05072021484375","24.05072021484375","11767","11767","11767"
"117719","26.488231658935547","26.488231658935547","26.488231658935547","11771","11771","11771"
"117729","25.112316131591797","25.112316131591797","25.112316131591797","11772","11772","11772"
"117779","17.85566520690918","17.85566520690918","17.85566520690918","11777","11777","11777"
"117829","38.92473220825195","38.92473220825195","38.92473220825195","11782","11782","11782"
"117889","25.223247528076172","25.223247528076172","25.223247528076172","11788","11788","11788"
"117899","26.29700469970703","26.29700469970703","26.29700469970703","11789","11789","11789"
"117929","24.386051177978516","24.386051177978516","24.386051177978516","11792","11792","11792"
"117939","19.477420806884766","19.477420806884766","19.477420806884766","11793","11793","11793"
"117949","20.03083038330078","20.03083038330078","20.03083038330078","11794","11794","11794"
"117979","25.14841079711914","25.14841079711914","25.14841079711914","11797","11797","11797"
"117989","27.082847595214844","27.082847595214844","27.082847595214844","11798","11798","11798"
"117999","21.032760620117188","21.032760620117188","21.032760620117188","11799","11799","11799"
"118009","20.29743194580078","20.29743194580078","20.29743194580078","11800","11800","11800"
"118059","24.6807918548584","24.6807918548584","24.6807918548584","11805","11805","11805"
"118079","19.200275421142578","19.200275421142578","19.200275421142578","11807","11807","11807"
"118099","25.579362869262695","25.579362869262695","25.579362869262695","11809","11809","11809"
"118109","24.523052215576172","24.523052215576172","24.523052215576172","11810","11810","11810"
"118129","22.199649810791016","22.199649810791016","22.199649810791016","11812","11812","11812"
"118139","24.806901931762695","24.806901931762695","24.806901931762695","11813","11813","11813"
"118149","26.853662490844727","26.853662490844727","26.853662490844727","11814","11814","11814"
"118159","21.055339813232422","21.055339813232422","21.055339813232422","11815","11815","11815"
"118169","16.359298706054688","16.359298706054688","16.359298706054688","11816","11816","11816"
"118259","19.323671340942383","19.323671340942383","19.323671340942383","11825","11825","11825"
"118269","20.872882843017578","20.872882843017578","20.872882843017578","11826","11826","11826"
"118279","29.408367156982422","29.408367156982422","29.408367156982422","11827","11827","11827"
"118289","28.29425811767578","28.29425811767578","28.29425811767578","11828","11828","11828"
"118349","23.996501922607422","23.996501922607422","23.996501922607422","11834","11834","11834"
"118389","26.859485626220703","26.859485626220703","26.859485626220703","11838","11838","11838"
"118489","27.603830337524414","27.603830337524414","27.603830337524414","11848","11848","11848"
"118499","22.415170669555664","22.415170669555664","22.415170669555664","11849","11849","11849"
"118569","19.430044174194336","19.430044174194336","19.430044174194336","11856","11856","11856"
"118579","21.54116439819336","21.54116439819336","21.54116439819336","11857","11857","11857"
"118599","18.99823570251465","18.99823570251465","18.99823570251465","11859","11859","11859"
"118619","20.473770141601562","20.473770141601562","20.473770141601562","11861","11861","11861"
"118629","20.062427520751953","20.062427520751953","20.062427520751953","11862","11862","11862"
"118639","22.83892822265625","22.83892822265625","22.83892822265625","11863","11863","11863"
"118649","26.822771072387695","26.822771072387695","26.822771072387695","11864","11864","11864"
"118659","25.410276412963867","25.410276412963867","25.410276412963867","11865","11865","11865"
"118669","24.17243766784668","24.17243766784668","24.17243766784668","11866","11866","11866"
"118689","22.773195266723633","22.773195266723633","22.773195266723633","11868","11868","11868"
"118709","27.336772918701172","27.336772918701172","27.336772918701172","11870","11870","11870"
"118729","23.53238868713379","23.53238868713379","23.53238868713379","11872","11872","11872"
"118739","25.019474029541016","25.019474029541016","25.019474029541016","11873","11873","11873"
"118749","24.904052734375","24.904052734375","24.904052734375","11874","11874","11874"
"118769","25.724214553833008","25.724214553833008","25.724214553833008","11876","11876","11876"
"118799","21.97549057006836","21.97549057006836","21.97549057006836","11879","11879","11879"
"118899","25.365970611572266","25.365970611572266","25.365970611572266","11889","11889","11889"
"118909","23.53168487548828","23.53168487548828","23.53168487548828","11890","11890","11890"
"118959","23.515478134155273","23.515478134155273","23.515478134155273","11895","11895","11895"
"118969","24.391674041748047","24.391674041748047","24.391674041748047","11896","11896","11896"
"118999","29.036664962768555","29.036664962768555","29.036664962768555","11899","11899","11899"
"119049","23.040624618530273","23.040624618530273","23.040624618530273","11904","11904","11904"
"119059","27.426265716552734","27.426265716552734","27.426265716552734","11905","11905","11905"
"119089","20.96002960205078","20.96002960205078","20.96002960205078","11908","11908","11908"
"119109","31.70362091064453","31.70362091064453","31.70362091064453","11910","11910","11910"
"119149","24.344261169433594","24.344261169433594","24.344261169433594","11914","11914","11914"
"119179","22.46734046936035","22.46734046936035","22.46734046936035","11917","11917","11917"
"119199","27.8523006439209","27.8523006439209","27.8523006439209","11919","11919","11919"
"119209","25.23442840576172","25.23442840576172","25.23442840576172","11920","11920","11920"
"119239","22.868806838989258","22.868806838989258","22.868806838989258","11923","11923","11923"
"119299","30.396316528320312","30.396316528320312","30.396316528320312","11929","11929","11929"
"119329","30.891536712646484","30.891536712646484","30.891536712646484","11932","11932","11932"
"119339","21.312898635864258","21.312898635864258","21.312898635864258","11933","11933","11933"
"119359","34.76625061035156","34.76625061035156","34.76625061035156","11935","11935","11935"
"119369","19.94586181640625","19.94586181640625","19.94586181640625","11936","11936","11936"
"119389","28.20819854736328","28.20819854736328","28.20819854736328","11938","11938","11938"
"119399","32.043643951416016","32.043643951416016","32.043643951416016","11939","11939","11939"
"119419","21.47321319580078","21.47321319580078","21.47321319580078","11941","11941","11941"
"119429","22.819650650024414","22.819650650024414","22.819650650024414","11942","11942","11942"
"119439","29.580036163330078","29.580036163330078","29.580036163330078","11943","11943","11943"
"119509","21.753467559814453","21.753467559814453","21.753467559814453","11950","11950","11950"
"119529","27.170801162719727","27.170801162719727","27.170801162719727","11952","11952","11952"
"119539","23.1939754486084","23.1939754486084","23.1939754486084","11953","11953","11953"
"119559","24.25698471069336","24.25698471069336","24.25698471069336","11955","11955","11955"
"119569","24.386863708496094","24.386863708496094","24.386863708496094","11956","11956","11956"
"119609","31.93780517578125","31.93780517578125","31.93780517578125","11960","11960","11960"
"119659","21.99138069152832","21.99138069152832","21.99138069152832","11965","11965","11965"
"119689","29.001691818237305","29.001691818237305","29.001691818237305","11968","11968","11968"
"119709","28.528263092041016","28.528263092041016","28.528263092041016","11970","11970","11970"
"119749","24.037227630615234","24.037227630615234","24.037227630615234","11974","11974","11974"
"119799","27.665477752685547","27.665477752685547","27.665477752685547","11979","11979","11979"
"119829","23.249141693115234","23.249141693115234","23.249141693115234","11982","11982","11982"
"119859","17.90616798400879","17.90616798400879","17.90616798400879","11985","11985","11985"
"119889","27.59642791748047","27.59642791748047","27.59642791748047","11988","11988","11988"
"119899","29.777584075927734","29.777584075927734","29.777584075927734","11989","11989","11989"
"119909","36.329856872558594","36.329856872558594","36.329856872558594","11990","11990","11990"
"119919","22.751651763916016","22.751651763916016","22.751651763916016","11991","11991","11991"
"119929","22.983562469482422","22.983562469482422","22.983562469482422","11992","11992","11992"
"119949","40.59215545654297","40.59215545654297","40.59215545654297","11994","11994","11994"
"119959","26.79000473022461","26.79000473022461","26.79000473022461","11995","11995","11995"
"119969","24.205366134643555","24.205366134643555","24.205366134643555","11996","11996","11996"
"119979","20.433597564697266","20.433597564697266","20.433597564697266","11997","11997","11997"
"120029","27.78429412841797","27.78429412841797","27.78429412841797","12002","12002","12002"
"120129","33.15185546875","33.15185546875","33.15185546875","12012","12012","12012"
"120179","26.432693481445312","26.432693481445312","26.432693481445312","12017","12017","12017"
"120189","23.085826873779297","23.085826873779297","23.085826873779297","12018","12018","12018"
"120199","21.073688507080078","21.073688507080078","21.073688507080078","12019","12019","12019"
"120229","26.68431282043457","26.68431282043457","26.68431282043457","12022","12022","12022"
"120249","30.92453384399414","30.92453384399414","30.92453384399414","12024","12024","12024"
"120389","30.914474487304688","30.914474487304688","30.914474487304688","12038","12038","12038"
"120409","24.629859924316406","24.629859924316406","24.629859924316406","12040","12040","12040"
"120439","27.604881286621094","27.604881286621094","27.604881286621094","12043","12043","12043"
"120469","23.493162155151367","23.493162155151367","23.493162155151367","12046","12046","12046"
"120479","22.707809448242188","22.707809448242188","22.707809448242188","12047","12047","12047"
"120489","19.90839958190918","19.90839958190918","19.90839958190918","12048","12048","12048"
"120539","24.239089965820312","24.239089965820312","24.239089965820312","12053","12053","12053"
"120569","27.283517837524414","27.283517837524414","27.283517837524414","12056","12056","12056"
"120589","21.96808624267578","21.96808624267578","21.96808624267578","12058","12058","12058"
"120609","27.102481842041016","27.102481842041016","27.102481842041016","12060","12060","12060"
"120639","17.138336181640625","17.138336181640625","17.138336181640625","12063","12063","12063"
"120649","26.7450008392334","26.7450008392334","26.7450008392334","12064","12064","12064"
"120699","25.9477596282959","25.9477596282959","25.9477596282959","12069","12069","12069"
"120759","17.780508041381836","17.780508041381836","17.780508041381836","12075","12075","12075"
"120789","34.56705856323242","34.56705856323242","34.56705856323242","12078","12078","12078"
"120829","26.585166931152344","26.585166931152344","26.585166931152344","12082","12082","12082"
"120839","22.810028076171875","22.810028076171875","22.810028076171875","12083","12083","12083"
"120849","16.524534225463867","16.524534225463867","16.524534225463867","12084","12084","12084"
"120859","21.076679229736328","21.076679229736328","21.076679229736328","12085","12085","12085"
"120869","26.299728393554688","26.299728393554688","26.299728393554688","12086","12086","12086"
"120909","25.962202072143555","25.962202072143555","25.962202072143555","12090","12090","12090"
"120959","24.43143653869629","24.43143653869629","24.43143653869629","12095","12095","12095"
"120989","23.786922454833984","23.786922454833984","23.786922454833984","12098","12098","12098"
"121019","25.171140670776367","25.171140670776367","25.171140670776367","12101","12101","12101"
"121029","20.612926483154297","20.612926483154297","20.612926483154297","12102","12102","12102"
"121079","21.456754684448242","21.456754684448242","21.456754684448242","12107","12107","12107"
"121089","22.684396743774414","22.684396743774414","22.684396743774414","12108","12108","12108"
"121109","21.700502395629883","21.700502395629883","21.700502395629883","12110","12110","12110"
"121119","27.479904174804688","27.479904174804688","27.479904174804688","12111","12111","12111"
"121129","21.007545471191406","21.007545471191406","21.007545471191406","12112","12112","12112"
"121149","19.513578414916992","19.513578414916992","19.513578414916992","12114","12114","12114"
"121159","23.882972717285156","23.882972717285156","23.882972717285156","12115","12115","12115"
"121189","22.56150245666504","22.56150245666504","22.56150245666504","12118","12118","12118"
"121199","22.942752838134766","22.942752838134766","22.942752838134766","12119","12119","12119"
"121229","23.19358253479004","23.19358253479004","23.19358253479004","12122","12122","12122"
"121239","25.900169372558594","25.900169372558594","25.900169372558594","12123","12123","12123"
"121249","30.40567970275879","30.40567970275879","30.40567970275879","12124","12124","12124"
"121259","24.011760711669922","24.011760711669922","24.011760711669922","12125","12125","12125"
"121279","22.34517478942871","22.34517478942871","22.34517478942871","12127","12127","12127"
"121289","22.89374351501465","22.89374351501465","22.89374351501465","12128","12128","12128"
"121319","27.928144454956055","27.928144454956055","27.928144454956055","12131","12131","12131"
"121329","25.379138946533203","25.379138946533203","25.379138946533203","12132","12132","12132"
"121339","19.28957748413086","19.28957748413086","19.28957748413086","12133","12133","12133"
"121379","23.156814575195312","23.156814575195312","23.156814575195312","12137","12137","12137"
"121399","21.314455032348633","21.314455032348633","21.314455032348633","12139","12139","12139"
"121409","30.948453903198242","30.948453903198242","30.948453903198242","12140","12140","12140"
"121439","20.507369995117188","20.507369995117188","20.507369995117188","12143","12143","12143"
"121449","24.21759605407715","24.21759605407715","24.21759605407715","12144","12144","12144"
"121519","21.904626846313477","21.904626846313477","21.904626846313477","12151","12151","12151"
"121539","17.892213821411133","17.892213821411133","17.892213821411133","12153","12153","12153"
"121549","37.45331573486328","37.45331573486328","37.45331573486328","12154","12154","12154"
"121569","28.738906860351562","28.738906860351562","28.738906860351562","12156","12156","12156"
"121609","24.723529815673828","24.723529815673828","24.723529815673828","12160","12160","12160"
"121709","21.3602352142334","21.3602352142334","21.3602352142334","12170","12170","12170"
"121719","33.1070442199707","33.1070442199707","33.1070442199707","12171","12171","12171"
"121729","31.342124938964844","31.342124938964844","31.342124938964844","12172","12172","12172"
"121769","24.90247344970703","24.90247344970703","24.90247344970703","12176","12176","12176"
"121869","21.4777889251709","21.4777889251709","21.4777889251709","12186","12186","12186"
"121889","20.127458572387695","20.127458572387695","20.127458572387695","12188","12188","12188"
"121899","21.50870704650879","21.50870704650879","21.50870704650879","12189","12189","12189"
"121909","20.384410858154297","20.384410858154297","20.384410858154297","12190","12190","12190"
"121929","23.42586326599121","23.42586326599121","23.42586326599121","12192","12192","12192"
"121949","24.702444076538086","24.702444076538086","24.702444076538086","12194","12194","12194"
"121969","26.99972915649414","26.99972915649414","26.99972915649414","12196","12196","12196"
"121989","24.87811851501465","24.87811851501465","24.87811851501465","12198","12198","12198"
"122019","28.25759506225586","28.25759506225586","28.25759506225586","12201","12201","12201"
"122029","18.83331298828125","18.83331298828125","18.83331298828125","12202","12202","12202"
"122039","22.71596908569336","22.71596908569336","22.71596908569336","12203","12203","12203"
"122049","21.52979278564453","21.52979278564453","21.52979278564453","12204","12204","12204"
"122099","24.708545684814453","24.708545684814453","24.708545684814453","12209","12209","12209"
"122109","20.323572158813477","20.323572158813477","20.323572158813477","12210","12210","12210"
"122149","20.808082580566406","20.808082580566406","20.808082580566406","12214","12214","12214"
"122199","22.459592819213867","22.459592819213867","22.459592819213867","12219","12219","12219"
"122259","26.47109603881836","26.47109603881836","26.47109603881836","12225","12225","12225"
"122269","27.25957679748535","27.25957679748535","27.25957679748535","12226","12226","12226"
"122279","20.162734985351562","20.162734985351562","20.162734985351562","12227","12227","12227"
"122289","26.86322784423828","26.86322784423828","26.86322784423828","12228","12228","12228"
"122299","24.856143951416016","24.856143951416016","24.856143951416016","12229","12229","12229"
"122349","18.096920013427734","18.096920013427734","18.096920013427734","12234","12234","12234"
"122389","19.639875411987305","19.639875411987305","19.639875411987305","12238","12238","12238"
"122399","25.280479431152344","25.280479431152344","25.280479431152344","12239","12239","12239"
"122409","21.93328857421875","21.93328857421875","21.93328857421875","12240","12240","12240"
"122429","20.880338668823242","20.880338668823242","20.880338668823242","12242","12242","12242"
"122439","20.295543670654297","20.295543670654297","20.295543670654297","12243","12243","12243"
"122449","24.8773250579834","24.8773250579834","24.8773250579834","12244","12244","12244"
"122469","22.429832458496094","22.429832458496094","22.429832458496094","12246","12246","12246"
"122499","32.20378875732422","32.20378875732422","32.20378875732422","12249","12249","12249"
"122569","25.400808334350586","25.400808334350586","25.400808334350586","12256","12256","12256"
"122609","33.033935546875","33.033935546875","33.033935546875","12260","12260","12260"
"122629","21.109039306640625","21.109039306640625","21.109039306640625","12262","12262","12262"
"122679","26.493206024169922","26.493206024169922","26.493206024169922","12267","12267","12267"
"122709","19.510412216186523","19.510412216186523","19.510412216186523","12270","12270","12270"
"122739","19.297718048095703","19.297718048095703","19.297718048095703","12273","12273","12273"
"122749","22.988500595092773","22.988500595092773","22.988500595092773","12274","12274","12274"
"122759","31.952375411987305","31.952375411987305","31.952375411987305","12275","12275","12275"
"122769","22.630544662475586","22.630544662475586","22.630544662475586","12276","12276","12276"
"122789","22.626935958862305","22.626935958862305","22.626935958862305","12278","12278","12278"
"122799","22.293081283569336","22.293081283569336","22.293081283569336","12279","12279","12279"
"122869","24.45914077758789","24.45914077758789","24.45914077758789","12286","12286","12286"
"122919","22.45252227783203","22.45252227783203","22.45252227783203","12291","12291","12291"
"122929","24.46127700805664","24.46127700805664","24.46127700805664","12292","12292","12292"
"122949","45.026824951171875","45.026824951171875","45.026824951171875","12294","12294","12294"
"122969","31.471345901489258","31.471345901489258","31.471345901489258","12296","12296","12296"
"122979","30.015411376953125","30.015411376953125","30.015411376953125","12297","12297","12297"
"123019","21.351858139038086","21.351858139038086","21.351858139038086","12301","12301","12301"
"123049","23.548627853393555","23.548627853393555","23.548627853393555","12304","12304","12304"
"123059","30.15045166015625","30.15045166015625","30.15045166015625","12305","12305","12305"
"123119","22.219554901123047","22.219554901123047","22.219554901123047","12311","12311","12311"
"123129","29.103729248046875","29.103729248046875","29.103729248046875","12312","12312","12312"
"123149","23.914554595947266","23.914554595947266","23.914554595947266","12314","12314","12314"
"123169","25.87105369567871","25.87105369567871","25.87105369567871","12316","12316","12316"
"123189","17.886510848999023","17.886510848999023","17.886510848999023","12318","12318","12318"
"123209","25.856739044189453","25.856739044189453","25.856739044189453","12320","12320","12320"
"123249","27.794517517089844","27.794517517089844","27.794517517089844","12324","12324","12324"
"123289","20.85757064819336","20.85757064819336","20.85757064819336","12328","12328","12328"
"123299","22.580467224121094","22.580467224121094","22.580467224121094","12329","12329","12329"
"123309","27.022323608398438","27.022323608398438","27.022323608398438","12330","12330","12330"
"123319","24.03101921081543","24.03101921081543","24.03101921081543","12331","12331","12331"
"123369","23.94636344909668","23.94636344909668","23.94636344909668","12336","12336","12336"
"123399","22.13524627685547","22.13524627685547","22.13524627685547","12339","12339","12339"
"123419","24.05830955505371","24.05830955505371","24.05830955505371","12341","12341","12341"
"123429","23.96558380126953","23.96558380126953","23.96558380126953","12342","12342","12342"
"123439","22.36050796508789","22.36050796508789","22.36050796508789","12343","12343","12343"
"123449","22.312101364135742","22.312101364135742","22.312101364135742","12344","12344","12344"
"123459","31.7515926361084","31.7515926361084","31.7515926361084","12345","12345","12345"
"123479","21.988622665405273","21.988622665405273","21.988622665405273","12347","12347","12347"
"123489","26.394575119018555","26.394575119018555","26.394575119018555","12348","12348","12348"
"123529","33.14289855957031","33.14289855957031","33.14289855957031","12352","12352","12352"
"123559","24.502756118774414","24.502756118774414","24.502756118774414","12355","12355","12355"
"123589","25.58716583251953","25.58716583251953","25.58716583251953","12358","12358","12358"
"123609","24.66565704345703","24.66565704345703","24.66565704345703","12360","12360","12360"
"123619","30.000202178955078","30.000202178955078","30.000202178955078","12361","12361","12361"
"123629","31.426151275634766","31.426151275634766","31.426151275634766","12362","12362","12362"
"123669","30.90127182006836","30.90127182006836","30.90127182006836","12366","12366","12366"
"123709","21.728931427001953","21.728931427001953","21.728931427001953","12370","12370","12370"
"123729","22.430940628051758","22.430940628051758","22.430940628051758","12372","12372","12372"
"123759","22.336380004882812","22.336380004882812","22.336380004882812","12375","12375","12375"
"123779","21.972684860229492","21.972684860229492","21.972684860229492","12377","12377","12377"
"123799","29.87669563293457","29.87669563293457","29.87669563293457","12379","12379","12379"
"123889","22.451204299926758","22.451204299926758","22.451204299926758","12388","12388","12388"
"123909","22.043560028076172","22.043560028076172","22.043560028076172","12390","12390","12390"
"123919","23.349483489990234","23.349483489990234","23.349483489990234","12391","12391","12391"
"123949","19.552799224853516","19.552799224853516","19.552799224853516","12394","12394","12394"
"123969","25.267574310302734","25.267574310302734","25.267574310302734","12396","12396","12396"
"123999","23.82503890991211","23.82503890991211","23.82503890991211","12399","12399","12399"
"124019","26.294036865234375","26.294036865234375","26.294036865234375","12401","12401","12401"
"124109","25.896329879760742","25.896329879760742","25.896329879760742","12410","12410","12410"
"124149","20.410850524902344","20.410850524902344","20.410850524902344","12414","12414","12414"
"124169","22.558334350585938","22.558334350585938","22.558334350585938","12416","12416","12416"
"124179","19.230440139770508","19.230440139770508","19.230440139770508","12417","12417","12417"
"124189","20.30808448791504","20.30808448791504","20.30808448791504","12418","12418","12418"
"124209","22.29087257385254","22.29087257385254","22.29087257385254","12420","12420","12420"
"124219","21.96211814880371","21.96211814880371","21.96211814880371","12421","12421","12421"
"124279","21.763336181640625","21.763336181640625","21.763336181640625","12427","12427","12427"
"124289","27.414325714111328","27.414325714111328","27.414325714111328","12428","12428","12428"
"124299","24.654630661010742","24.654630661010742","24.654630661010742","12429","12429","12429"
"124329","18.801612854003906","18.801612854003906","18.801612854003906","12432","12432","12432"
"124349","19.146413803100586","19.146413803100586","19.146413803100586","12434","12434","12434"
"124369","24.94287872314453","24.94287872314453","24.94287872314453","12436","12436","12436"
"124469","18.682086944580078","18.682086944580078","18.682086944580078","12446","12446","12446"
"124479","22.842243194580078","22.842243194580078","22.842243194580078","12447","12447","12447"
"124499","20.042999267578125","20.042999267578125","20.042999267578125","12449","12449","12449"
"124509","20.051509857177734","20.051509857177734","20.051509857177734","12450","12450","12450"
"124519","19.535114288330078","19.535114288330078","19.535114288330078","12451","12451","12451"
"124529","18.162534713745117","18.162534713745117","18.162534713745117","12452","12452","12452"
"124539","24.389854431152344","24.389854431152344","24.389854431152344","12453","12453","12453"
"124559","20.898208618164062","20.898208618164062","20.898208618164062","12455","12455","12455"
"124659","24.186128616333008","24.186128616333008","24.186128616333008","12465","12465","12465"
"124669","24.40976333618164","24.40976333618164","24.40976333618164","12466","12466","12466"
"124699","23.841880798339844","23.841880798339844","23.841880798339844","12469","12469","12469"
"124709","20.268964767456055","20.268964767456055","20.268964767456055","12470","12470","12470"
"124719","19.938385009765625","19.938385009765625","19.938385009765625","12471","12471","12471"
"124749","23.0673770904541","23.0673770904541","23.0673770904541","12474","12474","12474"
"124769","25.927165985107422","25.927165985107422","25.927165985107422","12476","12476","12476"
"124789","24.571014404296875","24.571014404296875","24.571014404296875","12478","12478","12478"
"124819","23.338897705078125","23.338897705078125","23.338897705078125","12481","12481","12481"
"124839","30.23625946044922","30.23625946044922","30.23625946044922","12483","12483","12483"
"124849","25.944271087646484","25.944271087646484","25.944271087646484","12484","12484","12484"
"124869","24.32636260986328","24.32636260986328","24.32636260986328","12486","12486","12486"
"124889","25.45553970336914","25.45553970336914","25.45553970336914","12488","12488","12488"
"124979","19.871959686279297","19.871959686279297","19.871959686279297","12497","12497","12497"
"124989","27.13655662536621","27.13655662536621","27.13655662536621","12498","12498","12498"
"125019","24.321605682373047","24.321605682373047","24.321605682373047","12501","12501","12501"
"125029","25.85542106628418","25.85542106628418","25.85542106628418","12502","12502","12502"
"125089","19.46497344970703","19.46497344970703","19.46497344970703","12508","12508","12508"
"125119","21.440872192382812","21.440872192382812","21.440872192382812","12511","12511","12511"
"125139","30.607807159423828","30.607807159423828","30.607807159423828","12513","12513","12513"
"125169","29.85419273376465","29.85419273376465","29.85419273376465","12516","12516","12516"
"125239","24.42319679260254","24.42319679260254","24.42319679260254","12523","12523","12523"
"125259","19.089740753173828","19.089740753173828","19.089740753173828","12525","12525","12525"
"125269","22.83453369140625","22.83453369140625","22.83453369140625","12526","12526","12526"
"125329","23.979530334472656","23.979530334472656","23.979530334472656","12532","12532","12532"
"125349","20.824962615966797","20.824962615966797","20.824962615966797","12534","12534","12534"
"125399","29.545696258544922","29.545696258544922","29.545696258544922","12539","12539","12539"
"125429","20.890628814697266","20.890628814697266","20.890628814697266","12542","12542","12542"
"125469","24.026992797851562","24.026992797851562","24.026992797851562","12546","12546","12546"
"125489","23.18633270263672","23.18633270263672","23.18633270263672","12548","12548","12548"
"125499","23.32586097717285","23.32586097717285","23.32586097717285","12549","12549","12549"
"125599","27.679256439208984","27.679256439208984","27.679256439208984","12559","12559","12559"
"125609","25.567506790161133","25.567506790161133","25.567506790161133","12560","12560","12560"
"125649","19.03269386291504","19.03269386291504","19.03269386291504","12564","12564","12564"
"125669","25.506250381469727","25.506250381469727","25.506250381469727","12566","12566","12566"
"125699","20.34568214416504","20.34568214416504","20.34568214416504","12569","12569","12569"
"125729","17.88896369934082","17.88896369934082","17.88896369934082","12572","12572","12572"
"125739","25.50078773498535","25.50078773498535","25.50078773498535","12573","12573","12573"
"125749","24.409467697143555","24.409467697143555","24.409467697143555","12574","12574","12574"
"125759","26.707275390625","26.707275390625","26.707275390625","12575","12575","12575"
"125799","24.431869506835938","24.431869506835938","24.431869506835938","12579","12579","12579"
"125819","28.03866958618164","28.03866958618164","28.03866958618164","12581","12581","12581"
"125849","21.339359283447266","21.339359283447266","21.339359283447266","12584","12584","12584"
"125869","25.47934913635254","25.47934913635254","25.47934913635254","12586","12586","12586"
"125929","29.41796875","29.41796875","29.41796875","12592","12592","12592"
"125949","36.59034729003906","36.59034729003906","36.59034729003906","12594","12594","12594"
"125989","20.36461067199707","20.36461067199707","20.36461067199707","12598","12598","12598"
"126009","26.234275817871094","26.234275817871094","26.234275817871094","12600","12600","12600"
"126019","23.780397415161133","23.780397415161133","23.780397415161133","12601","12601","12601"
"126059","26.10620880126953","26.10620880126953","26.10620880126953","12605","12605","12605"
"126069","24.918699264526367","24.918699264526367","24.918699264526367","12606","12606","12606"
"126089","22.781511306762695","22.781511306762695","22.781511306762695","12608","12608","12608"
"126099","24.373188018798828","24.373188018798828","24.373188018798828","12609","12609","12609"
"126169","22.60626983642578","22.60626983642578","22.60626983642578","12616","12616","12616"
"126199","23.421939849853516","23.421939849853516","23.421939849853516","12619","12619","12619"
"126279","20.603744506835938","20.603744506835938","20.603744506835938","12627","12627","12627"
"126309","26.784786224365234","26.784786224365234","26.784786224365234","12630","12630","12630"
"126319","25.475221633911133","25.475221633911133","25.475221633911133","12631","12631","12631"
"126329","31.22956085205078","31.22956085205078","31.22956085205078","12632","12632","12632"
"126349","20.03445816040039","20.03445816040039","20.03445816040039","12634","12634","12634"
"126389","23.932254791259766","23.932254791259766","23.932254791259766","12638","12638","12638"
"126399","21.471965789794922","21.471965789794922","21.471965789794922","12639","12639","12639"
"126419","25.820846557617188","25.820846557617188","25.820846557617188","12641","12641","12641"
"126429","20.725204467773438","20.725204467773438","20.725204467773438","12642","12642","12642"
"126439","20.74637222290039","20.74637222290039","20.74637222290039","12643","12643","12643"
"126489","21.803001403808594","21.803001403808594","21.803001403808594","12648","12648","12648"
"126529","20.4962158203125","20.4962158203125","20.4962158203125","12652","12652","12652"
"126549","22.9698429107666","22.9698429107666","22.9698429107666","12654","12654","12654"
"126559","19.002197265625","19.002197265625","19.002197265625","12655","12655","12655"
"126569","19.763126373291016","19.763126373291016","19.763126373291016","12656","12656","12656"
"126599","20.081186294555664","20.081186294555664","20.081186294555664","12659","12659","12659"
"126609","17.227699279785156","17.227699279785156","17.227699279785156","12660","12660","12660"
"126629","25.699047088623047","25.699047088623047","25.699047088623047","12662","12662","12662"
"126669","18.59644317626953","18.59644317626953","18.59644317626953","12666","12666","12666"
"126689","19.795413970947266","19.795413970947266","19.795413970947266","12668","12668","12668"
"126699","22.215810775756836","22.215810775756836","22.215810775756836","12669","12669","12669"
"126719","23.129032135009766","23.129032135009766","23.129032135009766","12671","12671","12671"
"126739","24.319927215576172","24.319927215576172","24.319927215576172","12673","12673","12673"
"126759","25.842750549316406","25.842750549316406","25.842750549316406","12675","12675","12675"
"126899","33.389015197753906","33.389015197753906","33.389015197753906","12689","12689","12689"
"126999","24.88053321838379","24.88053321838379","24.88053321838379","12699","12699","12699"
"127029","24.970054626464844","24.970054626464844","24.970054626464844","12702","12702","12702"
"127049","20.014659881591797","20.014659881591797","20.014659881591797","12704","12704","12704"
"127079","19.981285095214844","19.981285095214844","19.981285095214844","12707","12707","12707"
"127129","17.58325958251953","17.58325958251953","17.58325958251953","12712","12712","12712"
"127139","27.263465881347656","27.263465881347656","27.263465881347656","12713","12713","12713"
"127189","28.01274299621582","28.01274299621582","28.01274299621582","12718","12718","12718"
"127209","20.585432052612305","20.585432052612305","20.585432052612305","12720","12720","12720"
"127229","21.9744930267334","21.9744930267334","21.9744930267334","12722","12722","12722"
"127249","25.488649368286133","25.488649368286133","25.488649368286133","12724","12724","12724"
"127279","22.225317001342773","22.225317001342773","22.225317001342773","12727","12727","12727"
"127309","29.389198303222656","29.389198303222656","29.389198303222656","12730","12730","12730"
"127319","18.88336944580078","18.88336944580078","18.88336944580078","12731","12731","12731"
"127339","22.2437686920166","22.2437686920166","22.2437686920166","12733","12733","12733"
"127349","25.999540328979492","25.999540328979492","25.999540328979492","12734","12734","12734"
"127359","26.464664459228516","26.464664459228516","26.464664459228516","12735","12735","12735"
"127369","24.629125595092773","24.629125595092773","24.629125595092773","12736","12736","12736"
"127389","21.280000686645508","21.280000686645508","21.280000686645508","12738","12738","12738"
"127429","22.528949737548828","22.528949737548828","22.528949737548828","12742","12742","12742"
"127439","17.864822387695312","17.864822387695312","17.864822387695312","12743","12743","12743"
"127469","25.16659927368164","25.16659927368164","25.16659927368164","12746","12746","12746"
"127489","25.779193878173828","25.779193878173828","25.779193878173828","12748","12748","12748"
"127499","31.552499771118164","31.552499771118164","31.552499771118164","12749","12749","12749"
"127529","31.00682258605957","31.00682258605957","31.00682258605957","12752","12752","12752"
"127559","22.457805633544922","22.457805633544922","22.457805633544922","12755","12755","12755"
"127579","19.89519691467285","19.89519691467285","19.89519691467285","12757","12757","12757"
"127589","25.65760040283203","25.65760040283203","25.65760040283203","12758","12758","12758"
"127659","23.823789596557617","23.823789596557617","23.823789596557617","12765","12765","12765"
"127669","19.873455047607422","19.873455047607422","19.873455047607422","12766","12766","12766"
"127679","29.427635192871094","29.427635192871094","29.427635192871094","12767","12767","12767"
"127699","20.482919692993164","20.482919692993164","20.482919692993164","12769","12769","12769"
"127719","19.347900390625","19.347900390625","19.347900390625","12771","12771","12771"
"127729","26.371416091918945","26.371416091918945","26.371416091918945","12772","12772","12772"
"127779","20.393875122070312","20.393875122070312","20.393875122070312","12777","12777","12777"
"127799","24.84967041015625","24.84967041015625","24.84967041015625","12779","12779","12779"
"127859","18.278079986572266","18.278079986572266","18.278079986572266","12785","12785","12785"
"127899","19.013202667236328","19.013202667236328","19.013202667236328","12789","12789","12789"
"127909","20.974939346313477","20.974939346313477","20.974939346313477","12790","12790","12790"
"127929","21.37590789794922","21.37590789794922","21.37590789794922","12792","12792","12792"
"127939","22.303939819335938","22.303939819335938","22.303939819335938","12793","12793","12793"
"127979","18.79623031616211","18.79623031616211","18.79623031616211","12797","12797","12797"
"127999","21.527870178222656","21.527870178222656","21.527870178222656","12799","12799","12799"
"128029","22.85335922241211","22.85335922241211","22.85335922241211","12802","12802","12802"
"128059","19.03329086303711","19.03329086303711","19.03329086303711","12805","12805","12805"
"128069","23.054445266723633","23.054445266723633","23.054445266723633","12806","12806","12806"
"128089","24.55556869506836","24.55556869506836","24.55556869506836","12808","12808","12808"
"128149","21.109994888305664","21.109994888305664","21.109994888305664","12814","12814","12814"
"128159","23.026939392089844","23.026939392089844","23.026939392089844","12815","12815","12815"
"128169","30.396549224853516","30.396549224853516","30.396549224853516","12816","12816","12816"
"128189","23.96625328063965","23.96625328063965","23.96625328063965","12818","12818","12818"
"128199","21.453336715698242","21.453336715698242","21.453336715698242","12819","12819","12819"
"128209","28.411911010742188","28.411911010742188","28.411911010742188","12820","12820","12820"
"128259","20.48434829711914","20.48434829711914","20.48434829711914","12825","12825","12825"
"128289","21.82019805908203","21.82019805908203","21.82019805908203","12828","12828","12828"
"128309","21.564987182617188","21.564987182617188","21.564987182617188","12830","12830","12830"
"128329","35.61140823364258","35.61140823364258","35.61140823364258","12832","12832","12832"
"128339","25.475296020507812","25.475296020507812","25.475296020507812","12833","12833","12833"
"128379","24.39500617980957","24.39500617980957","24.39500617980957","12837","12837","12837"
"128419","21.23593521118164","21.23593521118164","21.23593521118164","12841","12841","12841"
"128439","16.63301658630371","16.63301658630371","16.63301658630371","12843","12843","12843"
"128479","19.475366592407227","19.475366592407227","19.475366592407227","12847","12847","12847"
"128489","22.50552749633789","22.50552749633789","22.50552749633789","12848","12848","12848"
"128499","24.874710083007812","24.874710083007812","24.874710083007812","12849","12849","12849"
"128509","20.688953399658203","20.688953399658203","20.688953399658203","12850","12850","12850"
"128579","20.952972412109375","20.952972412109375","20.952972412109375","12857","12857","12857"
"128629","20.019241333007812","20.019241333007812","20.019241333007812","12862","12862","12862"
"128649","20.615856170654297","20.615856170654297","20.615856170654297","12864","12864","12864"
"128669","28.26219367980957","28.26219367980957","28.26219367980957","12866","12866","12866"
"128709","31.916851043701172","31.916851043701172","31.916851043701172","12870","12870","12870"
"128769","23.768569946289062","23.768569946289062","23.768569946289062","12876","12876","12876"
"128799","33.81204605102539","33.81204605102539","33.81204605102539","12879","12879","12879"
"128809","21.018657684326172","21.018657684326172","21.018657684326172","12880","12880","12880"
"128819","19.654132843017578","19.654132843017578","19.654132843017578","12881","12881","12881"
"128829","22.101287841796875","22.101287841796875","22.101287841796875","12882","12882","12882"
"128849","22.970672607421875","22.970672607421875","22.970672607421875","12884","12884","12884"
"128859","21.452056884765625","21.452056884765625","21.452056884765625","12885","12885","12885"
"128879","22.36762237548828","22.36762237548828","22.36762237548828","12887","12887","12887"
"128889","23.913997650146484","23.913997650146484","23.913997650146484","12888","12888","12888"
"128939","25.948122024536133","25.948122024536133","25.948122024536133","12893","12893","12893"
"128979","21.260345458984375","21.260345458984375","21.260345458984375","12897","12897","12897"
"129039","24.17207908630371","24.17207908630371","24.17207908630371","12903","12903","12903"
"129079","18.60073471069336","18.60073471069336","18.60073471069336","12907","12907","12907"
"129179","19.650070190429688","19.650070190429688","19.650070190429688","12917","12917","12917"
"129209","27.59433937072754","27.59433937072754","27.59433937072754","12920","12920","12920"
"129229","21.936307907104492","21.936307907104492","21.936307907104492","12922","12922","12922"
"129239","23.836061477661133","23.836061477661133","23.836061477661133","12923","12923","12923"
"129249","21.22258758544922","21.22258758544922","21.22258758544922","12924","12924","12924"
"129289","22.560211181640625","22.560211181640625","22.560211181640625","12928","12928","12928"
"129299","19.698917388916016","19.698917388916016","19.698917388916016","12929","12929","12929"
"129309","30.60626792907715","30.60626792907715","30.60626792907715","12930","12930","12930"
"129319","38.320030212402344","38.320030212402344","38.320030212402344","12931","12931","12931"
"129339","24.616943359375","24.616943359375","24.616943359375","12933","12933","12933"
"129349","56.02544403076172","56.02544403076172","56.02544403076172","12934","12934","12934"
"129409","17.43337631225586","17.43337631225586","17.43337631225586","12940","12940","12940"
"129419","19.94822120666504","19.94822120666504","19.94822120666504","12941","12941","12941"
"129449","20.41480827331543","20.41480827331543","20.41480827331543","12944","12944","12944"
"129489","24.343379974365234","24.343379974365234","24.343379974365234","12948","12948","12948"
"129499","23.207317352294922","23.207317352294922","23.207317352294922","12949","12949","12949"
"129539","23.653139114379883","23.653139114379883","23.653139114379883","12953","12953","12953"
"129559","22.168611526489258","22.168611526489258","22.168611526489258","12955","12955","12955"
"129569","23.840717315673828","23.840717315673828","23.840717315673828","12956","12956","12956"
"129579","28.543926239013672","28.543926239013672","28.543926239013672","12957","12957","12957"
"129599","20.66927146911621","20.66927146911621","20.66927146911621","12959","12959","12959"
"129659","31.511056900024414","31.511056900024414","31.511056900024414","12965","12965","12965"
"129669","21.211679458618164","21.211679458618164","21.211679458618164","12966","12966","12966"
"129679","22.977191925048828","22.977191925048828","22.977191925048828","12967","12967","12967"
"129709","21.096500396728516","21.096500396728516","21.096500396728516","12970","12970","12970"
"129719","21.902271270751953","21.902271270751953","21.902271270751953","12971","12971","12971"
"129729","21.04823112487793","21.04823112487793","21.04823112487793","12972","12972","12972"
"129759","19.53641700744629","19.53641700744629","19.53641700744629","12975","12975","12975"
"129819","25.144947052001953","25.144947052001953","25.144947052001953","12981","12981","12981"
"129849","18.81330680847168","18.81330680847168","18.81330680847168","12984","12984","12984"
"129899","18.05594253540039","18.05594253540039","18.05594253540039","12989","12989","12989"
"129909","20.995529174804688","20.995529174804688","20.995529174804688","12990","12990","12990"
"129929","20.0959529876709","20.0959529876709","20.0959529876709","12992","12992","12992"
"129939","21.177005767822266","21.177005767822266","21.177005767822266","12993","12993","12993"
"129969","19.580583572387695","19.580583572387695","19.580583572387695","12996","12996","12996"
"129979","21.64022445678711","21.64022445678711","21.64022445678711","12997","12997","12997"
"129989","19.959339141845703","19.959339141845703","19.959339141845703","12998","12998","12998"
"130019","26.50641632080078","26.50641632080078","26.50641632080078","13001","13001","13001"
"130039","22.992355346679688","22.992355346679688","22.992355346679688","13003","13003","13003"
"130049","25.16579818725586","25.16579818725586","25.16579818725586","13004","13004","13004"
"130099","23.478282928466797","23.478282928466797","23.478282928466797","13009","13009","13009"
"130119","26.24881935119629","26.24881935119629","26.24881935119629","13011","13011","13011"
"130129","18.105947494506836","18.105947494506836","18.105947494506836","13012","13012","13012"
"130159","21.304447174072266","21.304447174072266","21.304447174072266","13015","13015","13015"
"130189","28.90131187438965","28.90131187438965","28.90131187438965","13018","13018","13018"
"130199","23.127578735351562","23.127578735351562","23.127578735351562","13019","13019","13019"
"130209","29.396995544433594","29.396995544433594","29.396995544433594","13020","13020","13020"
"130259","18.887557983398438","18.887557983398438","18.887557983398438","13025","13025","13025"
"130279","27.021390914916992","27.021390914916992","27.021390914916992","13027","13027","13027"
"130289","22.106325149536133","22.106325149536133","22.106325149536133","13028","13028","13028"
"130309","24.321828842163086","24.321828842163086","24.321828842163086","13030","13030","13030"
"130319","21.303558349609375","21.303558349609375","21.303558349609375","13031","13031","13031"
"130349","21.310863494873047","21.310863494873047","21.310863494873047","13034","13034","13034"
"130359","28.128572463989258","28.128572463989258","28.128572463989258","13035","13035","13035"
"130389","22.45541763305664","22.45541763305664","22.45541763305664","13038","13038","13038"
"130399","20.482845306396484","20.482845306396484","20.482845306396484","13039","13039","13039"
"130419","28.921220779418945","28.921220779418945","28.921220779418945","13041","13041","13041"
"130429","24.54864501953125","24.54864501953125","24.54864501953125","13042","13042","13042"
"130449","20.60551643371582","20.60551643371582","20.60551643371582","13044","13044","13044"
"130469","23.85619354248047","23.85619354248047","23.85619354248047","13046","13046","13046"
"130499","19.996809005737305","19.996809005737305","19.996809005737305","13049","13049","13049"
"130509","18.03485107421875","18.03485107421875","18.03485107421875","13050","13050","13050"
"130519","23.209861755371094","23.209861755371094","23.209861755371094","13051","13051","13051"
"130529","21.946510314941406","21.946510314941406","21.946510314941406","13052","13052","13052"
"130539","21.60284423828125","21.60284423828125","21.60284423828125","13053","13053","13053"
"130549","19.674936294555664","19.674936294555664","19.674936294555664","13054","13054","13054"
"130569","24.45154571533203","24.45154571533203","24.45154571533203","13056","13056","13056"
"130619","26.198965072631836","26.198965072631836","26.198965072631836","13061","13061","13061"
"130659","19.532276153564453","19.532276153564453","19.532276153564453","13065","13065","13065"
"130679","18.988059997558594","18.988059997558594","18.988059997558594","13067","13067","13067"
"130689","24.531837463378906","24.531837463378906","24.531837463378906","13068","13068","13068"
"130729","22.217166900634766","22.217166900634766","22.217166900634766","13072","13072","13072"
"130739","25.619068145751953","25.619068145751953","25.619068145751953","13073","13073","13073"
"130779","27.541963577270508","27.541963577270508","27.541963577270508","13077","13077","13077"
"130819","22.89329719543457","22.89329719543457","22.89329719543457","13081","13081","13081"
"130839","26.936729431152344","26.936729431152344","26.936729431152344","13083","13083","13083"
"130849","19.675661087036133","19.675661087036133","19.675661087036133","13084","13084","13084"
"130899","23.96066665649414","23.96066665649414","23.96066665649414","13089","13089","13089"
"130909","22.364891052246094","22.364891052246094","22.364891052246094","13090","13090","13090"
"130919","23.841236114501953","23.841236114501953","23.841236114501953","13091","13091","13091"
"130969","20.292821884155273","20.292821884155273","20.292821884155273","13096","13096","13096"
"130979","20.795726776123047","20.795726776123047","20.795726776123047","13097","13097","13097"
"131009","26.904584884643555","26.904584884643555","26.904584884643555","13100","13100","13100"
"131019","26.140758514404297","26.140758514404297","26.140758514404297","13101","13101","13101"
"131049","29.26074981689453","29.26074981689453","29.26074981689453","13104","13104","13104"
"131069","24.376182556152344","24.376182556152344","24.376182556152344","13106","13106","13106"
"131089","21.79266929626465","21.79266929626465","21.79266929626465","13108","13108","13108"
"131099","21.181150436401367","21.181150436401367","21.181150436401367","13109","13109","13109"
"131109","30.203758239746094","30.203758239746094","30.203758239746094","13110","13110","13110"
"131119","16.156850814819336","16.156850814819336","16.156850814819336","13111","13111","13111"
"131139","29.53445816040039","29.53445816040039","29.53445816040039","13113","13113","13113"
"131159","20.762941360473633","20.762941360473633","20.762941360473633","13115","13115","13115"
"131169","26.56190299987793","26.56190299987793","26.56190299987793","13116","13116","13116"
"131209","24.466808319091797","24.466808319091797","24.466808319091797","13120","13120","13120"
"131289","26.091859817504883","26.091859817504883","26.091859817504883","13128","13128","13128"
"131299","21.61566734313965","21.61566734313965","21.61566734313965","13129","13129","13129"
"131319","22.396522521972656","22.396522521972656","22.396522521972656","13131","13131","13131"
"131349","23.229509353637695","23.229509353637695","23.229509353637695","13134","13134","13134"
"131369","25.81670379638672","25.81670379638672","25.81670379638672","13136","13136","13136"
"131389","19.59663963317871","19.59663963317871","19.59663963317871","13138","13138","13138"
"131429","17.43875503540039","17.43875503540039","17.43875503540039","13142","13142","13142"
"131449","25.10979652404785","25.10979652404785","25.10979652404785","13144","13144","13144"
"131499","22.939430236816406","22.939430236816406","22.939430236816406","13149","13149","13149"
"131509","20.941993713378906","20.941993713378906","20.941993713378906","13150","13150","13150"
"131519","19.905399322509766","19.905399322509766","19.905399322509766","13151","13151","13151"
"131559","23.849021911621094","23.849021911621094","23.849021911621094","13155","13155","13155"
"131569","24.751527786254883","24.751527786254883","24.751527786254883","13156","13156","13156"
"131579","24.265012741088867","24.265012741088867","24.265012741088867","13157","13157","13157"
"131589","18.890527725219727","18.890527725219727","18.890527725219727","13158","13158","13158"
"131609","25.68740463256836","25.68740463256836","25.68740463256836","13160","13160","13160"
"131619","31.515098571777344","31.515098571777344","31.515098571777344","13161","13161","13161"
"131629","28.48584747314453","28.48584747314453","28.48584747314453","13162","13162","13162"
"131639","20.631561279296875","20.631561279296875","20.631561279296875","13163","13163","13163"
"131669","23.222829818725586","23.222829818725586","23.222829818725586","13166","13166","13166"
"131729","20.472108840942383","20.472108840942383","20.472108840942383","13172","13172","13172"
"131739","22.593103408813477","22.593103408813477","22.593103408813477","13173","13173","13173"
"131749","20.824338912963867","20.824338912963867","20.824338912963867","13174","13174","13174"
"131769","19.93401336669922","19.93401336669922","19.93401336669922","13176","13176","13176"
"131779","19.76517105102539","19.76517105102539","19.76517105102539","13177","13177","13177"
"131799","23.38058853149414","23.38058853149414","23.38058853149414","13179","13179","13179"
"131819","26.16046714782715","26.16046714782715","26.16046714782715","13181","13181","13181"
"131829","23.862812042236328","23.862812042236328","23.862812042236328","13182","13182","13182"
"131859","19.33481216430664","19.33481216430664","19.33481216430664","13185","13185","13185"
"131909","22.246139526367188","22.246139526367188","22.246139526367188","13190","13190","13190"
"131929","26.513248443603516","26.513248443603516","26.513248443603516","13192","13192","13192"
"131989","21.123416900634766","21.123416900634766","21.123416900634766","13198","13198","13198"
"131999","28.774093627929688","28.774093627929688","28.774093627929688","13199","13199","13199"
"132009","21.758769989013672","21.758769989013672","21.758769989013672","13200","13200","13200"
"132019","17.582717895507812","17.582717895507812","17.582717895507812","13201","13201","13201"
"132029","34.472900390625","34.472900390625","34.472900390625","13202","13202","13202"
"132049","21.582794189453125","21.582794189453125","21.582794189453125","13204","13204","13204"
"132089","21.37908172607422","21.37908172607422","21.37908172607422","13208","13208","13208"
"132099","30.05921173095703","30.05921173095703","30.05921173095703","13209","13209","13209"
"132119","19.993820190429688","19.993820190429688","19.993820190429688","13211","13211","13211"
"132229","25.376806259155273","25.376806259155273","25.376806259155273","13222","13222","13222"
"132239","18.90875244140625","18.90875244140625","18.90875244140625","13223","13223","13223"
"132249","29.23280143737793","29.23280143737793","29.23280143737793","13224","13224","13224"
"132299","25.981380462646484","25.981380462646484","25.981380462646484","13229","13229","13229"
"132319","22.178001403808594","22.178001403808594","22.178001403808594","13231","13231","13231"
"132329","30.326539993286133","30.326539993286133","30.326539993286133","13232","13232","13232"
"132369","24.75433921813965","24.75433921813965","24.75433921813965","13236","13236","13236"
"132379","25.36539649963379","25.36539649963379","25.36539649963379","13237","13237","13237"
"132389","26.965587615966797","26.965587615966797","26.965587615966797","13238","13238","13238"
"132419","32.548648834228516","32.548648834228516","32.548648834228516","13241","13241","13241"
"132449","28.249069213867188","28.249069213867188","28.249069213867188","13244","13244","13244"
"132479","21.442981719970703","21.442981719970703","21.442981719970703","13247","13247","13247"
"132509","16.46231460571289","16.46231460571289","16.46231460571289","13250","13250","13250"
"132529","26.289894104003906","26.289894104003906","26.289894104003906","13252","13252","13252"
"132539","18.030139923095703","18.030139923095703","18.030139923095703","13253","13253","13253"
"132579","21.161991119384766","21.161991119384766","21.161991119384766","13257","13257","13257"
"132589","26.273357391357422","26.273357391357422","26.273357391357422","13258","13258","13258"
"132609","24.73830795288086","24.73830795288086","24.73830795288086","13260","13260","13260"
"132619","21.42129898071289","21.42129898071289","21.42129898071289","13261","13261","13261"
"132649","24.00054931640625","24.00054931640625","24.00054931640625","13264","13264","13264"
"132659","25.34554672241211","25.34554672241211","25.34554672241211","13265","13265","13265"
"132679","28.077274322509766","28.077274322509766","28.077274322509766","13267","13267","13267"
"132739","21.57256507873535","21.57256507873535","21.57256507873535","13273","13273","13273"
"132779","21.2460994720459","21.2460994720459","21.2460994720459","13277","13277","13277"
"132789","22.579225540161133","22.579225540161133","22.579225540161133","13278","13278","13278"
"132809","24.64754867553711","24.64754867553711","24.64754867553711","13280","13280","13280"
"132839","21.87108612060547","21.87108612060547","21.87108612060547","13283","13283","13283"
"132889","24.699146270751953","24.699146270751953","24.699146270751953","13288","13288","13288"
"132899","29.90210723876953","29.90210723876953","29.90210723876953","13289","13289","13289"
"132909","16.60818099975586","16.60818099975586","16.60818099975586","13290","13290","13290"
"132919","20.211347579956055","20.211347579956055","20.211347579956055","13291","13291","13291"
"132939","22.295602798461914","22.295602798461914","22.295602798461914","13293","13293","13293"
"132959","24.357837677001953","24.357837677001953","24.357837677001953","13295","13295","13295"
"132979","21.38716697692871","21.38716697692871","21.38716697692871","13297","13297","13297"
"132989","19.537216186523438","19.537216186523438","19.537216186523438","13298","13298","13298"
"132999","23.242734909057617","23.242734909057617","23.242734909057617","13299","13299","13299"
"133029","30.07411003112793","30.07411003112793","30.07411003112793","13302","13302","13302"
"133039","20.80706024169922","20.80706024169922","20.80706024169922","13303","13303","13303"
"133049","25.293018341064453","25.293018341064453","25.293018341064453","13304","13304","13304"
"133069","20.455400466918945","20.455400466918945","20.455400466918945","13306","13306","13306"
"133079","23.14073944091797","23.14073944091797","23.14073944091797","13307","13307","13307"
"133099","18.5819034576416","18.5819034576416","18.5819034576416","13309","13309","13309"
"133109","31.692256927490234","31.692256927490234","31.692256927490234","13310","13310","13310"
"133119","20.73649024963379","20.73649024963379","20.73649024963379","13311","13311","13311"
"133159","23.92015838623047","23.92015838623047","23.92015838623047","13315","13315","13315"
"133179","21.23477554321289","21.23477554321289","21.23477554321289","13317","13317","13317"
"133189","24.829341888427734","24.829341888427734","24.829341888427734","13318","13318","13318"
"133209","21.315937042236328","21.315937042236328","21.315937042236328","13320","13320","13320"
"133219","28.916263580322266","28.916263580322266","28.916263580322266","13321","13321","13321"
"133239","27.501937866210938","27.501937866210938","27.501937866210938","13323","13323","13323"
"133249","19.148529052734375","19.148529052734375","19.148529052734375","13324","13324","13324"
"133289","21.205110549926758","21.205110549926758","21.205110549926758","13328","13328","13328"
"133309","25.83953857421875","25.83953857421875","25.83953857421875","13330","13330","13330"
"133329","24.51455307006836","24.51455307006836","24.51455307006836","13332","13332","13332"
"133359","18.955303192138672","18.955303192138672","18.955303192138672","13335","13335","13335"
"133369","18.480012893676758","18.480012893676758","18.480012893676758","13336","13336","13336"
"133379","21.228668212890625","21.228668212890625","21.228668212890625","13337","13337","13337"
"133389","19.07253646850586","19.07253646850586","19.07253646850586","13338","13338","13338"
"133409","21.68001365661621","21.68001365661621","21.68001365661621","13340","13340","13340"
"133419","23.041725158691406","23.041725158691406","23.041725158691406","13341","13341","13341"
"133479","19.256412506103516","19.256412506103516","19.256412506103516","13347","13347","13347"
"133489","26.654701232910156","26.654701232910156","26.654701232910156","13348","13348","13348"
"133499","29.873781204223633","29.873781204223633","29.873781204223633","13349","13349","13349"
"133529","26.521839141845703","26.521839141845703","26.521839141845703","13352","13352","13352"
"133549","23.35715103149414","23.35715103149414","23.35715103149414","13354","13354","13354"
"133579","21.358928680419922","21.358928680419922","21.358928680419922","13357","13357","13357"
"133599","18.631752014160156","18.631752014160156","18.631752014160156","13359","13359","13359"
"133659","31.409698486328125","31.409698486328125","31.409698486328125","13365","13365","13365"
"133679","20.5253963470459","20.5253963470459","20.5253963470459","13367","13367","13367"
"133689","24.726966857910156","24.726966857910156","24.726966857910156","13368","13368","13368"
"133699","25.823699951171875","25.823699951171875","25.823699951171875","13369","13369","13369"
"133709","23.82585906982422","23.82585906982422","23.82585906982422","13370","13370","13370"
"133719","22.866304397583008","22.866304397583008","22.866304397583008","13371","13371","13371"
"133759","21.102115631103516","21.102115631103516","21.102115631103516","13375","13375","13375"
"133769","19.93144989013672","19.93144989013672","19.93144989013672","13376","13376","13376"
"133799","25.076351165771484","25.076351165771484","25.076351165771484","13379","13379","13379"
"133819","26.873594284057617","26.873594284057617","26.873594284057617","13381","13381","13381"
"133849","17.071056365966797","17.071056365966797","17.071056365966797","13384","13384","13384"
"133869","19.370468139648438","19.370468139648438","19.370468139648438","13386","13386","13386"
"133889","17.77623748779297","17.77623748779297","17.77623748779297","13388","13388","13388"
"133939","25.403854370117188","25.403854370117188","25.403854370117188","13393","13393","13393"
"133949","18.96792221069336","18.96792221069336","18.96792221069336","13394","13394","13394"
"133989","20.47785186767578","20.47785186767578","20.47785186767578","13398","13398","13398"
"133999","22.488719940185547","22.488719940185547","22.488719940185547","13399","13399","13399"
"134009","30.977270126342773","30.977270126342773","30.977270126342773","13400","13400","13400"
"134029","18.364871978759766","18.364871978759766","18.364871978759766","13402","13402","13402"
"134059","38.233238220214844","38.233238220214844","38.233238220214844","13405","13405","13405"
"134109","24.109167098999023","24.109167098999023","24.109167098999023","13410","13410","13410"
"134179","28.71619415283203","28.71619415283203","28.71619415283203","13417","13417","13417"
"134229","20.009727478027344","20.009727478027344","20.009727478027344","13422","13422","13422"
"134259","24.658008575439453","24.658008575439453","24.658008575439453","13425","13425","13425"
"134299","22.175779342651367","22.175779342651367","22.175779342651367","13429","13429","13429"
"134339","23.804855346679688","23.804855346679688","23.804855346679688","13433","13433","13433"
"134379","17.740903854370117","17.740903854370117","17.740903854370117","13437","13437","13437"
"134389","21.76217269897461","21.76217269897461","21.76217269897461","13438","13438","13438"
"134399","22.469348907470703","22.469348907470703","22.469348907470703","13439","13439","13439"
"134409","19.08029556274414","19.08029556274414","19.08029556274414","13440","13440","13440"
"134439","25.277679443359375","25.277679443359375","25.277679443359375","13443","13443","13443"
"134449","20.719144821166992","20.719144821166992","20.719144821166992","13444","13444","13444"
"134469","20.518810272216797","20.518810272216797","20.518810272216797","13446","13446","13446"
"134529","19.527286529541016","19.527286529541016","19.527286529541016","13452","13452","13452"
"134539","19.908666610717773","19.908666610717773","19.908666610717773","13453","13453","13453"
"134559","25.185260772705078","25.185260772705078","25.185260772705078","13455","13455","13455"
"134569","18.04024314880371","18.04024314880371","18.04024314880371","13456","13456","13456"
"134589","32.969398498535156","32.969398498535156","32.969398498535156","13458","13458","13458"
"134599","24.33072280883789","24.33072280883789","24.33072280883789","13459","13459","13459"
"134619","29.634109497070312","29.634109497070312","29.634109497070312","13461","13461","13461"
"134639","25.428817749023438","25.428817749023438","25.428817749023438","13463","13463","13463"
"134659","19.441635131835938","19.441635131835938","19.441635131835938","13465","13465","13465"
"134679","20.39647102355957","20.39647102355957","20.39647102355957","13467","13467","13467"
"134689","24.233444213867188","24.233444213867188","24.233444213867188","13468","13468","13468"
"134699","17.94281005859375","17.94281005859375","17.94281005859375","13469","13469","13469"
"134729","20.543415069580078","20.543415069580078","20.543415069580078","13472","13472","13472"
"134739","19.167268753051758","19.167268753051758","19.167268753051758","13473","13473","13473"
"134759","21.936519622802734","21.936519622802734","21.936519622802734","13475","13475","13475"
"134769","21.06278419494629","21.06278419494629","21.06278419494629","13476","13476","13476"
"134779","24.473419189453125","24.473419189453125","24.473419189453125","13477","13477","13477"
"134799","21.811466217041016","21.811466217041016","21.811466217041016","13479","13479","13479"
"134809","21.247516632080078","21.247516632080078","21.247516632080078","13480","13480","13480"
"134819","17.40532875061035","17.40532875061035","17.40532875061035","13481","13481","13481"
"134879","26.333362579345703","26.333362579345703","26.333362579345703","13487","13487","13487"
"134889","19.801939010620117","19.801939010620117","19.801939010620117","13488","13488","13488"
"134899","27.579734802246094","27.579734802246094","27.579734802246094","13489","13489","13489"
"134909","21.566125869750977","21.566125869750977","21.566125869750977","13490","13490","13490"
"134939","24.98847007751465","24.98847007751465","24.98847007751465","13493","13493","13493"
"134969","18.457807540893555","18.457807540893555","18.457807540893555","13496","13496","13496"
"134989","19.773937225341797","19.773937225341797","19.773937225341797","13498","13498","13498"
"135009","19.629613876342773","19.629613876342773","19.629613876342773","13500","13500","13500"
"135019","19.962305068969727","19.962305068969727","19.962305068969727","13501","13501","13501"
"135049","23.401103973388672","23.401103973388672","23.401103973388672","13504","13504","13504"
"135069","24.65114974975586","24.65114974975586","24.65114974975586","13506","13506","13506"
"135079","17.932937622070312","17.932937622070312","17.932937622070312","13507","13507","13507"
"135119","24.752517700195312","24.752517700195312","24.752517700195312","13511","13511","13511"
"135129","21.14209747314453","21.14209747314453","21.14209747314453","13512","13512","13512"
"135139","23.071598052978516","23.071598052978516","23.071598052978516","13513","13513","13513"
"135149","17.871274948120117","17.871274948120117","17.871274948120117","13514","13514","13514"
"135179","22.381816864013672","22.381816864013672","22.381816864013672","13517","13517","13517"
"135189","19.628631591796875","19.628631591796875","19.628631591796875","13518","13518","13518"
"135199","26.1396484375","26.1396484375","26.1396484375","13519","13519","13519"
"135229","28.109804153442383","28.109804153442383","28.109804153442383","13522","13522","13522"
"135259","23.020633697509766","23.020633697509766","23.020633697509766","13525","13525","13525"
"135269","26.42009735107422","26.42009735107422","26.42009735107422","13526","13526","13526"
"135289","21.93079948425293","21.93079948425293","21.93079948425293","13528","13528","13528"
"135329","22.83851432800293","22.83851432800293","22.83851432800293","13532","13532","13532"
"135369","23.304271697998047","23.304271697998047","23.304271697998047","13536","13536","13536"
"135379","22.14593505859375","22.14593505859375","22.14593505859375","13537","13537","13537"
"135389","18.029237747192383","18.029237747192383","18.029237747192383","13538","13538","13538"
"135399","20.897506713867188","20.897506713867188","20.897506713867188","13539","13539","13539"
"135429","21.881580352783203","21.881580352783203","21.881580352783203","13542","13542","13542"
"135449","20.56987953186035","20.56987953186035","20.56987953186035","13544","13544","13544"
"135469","22.270761489868164","22.270761489868164","22.270761489868164","13546","13546","13546"
"135479","23.47274398803711","23.47274398803711","23.47274398803711","13547","13547","13547"
"135509","23.192445755004883","23.192445755004883","23.192445755004883","13550","13550","13550"
"135519","18.976516723632812","18.976516723632812","18.976516723632812","13551","13551","13551"
"135529","26.136260986328125","26.136260986328125","26.136260986328125","13552","13552","13552"
"135539","24.7205867767334","24.7205867767334","24.7205867767334","13553","13553","13553"
"135569","21.669288635253906","21.669288635253906","21.669288635253906","13556","13556","13556"
"135579","25.628219604492188","25.628219604492188","25.628219604492188","13557","13557","13557"
"135599","19.944782257080078","19.944782257080078","19.944782257080078","13559","13559","13559"
"135609","24.377761840820312","24.377761840820312","24.377761840820312","13560","13560","13560"
"135629","18.45248794555664","18.45248794555664","18.45248794555664","13562","13562","13562"
"135639","20.585161209106445","20.585161209106445","20.585161209106445","13563","13563","13563"
"135649","23.907756805419922","23.907756805419922","23.907756805419922","13564","13564","13564"
"135669","20.09540557861328","20.09540557861328","20.09540557861328","13566","13566","13566"
"135689","19.761320114135742","19.761320114135742","19.761320114135742","13568","13568","13568"
"135699","24.52384376525879","24.52384376525879","24.52384376525879","13569","13569","13569"
"135739","20.555130004882812","20.555130004882812","20.555130004882812","13573","13573","13573"
"135749","21.29342269897461","21.29342269897461","21.29342269897461","13574","13574","13574"
"135759","24.185283660888672","24.185283660888672","24.185283660888672","13575","13575","13575"
"135769","23.229286193847656","23.229286193847656","23.229286193847656","13576","13576","13576"
"135779","24.912752151489258","24.912752151489258","24.912752151489258","13577","13577","13577"
"135819","19.099151611328125","19.099151611328125","19.099151611328125","13581","13581","13581"
"135869","17.582490921020508","17.582490921020508","17.582490921020508","13586","13586","13586"
"135879","18.68478012084961","18.68478012084961","18.68478012084961","13587","13587","13587"
"135889","30.524288177490234","30.524288177490234","30.524288177490234","13588","13588","13588"
"135909","23.164493560791016","23.164493560791016","23.164493560791016","13590","13590","13590"
"135939","20.010494232177734","20.010494232177734","20.010494232177734","13593","13593","13593"
"135969","19.45115852355957","19.45115852355957","19.45115852355957","13596","13596","13596"
"135979","19.126934051513672","19.126934051513672","19.126934051513672","13597","13597","13597"
"135999","22.401979446411133","22.401979446411133","22.401979446411133","13599","13599","13599"
"136039","27.385618209838867","27.385618209838867","27.385618209838867","13603","13603","13603"
"136049","21.444103240966797","21.444103240966797","21.444103240966797","13604","13604","13604"
"136069","18.92464256286621","18.92464256286621","18.92464256286621","13606","13606","13606"
"136109","24.23430633544922","24.23430633544922","24.23430633544922","13610","13610","13610"
"136149","18.447477340698242","18.447477340698242","18.447477340698242","13614","13614","13614"
"136169","27.153270721435547","27.153270721435547","27.153270721435547","13616","13616","13616"
"136179","21.333759307861328","21.333759307861328","21.333759307861328","13617","13617","13617"
"136189","22.180030822753906","22.180030822753906","22.180030822753906","13618","13618","13618"
"136209","23.416889190673828","23.416889190673828","23.416889190673828","13620","13620","13620"
"136249","18.41783332824707","18.41783332824707","18.41783332824707","13624","13624","13624"
"136269","19.577220916748047","19.577220916748047","19.577220916748047","13626","13626","13626"
"136279","19.946367263793945","19.946367263793945","19.946367263793945","13627","13627","13627"
"136289","20.780162811279297","20.780162811279297","20.780162811279297","13628","13628","13628"
"136309","18.818981170654297","18.818981170654297","18.818981170654297","13630","13630","13630"
"136319","17.269451141357422","17.269451141357422","17.269451141357422","13631","13631","13631"
"136369","18.13545036315918","18.13545036315918","18.13545036315918","13636","13636","13636"
"136379","19.255931854248047","19.255931854248047","19.255931854248047","13637","13637","13637"
"136399","31.021512985229492","31.021512985229492","31.021512985229492","13639","13639","13639"
"136439","27.91583251953125","27.91583251953125","27.91583251953125","13643","13643","13643"
"136479","18.31053352355957","18.31053352355957","18.31053352355957","13647","13647","13647"
"136509","25.61524200439453","25.61524200439453","25.61524200439453","13650","13650","13650"
"136519","19.5715274810791","19.5715274810791","19.5715274810791","13651","13651","13651"
"136589","20.654199600219727","20.654199600219727","20.654199600219727","13658","13658","13658"
"136599","27.683984756469727","27.683984756469727","27.683984756469727","13659","13659","13659"
"136619","23.446361541748047","23.446361541748047","23.446361541748047","13661","13661","13661"
"136629","25.081132888793945","25.081132888793945","25.081132888793945","13662","13662","13662"
"136639","22.73684310913086","22.73684310913086","22.73684310913086","13663","13663","13663"
"136659","22.462749481201172","22.462749481201172","22.462749481201172","13665","13665","13665"
"136669","24.198163986206055","24.198163986206055","24.198163986206055","13666","13666","13666"
"136679","22.12135124206543","22.12135124206543","22.12135124206543","13667","13667","13667"
"136699","21.237873077392578","21.237873077392578","21.237873077392578","13669","13669","13669"
"136709","25.445026397705078","25.445026397705078","25.445026397705078","13670","13670","13670"
"136729","22.288436889648438","22.288436889648438","22.288436889648438","13672","13672","13672"
"136749","18.508119583129883","18.508119583129883","18.508119583129883","13674","13674","13674"
"136809","21.637855529785156","21.637855529785156","21.637855529785156","13680","13680","13680"
"136839","29.99897003173828","29.99897003173828","29.99897003173828","13683","13683","13683"
"136889","22.717937469482422","22.717937469482422","22.717937469482422","13688","13688","13688"
"136929","21.090667724609375","21.090667724609375","21.090667724609375","13692","13692","13692"
"136959","19.252891540527344","19.252891540527344","19.252891540527344","13695","13695","13695"
"136979","19.530715942382812","19.530715942382812","19.530715942382812","13697","13697","13697"
"136989","36.22624588012695","36.22624588012695","36.22624588012695","13698","13698","13698"
"137029","37.207252502441406","37.207252502441406","37.207252502441406","13702","13702","13702"
"137039","25.81406021118164","25.81406021118164","25.81406021118164","13703","13703","13703"
"137069","40.17921829223633","40.17921829223633","40.17921829223633","13706","13706","13706"
"137089","23.366893768310547","23.366893768310547","23.366893768310547","13708","13708","13708"
"137149","19.610370635986328","19.610370635986328","19.610370635986328","13714","13714","13714"
"137159","23.90528106689453","23.90528106689453","23.90528106689453","13715","13715","13715"
"137189","22.43896484375","22.43896484375","22.43896484375","13718","13718","13718"
"137269","22.063373565673828","22.063373565673828","22.063373565673828","13726","13726","13726"
"137279","20.160037994384766","20.160037994384766","20.160037994384766","13727","13727","13727"
"137289","22.04308319091797","22.04308319091797","22.04308319091797","13728","13728","13728"
"137319","20.776681900024414","20.776681900024414","20.776681900024414","13731","13731","13731"
"137329","20.293962478637695","20.293962478637695","20.293962478637695","13732","13732","13732"
"137359","15.880399703979492","15.880399703979492","15.880399703979492","13735","13735","13735"
"137379","26.856979370117188","26.856979370117188","26.856979370117188","13737","13737","13737"
"137389","23.896766662597656","23.896766662597656","23.896766662597656","13738","13738","13738"
"137419","21.63934326171875","21.63934326171875","21.63934326171875","13741","13741","13741"
"137429","25.859275817871094","25.859275817871094","25.859275817871094","13742","13742","13742"
"137469","21.711149215698242","21.711149215698242","21.711149215698242","13746","13746","13746"
"137489","21.30070686340332","21.30070686340332","21.30070686340332","13748","13748","13748"
"137549","18.77775001525879","18.77775001525879","18.77775001525879","13754","13754","13754"
"137559","19.827983856201172","19.827983856201172","19.827983856201172","13755","13755","13755"
"137569","23.638713836669922","23.638713836669922","23.638713836669922","13756","13756","13756"
"137609","19.159339904785156","19.159339904785156","19.159339904785156","13760","13760","13760"
"137679","18.211315155029297","18.211315155029297","18.211315155029297","13767","13767","13767"
"137759","25.02357292175293","25.02357292175293","25.02357292175293","13775","13775","13775"
"137769","20.855815887451172","20.855815887451172","20.855815887451172","13776","13776","13776"
"137809","20.961748123168945","20.961748123168945","20.961748123168945","13780","13780","13780"
"137829","17.991304397583008","17.991304397583008","17.991304397583008","13782","13782","13782"
"137859","21.4096622467041","21.4096622467041","21.4096622467041","13785","13785","13785"
"137899","23.59760856628418","23.59760856628418","23.59760856628418","13789","13789","13789"
"138009","25.931400299072266","25.931400299072266","25.931400299072266","13800","13800","13800"
"138019","21.861541748046875","21.861541748046875","21.861541748046875","13801","13801","13801"
"138029","18.92970085144043","18.92970085144043","18.92970085144043","13802","13802","13802"
"138049","20.421218872070312","20.421218872070312","20.421218872070312","13804","13804","13804"
"138059","27.034605026245117","27.034605026245117","27.034605026245117","13805","13805","13805"
"138129","22.306629180908203","22.306629180908203","22.306629180908203","13812","13812","13812"
"138139","26.78759002685547","26.78759002685547","26.78759002685547","13813","13813","13813"
"138169","21.988300323486328","21.988300323486328","21.988300323486328","13816","13816","13816"
"138219","22.267093658447266","22.267093658447266","22.267093658447266","13821","13821","13821"
"138229","19.59963607788086","19.59963607788086","19.59963607788086","13822","13822","13822"
"138249","21.67706871032715","21.67706871032715","21.67706871032715","13824","13824","13824"
"138299","20.800647735595703","20.800647735595703","20.800647735595703","13829","13829","13829"
"138319","23.278169631958008","23.278169631958008","23.278169631958008","13831","13831","13831"
"138329","21.068326950073242","21.068326950073242","21.068326950073242","13832","13832","13832"
"138349","24.644804000854492","24.644804000854492","24.644804000854492","13834","13834","13834"
"138359","21.905282974243164","21.905282974243164","21.905282974243164","13835","13835","13835"
"138409","18.968524932861328","18.968524932861328","18.968524932861328","13840","13840","13840"
"138419","23.591665267944336","23.591665267944336","23.591665267944336","13841","13841","13841"
"138429","19.075214385986328","19.075214385986328","19.075214385986328","13842","13842","13842"
"138449","23.83909797668457","23.83909797668457","23.83909797668457","13844","13844","13844"
"138459","24.272668838500977","24.272668838500977","24.272668838500977","13845","13845","13845"
"138469","20.764999389648438","20.764999389648438","20.764999389648438","13846","13846","13846"
"138489","19.185787200927734","19.185787200927734","19.185787200927734","13848","13848","13848"
"138499","30.526931762695312","30.526931762695312","30.526931762695312","13849","13849","13849"
"138539","24.723371505737305","24.723371505737305","24.723371505737305","13853","13853","13853"
"138549","20.29488754272461","20.29488754272461","20.29488754272461","13854","13854","13854"
"138559","19.272701263427734","19.272701263427734","19.272701263427734","13855","13855","13855"
"138609","21.640047073364258","21.640047073364258","21.640047073364258","13860","13860","13860"
"138619","23.158466339111328","23.158466339111328","23.158466339111328","13861","13861","13861"
"138659","22.672637939453125","22.672637939453125","22.672637939453125","13865","13865","13865"
"138669","21.60556983947754","21.60556983947754","21.60556983947754","13866","13866","13866"
"138689","28.095491409301758","28.095491409301758","28.095491409301758","13868","13868","13868"
"138749","23.84075927734375","23.84075927734375","23.84075927734375","13874","13874","13874"
"138779","20.423473358154297","20.423473358154297","20.423473358154297","13877","13877","13877"
"138819","19.054370880126953","19.054370880126953","19.054370880126953","13881","13881","13881"
"138879","19.15270233154297","19.15270233154297","19.15270233154297","13887","13887","13887"
"138889","21.951141357421875","21.951141357421875","21.951141357421875","13888","13888","13888"
"138909","24.303390502929688","24.303390502929688","24.303390502929688","13890","13890","13890"
"138989","21.3100643157959","21.3100643157959","21.3100643157959","13898","13898","13898"
"139009","21.082612991333008","21.082612991333008","21.082612991333008","13900","13900","13900"
"139019","20.409910202026367","20.409910202026367","20.409910202026367","13901","13901","13901"
"139089","23.693523406982422","23.693523406982422","23.693523406982422","13908","13908","13908"
"139159","24.213449478149414","24.213449478149414","24.213449478149414","13915","13915","13915"
"139219","21.784591674804688","21.784591674804688","21.784591674804688","13921","13921","13921"
"139229","25.690481185913086","25.690481185913086","25.690481185913086","13922","13922","13922"
"139279","19.28504753112793","19.28504753112793","19.28504753112793","13927","13927","13927"
"139329","21.753292083740234","21.753292083740234","21.753292083740234","13932","13932","13932"
"139349","23.522226333618164","23.522226333618164","23.522226333618164","13934","13934","13934"
"139369","24.707115173339844","24.707115173339844","24.707115173339844","13936","13936","13936"
"139399","21.431058883666992","21.431058883666992","21.431058883666992","13939","13939","13939"
"139439","20.777605056762695","20.777605056762695","20.777605056762695","13943","13943","13943"
"139459","21.155824661254883","21.155824661254883","21.155824661254883","13945","13945","13945"
"139479","24.773334503173828","24.773334503173828","24.773334503173828","13947","13947","13947"
"139489","21.80908203125","21.80908203125","21.80908203125","13948","13948","13948"
"139519","29.64618682861328","29.64618682861328","29.64618682861328","13951","13951","13951"
"139579","21.941547393798828","21.941547393798828","21.941547393798828","13957","13957","13957"
"139599","28.1754150390625","28.1754150390625","28.1754150390625","13959","13959","13959"
"139619","18.67653465270996","18.67653465270996","18.67653465270996","13961","13961","13961"
"139629","20.73240852355957","20.73240852355957","20.73240852355957","13962","13962","13962"
"139689","21.85449981689453","21.85449981689453","21.85449981689453","13968","13968","13968"
"139719","22.89811134338379","22.89811134338379","22.89811134338379","13971","13971","13971"
"139729","20.105175018310547","20.105175018310547","20.105175018310547","13972","13972","13972"
"139749","26.68320083618164","26.68320083618164","26.68320083618164","13974","13974","13974"
"139769","21.68785858154297","21.68785858154297","21.68785858154297","13976","13976","13976"
"139779","29.299251556396484","29.299251556396484","29.299251556396484","13977","13977","13977"
"139799","24.652891159057617","24.652891159057617","24.652891159057617","13979","13979","13979"
"139839","17.56283950805664","17.56283950805664","17.56283950805664","13983","13983","13983"
"139849","21.434207916259766","21.434207916259766","21.434207916259766","13984","13984","13984"
"139859","23.04459571838379","23.04459571838379","23.04459571838379","13985","13985","13985"
"139939","20.489974975585938","20.489974975585938","20.489974975585938","13993","13993","13993"
"139959","20.936046600341797","20.936046600341797","20.936046600341797","13995","13995","13995"
"139989","31.73093032836914","31.73093032836914","31.73093032836914","13998","13998","13998"
"139999","18.666015625","18.666015625","18.666015625","13999","13999","13999"
"140009","20.85589599609375","20.85589599609375","20.85589599609375","14000","14000","14000"
"140019","20.962308883666992","20.962308883666992","20.962308883666992","14001","14001","14001"
"140069","23.18729019165039","23.18729019165039","23.18729019165039","14006","14006","14006"
"140079","20.513259887695312","20.513259887695312","20.513259887695312","14007","14007","14007"
"140089","19.180404663085938","19.180404663085938","19.180404663085938","14008","14008","14008"
"140099","21.999364852905273","21.999364852905273","21.999364852905273","14009","14009","14009"
"140169","27.315231323242188","27.315231323242188","27.315231323242188","14016","14016","14016"
"140179","17.608898162841797","17.608898162841797","17.608898162841797","14017","14017","14017"
"140189","30.86494255065918","30.86494255065918","30.86494255065918","14018","14018","14018"
"140259","19.863433837890625","19.863433837890625","19.863433837890625","14025","14025","14025"
"140269","17.908000946044922","17.908000946044922","17.908000946044922","14026","14026","14026"
"140289","25.971403121948242","25.971403121948242","25.971403121948242","14028","14028","14028"
"140299","30.84576416015625","30.84576416015625","30.84576416015625","14029","14029","14029"
"140339","21.476016998291016","21.476016998291016","21.476016998291016","14033","14033","14033"
"140349","19.781713485717773","19.781713485717773","19.781713485717773","14034","14034","14034"
"140369","24.175722122192383","24.175722122192383","24.175722122192383","14036","14036","14036"
"140419","25.512910842895508","25.512910842895508","25.512910842895508","14041","14041","14041"
"140439","21.14151382446289","21.14151382446289","21.14151382446289","14043","14043","14043"
"140449","27.37909698486328","27.37909698486328","27.37909698486328","14044","14044","14044"
"140479","23.63965606689453","23.63965606689453","23.63965606689453","14047","14047","14047"
"140499","23.16004180908203","23.16004180908203","23.16004180908203","14049","14049","14049"
"140509","20.443023681640625","20.443023681640625","20.443023681640625","14050","14050","14050"
"140529","22.46965789794922","22.46965789794922","22.46965789794922","14052","14052","14052"
"140549","20.651275634765625","20.651275634765625","20.651275634765625","14054","14054","14054"
"140589","22.641040802001953","22.641040802001953","22.641040802001953","14058","14058","14058"
"140629","30.604524612426758","30.604524612426758","30.604524612426758","14062","14062","14062"
"140649","24.946048736572266","24.946048736572266","24.946048736572266","14064","14064","14064"
"140659","24.92119789123535","24.92119789123535","24.92119789123535","14065","14065","14065"
"140669","25.49923324584961","25.49923324584961","25.49923324584961","14066","14066","14066"
"140679","18.265384674072266","18.265384674072266","18.265384674072266","14067","14067","14067"
"140689","25.06355094909668","25.06355094909668","25.06355094909668","14068","14068","14068"
"140749","19.804773330688477","19.804773330688477","19.804773330688477","14074","14074","14074"
"140779","19.84176254272461","19.84176254272461","19.84176254272461","14077","14077","14077"
"140789","19.50191307067871","19.50191307067871","19.50191307067871","14078","14078","14078"
"140799","20.761972427368164","20.761972427368164","20.761972427368164","14079","14079","14079"
"140809","25.265153884887695","25.265153884887695","25.265153884887695","14080","14080","14080"
"140829","24.3083553314209","24.3083553314209","24.3083553314209","14082","14082","14082"
"140859","21.971710205078125","21.971710205078125","21.971710205078125","14085","14085","14085"
"140869","25.56733512878418","25.56733512878418","25.56733512878418","14086","14086","14086"
"140879","26.561574935913086","26.561574935913086","26.561574935913086","14087","14087","14087"
"140909","22.364437103271484","22.364437103271484","22.364437103271484","14090","14090","14090"
"140919","23.076114654541016","23.076114654541016","23.076114654541016","14091","14091","14091"
"140929","22.885732650756836","22.885732650756836","22.885732650756836","14092","14092","14092"
"140939","25.195070266723633","25.195070266723633","25.195070266723633","14093","14093","14093"
"140949","19.945323944091797","19.945323944091797","19.945323944091797","14094","14094","14094"
"140969","19.809345245361328","19.809345245361328","19.809345245361328","14096","14096","14096"
"140999","20.57589340209961","20.57589340209961","20.57589340209961","14099","14099","14099"
"141019","24.403179168701172","24.403179168701172","24.403179168701172","14101","14101","14101"
"141059","26.627443313598633","26.627443313598633","26.627443313598633","14105","14105","14105"
"141119","23.15668296813965","23.15668296813965","23.15668296813965","14111","14111","14111"
"141129","26.335285186767578","26.335285186767578","26.335285186767578","14112","14112","14112"
"141139","25.222576141357422","25.222576141357422","25.222576141357422","14113","14113","14113"
"141149","23.652420043945312","23.652420043945312","23.652420043945312","14114","14114","14114"
"141159","21.75139808654785","21.75139808654785","21.75139808654785","14115","14115","14115"
"141169","35.97559356689453","35.97559356689453","35.97559356689453","14116","14116","14116"
"141199","23.61890983581543","23.61890983581543","23.61890983581543","14119","14119","14119"
"141219","21.567411422729492","21.567411422729492","21.567411422729492","14121","14121","14121"
"141249","21.391036987304688","21.391036987304688","21.391036987304688","14124","14124","14124"
"141299","17.695634841918945","17.695634841918945","17.695634841918945","14129","14129","14129"
"141309","19.162973403930664","19.162973403930664","19.162973403930664","14130","14130","14130"
"141339","23.35470199584961","23.35470199584961","23.35470199584961","14133","14133","14133"
"141369","22.51084327697754","22.51084327697754","22.51084327697754","14136","14136","14136"
"141379","25.627544403076172","25.627544403076172","25.627544403076172","14137","14137","14137"
"141389","21.929458618164062","21.929458618164062","21.929458618164062","14138","14138","14138"
"141409","25.709644317626953","25.709644317626953","25.709644317626953","14140","14140","14140"
"141419","27.539331436157227","27.539331436157227","27.539331436157227","14141","14141","14141"
"141439","18.030794143676758","18.030794143676758","18.030794143676758","14143","14143","14143"
"141459","24.210498809814453","24.210498809814453","24.210498809814453","14145","14145","14145"
"141489","22.857919692993164","22.857919692993164","22.857919692993164","14148","14148","14148"
"141509","23.34249496459961","23.34249496459961","23.34249496459961","14150","14150","14150"
"141529","17.826330184936523","17.826330184936523","17.826330184936523","14152","14152","14152"
"141539","24.783489227294922","24.783489227294922","24.783489227294922","14153","14153","14153"
"141549","26.60016632080078","26.60016632080078","26.60016632080078","14154","14154","14154"
"141579","21.34047508239746","21.34047508239746","21.34047508239746","14157","14157","14157"
"141619","24.585447311401367","24.585447311401367","24.585447311401367","14161","14161","14161"
"141679","20.473773956298828","20.473773956298828","20.473773956298828","14167","14167","14167"
"141699","23.925251007080078","23.925251007080078","23.925251007080078","14169","14169","14169"
"141709","24.405874252319336","24.405874252319336","24.405874252319336","14170","14170","14170"
"141749","30.771194458007812","30.771194458007812","30.771194458007812","14174","14174","14174"
"141759","17.39899444580078","17.39899444580078","17.39899444580078","14175","14175","14175"
"141779","24.923463821411133","24.923463821411133","24.923463821411133","14177","14177","14177"
"141819","22.134193420410156","22.134193420410156","22.134193420410156","14181","14181","14181"
"141829","22.033910751342773","22.033910751342773","22.033910751342773","14182","14182","14182"
"141859","20.40713882446289","20.40713882446289","20.40713882446289","14185","14185","14185"
"141869","27.69207763671875","27.69207763671875","27.69207763671875","14186","14186","14186"
"141919","24.29790496826172","24.29790496826172","24.29790496826172","14191","14191","14191"
"141929","19.403398513793945","19.403398513793945","19.403398513793945","14192","14192","14192"
"141939","18.75027847290039","18.75027847290039","18.75027847290039","14193","14193","14193"
"141949","21.911216735839844","21.911216735839844","21.911216735839844","14194","14194","14194"
"142019","17.876373291015625","17.876373291015625","17.876373291015625","14201","14201","14201"
"142059","21.861854553222656","21.861854553222656","21.861854553222656","14205","14205","14205"
"142069","22.195003509521484","22.195003509521484","22.195003509521484","14206","14206","14206"
"142079","21.69410514831543","21.69410514831543","21.69410514831543","14207","14207","14207"
"142139","21.707656860351562","21.707656860351562","21.707656860351562","14213","14213","14213"
"142149","21.558500289916992","21.558500289916992","21.558500289916992","14214","14214","14214"
"142169","20.040746688842773","20.040746688842773","20.040746688842773","14216","14216","14216"
"142199","28.01770782470703","28.01770782470703","28.01770782470703","14219","14219","14219"
"142229","22.42584228515625","22.42584228515625","22.42584228515625","14222","14222","14222"
"142259","23.691783905029297","23.691783905029297","23.691783905029297","14225","14225","14225"
"142279","21.8861083984375","21.8861083984375","21.8861083984375","14227","14227","14227"
"142299","20.309680938720703","20.309680938720703","20.309680938720703","14229","14229","14229"
"142319","27.523494720458984","27.523494720458984","27.523494720458984","14231","14231","14231"
"142329","19.00959014892578","19.00959014892578","19.00959014892578","14232","14232","14232"
"142439","21.623605728149414","21.623605728149414","21.623605728149414","14243","14243","14243"
"142459","26.676494598388672","26.676494598388672","26.676494598388672","14245","14245","14245"
"142469","18.26546287536621","18.26546287536621","18.26546287536621","14246","14246","14246"
"142509","24.47942352294922","24.47942352294922","24.47942352294922","14250","14250","14250"
"142529","18.272605895996094","18.272605895996094","18.272605895996094","14252","14252","14252"
"142539","20.241281509399414","20.241281509399414","20.241281509399414","14253","14253","14253"
"142559","22.461679458618164","22.461679458618164","22.461679458618164","14255","14255","14255"
"142609","26.395069122314453","26.395069122314453","26.395069122314453","14260","14260","14260"
"142629","21.765369415283203","21.765369415283203","21.765369415283203","14262","14262","14262"
"142659","19.808597564697266","19.808597564697266","19.808597564697266","14265","14265","14265"
"142669","27.51130485534668","27.51130485534668","27.51130485534668","14266","14266","14266"
"142759","23.39257049560547","23.39257049560547","23.39257049560547","14275","14275","14275"
"142769","20.733543395996094","20.733543395996094","20.733543395996094","14276","14276","14276"
"142779","23.209280014038086","23.209280014038086","23.209280014038086","14277","14277","14277"
"142789","23.473224639892578","23.473224639892578","23.473224639892578","14278","14278","14278"
"142799","25.96937370300293","25.96937370300293","25.96937370300293","14279","14279","14279"
"142809","22.41209602355957","22.41209602355957","22.41209602355957","14280","14280","14280"
"142819","20.4080810546875","20.4080810546875","20.4080810546875","14281","14281","14281"
"142829","32.69151306152344","32.69151306152344","32.69151306152344","14282","14282","14282"
"142869","21.26433563232422","21.26433563232422","21.26433563232422","14286","14286","14286"
"142919","30.659332275390625","30.659332275390625","30.659332275390625","14291","14291","14291"
"142929","20.291234970092773","20.291234970092773","20.291234970092773","14292","14292","14292"
"142949","27.16095733642578","27.16095733642578","27.16095733642578","14294","14294","14294"
"142969","18.981176376342773","18.981176376342773","18.981176376342773","14296","14296","14296"
"142979","20.780597686767578","20.780597686767578","20.780597686767578","14297","14297","14297"
"142989","20.740890502929688","20.740890502929688","20.740890502929688","14298","14298","14298"
"143009","23.510412216186523","23.510412216186523","23.510412216186523","14300","14300","14300"
"143029","20.178668975830078","20.178668975830078","20.178668975830078","14302","14302","14302"
"143049","27.908409118652344","27.908409118652344","27.908409118652344","14304","14304","14304"
"143059","27.318191528320312","27.318191528320312","27.318191528320312","14305","14305","14305"
"143069","21.419384002685547","21.419384002685547","21.419384002685547","14306","14306","14306"
"143099","24.97829246520996","24.97829246520996","24.97829246520996","14309","14309","14309"
"143179","19.856908798217773","19.856908798217773","19.856908798217773","14317","14317","14317"
"143189","20.819021224975586","20.819021224975586","20.819021224975586","14318","14318","14318"
"143199","22.27767562866211","22.27767562866211","22.27767562866211","14319","14319","14319"
"143219","20.424335479736328","20.424335479736328","20.424335479736328","14321","14321","14321"
"143269","21.490325927734375","21.490325927734375","21.490325927734375","14326","14326","14326"
"143309","25.602746963500977","25.602746963500977","25.602746963500977","14330","14330","14330"
"143319","19.541990280151367","19.541990280151367","19.541990280151367","14331","14331","14331"
"143369","17.24178695678711","17.24178695678711","17.24178695678711","14336","14336","14336"
"143379","20.475204467773438","20.475204467773438","20.475204467773438","14337","14337","14337"
"143399","16.640493392944336","16.640493392944336","16.640493392944336","14339","14339","14339"
"143419","25.639022827148438","25.639022827148438","25.639022827148438","14341","14341","14341"
"143429","18.53392791748047","18.53392791748047","18.53392791748047","14342","14342","14342"
"143439","22.740739822387695","22.740739822387695","22.740739822387695","14343","14343","14343"
"143449","23.720367431640625","23.720367431640625","23.720367431640625","14344","14344","14344"
"143469","22.024166107177734","22.024166107177734","22.024166107177734","14346","14346","14346"
"143489","20.519145965576172","20.519145965576172","20.519145965576172","14348","14348","14348"
"143589","21.74179458618164","21.74179458618164","21.74179458618164","14358","14358","14358"
"143599","21.400840759277344","21.400840759277344","21.400840759277344","14359","14359","14359"
"143669","19.912302017211914","19.912302017211914","19.912302017211914","14366","14366","14366"
"143699","22.33713722229004","22.33713722229004","22.33713722229004","14369","14369","14369"
"143709","23.077983856201172","23.077983856201172","23.077983856201172","14370","14370","14370"
"143749","21.870445251464844","21.870445251464844","21.870445251464844","14374","14374","14374"
"143779","17.75443458557129","17.75443458557129","17.75443458557129","14377","14377","14377"
"143799","23.93682098388672","23.93682098388672","23.93682098388672","14379","14379","14379"
"143809","24.639480590820312","24.639480590820312","24.639480590820312","14380","14380","14380"
"143829","19.962512969970703","19.962512969970703","19.962512969970703","14382","14382","14382"
"143849","19.276870727539062","19.276870727539062","19.276870727539062","14384","14384","14384"
"143879","21.08786964416504","21.08786964416504","21.08786964416504","14387","14387","14387"
"143899","15.045308113098145","15.045308113098145","15.045308113098145","14389","14389","14389"
"143919","28.863210678100586","28.863210678100586","28.863210678100586","14391","14391","14391"
"143949","29.916351318359375","29.916351318359375","29.916351318359375","14394","14394","14394"
"143989","23.379085540771484","23.379085540771484","23.379085540771484","14398","14398","14398"
"143999","22.705291748046875","22.705291748046875","22.705291748046875","14399","14399","14399"
"144029","24.85112762451172","24.85112762451172","24.85112762451172","14402","14402","14402"
"144049","24.98902702331543","24.98902702331543","24.98902702331543","14404","14404","14404"
"144059","21.90183448791504","21.90183448791504","21.90183448791504","14405","14405","14405"
"144119","24.149269104003906","24.149269104003906","24.149269104003906","14411","14411","14411"
"144149","20.788850784301758","20.788850784301758","20.788850784301758","14414","14414","14414"
"144189","24.539562225341797","24.539562225341797","24.539562225341797","14418","14418","14418"
"144229","18.160879135131836","18.160879135131836","18.160879135131836","14422","14422","14422"
"144249","19.344955444335938","19.344955444335938","19.344955444335938","14424","14424","14424"
"144299","26.06949234008789","26.06949234008789","26.06949234008789","14429","14429","14429"
"144369","20.177942276000977","20.177942276000977","20.177942276000977","14436","14436","14436"
"144379","23.013320922851562","23.013320922851562","23.013320922851562","14437","14437","14437"
"144399","20.249773025512695","20.249773025512695","20.249773025512695","14439","14439","14439"
"144419","25.8198299407959","25.8198299407959","25.8198299407959","14441","14441","14441"
"144429","19.922607421875","19.922607421875","19.922607421875","14442","14442","14442"
"144469","23.706974029541016","23.706974029541016","23.706974029541016","14446","14446","14446"
"144489","18.560049057006836","18.560049057006836","18.560049057006836","14448","14448","14448"
"144499","21.55535125732422","21.55535125732422","21.55535125732422","14449","14449","14449"
"144519","32.07926559448242","32.07926559448242","32.07926559448242","14451","14451","14451"
"144549","23.690486907958984","23.690486907958984","23.690486907958984","14454","14454","14454"
"144569","20.973541259765625","20.973541259765625","20.973541259765625","14456","14456","14456"
"144579","21.338476181030273","21.338476181030273","21.338476181030273","14457","14457","14457"
"144609","24.164386749267578","24.164386749267578","24.164386749267578","14460","14460","14460"
"144619","17.9040584564209","17.9040584564209","17.9040584564209","14461","14461","14461"
"144639","28.706737518310547","28.706737518310547","28.706737518310547","14463","14463","14463"
"144709","19.55702018737793","19.55702018737793","19.55702018737793","14470","14470","14470"
"144719","20.58432960510254","20.58432960510254","20.58432960510254","14471","14471","14471"
"144739","20.07915687561035","20.07915687561035","20.07915687561035","14473","14473","14473"
"144779","23.32050895690918","23.32050895690918","23.32050895690918","14477","14477","14477"
"144789","24.42320442199707","24.42320442199707","24.42320442199707","14478","14478","14478"
"144799","20.69369125366211","20.69369125366211","20.69369125366211","14479","14479","14479"
"144819","21.92928695678711","21.92928695678711","21.92928695678711","14481","14481","14481"
"144829","23.935626983642578","23.935626983642578","23.935626983642578","14482","14482","14482"
"144839","29.500534057617188","29.500534057617188","29.500534057617188","14483","14483","14483"
"144849","19.4345645904541","19.4345645904541","19.4345645904541","14484","14484","14484"
"144859","18.04477310180664","18.04477310180664","18.04477310180664","14485","14485","14485"
"144869","22.466472625732422","22.466472625732422","22.466472625732422","14486","14486","14486"
"144879","24.367515563964844","24.367515563964844","24.367515563964844","14487","14487","14487"
"144889","22.536279678344727","22.536279678344727","22.536279678344727","14488","14488","14488"
"144949","22.522335052490234","22.522335052490234","22.522335052490234","14494","14494","14494"
"144979","22.116313934326172","22.116313934326172","22.116313934326172","14497","14497","14497"
"145029","22.173768997192383","22.173768997192383","22.173768997192383","14502","14502","14502"
"145059","19.942142486572266","19.942142486572266","19.942142486572266","14505","14505","14505"
"145079","19.912052154541016","19.912052154541016","19.912052154541016","14507","14507","14507"
"145099","18.84833526611328","18.84833526611328","18.84833526611328","14509","14509","14509"
"145119","20.79045867919922","20.79045867919922","20.79045867919922","14511","14511","14511"
"145129","24.27865982055664","24.27865982055664","24.27865982055664","14512","14512","14512"
"145159","26.338760375976562","26.338760375976562","26.338760375976562","14515","14515","14515"
"145179","23.141204833984375","23.141204833984375","23.141204833984375","14517","14517","14517"
"145199","23.278766632080078","23.278766632080078","23.278766632080078","14519","14519","14519"
"145209","23.7982120513916","23.7982120513916","23.7982120513916","14520","14520","14520"
"145269","20.602977752685547","20.602977752685547","20.602977752685547","14526","14526","14526"
"145279","20.67719078063965","20.67719078063965","20.67719078063965","14527","14527","14527"
"145299","20.72382926940918","20.72382926940918","20.72382926940918","14529","14529","14529"
"145379","18.779356002807617","18.779356002807617","18.779356002807617","14537","14537","14537"
"145399","19.57763671875","19.57763671875","19.57763671875","14539","14539","14539"
"145409","21.554533004760742","21.554533004760742","21.554533004760742","14540","14540","14540"
"145469","26.197437286376953","26.197437286376953","26.197437286376953","14546","14546","14546"
"145479","20.407445907592773","20.407445907592773","20.407445907592773","14547","14547","14547"
"145519","26.083221435546875","26.083221435546875","26.083221435546875","14551","14551","14551"
"145529","18.928630828857422","18.928630828857422","18.928630828857422","14552","14552","14552"
"145559","21.482555389404297","21.482555389404297","21.482555389404297","14555","14555","14555"
"145569","21.741230010986328","21.741230010986328","21.741230010986328","14556","14556","14556"
"145589","22.864818572998047","22.864818572998047","22.864818572998047","14558","14558","14558"
"145629","19.54261016845703","19.54261016845703","19.54261016845703","14562","14562","14562"
"145659","23.575889587402344","23.575889587402344","23.575889587402344","14565","14565","14565"
"145669","19.89666175842285","19.89666175842285","19.89666175842285","14566","14566","14566"
"145679","20.063766479492188","20.063766479492188","20.063766479492188","14567","14567","14567"
"145709","22.738290786743164","22.738290786743164","22.738290786743164","14570","14570","14570"
"145739","19.59067153930664","19.59067153930664","19.59067153930664","14573","14573","14573"
"145759","23.92494773864746","23.92494773864746","23.92494773864746","14575","14575","14575"
"145769","21.06369400024414","21.06369400024414","21.06369400024414","14576","14576","14576"
"145799","21.86919403076172","21.86919403076172","21.86919403076172","14579","14579","14579"
"145809","22.28810691833496","22.28810691833496","22.28810691833496","14580","14580","14580"
"145869","19.324283599853516","19.324283599853516","19.324283599853516","14586","14586","14586"
"145899","19.644800186157227","19.644800186157227","19.644800186157227","14589","14589","14589"
"145939","22.431798934936523","22.431798934936523","22.431798934936523","14593","14593","14593"
"145959","20.801776885986328","20.801776885986328","20.801776885986328","14595","14595","14595"
"145999","22.106910705566406","22.106910705566406","22.106910705566406","14599","14599","14599"
"146069","19.20414924621582","19.20414924621582","19.20414924621582","14606","14606","14606"
"146109","17.168685913085938","17.168685913085938","17.168685913085938","14610","14610","14610"
"146119","22.74530601501465","22.74530601501465","22.74530601501465","14611","14611","14611"
"146129","22.87060546875","22.87060546875","22.87060546875","14612","14612","14612"
"146159","22.39009666442871","22.39009666442871","22.39009666442871","14615","14615","14615"
"146239","19.302888870239258","19.302888870239258","19.302888870239258","14623","14623","14623"
"146269","21.694534301757812","21.694534301757812","21.694534301757812","14626","14626","14626"
"146299","17.484935760498047","17.484935760498047","17.484935760498047","14629","14629","14629"
"146309","26.574966430664062","26.574966430664062","26.574966430664062","14630","14630","14630"
"146319","18.42828941345215","18.42828941345215","18.42828941345215","14631","14631","14631"
"146349","22.331928253173828","22.331928253173828","22.331928253173828","14634","14634","14634"
"146369","20.36557960510254","20.36557960510254","20.36557960510254","14636","14636","14636"
"146389","24.84843635559082","24.84843635559082","24.84843635559082","14638","14638","14638"
"146399","23.98432731628418","23.98432731628418","23.98432731628418","14639","14639","14639"
"146409","21.055543899536133","21.055543899536133","21.055543899536133","14640","14640","14640"
"146429","25.376367568969727","25.376367568969727","25.376367568969727","14642","14642","14642"
"146459","19.44917106628418","19.44917106628418","19.44917106628418","14645","14645","14645"
"146469","20.362136840820312","20.362136840820312","20.362136840820312","14646","14646","14646"
"146529","20.845809936523438","20.845809936523438","20.845809936523438","14652","14652","14652"
"146539","19.97718048095703","19.97718048095703","19.97718048095703","14653","14653","14653"
"146549","24.122116088867188","24.122116088867188","24.122116088867188","14654","14654","14654"
"146559","18.38906478881836","18.38906478881836","18.38906478881836","14655","14655","14655"
"146609","17.647987365722656","17.647987365722656","17.647987365722656","14660","14660","14660"
"146639","19.75941276550293","19.75941276550293","19.75941276550293","14663","14663","14663"
"146659","23.36489486694336","23.36489486694336","23.36489486694336","14665","14665","14665"
"146679","20.91820526123047","20.91820526123047","20.91820526123047","14667","14667","14667"
"146719","23.62555694580078","23.62555694580078","23.62555694580078","14671","14671","14671"
"146729","22.263975143432617","22.263975143432617","22.263975143432617","14672","14672","14672"
"146759","25.401567459106445","25.401567459106445","25.401567459106445","14675","14675","14675"
"146779","21.15093421936035","21.15093421936035","21.15093421936035","14677","14677","14677"
"146789","25.80734634399414","25.80734634399414","25.80734634399414","14678","14678","14678"
"146809","21.792558670043945","21.792558670043945","21.792558670043945","14680","14680","14680"
"146829","25.864049911499023","25.864049911499023","25.864049911499023","14682","14682","14682"
"146849","24.503084182739258","24.503084182739258","24.503084182739258","14684","14684","14684"
"146859","19.500011444091797","19.500011444091797","19.500011444091797","14685","14685","14685"
"146879","22.846416473388672","22.846416473388672","22.846416473388672","14687","14687","14687"
"146889","21.022632598876953","21.022632598876953","21.022632598876953","14688","14688","14688"
"146899","25.5052490234375","25.5052490234375","25.5052490234375","14689","14689","14689"
"146909","17.55841827392578","17.55841827392578","17.55841827392578","14690","14690","14690"
"146929","18.533504486083984","18.533504486083984","18.533504486083984","14692","14692","14692"
"146939","20.541820526123047","20.541820526123047","20.541820526123047","14693","14693","14693"
"146959","23.941652297973633","23.941652297973633","23.941652297973633","14695","14695","14695"
"146979","19.270395278930664","19.270395278930664","19.270395278930664","14697","14697","14697"
"146989","20.817594528198242","20.817594528198242","20.817594528198242","14698","14698","14698"
"146999","20.55698585510254","20.55698585510254","20.55698585510254","14699","14699","14699"
"147059","25.2462100982666","25.2462100982666","25.2462100982666","14705","14705","14705"
"147089","19.68007469177246","19.68007469177246","19.68007469177246","14708","14708","14708"
"147099","24.908340454101562","24.908340454101562","24.908340454101562","14709","14709","14709"
"147109","19.170955657958984","19.170955657958984","19.170955657958984","14710","14710","14710"
"147139","14.142431259155273","14.142431259155273","14.142431259155273","14713","14713","14713"
"147159","22.525455474853516","22.525455474853516","22.525455474853516","14715","14715","14715"
"147179","28.81492042541504","28.81492042541504","28.81492042541504","14717","14717","14717"
"147189","20.071300506591797","20.071300506591797","20.071300506591797","14718","14718","14718"
"147219","26.113628387451172","26.113628387451172","26.113628387451172","14721","14721","14721"
"147229","20.30626678466797","20.30626678466797","20.30626678466797","14722","14722","14722"
"147239","23.39373016357422","23.39373016357422","23.39373016357422","14723","14723","14723"
"147249","19.145383834838867","19.145383834838867","19.145383834838867","14724","14724","14724"
"147269","22.630958557128906","22.630958557128906","22.630958557128906","14726","14726","14726"
"147339","21.66897201538086","21.66897201538086","21.66897201538086","14733","14733","14733"
"147359","22.2681827545166","22.2681827545166","22.2681827545166","14735","14735","14735"
"147369","18.706541061401367","18.706541061401367","18.706541061401367","14736","14736","14736"
"147379","23.060993194580078","23.060993194580078","23.060993194580078","14737","14737","14737"
"147409","17.998271942138672","17.998271942138672","17.998271942138672","14740","14740","14740"
"147429","22.06915283203125","22.06915283203125","22.06915283203125","14742","14742","14742"
"147439","20.776798248291016","20.776798248291016","20.776798248291016","14743","14743","14743"
"147469","23.155916213989258","23.155916213989258","23.155916213989258","14746","14746","14746"
"147479","26.7603702545166","26.7603702545166","26.7603702545166","14747","14747","14747"
"147499","23.00741958618164","23.00741958618164","23.00741958618164","14749","14749","14749"
"147529","23.816272735595703","23.816272735595703","23.816272735595703","14752","14752","14752"
"147539","20.708728790283203","20.708728790283203","20.708728790283203","14753","14753","14753"
"147569","18.691513061523438","18.691513061523438","18.691513061523438","14756","14756","14756"
"147579","31.365068435668945","31.365068435668945","31.365068435668945","14757","14757","14757"
"147629","18.40039825439453","18.40039825439453","18.40039825439453","14762","14762","14762"
"147639","22.206892013549805","22.206892013549805","22.206892013549805","14763","14763","14763"
"147719","17.191301345825195","17.191301345825195","17.191301345825195","14771","14771","14771"
"147769","23.883159637451172","23.883159637451172","23.883159637451172","14776","14776","14776"
"147779","23.01266860961914","23.01266860961914","23.01266860961914","14777","14777","14777"
"147789","24.206592559814453","24.206592559814453","24.206592559814453","14778","14778","14778"
"147809","20.580245971679688","20.580245971679688","20.580245971679688","14780","14780","14780"
"147819","22.678495407104492","22.678495407104492","22.678495407104492","14781","14781","14781"
"147829","19.887123107910156","19.887123107910156","19.887123107910156","14782","14782","14782"
"147849","20.375354766845703","20.375354766845703","20.375354766845703","14784","14784","14784"
"147869","22.998292922973633","22.998292922973633","22.998292922973633","14786","14786","14786"
"147879","23.967544555664062","23.967544555664062","23.967544555664062","14787","14787","14787"
"147889","23.795076370239258","23.795076370239258","23.795076370239258","14788","14788","14788"
"147929","22.925949096679688","22.925949096679688","22.925949096679688","14792","14792","14792"
"147979","24.36190414428711","24.36190414428711","24.36190414428711","14797","14797","14797"
"147989","28.683574676513672","28.683574676513672","28.683574676513672","14798","14798","14798"
"148009","19.25990867614746","19.25990867614746","19.25990867614746","14800","14800","14800"
"148049","18.740861892700195","18.740861892700195","18.740861892700195","14804","14804","14804"
"148059","19.837379455566406","19.837379455566406","19.837379455566406","14805","14805","14805"
"148099","21.881229400634766","21.881229400634766","21.881229400634766","14809","14809","14809"
"148149","23.058740615844727","23.058740615844727","23.058740615844727","14814","14814","14814"
"148169","24.05636215209961","24.05636215209961","24.05636215209961","14816","14816","14816"
"148229","24.563751220703125","24.563751220703125","24.563751220703125","14822","14822","14822"
"148259","20.483749389648438","20.483749389648438","20.483749389648438","14825","14825","14825"
"148269","17.813467025756836","17.813467025756836","17.813467025756836","14826","14826","14826"
"148279","22.36338996887207","22.36338996887207","22.36338996887207","14827","14827","14827"
"148309","19.504627227783203","19.504627227783203","19.504627227783203","14830","14830","14830"
"148409","25.035991668701172","25.035991668701172","25.035991668701172","14840","14840","14840"
"148419","20.556493759155273","20.556493759155273","20.556493759155273","14841","14841","14841"
"148429","20.664587020874023","20.664587020874023","20.664587020874023","14842","14842","14842"
"148439","22.210918426513672","22.210918426513672","22.210918426513672","14843","14843","14843"
"148449","19.807836532592773","19.807836532592773","19.807836532592773","14844","14844","14844"
"148489","21.38884735107422","21.38884735107422","21.38884735107422","14848","14848","14848"
"148499","19.828662872314453","19.828662872314453","19.828662872314453","14849","14849","14849"
"148519","22.698835372924805","22.698835372924805","22.698835372924805","14851","14851","14851"
"148619","21.70227813720703","21.70227813720703","21.70227813720703","14861","14861","14861"
"148639","24.21267318725586","24.21267318725586","24.21267318725586","14863","14863","14863"
"148669","20.245338439941406","20.245338439941406","20.245338439941406","14866","14866","14866"
"148679","19.13296127319336","19.13296127319336","19.13296127319336","14867","14867","14867"
"148699","24.206714630126953","24.206714630126953","24.206714630126953","14869","14869","14869"
"148709","23.771095275878906","23.771095275878906","23.771095275878906","14870","14870","14870"
"148719","27.29867172241211","27.29867172241211","27.29867172241211","14871","14871","14871"
"148729","19.044654846191406","19.044654846191406","19.044654846191406","14872","14872","14872"
"148749","16.43742561340332","16.43742561340332","16.43742561340332","14874","14874","14874"
"148759","20.52767562866211","20.52767562866211","20.52767562866211","14875","14875","14875"
"148769","19.022705078125","19.022705078125","19.022705078125","14876","14876","14876"
"148789","18.69773292541504","18.69773292541504","18.69773292541504","14878","14878","14878"
"148809","20.899280548095703","20.899280548095703","20.899280548095703","14880","14880","14880"
"148839","20.06479835510254","20.06479835510254","20.06479835510254","14883","14883","14883"
"148849","29.476959228515625","29.476959228515625","29.476959228515625","14884","14884","14884"
"148869","21.971588134765625","21.971588134765625","21.971588134765625","14886","14886","14886"
"148889","25.91730308532715","25.91730308532715","25.91730308532715","14888","14888","14888"
"148919","19.575807571411133","19.575807571411133","19.575807571411133","14891","14891","14891"
"148939","16.990020751953125","16.990020751953125","16.990020751953125","14893","14893","14893"
"148949","19.54839324951172","19.54839324951172","19.54839324951172","14894","14894","14894"
"148959","20.32322120666504","20.32322120666504","20.32322120666504","14895","14895","14895"
"148979","20.705577850341797","20.705577850341797","20.705577850341797","14897","14897","14897"
"148989","19.254894256591797","19.254894256591797","19.254894256591797","14898","14898","14898"
"148999","20.462438583374023","20.462438583374023","20.462438583374023","14899","14899","14899"
"149029","24.398548126220703","24.398548126220703","24.398548126220703","14902","14902","14902"
"149049","21.550649642944336","21.550649642944336","21.550649642944336","14904","14904","14904"
"149059","18.056461334228516","18.056461334228516","18.056461334228516","14905","14905","14905"
"149069","20.20736312866211","20.20736312866211","20.20736312866211","14906","14906","14906"
"149079","28.186901092529297","28.186901092529297","28.186901092529297","14907","14907","14907"
"149089","22.387535095214844","22.387535095214844","22.387535095214844","14908","14908","14908"
"149099","22.577983856201172","22.577983856201172","22.577983856201172","14909","14909","14909"
"149119","21.77786636352539","21.77786636352539","21.77786636352539","14911","14911","14911"
"149149","21.977731704711914","21.977731704711914","21.977731704711914","14914","14914","14914"
"149169","18.848430633544922","18.848430633544922","18.848430633544922","14916","14916","14916"
"149189","18.603485107421875","18.603485107421875","18.603485107421875","14918","14918","14918"
"149219","21.747690200805664","21.747690200805664","21.747690200805664","14921","14921","14921"
"149249","22.344711303710938","22.344711303710938","22.344711303710938","14924","14924","14924"
"149289","22.592622756958008","22.592622756958008","22.592622756958008","14928","14928","14928"
"149319","26.137168884277344","26.137168884277344","26.137168884277344","14931","14931","14931"
"149329","25.43387794494629","25.43387794494629","25.43387794494629","14932","14932","14932"
"149349","22.245044708251953","22.245044708251953","22.245044708251953","14934","14934","14934"
"149379","17.725515365600586","17.725515365600586","17.725515365600586","14937","14937","14937"
"149399","22.34344482421875","22.34344482421875","22.34344482421875","14939","14939","14939"
"149419","18.809343338012695","18.809343338012695","18.809343338012695","14941","14941","14941"
"149449","32.08594512939453","32.08594512939453","32.08594512939453","14944","14944","14944"
"149489","25.473373413085938","25.473373413085938","25.473373413085938","14948","14948","14948"
"149549","20.437501907348633","20.437501907348633","20.437501907348633","14954","14954","14954"
"149559","22.871952056884766","22.871952056884766","22.871952056884766","14955","14955","14955"
"149569","19.457252502441406","19.457252502441406","19.457252502441406","14956","14956","14956"
"149599","23.723373413085938","23.723373413085938","23.723373413085938","14959","14959","14959"
"149629","24.63127899169922","24.63127899169922","24.63127899169922","14962","14962","14962"
"149679","21.092222213745117","21.092222213745117","21.092222213745117","14967","14967","14967"
"149759","24.335330963134766","24.335330963134766","24.335330963134766","14975","14975","14975"
"149779","21.28162384033203","21.28162384033203","21.28162384033203","14977","14977","14977"
"149809","19.40411949157715","19.40411949157715","19.40411949157715","14980","14980","14980"
"149829","23.216651916503906","23.216651916503906","23.216651916503906","14982","14982","14982"
"149839","25.09907341003418","25.09907341003418","25.09907341003418","14983","14983","14983"
"149849","18.26153564453125","18.26153564453125","18.26153564453125","14984","14984","14984"
"149859","19.54183006286621","19.54183006286621","19.54183006286621","14985","14985","14985"
"149869","21.25760269165039","21.25760269165039","21.25760269165039","14986","14986","14986"
"149889","22.78046417236328","22.78046417236328","22.78046417236328","14988","14988","14988"
"149909","40.83362579345703","40.83362579345703","40.83362579345703","14990","14990","14990"
"149919","25.962928771972656","25.962928771972656","25.962928771972656","14991","14991","14991"
"149959","22.209705352783203","22.209705352783203","22.209705352783203","14995","14995","14995"
"150029","18.966989517211914","18.966989517211914","18.966989517211914","15002","15002","15002"
"150039","16.82097625732422","16.82097625732422","16.82097625732422","15003","15003","15003"
"150049","23.154726028442383","23.154726028442383","23.154726028442383","15004","15004","15004"
"150069","23.932960510253906","23.932960510253906","23.932960510253906","15006","15006","15006"
"150079","20.383792877197266","20.383792877197266","20.383792877197266","15007","15007","15007"
"150119","19.331192016601562","19.331192016601562","19.331192016601562","15011","15011","15011"
"150139","26.128616333007812","26.128616333007812","26.128616333007812","15013","15013","15013"
"150169","19.92304801940918","19.92304801940918","19.92304801940918","15016","15016","15016"
"150199","25.83318328857422","25.83318328857422","25.83318328857422","15019","15019","15019"
"150209","21.930885314941406","21.930885314941406","21.930885314941406","15020","15020","15020"
"150269","23.219417572021484","23.219417572021484","23.219417572021484","15026","15026","15026"
"150279","20.43597412109375","20.43597412109375","20.43597412109375","15027","15027","15027"
"150299","25.154762268066406","25.154762268066406","25.154762268066406","15029","15029","15029"
"150329","21.816410064697266","21.816410064697266","21.816410064697266","15032","15032","15032"
"150339","24.261327743530273","24.261327743530273","24.261327743530273","15033","15033","15033"
"150369","24.51982307434082","24.51982307434082","24.51982307434082","15036","15036","15036"
"150409","20.77706527709961","20.77706527709961","20.77706527709961","15040","15040","15040"
"150419","24.614288330078125","24.614288330078125","24.614288330078125","15041","15041","15041"
"150429","17.42144012451172","17.42144012451172","17.42144012451172","15042","15042","15042"
"150439","23.4644718170166","23.4644718170166","23.4644718170166","15043","15043","15043"
"150479","23.491912841796875","23.491912841796875","23.491912841796875","15047","15047","15047"
"150509","22.53229331970215","22.53229331970215","22.53229331970215","15050","15050","15050"
"150549","24.60521697998047","24.60521697998047","24.60521697998047","15054","15054","15054"
"150559","18.39821434020996","18.39821434020996","18.39821434020996","15055","15055","15055"
"150599","21.573638916015625","21.573638916015625","21.573638916015625","15059","15059","15059"
"150639","18.451948165893555","18.451948165893555","18.451948165893555","15063","15063","15063"
"150659","16.639942169189453","16.639942169189453","16.639942169189453","15065","15065","15065"
"150709","23.09313201904297","23.09313201904297","23.09313201904297","15070","15070","15070"
"150769","18.668418884277344","18.668418884277344","18.668418884277344","15076","15076","15076"
"150779","23.659509658813477","23.659509658813477","23.659509658813477","15077","15077","15077"
"150839","24.52646255493164","24.52646255493164","24.52646255493164","15083","15083","15083"
"150859","22.068050384521484","22.068050384521484","22.068050384521484","15085","15085","15085"
"150879","16.262531280517578","16.262531280517578","16.262531280517578","15087","15087","15087"
"150889","19.29266929626465","19.29266929626465","19.29266929626465","15088","15088","15088"
"150909","29.00739860534668","29.00739860534668","29.00739860534668","15090","15090","15090"
"150919","18.166309356689453","18.166309356689453","18.166309356689453","15091","15091","15091"
"150969","22.270334243774414","22.270334243774414","22.270334243774414","15096","15096","15096"
"150989","20.89051055908203","20.89051055908203","20.89051055908203","15098","15098","15098"
"150999","18.866039276123047","18.866039276123047","18.866039276123047","15099","15099","15099"
"151009","23.239154815673828","23.239154815673828","23.239154815673828","15100","15100","15100"
"151079","19.296720504760742","19.296720504760742","19.296720504760742","15107","15107","15107"
"151099","20.261640548706055","20.261640548706055","20.261640548706055","15109","15109","15109"
"151109","21.828235626220703","21.828235626220703","21.828235626220703","15110","15110","15110"
"151139","23.120994567871094","23.120994567871094","23.120994567871094","15113","15113","15113"
"151179","21.38433074951172","21.38433074951172","21.38433074951172","15117","15117","15117"
"151199","24.5045166015625","24.5045166015625","24.5045166015625","15119","15119","15119"
"151229","22.138442993164062","22.138442993164062","22.138442993164062","15122","15122","15122"
"151239","24.284238815307617","24.284238815307617","24.284238815307617","15123","15123","15123"
"151299","23.206172943115234","23.206172943115234","23.206172943115234","15129","15129","15129"
"151319","27.654590606689453","27.654590606689453","27.654590606689453","15131","15131","15131"
"151369","22.70134925842285","22.70134925842285","22.70134925842285","15136","15136","15136"
"151379","24.048763275146484","24.048763275146484","24.048763275146484","15137","15137","15137"
"151399","23.415531158447266","23.415531158447266","23.415531158447266","15139","15139","15139"
"151419","19.604692459106445","19.604692459106445","19.604692459106445","15141","15141","15141"
"151459","19.41548728942871","19.41548728942871","19.41548728942871","15145","15145","15145"
"151469","23.143970489501953","23.143970489501953","23.143970489501953","15146","15146","15146"
"151489","20.343976974487305","20.343976974487305","20.343976974487305","15148","15148","15148"
"151499","21.551742553710938","21.551742553710938","21.551742553710938","15149","15149","15149"
"151509","19.67418670654297","19.67418670654297","19.67418670654297","15150","15150","15150"
"151519","20.877830505371094","20.877830505371094","20.877830505371094","15151","15151","15151"
"151539","18.83812713623047","18.83812713623047","18.83812713623047","15153","15153","15153"
"151549","18.13848114013672","18.13848114013672","18.13848114013672","15154","15154","15154"
"151569","19.764202117919922","19.764202117919922","19.764202117919922","15156","15156","15156"
"151579","23.832021713256836","23.832021713256836","23.832021713256836","15157","15157","15157"
"151589","25.096479415893555","25.096479415893555","25.096479415893555","15158","15158","15158"
"151619","22.553970336914062","22.553970336914062","22.553970336914062","15161","15161","15161"
"151649","22.110286712646484","22.110286712646484","22.110286712646484","15164","15164","15164"
"151659","17.211463928222656","17.211463928222656","17.211463928222656","15165","15165","15165"
"151689","19.472366333007812","19.472366333007812","19.472366333007812","15168","15168","15168"
"151729","19.46516990661621","19.46516990661621","19.46516990661621","15172","15172","15172"
"151749","21.423471450805664","21.423471450805664","21.423471450805664","15174","15174","15174"
"151769","23.189910888671875","23.189910888671875","23.189910888671875","15176","15176","15176"
"151789","19.911603927612305","19.911603927612305","19.911603927612305","15178","15178","15178"
"151819","20.355663299560547","20.355663299560547","20.355663299560547","15181","15181","15181"
"151829","21.414405822753906","21.414405822753906","21.414405822753906","15182","15182","15182"
"151839","22.01245880126953","22.01245880126953","22.01245880126953","15183","15183","15183"
"151859","21.176891326904297","21.176891326904297","21.176891326904297","15185","15185","15185"
"151869","20.845783233642578","20.845783233642578","20.845783233642578","15186","15186","15186"
"151899","17.557294845581055","17.557294845581055","17.557294845581055","15189","15189","15189"
"151919","22.37486457824707","22.37486457824707","22.37486457824707","15191","15191","15191"
"151949","20.20052719116211","20.20052719116211","20.20052719116211","15194","15194","15194"
"151979","18.37874984741211","18.37874984741211","18.37874984741211","15197","15197","15197"
"152059","19.606914520263672","19.606914520263672","19.606914520263672","15205","15205","15205"
"152069","20.402915954589844","20.402915954589844","20.402915954589844","15206","15206","15206"
"152079","22.446949005126953","22.446949005126953","22.446949005126953","15207","15207","15207"
"152189","22.45838737487793","22.45838737487793","22.45838737487793","15218","15218","15218"
"152229","24.93678855895996","24.93678855895996","24.93678855895996","15222","15222","15222"
"152259","24.110977172851562","24.110977172851562","24.110977172851562","15225","15225","15225"
"152269","24.342348098754883","24.342348098754883","24.342348098754883","15226","15226","15226"
"152279","21.649532318115234","21.649532318115234","21.649532318115234","15227","15227","15227"
"152299","25.885568618774414","25.885568618774414","25.885568618774414","15229","15229","15229"
"152329","16.600305557250977","16.600305557250977","16.600305557250977","15232","15232","15232"
"152339","19.40804672241211","19.40804672241211","19.40804672241211","15233","15233","15233"
"152349","20.44607925415039","20.44607925415039","20.44607925415039","15234","15234","15234"
"152359","21.411577224731445","21.411577224731445","21.411577224731445","15235","15235","15235"
"152389","19.931106567382812","19.931106567382812","19.931106567382812","15238","15238","15238"
"152399","24.242870330810547","24.242870330810547","24.242870330810547","15239","15239","15239"
"152409","19.3371639251709","19.3371639251709","19.3371639251709","15240","15240","15240"
"152429","19.561573028564453","19.561573028564453","19.561573028564453","15242","15242","15242"
"152449","25.9490966796875","25.9490966796875","25.9490966796875","15244","15244","15244"
"152489","25.244131088256836","25.244131088256836","25.244131088256836","15248","15248","15248"
"152529","23.59520149230957","23.59520149230957","23.59520149230957","15252","15252","15252"
"152609","35.15784454345703","35.15784454345703","35.15784454345703","15260","15260","15260"
"152679","23.086198806762695","23.086198806762695","23.086198806762695","15267","15267","15267"
"152829","19.868764877319336","19.868764877319336","19.868764877319336","15282","15282","15282"
"152849","22.115140914916992","22.115140914916992","22.115140914916992","15284","15284","15284"
"152859","24.952110290527344","24.952110290527344","24.952110290527344","15285","15285","15285"
"152899","24.976947784423828","24.976947784423828","24.976947784423828","15289","15289","15289"
"152939","21.963144302368164","21.963144302368164","21.963144302368164","15293","15293","15293"
"152959","18.521114349365234","18.521114349365234","18.521114349365234","15295","15295","15295"
"152979","18.213985443115234","18.213985443115234","18.213985443115234","15297","15297","15297"
"153029","24.11240577697754","24.11240577697754","24.11240577697754","15302","15302","15302"
"153039","22.29009246826172","22.29009246826172","22.29009246826172","15303","15303","15303"
"153069","19.508636474609375","19.508636474609375","19.508636474609375","15306","15306","15306"
"153079","19.771364212036133","19.771364212036133","19.771364212036133","15307","15307","15307"
"153099","23.34393882751465","23.34393882751465","23.34393882751465","15309","15309","15309"
"153109","19.037734985351562","19.037734985351562","19.037734985351562","15310","15310","15310"
"153139","23.65283203125","23.65283203125","23.65283203125","15313","15313","15313"
"153159","21.78097152709961","21.78097152709961","21.78097152709961","15315","15315","15315"
"153179","19.222332000732422","19.222332000732422","19.222332000732422","15317","15317","15317"
"153199","22.96404266357422","22.96404266357422","22.96404266357422","15319","15319","15319"
"153229","24.173532485961914","24.173532485961914","24.173532485961914","15322","15322","15322"
"153239","20.56646728515625","20.56646728515625","20.56646728515625","15323","15323","15323"
"153259","24.83808135986328","24.83808135986328","24.83808135986328","15325","15325","15325"
"153269","23.29174041748047","23.29174041748047","23.29174041748047","15326","15326","15326"
"153279","23.730327606201172","23.730327606201172","23.730327606201172","15327","15327","15327"
"153299","21.236494064331055","21.236494064331055","21.236494064331055","15329","15329","15329"
"153329","22.298866271972656","22.298866271972656","22.298866271972656","15332","15332","15332"
"153359","23.593006134033203","23.593006134033203","23.593006134033203","15335","15335","15335"
"153389","20.14055633544922","20.14055633544922","20.14055633544922","15338","15338","15338"
"153419","25.340789794921875","25.340789794921875","25.340789794921875","15341","15341","15341"
"153469","26.56059455871582","26.56059455871582","26.56059455871582","15346","15346","15346"
"153499","22.446395874023438","22.446395874023438","22.446395874023438","15349","15349","15349"
"153509","24.838916778564453","24.838916778564453","24.838916778564453","15350","15350","15350"
"153539","24.108348846435547","24.108348846435547","24.108348846435547","15353","15353","15353"
"153549","19.916717529296875","19.916717529296875","19.916717529296875","15354","15354","15354"
"153629","21.045921325683594","21.045921325683594","21.045921325683594","15362","15362","15362"
"153659","25.67894744873047","25.67894744873047","25.67894744873047","15365","15365","15365"
"153669","25.797346115112305","25.797346115112305","25.797346115112305","15366","15366","15366"
"153699","21.600553512573242","21.600553512573242","21.600553512573242","15369","15369","15369"
"153739","22.385833740234375","22.385833740234375","22.385833740234375","15373","15373","15373"
"153759","18.917034149169922","18.917034149169922","18.917034149169922","15375","15375","15375"
"153779","28.59864044189453","28.59864044189453","28.59864044189453","15377","15377","15377"
"153819","21.393104553222656","21.393104553222656","21.393104553222656","15381","15381","15381"
"153839","21.780296325683594","21.780296325683594","21.780296325683594","15383","15383","15383"
"153849","20.443382263183594","20.443382263183594","20.443382263183594","15384","15384","15384"
"153859","24.832225799560547","24.832225799560547","24.832225799560547","15385","15385","15385"
"153899","40.21690368652344","40.21690368652344","40.21690368652344","15389","15389","15389"
"153929","21.829151153564453","21.829151153564453","21.829151153564453","15392","15392","15392"
"154009","21.92681312561035","21.92681312561035","21.92681312561035","15400","15400","15400"
"154049","26.37724494934082","26.37724494934082","26.37724494934082","15404","15404","15404"
"154069","23.77082633972168","23.77082633972168","23.77082633972168","15406","15406","15406"
"154079","18.28525733947754","18.28525733947754","18.28525733947754","15407","15407","15407"
"154099","22.04070472717285","22.04070472717285","22.04070472717285","15409","15409","15409"
"154109","22.578903198242188","22.578903198242188","22.578903198242188","15410","15410","15410"
"154169","29.938255310058594","29.938255310058594","29.938255310058594","15416","15416","15416"
"154179","16.646867752075195","16.646867752075195","16.646867752075195","15417","15417","15417"
"154219","24.32381820678711","24.32381820678711","24.32381820678711","15421","15421","15421"
"154229","17.85353660583496","17.85353660583496","17.85353660583496","15422","15422","15422"
"154239","21.542484283447266","21.542484283447266","21.542484283447266","15423","15423","15423"
"154289","20.629173278808594","20.629173278808594","20.629173278808594","15428","15428","15428"
"154309","18.807552337646484","18.807552337646484","18.807552337646484","15430","15430","15430"
"154319","22.18890380859375","22.18890380859375","22.18890380859375","15431","15431","15431"
"154339","23.725479125976562","23.725479125976562","23.725479125976562","15433","15433","15433"
"154349","19.684139251708984","19.684139251708984","19.684139251708984","15434","15434","15434"
"154389","32.02534866333008","32.02534866333008","32.02534866333008","15438","15438","15438"
"154419","18.676193237304688","18.676193237304688","18.676193237304688","15441","15441","15441"
"154439","24.849138259887695","24.849138259887695","24.849138259887695","15443","15443","15443"
"154449","18.796833038330078","18.796833038330078","18.796833038330078","15444","15444","15444"
"154459","18.346088409423828","18.346088409423828","18.346088409423828","15445","15445","15445"
"154469","20.193984985351562","20.193984985351562","20.193984985351562","15446","15446","15446"
"154489","20.37445640563965","20.37445640563965","20.37445640563965","15448","15448","15448"
"154509","20.364879608154297","20.364879608154297","20.364879608154297","15450","15450","15450"
"154549","24.15943145751953","24.15943145751953","24.15943145751953","15454","15454","15454"
"154559","22.278804779052734","22.278804779052734","22.278804779052734","15455","15455","15455"
"154589","19.482168197631836","19.482168197631836","19.482168197631836","15458","15458","15458"
"154599","19.221515655517578","19.221515655517578","19.221515655517578","15459","15459","15459"
"154629","19.051944732666016","19.051944732666016","19.051944732666016","15462","15462","15462"
"154649","22.529722213745117","22.529722213745117","22.529722213745117","15464","15464","15464"
"154679","19.672773361206055","19.672773361206055","19.672773361206055","15467","15467","15467"
"154689","20.03981590270996","20.03981590270996","20.03981590270996","15468","15468","15468"
"154699","19.391828536987305","19.391828536987305","19.391828536987305","15469","15469","15469"
"154719","21.494991302490234","21.494991302490234","21.494991302490234","15471","15471","15471"
"154729","24.410396575927734","24.410396575927734","24.410396575927734","15472","15472","15472"
"154749","17.047420501708984","17.047420501708984","17.047420501708984","15474","15474","15474"
"154759","20.696805953979492","20.696805953979492","20.696805953979492","15475","15475","15475"
"154769","18.1094970703125","18.1094970703125","18.1094970703125","15476","15476","15476"
"154789","26.4360408782959","26.4360408782959","26.4360408782959","15478","15478","15478"
"154819","22.15544319152832","22.15544319152832","22.15544319152832","15481","15481","15481"
"154869","18.429628372192383","18.429628372192383","18.429628372192383","15486","15486","15486"
"154879","21.550662994384766","21.550662994384766","21.550662994384766","15487","15487","15487"
"154909","17.370445251464844","17.370445251464844","17.370445251464844","15490","15490","15490"
"154919","21.689067840576172","21.689067840576172","21.689067840576172","15491","15491","15491"
"154979","23.22435760498047","23.22435760498047","23.22435760498047","15497","15497","15497"
"155029","20.388898849487305","20.388898849487305","20.388898849487305","15502","15502","15502"
"155049","18.835878372192383","18.835878372192383","18.835878372192383","15504","15504","15504"
"155069","27.406494140625","27.406494140625","27.406494140625","15506","15506","15506"
"155089","20.663909912109375","20.663909912109375","20.663909912109375","15508","15508","15508"
"155109","18.299880981445312","18.299880981445312","18.299880981445312","15510","15510","15510"
"155129","22.489530563354492","22.489530563354492","22.489530563354492","15512","15512","15512"
"155169","20.6404972076416","20.6404972076416","20.6404972076416","15516","15516","15516"
"155209","19.95828628540039","19.95828628540039","19.95828628540039","15520","15520","15520"
"155219","22.936954498291016","22.936954498291016","22.936954498291016","15521","15521","15521"
"155239","26.280654907226562","26.280654907226562","26.280654907226562","15523","15523","15523"
"155259","19.490840911865234","19.490840911865234","19.490840911865234","15525","15525","15525"
"155309","21.13703155517578","21.13703155517578","21.13703155517578","15530","15530","15530"
"155359","19.897869110107422","19.897869110107422","19.897869110107422","15535","15535","15535"
"155369","22.927188873291016","22.927188873291016","22.927188873291016","15536","15536","15536"
"155459","20.20969009399414","20.20969009399414","20.20969009399414","15545","15545","15545"
"155469","20.18052101135254","20.18052101135254","20.18052101135254","15546","15546","15546"
"155479","21.56636619567871","21.56636619567871","21.56636619567871","15547","15547","15547"
"155499","18.18800163269043","18.18800163269043","18.18800163269043","15549","15549","15549"
"155509","23.429353713989258","23.429353713989258","23.429353713989258","15550","15550","15550"
"155519","25.168228149414062","25.168228149414062","25.168228149414062","15551","15551","15551"
"155529","20.305484771728516","20.305484771728516","20.305484771728516","15552","15552","15552"
"155589","18.1765079498291","18.1765079498291","18.1765079498291","15558","15558","15558"
"155599","22.20003318786621","22.20003318786621","22.20003318786621","15559","15559","15559"
"155639","23.519508361816406","23.519508361816406","23.519508361816406","15563","15563","15563"
"155649","20.17864990234375","20.17864990234375","20.17864990234375","15564","15564","15564"
"155669","25.401939392089844","25.401939392089844","25.401939392089844","15566","15566","15566"
"155679","22.516103744506836","22.516103744506836","22.516103744506836","15567","15567","15567"
"155709","22.032621383666992","22.032621383666992","22.032621383666992","15570","15570","15570"
"155739","16.7698974609375","16.7698974609375","16.7698974609375","15573","15573","15573"
"155769","21.529109954833984","21.529109954833984","21.529109954833984","15576","15576","15576"
"155779","17.540607452392578","17.540607452392578","17.540607452392578","15577","15577","15577"
"155819","19.529308319091797","19.529308319091797","19.529308319091797","15581","15581","15581"
"155839","19.08147621154785","19.08147621154785","19.08147621154785","15583","15583","15583"
"155859","20.47020721435547","20.47020721435547","20.47020721435547","15585","15585","15585"
"155869","22.869487762451172","22.869487762451172","22.869487762451172","15586","15586","15586"
"155939","18.97129249572754","18.97129249572754","18.97129249572754","15593","15593","15593"
"155949","26.221420288085938","26.221420288085938","26.221420288085938","15594","15594","15594"
"155969","27.43810272216797","27.43810272216797","27.43810272216797","15596","15596","15596"
"155999","24.377382278442383","24.377382278442383","24.377382278442383","15599","15599","15599"
"156049","28.613826751708984","28.613826751708984","28.613826751708984","15604","15604","15604"
"156059","22.11969757080078","22.11969757080078","22.11969757080078","15605","15605","15605"
"156069","26.50963592529297","26.50963592529297","26.50963592529297","15606","15606","15606"
"156129","19.807796478271484","19.807796478271484","19.807796478271484","15612","15612","15612"
"156159","18.54873275756836","18.54873275756836","18.54873275756836","15615","15615","15615"
"156199","26.53509521484375","26.53509521484375","26.53509521484375","15619","15619","15619"
"156209","22.618541717529297","22.618541717529297","22.618541717529297","15620","15620","15620"
"156289","25.797698974609375","25.797698974609375","25.797698974609375","15628","15628","15628"
"156309","21.209259033203125","21.209259033203125","21.209259033203125","15630","15630","15630"
"156369","22.500911712646484","22.500911712646484","22.500911712646484","15636","15636","15636"
"156389","26.39167022705078","26.39167022705078","26.39167022705078","15638","15638","15638"
"156409","22.619670867919922","22.619670867919922","22.619670867919922","15640","15640","15640"
"156429","21.415952682495117","21.415952682495117","21.415952682495117","15642","15642","15642"
"156439","24.420167922973633","24.420167922973633","24.420167922973633","15643","15643","15643"
"156449","27.114120483398438","27.114120483398438","27.114120483398438","15644","15644","15644"
"156459","26.865135192871094","26.865135192871094","26.865135192871094","15645","15645","15645"
"156469","19.645832061767578","19.645832061767578","19.645832061767578","15646","15646","15646"
"156559","19.89693260192871","19.89693260192871","19.89693260192871","15655","15655","15655"
"156569","22.364593505859375","22.364593505859375","22.364593505859375","15656","15656","15656"
"156579","20.950439453125","20.950439453125","20.950439453125","15657","15657","15657"
"156609","19.477712631225586","19.477712631225586","19.477712631225586","15660","15660","15660"
"156619","24.737953186035156","24.737953186035156","24.737953186035156","15661","15661","15661"
"156629","20.875213623046875","20.875213623046875","20.875213623046875","15662","15662","15662"
"156639","19.22924041748047","19.22924041748047","19.22924041748047","15663","15663","15663"
"156659","18.560794830322266","18.560794830322266","18.560794830322266","15665","15665","15665"
"156669","25.159391403198242","25.159391403198242","25.159391403198242","15666","15666","15666"
"156679","17.99236297607422","17.99236297607422","17.99236297607422","15667","15667","15667"
"156719","21.926488876342773","21.926488876342773","21.926488876342773","15671","15671","15671"
"156739","30.081396102905273","30.081396102905273","30.081396102905273","15673","15673","15673"
"156769","17.188262939453125","17.188262939453125","17.188262939453125","15676","15676","15676"
"156809","20.876590728759766","20.876590728759766","20.876590728759766","15680","15680","15680"
"156819","23.397262573242188","23.397262573242188","23.397262573242188","15681","15681","15681"
"156839","21.439542770385742","21.439542770385742","21.439542770385742","15683","15683","15683"
"156849","19.697229385375977","19.697229385375977","19.697229385375977","15684","15684","15684"
"156869","23.164710998535156","23.164710998535156","23.164710998535156","15686","15686","15686"
"156879","21.70103645324707","21.70103645324707","21.70103645324707","15687","15687","15687"
"156899","21.810569763183594","21.810569763183594","21.810569763183594","15689","15689","15689"
"156919","24.279329299926758","24.279329299926758","24.279329299926758","15691","15691","15691"
"156929","18.093019485473633","18.093019485473633","18.093019485473633","15692","15692","15692"
"156959","20.83719253540039","20.83719253540039","20.83719253540039","15695","15695","15695"
"156999","22.85650062561035","22.85650062561035","22.85650062561035","15699","15699","15699"
"157009","21.745203018188477","21.745203018188477","21.745203018188477","15700","15700","15700"
"157019","18.0379638671875","18.0379638671875","18.0379638671875","15701","15701","15701"
"157039","21.448469161987305","21.448469161987305","21.448469161987305","15703","15703","15703"
"157069","19.153182983398438","19.153182983398438","19.153182983398438","15706","15706","15706"
"157079","23.015026092529297","23.015026092529297","23.015026092529297","15707","15707","15707"
"157109","24.684066772460938","24.684066772460938","24.684066772460938","15710","15710","15710"
"157119","19.365283966064453","19.365283966064453","19.365283966064453","15711","15711","15711"
"157129","18.81867218017578","18.81867218017578","18.81867218017578","15712","15712","15712"
"157139","19.195388793945312","19.195388793945312","19.195388793945312","15713","15713","15713"
"157159","30.338470458984375","30.338470458984375","30.338470458984375","15715","15715","15715"
"157169","25.641416549682617","25.641416549682617","25.641416549682617","15716","15716","15716"
"157209","22.18120002746582","22.18120002746582","22.18120002746582","15720","15720","15720"
"157279","22.18215560913086","22.18215560913086","22.18215560913086","15727","15727","15727"
"157329","22.819490432739258","22.819490432739258","22.819490432739258","15732","15732","15732"
"157359","28.112804412841797","28.112804412841797","28.112804412841797","15735","15735","15735"
"157409","22.97825813293457","22.97825813293457","22.97825813293457","15740","15740","15740"
"157419","25.42025375366211","25.42025375366211","25.42025375366211","15741","15741","15741"
"157429","21.91685676574707","21.91685676574707","21.91685676574707","15742","15742","15742"
"157439","19.01746368408203","19.01746368408203","19.01746368408203","15743","15743","15743"
"157459","23.195945739746094","23.195945739746094","23.195945739746094","15745","15745","15745"
"157469","22.523143768310547","22.523143768310547","22.523143768310547","15746","15746","15746"
"157479","20.977554321289062","20.977554321289062","20.977554321289062","15747","15747","15747"
"157489","18.57791519165039","18.57791519165039","18.57791519165039","15748","15748","15748"
"157499","20.90196990966797","20.90196990966797","20.90196990966797","15749","15749","15749"
"157509","19.764787673950195","19.764787673950195","19.764787673950195","15750","15750","15750"
"157569","34.73242950439453","34.73242950439453","34.73242950439453","15756","15756","15756"
"157599","18.02385902404785","18.02385902404785","18.02385902404785","15759","15759","15759"
"157609","21.317241668701172","21.317241668701172","21.317241668701172","15760","15760","15760"
"157619","19.903404235839844","19.903404235839844","19.903404235839844","15761","15761","15761"
"157629","21.1586971282959","21.1586971282959","21.1586971282959","15762","15762","15762"
"157639","26.69947052001953","26.69947052001953","26.69947052001953","15763","15763","15763"
"157649","20.363265991210938","20.363265991210938","20.363265991210938","15764","15764","15764"
"157659","19.635805130004883","19.635805130004883","19.635805130004883","15765","15765","15765"
"157739","18.087730407714844","18.087730407714844","18.087730407714844","15773","15773","15773"
"157769","22.498504638671875","22.498504638671875","22.498504638671875","15776","15776","15776"
"157799","19.807796478271484","19.807796478271484","19.807796478271484","15779","15779","15779"
"157829","26.805768966674805","26.805768966674805","26.805768966674805","15782","15782","15782"
"157849","20.934104919433594","20.934104919433594","20.934104919433594","15784","15784","15784"
"157879","19.350788116455078","19.350788116455078","19.350788116455078","15787","15787","15787"
"157889","23.629169464111328","23.629169464111328","23.629169464111328","15788","15788","15788"
"157959","21.013671875","21.013671875","21.013671875","15795","15795","15795"
"157969","16.975345611572266","16.975345611572266","16.975345611572266","15796","15796","15796"
"157979","23.3339900970459","23.3339900970459","23.3339900970459","15797","15797","15797"
"157989","20.967872619628906","20.967872619628906","20.967872619628906","15798","15798","15798"
"157999","28.769575119018555","28.769575119018555","28.769575119018555","15799","15799","15799"
"158009","21.0357666015625","21.0357666015625","21.0357666015625","15800","15800","15800"
"158029","24.289199829101562","24.289199829101562","24.289199829101562","15802","15802","15802"
"158039","23.186025619506836","23.186025619506836","23.186025619506836","15803","15803","15803"
"158049","21.589651107788086","21.589651107788086","21.589651107788086","15804","15804","15804"
"158059","18.051729202270508","18.051729202270508","18.051729202270508","15805","15805","15805"
"158069","16.978727340698242","16.978727340698242","16.978727340698242","15806","15806","15806"
"158079","21.73369789123535","21.73369789123535","21.73369789123535","15807","15807","15807"
"158109","30.260356903076172","30.260356903076172","30.260356903076172","15810","15810","15810"
"158159","18.456562042236328","18.456562042236328","18.456562042236328","15815","15815","15815"
"158169","22.832712173461914","22.832712173461914","22.832712173461914","15816","15816","15816"
"158189","25.009286880493164","25.009286880493164","25.009286880493164","15818","15818","15818"
"158199","20.772048950195312","20.772048950195312","20.772048950195312","15819","15819","15819"
"158219","25.356456756591797","25.356456756591797","25.356456756591797","15821","15821","15821"
"158269","21.191572189331055","21.191572189331055","21.191572189331055","15826","15826","15826"
"158289","18.1626033782959","18.1626033782959","18.1626033782959","15828","15828","15828"
"158309","19.386919021606445","19.386919021606445","19.386919021606445","15830","15830","15830"
"158319","21.341537475585938","21.341537475585938","21.341537475585938","15831","15831","15831"
"158329","22.845491409301758","22.845491409301758","22.845491409301758","15832","15832","15832"
"158349","20.97929573059082","20.97929573059082","20.97929573059082","15834","15834","15834"
"158359","18.2264347076416","18.2264347076416","18.2264347076416","15835","15835","15835"
"158369","21.412673950195312","21.412673950195312","21.412673950195312","15836","15836","15836"
"158379","23.660839080810547","23.660839080810547","23.660839080810547","15837","15837","15837"
"158399","21.745372772216797","21.745372772216797","21.745372772216797","15839","15839","15839"
"158429","17.358272552490234","17.358272552490234","17.358272552490234","15842","15842","15842"
"158449","22.9182071685791","22.9182071685791","22.9182071685791","15844","15844","15844"
"158459","19.908220291137695","19.908220291137695","19.908220291137695","15845","15845","15845"
"158469","22.393239974975586","22.393239974975586","22.393239974975586","15846","15846","15846"
"158489","21.267911911010742","21.267911911010742","21.267911911010742","15848","15848","15848"
"158529","17.276885986328125","17.276885986328125","17.276885986328125","15852","15852","15852"
"158549","19.2467041015625","19.2467041015625","19.2467041015625","15854","15854","15854"
"158569","26.177766799926758","26.177766799926758","26.177766799926758","15856","15856","15856"
"158609","20.24144172668457","20.24144172668457","20.24144172668457","15860","15860","15860"
"158629","25.12234878540039","25.12234878540039","25.12234878540039","15862","15862","15862"
"158639","21.5893497467041","21.5893497467041","21.5893497467041","15863","15863","15863"
"158659","21.27370262145996","21.27370262145996","21.27370262145996","15865","15865","15865"
"158679","20.154735565185547","20.154735565185547","20.154735565185547","15867","15867","15867"
"158699","25.485692977905273","25.485692977905273","25.485692977905273","15869","15869","15869"
"158759","18.668603897094727","18.668603897094727","18.668603897094727","15875","15875","15875"
"158779","15.694828033447266","15.694828033447266","15.694828033447266","15877","15877","15877"
"158789","18.811649322509766","18.811649322509766","18.811649322509766","15878","15878","15878"
"158799","25.588354110717773","25.588354110717773","25.588354110717773","15879","15879","15879"
"158829","20.64777374267578","20.64777374267578","20.64777374267578","15882","15882","15882"
"158889","18.93398094177246","18.93398094177246","18.93398094177246","15888","15888","15888"
"158899","21.73008155822754","21.73008155822754","21.73008155822754","15889","15889","15889"
"158909","19.878374099731445","19.878374099731445","19.878374099731445","15890","15890","15890"
"158979","22.12057876586914","22.12057876586914","22.12057876586914","15897","15897","15897"
"158989","23.961132049560547","23.961132049560547","23.961132049560547","15898","15898","15898"
"158999","23.726932525634766","23.726932525634766","23.726932525634766","15899","15899","15899"
"159009","25.377172470092773","25.377172470092773","25.377172470092773","15900","15900","15900"
"159029","22.32284927368164","22.32284927368164","22.32284927368164","15902","15902","15902"
"159039","27.146297454833984","27.146297454833984","27.146297454833984","15903","15903","15903"
"159049","20.11724281311035","20.11724281311035","20.11724281311035","15904","15904","15904"
"159069","21.195301055908203","21.195301055908203","21.195301055908203","15906","15906","15906"
"159119","18.662702560424805","18.662702560424805","18.662702560424805","15911","15911","15911"
"159129","18.915491104125977","18.915491104125977","18.915491104125977","15912","15912","15912"
"159169","20.716062545776367","20.716062545776367","20.716062545776367","15916","15916","15916"
"159189","26.511844635009766","26.511844635009766","26.511844635009766","15918","15918","15918"
"159219","20.26485824584961","20.26485824584961","20.26485824584961","15921","15921","15921"
"159229","19.60411834716797","19.60411834716797","19.60411834716797","15922","15922","15922"
"159239","17.99368667602539","17.99368667602539","17.99368667602539","15923","15923","15923"
"159259","23.470375061035156","23.470375061035156","23.470375061035156","15925","15925","15925"
"159269","21.803909301757812","21.803909301757812","21.803909301757812","15926","15926","15926"
"159279","17.402084350585938","17.402084350585938","17.402084350585938","15927","15927","15927"
"159289","23.351665496826172","23.351665496826172","23.351665496826172","15928","15928","15928"
"159299","24.240554809570312","24.240554809570312","24.240554809570312","15929","15929","15929"
"159319","24.797340393066406","24.797340393066406","24.797340393066406","15931","15931","15931"
"159329","23.048250198364258","23.048250198364258","23.048250198364258","15932","15932","15932"
"159379","22.063875198364258","22.063875198364258","22.063875198364258","15937","15937","15937"
"159389","19.967914581298828","19.967914581298828","19.967914581298828","15938","15938","15938"
"159399","30.585636138916016","30.585636138916016","30.585636138916016","15939","15939","15939"
"159419","21.671873092651367","21.671873092651367","21.671873092651367","15941","15941","15941"
"159449","26.048316955566406","26.048316955566406","26.048316955566406","15944","15944","15944"
"159529","23.253849029541016","23.253849029541016","23.253849029541016","15952","15952","15952"
"159549","27.31460952758789","27.31460952758789","27.31460952758789","15954","15954","15954"
"159559","23.875831604003906","23.875831604003906","23.875831604003906","15955","15955","15955"
"159569","22.732452392578125","22.732452392578125","22.732452392578125","15956","15956","15956"
"159589","19.979293823242188","19.979293823242188","19.979293823242188","15958","15958","15958"
"159609","23.055532455444336","23.055532455444336","23.055532455444336","15960","15960","15960"
"159649","17.48949432373047","17.48949432373047","17.48949432373047","15964","15964","15964"
"159659","19.47728157043457","19.47728157043457","19.47728157043457","15965","15965","15965"
"159679","30.321165084838867","30.321165084838867","30.321165084838867","15967","15967","15967"
"159689","18.634775161743164","18.634775161743164","18.634775161743164","15968","15968","15968"
"159699","21.2277889251709","21.2277889251709","21.2277889251709","15969","15969","15969"
"159709","20.908851623535156","20.908851623535156","20.908851623535156","15970","15970","15970"
"159759","28.153579711914062","28.153579711914062","28.153579711914062","15975","15975","15975"
"159809","21.876724243164062","21.876724243164062","21.876724243164062","15980","15980","15980"
"159869","19.89546012878418","19.89546012878418","19.89546012878418","15986","15986","15986"
"159889","25.642112731933594","25.642112731933594","25.642112731933594","15988","15988","15988"
"159919","20.98827362060547","20.98827362060547","20.98827362060547","15991","15991","15991"
"159969","18.01110076904297","18.01110076904297","18.01110076904297","15996","15996","15996"
"159999","20.977622985839844","20.977622985839844","20.977622985839844","15999","15999","15999"
"160009","29.420833587646484","29.420833587646484","29.420833587646484","16000","16000","16000"
"160079","21.709264755249023","21.709264755249023","21.709264755249023","16007","16007","16007"
"160089","20.133543014526367","20.133543014526367","20.133543014526367","16008","16008","16008"
"160099","24.44192123413086","24.44192123413086","24.44192123413086","16009","16009","16009"
"160119","20.62070083618164","20.62070083618164","20.62070083618164","16011","16011","16011"
"160129","19.70122718811035","19.70122718811035","19.70122718811035","16012","16012","16012"
"160169","19.353116989135742","19.353116989135742","19.353116989135742","16016","16016","16016"
"160189","20.375286102294922","20.375286102294922","20.375286102294922","16018","16018","16018"
"160199","23.384517669677734","23.384517669677734","23.384517669677734","16019","16019","16019"
"160229","25.051868438720703","25.051868438720703","25.051868438720703","16022","16022","16022"
"160249","24.37152862548828","24.37152862548828","24.37152862548828","16024","16024","16024"
"160299","42.53046798706055","42.53046798706055","42.53046798706055","16029","16029","16029"
"160319","19.05412483215332","19.05412483215332","19.05412483215332","16031","16031","16031"
"160359","23.339405059814453","23.339405059814453","23.339405059814453","16035","16035","16035"
"160399","19.287036895751953","19.287036895751953","19.287036895751953","16039","16039","16039"
"160439","23.000167846679688","23.000167846679688","23.000167846679688","16043","16043","16043"
"160509","17.944643020629883","17.944643020629883","17.944643020629883","16050","16050","16050"
"160519","16.96491241455078","16.96491241455078","16.96491241455078","16051","16051","16051"
"160529","18.727312088012695","18.727312088012695","18.727312088012695","16052","16052","16052"
"160539","25.391908645629883","25.391908645629883","25.391908645629883","16053","16053","16053"
"160559","23.882442474365234","23.882442474365234","23.882442474365234","16055","16055","16055"
"160579","18.0761775970459","18.0761775970459","18.0761775970459","16057","16057","16057"
"160589","29.98430633544922","29.98430633544922","29.98430633544922","16058","16058","16058"
"160599","22.962400436401367","22.962400436401367","22.962400436401367","16059","16059","16059"
"160639","19.19333267211914","19.19333267211914","19.19333267211914","16063","16063","16063"
"160679","21.10152244567871","21.10152244567871","21.10152244567871","16067","16067","16067"
"160689","18.88504409790039","18.88504409790039","18.88504409790039","16068","16068","16068"
"160699","22.7117977142334","22.7117977142334","22.7117977142334","16069","16069","16069"
"160709","22.302732467651367","22.302732467651367","22.302732467651367","16070","16070","16070"
"160739","19.702770233154297","19.702770233154297","19.702770233154297","16073","16073","16073"
"160759","19.000926971435547","19.000926971435547","19.000926971435547","16075","16075","16075"
"160779","24.317428588867188","24.317428588867188","24.317428588867188","16077","16077","16077"
"160789","21.692956924438477","21.692956924438477","21.692956924438477","16078","16078","16078"
"160809","20.47943687438965","20.47943687438965","20.47943687438965","16080","16080","16080"
"160819","26.105173110961914","26.105173110961914","26.105173110961914","16081","16081","16081"
"160839","25.063600540161133","25.063600540161133","25.063600540161133","16083","16083","16083"
"160869","19.756607055664062","19.756607055664062","19.756607055664062","16086","16086","16086"
"160879","17.248268127441406","17.248268127441406","17.248268127441406","16087","16087","16087"
"160889","22.81778335571289","22.81778335571289","22.81778335571289","16088","16088","16088"
"160919","17.19824981689453","17.19824981689453","17.19824981689453","16091","16091","16091"
"160929","20.615673065185547","20.615673065185547","20.615673065185547","16092","16092","16092"
"160959","25.39160919189453","25.39160919189453","25.39160919189453","16095","16095","16095"
"160989","26.664194107055664","26.664194107055664","26.664194107055664","16098","16098","16098"
"161009","24.952966690063477","24.952966690063477","24.952966690063477","16100","16100","16100"
"161019","23.92438507080078","23.92438507080078","23.92438507080078","16101","16101","16101"
"161039","21.807308197021484","21.807308197021484","21.807308197021484","16103","16103","16103"
"161099","22.066024780273438","22.066024780273438","22.066024780273438","16109","16109","16109"
"161179","21.570302963256836","21.570302963256836","21.570302963256836","16117","16117","16117"
"161199","19.38399314880371","19.38399314880371","19.38399314880371","16119","16119","16119"
"161289","25.157623291015625","25.157623291015625","25.157623291015625","16128","16128","16128"
"161359","19.905548095703125","19.905548095703125","19.905548095703125","16135","16135","16135"
"161369","19.775718688964844","19.775718688964844","19.775718688964844","16136","16136","16136"
"161379","22.31996726989746","22.31996726989746","22.31996726989746","16137","16137","16137"
"161429","22.589120864868164","22.589120864868164","22.589120864868164","16142","16142","16142"
"161439","20.397708892822266","20.397708892822266","20.397708892822266","16143","16143","16143"
"161459","24.43573760986328","24.43573760986328","24.43573760986328","16145","16145","16145"
"161479","24.070741653442383","24.070741653442383","24.070741653442383","16147","16147","16147"
"161489","17.161165237426758","17.161165237426758","17.161165237426758","16148","16148","16148"
"161549","25.037860870361328","25.037860870361328","25.037860870361328","16154","16154","16154"
"161559","27.609630584716797","27.609630584716797","27.609630584716797","16155","16155","16155"
"161579","25.884342193603516","25.884342193603516","25.884342193603516","16157","16157","16157"
"161589","20.547992706298828","20.547992706298828","20.547992706298828","16158","16158","16158"
"161599","18.841707229614258","18.841707229614258","18.841707229614258","16159","16159","16159"
"161619","19.385988235473633","19.385988235473633","19.385988235473633","16161","16161","16161"
"161629","20.85393524169922","20.85393524169922","20.85393524169922","16162","16162","16162"
"161639","21.651214599609375","21.651214599609375","21.651214599609375","16163","16163","16163"
"161649","18.101036071777344","18.101036071777344","18.101036071777344","16164","16164","16164"
"161699","20.927610397338867","20.927610397338867","20.927610397338867","16169","16169","16169"
"161749","23.628501892089844","23.628501892089844","23.628501892089844","16174","16174","16174"
"161759","17.866085052490234","17.866085052490234","17.866085052490234","16175","16175","16175"
"161769","21.158843994140625","21.158843994140625","21.158843994140625","16176","16176","16176"
"161819","16.99126434326172","16.99126434326172","16.99126434326172","16181","16181","16181"
"161839","24.42188835144043","24.42188835144043","24.42188835144043","16183","16183","16183"
"161869","20.085479736328125","20.085479736328125","20.085479736328125","16186","16186","16186"
"161889","21.492956161499023","21.492956161499023","21.492956161499023","16188","16188","16188"
"161899","20.564605712890625","20.564605712890625","20.564605712890625","16189","16189","16189"
"161929","23.25522804260254","23.25522804260254","23.25522804260254","16192","16192","16192"
"161939","20.533578872680664","20.533578872680664","20.533578872680664","16193","16193","16193"
"161949","19.974809646606445","19.974809646606445","19.974809646606445","16194","16194","16194"
"161979","20.0631160736084","20.0631160736084","20.0631160736084","16197","16197","16197"
"161999","20.20232582092285","20.20232582092285","20.20232582092285","16199","16199","16199"
"162029","17.09381103515625","17.09381103515625","17.09381103515625","16202","16202","16202"
"162039","22.698400497436523","22.698400497436523","22.698400497436523","16203","16203","16203"
"162059","26.67767906188965","26.67767906188965","26.67767906188965","16205","16205","16205"
"162079","15.857715606689453","15.857715606689453","15.857715606689453","16207","16207","16207"
"162149","18.344987869262695","18.344987869262695","18.344987869262695","16214","16214","16214"
"162159","16.363176345825195","16.363176345825195","16.363176345825195","16215","16215","16215"
"162189","17.165950775146484","17.165950775146484","17.165950775146484","16218","16218","16218"
"162209","19.083049774169922","19.083049774169922","19.083049774169922","16220","16220","16220"
"162219","21.466697692871094","21.466697692871094","21.466697692871094","16221","16221","16221"
"162239","29.753986358642578","29.753986358642578","29.753986358642578","16223","16223","16223"
"162259","25.729461669921875","25.729461669921875","25.729461669921875","16225","16225","16225"
"162299","18.796615600585938","18.796615600585938","18.796615600585938","16229","16229","16229"
"162339","21.43174934387207","21.43174934387207","21.43174934387207","16233","16233","16233"
"162369","19.295194625854492","19.295194625854492","19.295194625854492","16236","16236","16236"
"162389","20.643169403076172","20.643169403076172","20.643169403076172","16238","16238","16238"
"162409","16.60148048400879","16.60148048400879","16.60148048400879","16240","16240","16240"
"162429","19.616744995117188","19.616744995117188","19.616744995117188","16242","16242","16242"
"162439","21.223209381103516","21.223209381103516","21.223209381103516","16243","16243","16243"
"162469","20.629440307617188","20.629440307617188","20.629440307617188","16246","16246","16246"
"162499","20.487377166748047","20.487377166748047","20.487377166748047","16249","16249","16249"
"162519","24.40730857849121","24.40730857849121","24.40730857849121","16251","16251","16251"
"162549","20.903030395507812","20.903030395507812","20.903030395507812","16254","16254","16254"
"162569","25.166942596435547","25.166942596435547","25.166942596435547","16256","16256","16256"
"162579","20.18938446044922","20.18938446044922","20.18938446044922","16257","16257","16257"
"162609","18.311315536499023","18.311315536499023","18.311315536499023","16260","16260","16260"
"162649","20.8575439453125","20.8575439453125","20.8575439453125","16264","16264","16264"
"162659","18.820781707763672","18.820781707763672","18.820781707763672","16265","16265","16265"
"162679","30.11722183227539","30.11722183227539","30.11722183227539","16267","16267","16267"
"162689","22.592844009399414","22.592844009399414","22.592844009399414","16268","16268","16268"
"162719","26.2423152923584","26.2423152923584","26.2423152923584","16271","16271","16271"
"162729","19.124818801879883","19.124818801879883","19.124818801879883","16272","16272","16272"
"162739","25.08951759338379","25.08951759338379","25.08951759338379","16273","16273","16273"
"162749","23.939924240112305","23.939924240112305","23.939924240112305","16274","16274","16274"
"162789","25.58490562438965","25.58490562438965","25.58490562438965","16278","16278","16278"
"162809","19.33681869506836","19.33681869506836","19.33681869506836","16280","16280","16280"
"162819","22.34353256225586","22.34353256225586","22.34353256225586","16281","16281","16281"
"162829","23.609764099121094","23.609764099121094","23.609764099121094","16282","16282","16282"
"162849","17.648794174194336","17.648794174194336","17.648794174194336","16284","16284","16284"
"162879","19.905315399169922","19.905315399169922","19.905315399169922","16287","16287","16287"
"162909","23.45683479309082","23.45683479309082","23.45683479309082","16290","16290","16290"
"162949","17.45562744140625","17.45562744140625","17.45562744140625","16294","16294","16294"
"162959","21.62078857421875","21.62078857421875","21.62078857421875","16295","16295","16295"
"162989","22.61383056640625","22.61383056640625","22.61383056640625","16298","16298","16298"
"162999","22.615997314453125","22.615997314453125","22.615997314453125","16299","16299","16299"
"163069","18.467391967773438","18.467391967773438","18.467391967773438","16306","16306","16306"
"163089","18.326833724975586","18.326833724975586","18.326833724975586","16308","16308","16308"
"163129","22.784563064575195","22.784563064575195","22.784563064575195","16312","16312","16312"
"163139","24.676475524902344","24.676475524902344","24.676475524902344","16313","16313","16313"
"163149","22.146785736083984","22.146785736083984","22.146785736083984","16314","16314","16314"
"163169","21.61613655090332","21.61613655090332","21.61613655090332","16316","16316","16316"
"163189","21.567834854125977","21.567834854125977","21.567834854125977","16318","16318","16318"
"163199","20.775697708129883","20.775697708129883","20.775697708129883","16319","16319","16319"
"163239","20.153587341308594","20.153587341308594","20.153587341308594","16323","16323","16323"
"163259","23.932828903198242","23.932828903198242","23.932828903198242","16325","16325","16325"
"163289","23.378211975097656","23.378211975097656","23.378211975097656","16328","16328","16328"
"163299","22.305255889892578","22.305255889892578","22.305255889892578","16329","16329","16329"
"163339","21.71599006652832","21.71599006652832","21.71599006652832","16333","16333","16333"
"163369","22.06427574157715","22.06427574157715","22.06427574157715","16336","16336","16336"
"163399","19.663471221923828","19.663471221923828","19.663471221923828","16339","16339","16339"
"163419","25.694101333618164","25.694101333618164","25.694101333618164","16341","16341","16341"
"163429","22.933521270751953","22.933521270751953","22.933521270751953","16342","16342","16342"
"163479","16.084779739379883","16.084779739379883","16.084779739379883","16347","16347","16347"
"163489","19.4821720123291","19.4821720123291","19.4821720123291","16348","16348","16348"
"163509","26.470705032348633","26.470705032348633","26.470705032348633","16350","16350","16350"
"163529","17.90431785583496","17.90431785583496","17.90431785583496","16352","16352","16352"
"163569","28.306785583496094","28.306785583496094","28.306785583496094","16356","16356","16356"
"163579","22.01938819885254","22.01938819885254","22.01938819885254","16357","16357","16357"
"163629","22.77911376953125","22.77911376953125","22.77911376953125","16362","16362","16362"
"163639","17.49654769897461","17.49654769897461","17.49654769897461","16363","16363","16363"
"163659","20.211393356323242","20.211393356323242","20.211393356323242","16365","16365","16365"
"163699","26.680307388305664","26.680307388305664","26.680307388305664","16369","16369","16369"
"163739","32.302555084228516","32.302555084228516","32.302555084228516","16373","16373","16373"
"163759","18.734962463378906","18.734962463378906","18.734962463378906","16375","16375","16375"
"163819","23.142635345458984","23.142635345458984","23.142635345458984","16381","16381","16381"
"163899","21.64164161682129","21.64164161682129","21.64164161682129","16389","16389","16389"
"163909","20.50263214111328","20.50263214111328","20.50263214111328","16390","16390","16390"
"163959","23.087249755859375","23.087249755859375","23.087249755859375","16395","16395","16395"
"163979","24.967222213745117","24.967222213745117","24.967222213745117","16397","16397","16397"
"163999","23.11626434326172","23.11626434326172","23.11626434326172","16399","16399","16399"
"164009","20.256175994873047","20.256175994873047","20.256175994873047","16400","16400","16400"
"164029","20.34041976928711","20.34041976928711","20.34041976928711","16402","16402","16402"
"164079","20.43128204345703","20.43128204345703","20.43128204345703","16407","16407","16407"
"164109","20.280654907226562","20.280654907226562","20.280654907226562","16410","16410","16410"
"164119","19.635257720947266","19.635257720947266","19.635257720947266","16411","16411","16411"
"164139","20.357521057128906","20.357521057128906","20.357521057128906","16413","16413","16413"
"164159","34.24456787109375","34.24456787109375","34.24456787109375","16415","16415","16415"
"164249","18.302383422851562","18.302383422851562","18.302383422851562","16424","16424","16424"
"164269","22.77910041809082","22.77910041809082","22.77910041809082","16426","16426","16426"
"164289","25.614765167236328","25.614765167236328","25.614765167236328","16428","16428","16428"
"164299","25.393054962158203","25.393054962158203","25.393054962158203","16429","16429","16429"
"164309","21.05707550048828","21.05707550048828","21.05707550048828","16430","16430","16430"
"164319","20.68048667907715","20.68048667907715","20.68048667907715","16431","16431","16431"
"164329","23.633642196655273","23.633642196655273","23.633642196655273","16432","16432","16432"
"164349","20.58765411376953","20.58765411376953","20.58765411376953","16434","16434","16434"
"164359","21.683210372924805","21.683210372924805","21.683210372924805","16435","16435","16435"
"164379","26.146514892578125","26.146514892578125","26.146514892578125","16437","16437","16437"
"164409","19.641094207763672","19.641094207763672","19.641094207763672","16440","16440","16440"
"164429","18.57625961303711","18.57625961303711","18.57625961303711","16442","16442","16442"
"164439","21.756671905517578","21.756671905517578","21.756671905517578","16443","16443","16443"
"164449","20.134815216064453","20.134815216064453","20.134815216064453","16444","16444","16444"
"164459","20.85265350341797","20.85265350341797","20.85265350341797","16445","16445","16445"
"164469","16.242263793945312","16.242263793945312","16.242263793945312","16446","16446","16446"
"164509","22.113971710205078","22.113971710205078","22.113971710205078","16450","16450","16450"
"164529","27.573999404907227","27.573999404907227","27.573999404907227","16452","16452","16452"
"164539","20.890716552734375","20.890716552734375","20.890716552734375","16453","16453","16453"
"164549","16.02581787109375","16.02581787109375","16.02581787109375","16454","16454","16454"
"164559","18.79412841796875","18.79412841796875","18.79412841796875","16455","16455","16455"
"164579","19.90072250366211","19.90072250366211","19.90072250366211","16457","16457","16457"
"164589","26.000818252563477","26.000818252563477","26.000818252563477","16458","16458","16458"
"164619","20.94498062133789","20.94498062133789","20.94498062133789","16461","16461","16461"
"164629","16.777917861938477","16.777917861938477","16.777917861938477","16462","16462","16462"
"164669","23.553054809570312","23.553054809570312","23.553054809570312","16466","16466","16466"
"164699","19.641860961914062","19.641860961914062","19.641860961914062","16469","16469","16469"
"164739","26.911418914794922","26.911418914794922","26.911418914794922","16473","16473","16473"
"164839","21.072978973388672","21.072978973388672","21.072978973388672","16483","16483","16483"
"164859","21.615856170654297","21.615856170654297","21.615856170654297","16485","16485","16485"
"164879","18.171140670776367","18.171140670776367","18.171140670776367","16487","16487","16487"
"164889","17.576379776000977","17.576379776000977","17.576379776000977","16488","16488","16488"
"164899","21.23922348022461","21.23922348022461","21.23922348022461","16489","16489","16489"
"164909","24.248245239257812","24.248245239257812","24.248245239257812","16490","16490","16490"
"164919","21.548877716064453","21.548877716064453","21.548877716064453","16491","16491","16491"
"164959","17.74629020690918","17.74629020690918","17.74629020690918","16495","16495","16495"
"164979","18.940277099609375","18.940277099609375","18.940277099609375","16497","16497","16497"
"165019","19.44378089904785","19.44378089904785","19.44378089904785","16501","16501","16501"
"165029","22.472156524658203","22.472156524658203","22.472156524658203","16502","16502","16502"
"165059","21.353378295898438","21.353378295898438","21.353378295898438","16505","16505","16505"
"165069","29.153793334960938","29.153793334960938","29.153793334960938","16506","16506","16506"
"165109","18.943273544311523","18.943273544311523","18.943273544311523","16510","16510","16510"
"165149","19.554872512817383","19.554872512817383","19.554872512817383","16514","16514","16514"
"165169","21.325916290283203","21.325916290283203","21.325916290283203","16516","16516","16516"
"165189","18.23188018798828","18.23188018798828","18.23188018798828","16518","16518","16518"
"165229","18.57451820373535","18.57451820373535","18.57451820373535","16522","16522","16522"
"165279","23.204097747802734","23.204097747802734","23.204097747802734","16527","16527","16527"
"165299","24.321290969848633","24.321290969848633","24.321290969848633","16529","16529","16529"
"165309","20.57237434387207","20.57237434387207","20.57237434387207","16530","16530","16530"
"165319","21.019371032714844","21.019371032714844","21.019371032714844","16531","16531","16531"
"165349","16.420612335205078","16.420612335205078","16.420612335205078","16534","16534","16534"
"165379","18.690317153930664","18.690317153930664","18.690317153930664","16537","16537","16537"
"165409","18.322322845458984","18.322322845458984","18.322322845458984","16540","16540","16540"
"165419","22.143959045410156","22.143959045410156","22.143959045410156","16541","16541","16541"
"165439","21.641681671142578","21.641681671142578","21.641681671142578","16543","16543","16543"
"165449","22.184762954711914","22.184762954711914","22.184762954711914","16544","16544","16544"
"165539","18.493255615234375","18.493255615234375","18.493255615234375","16553","16553","16553"
"165549","17.65013313293457","17.65013313293457","17.65013313293457","16554","16554","16554"
"165569","22.784944534301758","22.784944534301758","22.784944534301758","16556","16556","16556"
"165599","21.490896224975586","21.490896224975586","21.490896224975586","16559","16559","16559"
"165639","25.857208251953125","25.857208251953125","25.857208251953125","16563","16563","16563"
"165679","20.39305877685547","20.39305877685547","20.39305877685547","16567","16567","16567"
"165699","19.606666564941406","19.606666564941406","19.606666564941406","16569","16569","16569"
"165709","22.335521697998047","22.335521697998047","22.335521697998047","16570","16570","16570"
"165719","19.01030158996582","19.01030158996582","19.01030158996582","16571","16571","16571"
"165749","19.180492401123047","19.180492401123047","19.180492401123047","16574","16574","16574"
"165759","23.10368537902832","23.10368537902832","23.10368537902832","16575","16575","16575"
"165819","23.11300277709961","23.11300277709961","23.11300277709961","16581","16581","16581"
"165829","17.744857788085938","17.744857788085938","17.744857788085938","16582","16582","16582"
"165859","21.810869216918945","21.810869216918945","21.810869216918945","16585","16585","16585"
"165869","21.322101593017578","21.322101593017578","21.322101593017578","16586","16586","16586"
"165879","19.005626678466797","19.005626678466797","19.005626678466797","16587","16587","16587"
"165939","23.370609283447266","23.370609283447266","23.370609283447266","16593","16593","16593"
"165949","24.416278839111328","24.416278839111328","24.416278839111328","16594","16594","16594"
"165969","17.363489151000977","17.363489151000977","17.363489151000977","16596","16596","16596"
"166099","19.248567581176758","19.248567581176758","19.248567581176758","16609","16609","16609"
"166109","25.50208854675293","25.50208854675293","25.50208854675293","16610","16610","16610"
"166129","24.232206344604492","24.232206344604492","24.232206344604492","16612","16612","16612"
"166139","19.581552505493164","19.581552505493164","19.581552505493164","16613","16613","16613"
"166159","31.432405471801758","31.432405471801758","31.432405471801758","16615","16615","16615"
"166169","20.366138458251953","20.366138458251953","20.366138458251953","16616","16616","16616"
"166179","21.710777282714844","21.710777282714844","21.710777282714844","16617","16617","16617"
"166219","27.069381713867188","27.069381713867188","27.069381713867188","16621","16621","16621"
"166229","22.031429290771484","22.031429290771484","22.031429290771484","16622","16622","16622"
"166239","24.410232543945312","24.410232543945312","24.410232543945312","16623","16623","16623"
"166259","24.720073699951172","24.720073699951172","24.720073699951172","16625","16625","16625"
"166289","19.222929000854492","19.222929000854492","19.222929000854492","16628","16628","16628"
"166309","19.419170379638672","19.419170379638672","19.419170379638672","16630","16630","16630"
"166319","17.225818634033203","17.225818634033203","17.225818634033203","16631","16631","16631"
"166349","24.707305908203125","24.707305908203125","24.707305908203125","16634","16634","16634"
"166369","19.907602310180664","19.907602310180664","19.907602310180664","16636","16636","16636"
"166399","19.44245147705078","19.44245147705078","19.44245147705078","16639","16639","16639"
"166419","21.475488662719727","21.475488662719727","21.475488662719727","16641","16641","16641"
"166439","22.518625259399414","22.518625259399414","22.518625259399414","16643","16643","16643"
"166469","23.4566593170166","23.4566593170166","23.4566593170166","16646","16646","16646"
"166489","20.978805541992188","20.978805541992188","20.978805541992188","16648","16648","16648"
"166499","24.04250144958496","24.04250144958496","24.04250144958496","16649","16649","16649"
"166549","20.362022399902344","20.362022399902344","20.362022399902344","16654","16654","16654"
"166559","21.21263885498047","21.21263885498047","21.21263885498047","16655","16655","16655"
"166569","19.825471878051758","19.825471878051758","19.825471878051758","16656","16656","16656"
"166599","22.587209701538086","22.587209701538086","22.587209701538086","16659","16659","16659"
"166669","23.87677764892578","23.87677764892578","23.87677764892578","16666","16666","16666"
"166709","24.500659942626953","24.500659942626953","24.500659942626953","16670","16670","16670"
"166729","19.82200050354004","19.82200050354004","19.82200050354004","16672","16672","16672"
"166739","18.779190063476562","18.779190063476562","18.779190063476562","16673","16673","16673"
"166749","20.92477798461914","20.92477798461914","20.92477798461914","16674","16674","16674"
"166759","25.086971282958984","25.086971282958984","25.086971282958984","16675","16675","16675"
"166779","22.395666122436523","22.395666122436523","22.395666122436523","16677","16677","16677"
"166859","26.919960021972656","26.919960021972656","26.919960021972656","16685","16685","16685"
"166869","20.291730880737305","20.291730880737305","20.291730880737305","16686","16686","16686"
"166899","25.113178253173828","25.113178253173828","25.113178253173828","16689","16689","16689"
"166919","22.603042602539062","22.603042602539062","22.603042602539062","16691","16691","16691"
"166929","18.2966251373291","18.2966251373291","18.2966251373291","16692","16692","16692"
"166939","19.306196212768555","19.306196212768555","19.306196212768555","16693","16693","16693"
"166959","23.45149803161621","23.45149803161621","23.45149803161621","16695","16695","16695"
"166969","18.732973098754883","18.732973098754883","18.732973098754883","16696","16696","16696"
"166979","22.146991729736328","22.146991729736328","22.146991729736328","16697","16697","16697"
"167019","20.15644073486328","20.15644073486328","20.15644073486328","16701","16701","16701"
"167049","20.86008071899414","20.86008071899414","20.86008071899414","16704","16704","16704"
"167059","23.21243667602539","23.21243667602539","23.21243667602539","16705","16705","16705"
"167079","23.9657039642334","23.9657039642334","23.9657039642334","16707","16707","16707"
"167179","27.802656173706055","27.802656173706055","27.802656173706055","16717","16717","16717"
"167189","22.553796768188477","22.553796768188477","22.553796768188477","16718","16718","16718"
"167219","19.725093841552734","19.725093841552734","19.725093841552734","16721","16721","16721"
"167249","18.99592399597168","18.99592399597168","18.99592399597168","16724","16724","16724"
"167259","20.882442474365234","20.882442474365234","20.882442474365234","16725","16725","16725"
"167289","23.15850067138672","23.15850067138672","23.15850067138672","16728","16728","16728"
"167319","27.11068344116211","27.11068344116211","27.11068344116211","16731","16731","16731"
"167329","18.514455795288086","18.514455795288086","18.514455795288086","16732","16732","16732"
"167349","21.74388885498047","21.74388885498047","21.74388885498047","16734","16734","16734"
"167369","20.965805053710938","20.965805053710938","20.965805053710938","16736","16736","16736"
"167399","24.981430053710938","24.981430053710938","24.981430053710938","16739","16739","16739"
"167409","22.16552734375","22.16552734375","22.16552734375","16740","16740","16740"
"167429","25.23389434814453","25.23389434814453","25.23389434814453","16742","16742","16742"
"167449","29.493934631347656","29.493934631347656","29.493934631347656","16744","16744","16744"
"167459","23.702808380126953","23.702808380126953","23.702808380126953","16745","16745","16745"
"167479","18.052181243896484","18.052181243896484","18.052181243896484","16747","16747","16747"
"167529","23.992366790771484","23.992366790771484","23.992366790771484","16752","16752","16752"
"167539","24.157690048217773","24.157690048217773","24.157690048217773","16753","16753","16753"
"167589","28.14936065673828","28.14936065673828","28.14936065673828","16758","16758","16758"
"167599","23.760643005371094","23.760643005371094","23.760643005371094","16759","16759","16759"
"167609","22.754913330078125","22.754913330078125","22.754913330078125","16760","16760","16760"
"167629","18.766542434692383","18.766542434692383","18.766542434692383","16762","16762","16762"
"167639","22.152950286865234","22.152950286865234","22.152950286865234","16763","16763","16763"
"167649","20.163742065429688","20.163742065429688","20.163742065429688","16764","16764","16764"
"167679","19.873638153076172","19.873638153076172","19.873638153076172","16767","16767","16767"
"167699","18.573795318603516","18.573795318603516","18.573795318603516","16769","16769","16769"
"167749","24.52727508544922","24.52727508544922","24.52727508544922","16774","16774","16774"
"167769","21.490520477294922","21.490520477294922","21.490520477294922","16776","16776","16776"
"167789","21.38956642150879","21.38956642150879","21.38956642150879","16778","16778","16778"
"167799","17.964269638061523","17.964269638061523","17.964269638061523","16779","16779","16779"
"167809","21.7935791015625","21.7935791015625","21.7935791015625","16780","16780","16780"
"167819","22.596019744873047","22.596019744873047","22.596019744873047","16781","16781","16781"
"167839","21.87676429748535","21.87676429748535","21.87676429748535","16783","16783","16783"
"167849","22.175703048706055","22.175703048706055","22.175703048706055","16784","16784","16784"
"167859","18.96140480041504","18.96140480041504","18.96140480041504","16785","16785","16785"
"167869","24.558027267456055","24.558027267456055","24.558027267456055","16786","16786","16786"
"167879","18.412368774414062","18.412368774414062","18.412368774414062","16787","16787","16787"
"167889","18.162113189697266","18.162113189697266","18.162113189697266","16788","16788","16788"
"167899","17.569488525390625","17.569488525390625","17.569488525390625","16789","16789","16789"
"167929","22.33849334716797","22.33849334716797","22.33849334716797","16792","16792","16792"
"167949","20.108272552490234","20.108272552490234","20.108272552490234","16794","16794","16794"
"167959","23.35565757751465","23.35565757751465","23.35565757751465","16795","16795","16795"
"167989","19.83139991760254","19.83139991760254","19.83139991760254","16798","16798","16798"
"168019","18.51437759399414","18.51437759399414","18.51437759399414","16801","16801","16801"
"168049","18.952821731567383","18.952821731567383","18.952821731567383","16804","16804","16804"
"168059","21.188068389892578","21.188068389892578","21.188068389892578","16805","16805","16805"
"168089","23.346920013427734","23.346920013427734","23.346920013427734","16808","16808","16808"
"168119","21.327898025512695","21.327898025512695","21.327898025512695","16811","16811","16811"
"168149","23.944664001464844","23.944664001464844","23.944664001464844","16814","16814","16814"
"168169","21.756729125976562","21.756729125976562","21.756729125976562","16816","16816","16816"
"168179","23.970993041992188","23.970993041992188","23.970993041992188","16817","16817","16817"
"168189","19.923612594604492","19.923612594604492","19.923612594604492","16818","16818","16818"
"168199","20.895509719848633","20.895509719848633","20.895509719848633","16819","16819","16819"
"168209","26.54861831665039","26.54861831665039","26.54861831665039","16820","16820","16820"
"168229","21.625219345092773","21.625219345092773","21.625219345092773","16822","16822","16822"
"168239","19.05278778076172","19.05278778076172","19.05278778076172","16823","16823","16823"
"168259","23.43416976928711","23.43416976928711","23.43416976928711","16825","16825","16825"
"168279","20.823331832885742","20.823331832885742","20.823331832885742","16827","16827","16827"
"168319","21.509462356567383","21.509462356567383","21.509462356567383","16831","16831","16831"
"168329","18.170169830322266","18.170169830322266","18.170169830322266","16832","16832","16832"
"168369","18.074033737182617","18.074033737182617","18.074033737182617","16836","16836","16836"
"168459","22.212596893310547","22.212596893310547","22.212596893310547","16845","16845","16845"
"168479","18.081867218017578","18.081867218017578","18.081867218017578","16847","16847","16847"
"168489","22.230649948120117","22.230649948120117","22.230649948120117","16848","16848","16848"
"168539","25.841609954833984","25.841609954833984","25.841609954833984","16853","16853","16853"
"168569","17.36495590209961","17.36495590209961","17.36495590209961","16856","16856","16856"
"168579","22.59442901611328","22.59442901611328","22.59442901611328","16857","16857","16857"
"168589","20.03274917602539","20.03274917602539","20.03274917602539","16858","16858","16858"
"168599","22.489397048950195","22.489397048950195","22.489397048950195","16859","16859","16859"
"168609","24.858760833740234","24.858760833740234","24.858760833740234","16860","16860","16860"
"168619","21.430984497070312","21.430984497070312","21.430984497070312","16861","16861","16861"
"168649","24.032855987548828","24.032855987548828","24.032855987548828","16864","16864","16864"
"168669","25.419408798217773","25.419408798217773","25.419408798217773","16866","16866","16866"
"168719","18.490888595581055","18.490888595581055","18.490888595581055","16871","16871","16871"
"168739","22.473377227783203","22.473377227783203","22.473377227783203","16873","16873","16873"
"168759","22.67449378967285","22.67449378967285","22.67449378967285","16875","16875","16875"
"168769","24.148290634155273","24.148290634155273","24.148290634155273","16876","16876","16876"
"168779","20.490446090698242","20.490446090698242","20.490446090698242","16877","16877","16877"
"168789","24.79399299621582","24.79399299621582","24.79399299621582","16878","16878","16878"
"168809","25.770177841186523","25.770177841186523","25.770177841186523","16880","16880","16880"
"168819","20.19525909423828","20.19525909423828","20.19525909423828","16881","16881","16881"
"168829","19.556135177612305","19.556135177612305","19.556135177612305","16882","16882","16882"
"168849","20.254323959350586","20.254323959350586","20.254323959350586","16884","16884","16884"
"168859","27.100542068481445","27.100542068481445","27.100542068481445","16885","16885","16885"
"168919","21.995773315429688","21.995773315429688","21.995773315429688","16891","16891","16891"
"168929","22.104122161865234","22.104122161865234","22.104122161865234","16892","16892","16892"
"168939","19.97108268737793","19.97108268737793","19.97108268737793","16893","16893","16893"
"168999","20.219356536865234","20.219356536865234","20.219356536865234","16899","16899","16899"
"169019","19.369930267333984","19.369930267333984","19.369930267333984","16901","16901","16901"
"169049","25.34140396118164","25.34140396118164","25.34140396118164","16904","16904","16904"
"169059","21.339115142822266","21.339115142822266","21.339115142822266","16905","16905","16905"
"169089","21.208091735839844","21.208091735839844","21.208091735839844","16908","16908","16908"
"169139","18.151447296142578","18.151447296142578","18.151447296142578","16913","16913","16913"
"169159","21.47933578491211","21.47933578491211","21.47933578491211","16915","16915","16915"
"169169","20.52547836303711","20.52547836303711","20.52547836303711","16916","16916","16916"
"169189","20.340656280517578","20.340656280517578","20.340656280517578","16918","16918","16918"
"169209","19.754865646362305","19.754865646362305","19.754865646362305","16920","16920","16920"
"169229","22.056825637817383","22.056825637817383","22.056825637817383","16922","16922","16922"
"169239","20.293054580688477","20.293054580688477","20.293054580688477","16923","16923","16923"
"169249","22.385391235351562","22.385391235351562","22.385391235351562","16924","16924","16924"
"169279","20.071880340576172","20.071880340576172","20.071880340576172","16927","16927","16927"
"169319","18.928665161132812","18.928665161132812","18.928665161132812","16931","16931","16931"
"169329","28.905521392822266","28.905521392822266","28.905521392822266","16932","16932","16932"
"169359","19.195249557495117","19.195249557495117","19.195249557495117","16935","16935","16935"
"169369","23.353696823120117","23.353696823120117","23.353696823120117","16936","16936","16936"
"169399","22.971120834350586","22.971120834350586","22.971120834350586","16939","16939","16939"
"169409","29.378963470458984","29.378963470458984","29.378963470458984","16940","16940","16940"
"169449","21.378894805908203","21.378894805908203","21.378894805908203","16944","16944","16944"
"169479","17.654216766357422","17.654216766357422","17.654216766357422","16947","16947","16947"
"169519","18.598793029785156","18.598793029785156","18.598793029785156","16951","16951","16951"
"169549","20.957706451416016","20.957706451416016","20.957706451416016","16954","16954","16954"
"169659","16.300403594970703","16.300403594970703","16.300403594970703","16965","16965","16965"
"169709","21.43756866455078","21.43756866455078","21.43756866455078","16970","16970","16970"
"169729","18.23680877685547","18.23680877685547","18.23680877685547","16972","16972","16972"
"169739","20.23179054260254","20.23179054260254","20.23179054260254","16973","16973","16973"
"169769","23.692562103271484","23.692562103271484","23.692562103271484","16976","16976","16976"
"169809","19.735454559326172","19.735454559326172","19.735454559326172","16980","16980","16980"
"169819","25.582611083984375","25.582611083984375","25.582611083984375","16981","16981","16981"
"169829","23.939411163330078","23.939411163330078","23.939411163330078","16982","16982","16982"
"169839","22.293819427490234","22.293819427490234","22.293819427490234","16983","16983","16983"
"169849","20.96040916442871","20.96040916442871","20.96040916442871","16984","16984","16984"
"169869","22.67754554748535","22.67754554748535","22.67754554748535","16986","16986","16986"
"169879","20.874427795410156","20.874427795410156","20.874427795410156","16987","16987","16987"
"169899","22.76225471496582","22.76225471496582","22.76225471496582","16989","16989","16989"
"169909","23.137989044189453","23.137989044189453","23.137989044189453","16990","16990","16990"
"169919","23.39894676208496","23.39894676208496","23.39894676208496","16991","16991","16991"
"169929","19.451560974121094","19.451560974121094","19.451560974121094","16992","16992","16992"
"169939","24.200008392333984","24.200008392333984","24.200008392333984","16993","16993","16993"
"169989","19.88031005859375","19.88031005859375","19.88031005859375","16998","16998","16998"
"170009","18.257905960083008","18.257905960083008","18.257905960083008","17000","17000","17000"
"170019","18.99098014831543","18.99098014831543","18.99098014831543","17001","17001","17001"
"170049","16.05210304260254","16.05210304260254","16.05210304260254","17004","17004","17004"
"170069","18.031904220581055","18.031904220581055","18.031904220581055","17006","17006","17006"
"170079","25.560604095458984","25.560604095458984","25.560604095458984","17007","17007","17007"
"170099","23.805809020996094","23.805809020996094","23.805809020996094","17009","17009","17009"
"170129","17.661418914794922","17.661418914794922","17.661418914794922","17012","17012","17012"
"170139","27.406522750854492","27.406522750854492","27.406522750854492","17013","17013","17013"
"170229","21.943450927734375","21.943450927734375","21.943450927734375","17022","17022","17022"
"170239","28.827178955078125","28.827178955078125","28.827178955078125","17023","17023","17023"
"170249","15.968766212463379","15.968766212463379","15.968766212463379","17024","17024","17024"
"170259","20.298803329467773","20.298803329467773","20.298803329467773","17025","17025","17025"
"170289","17.58754539489746","17.58754539489746","17.58754539489746","17028","17028","17028"
"170299","21.433286666870117","21.433286666870117","21.433286666870117","17029","17029","17029"
"170309","20.072786331176758","20.072786331176758","20.072786331176758","17030","17030","17030"
"170329","19.984996795654297","19.984996795654297","19.984996795654297","17032","17032","17032"
"170339","22.743244171142578","22.743244171142578","22.743244171142578","17033","17033","17033"
"170349","24.73941421508789","24.73941421508789","24.73941421508789","17034","17034","17034"
"170379","19.848421096801758","19.848421096801758","19.848421096801758","17037","17037","17037"
"170419","22.31141471862793","22.31141471862793","22.31141471862793","17041","17041","17041"
"170439","21.851673126220703","21.851673126220703","21.851673126220703","17043","17043","17043"
"170499","21.960952758789062","21.960952758789062","21.960952758789062","17049","17049","17049"
"170509","20.88412094116211","20.88412094116211","20.88412094116211","17050","17050","17050"
"170539","18.214336395263672","18.214336395263672","18.214336395263672","17053","17053","17053"
"170549","21.614702224731445","21.614702224731445","21.614702224731445","17054","17054","17054"
"170629","21.532222747802734","21.532222747802734","21.532222747802734","17062","17062","17062"
"170639","19.714879989624023","19.714879989624023","19.714879989624023","17063","17063","17063"
"170649","24.475330352783203","24.475330352783203","24.475330352783203","17064","17064","17064"
"170679","22.846378326416016","22.846378326416016","22.846378326416016","17067","17067","17067"
"170689","21.03315544128418","21.03315544128418","21.03315544128418","17068","17068","17068"
"170699","24.087352752685547","24.087352752685547","24.087352752685547","17069","17069","17069"
"170779","19.4268798828125","19.4268798828125","19.4268798828125","17077","17077","17077"
"170829","22.217918395996094","22.217918395996094","22.217918395996094","17082","17082","17082"
"170839","23.461633682250977","23.461633682250977","23.461633682250977","17083","17083","17083"
"170849","24.424013137817383","24.424013137817383","24.424013137817383","17084","17084","17084"
"170859","23.138957977294922","23.138957977294922","23.138957977294922","17085","17085","17085"
"170989","25.70815086364746","25.70815086364746","25.70815086364746","17098","17098","17098"
"171019","22.000478744506836","22.000478744506836","22.000478744506836","17101","17101","17101"
"171039","19.086196899414062","19.086196899414062","19.086196899414062","17103","17103","17103"
"171069","24.06527328491211","24.06527328491211","24.06527328491211","17106","17106","17106"
"171089","21.986610412597656","21.986610412597656","21.986610412597656","17108","17108","17108"
"171109","24.107784271240234","24.107784271240234","24.107784271240234","17110","17110","17110"
"171119","19.635818481445312","19.635818481445312","19.635818481445312","17111","17111","17111"
"171129","17.91061782836914","17.91061782836914","17.91061782836914","17112","17112","17112"
"171139","22.233510971069336","22.233510971069336","22.233510971069336","17113","17113","17113"
"171169","17.239343643188477","17.239343643188477","17.239343643188477","17116","17116","17116"
"171209","22.500709533691406","22.500709533691406","22.500709533691406","17120","17120","17120"
"171219","19.223655700683594","19.223655700683594","19.223655700683594","17121","17121","17121"
"171259","20.614038467407227","20.614038467407227","20.614038467407227","17125","17125","17125"
"171329","19.671207427978516","19.671207427978516","19.671207427978516","17132","17132","17132"
"171379","20.889741897583008","20.889741897583008","20.889741897583008","17137","17137","17137"
"171399","24.644775390625","24.644775390625","24.644775390625","17139","17139","17139"
"171429","22.7083740234375","22.7083740234375","22.7083740234375","17142","17142","17142"
"171459","22.246837615966797","22.246837615966797","22.246837615966797","17145","17145","17145"
"171469","21.591211318969727","21.591211318969727","21.591211318969727","17146","17146","17146"
"171489","17.63056182861328","17.63056182861328","17.63056182861328","17148","17148","17148"
"171509","19.416576385498047","19.416576385498047","19.416576385498047","17150","17150","17150"
"171569","19.367843627929688","19.367843627929688","19.367843627929688","17156","17156","17156"
"171579","23.318866729736328","23.318866729736328","23.318866729736328","17157","17157","17157"
"171599","21.74421501159668","21.74421501159668","21.74421501159668","17159","17159","17159"
"171609","17.79574966430664","17.79574966430664","17.79574966430664","17160","17160","17160"
"171619","22.582155227661133","22.582155227661133","22.582155227661133","17161","17161","17161"
"171629","25.292566299438477","25.292566299438477","25.292566299438477","17162","17162","17162"
"171639","23.48766326904297","23.48766326904297","23.48766326904297","17163","17163","17163"
"171649","20.6318359375","20.6318359375","20.6318359375","17164","17164","17164"
"171659","22.71393394470215","22.71393394470215","22.71393394470215","17165","17165","17165"
"171689","18.467018127441406","18.467018127441406","18.467018127441406","17168","17168","17168"
"171749","21.073795318603516","21.073795318603516","21.073795318603516","17174","17174","17174"
"171769","21.50546646118164","21.50546646118164","21.50546646118164","17176","17176","17176"
"171779","18.498584747314453","18.498584747314453","18.498584747314453","17177","17177","17177"
"171789","28.631309509277344","28.631309509277344","28.631309509277344","17178","17178","17178"
"171919","26.200855255126953","26.200855255126953","26.200855255126953","17191","17191","17191"
"171929","28.58252716064453","28.58252716064453","28.58252716064453","17192","17192","17192"
"171969","23.834440231323242","23.834440231323242","23.834440231323242","17196","17196","17196"
"171989","19.265731811523438","19.265731811523438","19.265731811523438","17198","17198","17198"
"172019","18.5827693939209","18.5827693939209","18.5827693939209","17201","17201","17201"
"172059","18.696956634521484","18.696956634521484","18.696956634521484","17205","17205","17205"
"172069","18.747562408447266","18.747562408447266","18.747562408447266","17206","17206","17206"
"172149","22.266658782958984","22.266658782958984","22.266658782958984","17214","17214","17214"
"172189","17.31228256225586","17.31228256225586","17.31228256225586","17218","17218","17218"
"172239","20.849515914916992","20.849515914916992","20.849515914916992","17223","17223","17223"
"172259","20.064105987548828","20.064105987548828","20.064105987548828","17225","17225","17225"
"172289","20.384456634521484","20.384456634521484","20.384456634521484","17228","17228","17228"
"172299","21.03895378112793","21.03895378112793","21.03895378112793","17229","17229","17229"
"172329","22.858234405517578","22.858234405517578","22.858234405517578","17232","17232","17232"
"172339","18.78408432006836","18.78408432006836","18.78408432006836","17233","17233","17233"
"172359","22.246328353881836","22.246328353881836","22.246328353881836","17235","17235","17235"
"172459","18.554973602294922","18.554973602294922","18.554973602294922","17245","17245","17245"
"172469","18.76647186279297","18.76647186279297","18.76647186279297","17246","17246","17246"
"172479","20.34852409362793","20.34852409362793","20.34852409362793","17247","17247","17247"
"172489","18.64196014404297","18.64196014404297","18.64196014404297","17248","17248","17248"
"172539","22.27153778076172","22.27153778076172","22.27153778076172","17253","17253","17253"
"172559","28.739574432373047","28.739574432373047","28.739574432373047","17255","17255","17255"
"172569","18.51740264892578","18.51740264892578","18.51740264892578","17256","17256","17256"
"172579","21.459129333496094","21.459129333496094","21.459129333496094","17257","17257","17257"
"172599","21.937026977539062","21.937026977539062","21.937026977539062","17259","17259","17259"
"172609","23.89134979248047","23.89134979248047","23.89134979248047","17260","17260","17260"
"172679","23.032695770263672","23.032695770263672","23.032695770263672","17267","17267","17267"
"172689","24.913516998291016","24.913516998291016","24.913516998291016","17268","17268","17268"
"172719","23.98394012451172","23.98394012451172","23.98394012451172","17271","17271","17271"
"172749","20.386947631835938","20.386947631835938","20.386947631835938","17274","17274","17274"
"172759","19.787879943847656","19.787879943847656","19.787879943847656","17275","17275","17275"
"172769","21.432353973388672","21.432353973388672","21.432353973388672","17276","17276","17276"
"172789","24.8410701751709","24.8410701751709","24.8410701751709","17278","17278","17278"
"172809","27.45895004272461","27.45895004272461","27.45895004272461","17280","17280","17280"
"172839","20.22092056274414","20.22092056274414","20.22092056274414","17283","17283","17283"
"172859","18.867523193359375","18.867523193359375","18.867523193359375","17285","17285","17285"
"172919","20.659961700439453","20.659961700439453","20.659961700439453","17291","17291","17291"
"172949","24.525676727294922","24.525676727294922","24.525676727294922","17294","17294","17294"
"172959","40.66539764404297","40.66539764404297","40.66539764404297","17295","17295","17295"
"172989","30.94525909423828","30.94525909423828","30.94525909423828","17298","17298","17298"
"173019","19.664716720581055","19.664716720581055","19.664716720581055","17301","17301","17301"
"173069","20.281200408935547","20.281200408935547","20.281200408935547","17306","17306","17306"
"173089","22.708852767944336","22.708852767944336","22.708852767944336","17308","17308","17308"
"173099","20.114715576171875","20.114715576171875","20.114715576171875","17309","17309","17309"
"173129","22.94205093383789","22.94205093383789","22.94205093383789","17312","17312","17312"
"173139","19.857872009277344","19.857872009277344","19.857872009277344","17313","17313","17313"
"173149","21.346851348876953","21.346851348876953","21.346851348876953","17314","17314","17314"
"173169","24.742393493652344","24.742393493652344","24.742393493652344","17316","17316","17316"
"173189","20.80521011352539","20.80521011352539","20.80521011352539","17318","17318","17318"
"173199","22.973846435546875","22.973846435546875","22.973846435546875","17319","17319","17319"
"173229","22.130373001098633","22.130373001098633","22.130373001098633","17322","17322","17322"
"173239","25.407596588134766","25.407596588134766","25.407596588134766","17323","17323","17323"
"173289","22.641576766967773","22.641576766967773","22.641576766967773","17328","17328","17328"
"173319","19.320314407348633","19.320314407348633","19.320314407348633","17331","17331","17331"
"173349","20.396915435791016","20.396915435791016","20.396915435791016","17334","17334","17334"
"173369","15.82290267944336","15.82290267944336","15.82290267944336","17336","17336","17336"
"173399","29.818870544433594","29.818870544433594","29.818870544433594","17339","17339","17339"
"173419","22.11931800842285","22.11931800842285","22.11931800842285","17341","17341","17341"
"173449","19.76559829711914","19.76559829711914","19.76559829711914","17344","17344","17344"
"173459","22.963041305541992","22.963041305541992","22.963041305541992","17345","17345","17345"
"173479","20.59764289855957","20.59764289855957","20.59764289855957","17347","17347","17347"
"173489","18.325695037841797","18.325695037841797","18.325695037841797","17348","17348","17348"
"173499","20.82855224609375","20.82855224609375","20.82855224609375","17349","17349","17349"
"173539","45.075897216796875","45.075897216796875","45.075897216796875","17353","17353","17353"
"173569","21.82607650756836","21.82607650756836","21.82607650756836","17356","17356","17356"
"173579","21.558135986328125","21.558135986328125","21.558135986328125","17357","17357","17357"
"173609","23.99251365661621","23.99251365661621","23.99251365661621","17360","17360","17360"
"173619","20.5551815032959","20.5551815032959","20.5551815032959","17361","17361","17361"
"173639","22.745468139648438","22.745468139648438","22.745468139648438","17363","17363","17363"
"173689","17.916032791137695","17.916032791137695","17.916032791137695","17368","17368","17368"
"173699","17.496397018432617","17.496397018432617","17.496397018432617","17369","17369","17369"
"173719","21.737051010131836","21.737051010131836","21.737051010131836","17371","17371","17371"
"173729","19.634613037109375","19.634613037109375","19.634613037109375","17372","17372","17372"
"173769","20.680866241455078","20.680866241455078","20.680866241455078","17376","17376","17376"
"173789","23.33214569091797","23.33214569091797","23.33214569091797","17378","17378","17378"
"173819","20.81395721435547","20.81395721435547","20.81395721435547","17381","17381","17381"
"173839","21.155899047851562","21.155899047851562","21.155899047851562","17383","17383","17383"
"173869","21.39325714111328","21.39325714111328","21.39325714111328","17386","17386","17386"
"173879","21.664705276489258","21.664705276489258","21.664705276489258","17387","17387","17387"
"173899","25.086759567260742","25.086759567260742","25.086759567260742","17389","17389","17389"
"173929","19.972000122070312","19.972000122070312","19.972000122070312","17392","17392","17392"
"173959","20.333681106567383","20.333681106567383","20.333681106567383","17395","17395","17395"
"173999","25.05241584777832","25.05241584777832","25.05241584777832","17399","17399","17399"
"174039","22.357789993286133","22.357789993286133","22.357789993286133","17403","17403","17403"
"174049","20.28960609436035","20.28960609436035","20.28960609436035","17404","17404","17404"
"174059","25.708541870117188","25.708541870117188","25.708541870117188","17405","17405","17405"
"174089","19.108335494995117","19.108335494995117","19.108335494995117","17408","17408","17408"
"174109","20.00680923461914","20.00680923461914","20.00680923461914","17410","17410","17410"
"174159","21.435138702392578","21.435138702392578","21.435138702392578","17415","17415","17415"
"174179","23.014881134033203","23.014881134033203","23.014881134033203","17417","17417","17417"
"174189","30.057071685791016","30.057071685791016","30.057071685791016","17418","17418","17418"
"174219","20.499204635620117","20.499204635620117","20.499204635620117","17421","17421","17421"
"174239","24.39076042175293","24.39076042175293","24.39076042175293","17423","17423","17423"
"174249","23.076629638671875","23.076629638671875","23.076629638671875","17424","17424","17424"
"174279","21.272972106933594","21.272972106933594","21.272972106933594","17427","17427","17427"
"174309","21.83032989501953","21.83032989501953","21.83032989501953","17430","17430","17430"
"174349","26.65835189819336","26.65835189819336","26.65835189819336","17434","17434","17434"
"174379","24.984153747558594","24.984153747558594","24.984153747558594","17437","17437","17437"
"174409","19.61266326904297","19.61266326904297","19.61266326904297","17440","17440","17440"
"174419","20.134563446044922","20.134563446044922","20.134563446044922","17441","17441","17441"
"174439","19.054912567138672","19.054912567138672","19.054912567138672","17443","17443","17443"
"174449","20.326602935791016","20.326602935791016","20.326602935791016","17444","17444","17444"
"174469","26.532394409179688","26.532394409179688","26.532394409179688","17446","17446","17446"
"174489","21.484375","21.484375","21.484375","17448","17448","17448"
"174499","18.692716598510742","18.692716598510742","18.692716598510742","17449","17449","17449"
"174509","19.55491065979004","19.55491065979004","19.55491065979004","17450","17450","17450"
"174519","25.679798126220703","25.679798126220703","25.679798126220703","17451","17451","17451"
"174529","21.699012756347656","21.699012756347656","21.699012756347656","17452","17452","17452"
"174539","19.58742904663086","19.58742904663086","19.58742904663086","17453","17453","17453"
"174549","17.348962783813477","17.348962783813477","17.348962783813477","17454","17454","17454"
"174589","19.594226837158203","19.594226837158203","19.594226837158203","17458","17458","17458"
"174619","21.73442840576172","21.73442840576172","21.73442840576172","17461","17461","17461"
"174639","20.29513168334961","20.29513168334961","20.29513168334961","17463","17463","17463"
"174649","20.419879913330078","20.419879913330078","20.419879913330078","17464","17464","17464"
"174659","23.702072143554688","23.702072143554688","23.702072143554688","17465","17465","17465"
"174669","19.090805053710938","19.090805053710938","19.090805053710938","17466","17466","17466"
"174689","18.886337280273438","18.886337280273438","18.886337280273438","17468","17468","17468"
"174719","16.432897567749023","16.432897567749023","16.432897567749023","17471","17471","17471"
"174729","18.830036163330078","18.830036163330078","18.830036163330078","17472","17472","17472"
"174749","27.990970611572266","27.990970611572266","27.990970611572266","17474","17474","17474"
"174799","21.440963745117188","21.440963745117188","21.440963745117188","17479","17479","17479"
"174829","19.98216438293457","19.98216438293457","19.98216438293457","17482","17482","17482"
"174849","24.13456153869629","24.13456153869629","24.13456153869629","17484","17484","17484"
"174889","23.201051712036133","23.201051712036133","23.201051712036133","17488","17488","17488"
"174899","21.20703125","21.20703125","21.20703125","17489","17489","17489"
"174929","19.865604400634766","19.865604400634766","19.865604400634766","17492","17492","17492"
"174999","23.608566284179688","23.608566284179688","23.608566284179688","17499","17499","17499"
"175009","21.573413848876953","21.573413848876953","21.573413848876953","17500","17500","17500"
"175019","17.734149932861328","17.734149932861328","17.734149932861328","17501","17501","17501"
"175039","19.4869384765625","19.4869384765625","19.4869384765625","17503","17503","17503"
"175129","17.46380615234375","17.46380615234375","17.46380615234375","17512","17512","17512"
"175149","20.470909118652344","20.470909118652344","20.470909118652344","17514","17514","17514"
"175159","21.235637664794922","21.235637664794922","21.235637664794922","17515","17515","17515"
"175179","18.185646057128906","18.185646057128906","18.185646057128906","17517","17517","17517"
"175219","22.14347267150879","22.14347267150879","22.14347267150879","17521","17521","17521"
"175229","19.732467651367188","19.732467651367188","19.732467651367188","17522","17522","17522"
"175249","20.8887882232666","20.8887882232666","20.8887882232666","17524","17524","17524"
"175259","21.082904815673828","21.082904815673828","21.082904815673828","17525","17525","17525"
"175279","20.94289779663086","20.94289779663086","20.94289779663086","17527","17527","17527"
"175349","20.80914878845215","20.80914878845215","20.80914878845215","17534","17534","17534"
"175359","23.82745361328125","23.82745361328125","23.82745361328125","17535","17535","17535"
"175409","19.805082321166992","19.805082321166992","19.805082321166992","17540","17540","17540"
"175429","19.966283798217773","19.966283798217773","19.966283798217773","17542","17542","17542"
"175439","57.971466064453125","57.971466064453125","57.971466064453125","17543","17543","17543"
"175449","20.52587127685547","20.52587127685547","20.52587127685547","17544","17544","17544"
"175459","18.34789276123047","18.34789276123047","18.34789276123047","17545","17545","17545"
"175479","19.988346099853516","19.988346099853516","19.988346099853516","17547","17547","17547"
"175489","18.714569091796875","18.714569091796875","18.714569091796875","17548","17548","17548"
"175529","23.339187622070312","23.339187622070312","23.339187622070312","17552","17552","17552"
"175539","36.03887176513672","36.03887176513672","36.03887176513672","17553","17553","17553"
"175609","20.0697078704834","20.0697078704834","20.0697078704834","17560","17560","17560"
"175629","19.94843101501465","19.94843101501465","19.94843101501465","17562","17562","17562"
"175649","20.644989013671875","20.644989013671875","20.644989013671875","17564","17564","17564"
"175659","22.54389190673828","22.54389190673828","22.54389190673828","17565","17565","17565"
"175679","23.17690086364746","23.17690086364746","23.17690086364746","17567","17567","17567"
"175709","18.709192276000977","18.709192276000977","18.709192276000977","17570","17570","17570"
"175719","19.878948211669922","19.878948211669922","19.878948211669922","17571","17571","17571"
"175789","19.50706672668457","19.50706672668457","19.50706672668457","17578","17578","17578"
"175799","22.070323944091797","22.070323944091797","22.070323944091797","17579","17579","17579"
"175819","24.401195526123047","24.401195526123047","24.401195526123047","17581","17581","17581"
"175839","20.84552001953125","20.84552001953125","20.84552001953125","17583","17583","17583"
"175869","25.666790008544922","25.666790008544922","25.666790008544922","17586","17586","17586"
"175879","23.58027458190918","23.58027458190918","23.58027458190918","17587","17587","17587"
"175949","18.12148666381836","18.12148666381836","18.12148666381836","17594","17594","17594"
"175999","22.233055114746094","22.233055114746094","22.233055114746094","17599","17599","17599"
"176009","28.735111236572266","28.735111236572266","28.735111236572266","17600","17600","17600"
"176049","21.91975212097168","21.91975212097168","21.91975212097168","17604","17604","17604"
"176069","21.339561462402344","21.339561462402344","21.339561462402344","17606","17606","17606"
"176089","22.11795425415039","22.11795425415039","22.11795425415039","17608","17608","17608"
"176109","19.73041343688965","19.73041343688965","19.73041343688965","17610","17610","17610"
"176149","20.025203704833984","20.025203704833984","20.025203704833984","17614","17614","17614"
"176169","27.080902099609375","27.080902099609375","27.080902099609375","17616","17616","17616"
"176179","25.532835006713867","25.532835006713867","25.532835006713867","17617","17617","17617"
"176189","31.305110931396484","31.305110931396484","31.305110931396484","17618","17618","17618"
"176209","20.39374542236328","20.39374542236328","20.39374542236328","17620","17620","17620"
"176229","18.37546730041504","18.37546730041504","18.37546730041504","17622","17622","17622"
"176239","25.42034149169922","25.42034149169922","25.42034149169922","17623","17623","17623"
"176259","20.114578247070312","20.114578247070312","20.114578247070312","17625","17625","17625"
"176279","21.052888870239258","21.052888870239258","21.052888870239258","17627","17627","17627"
"176309","27.206892013549805","27.206892013549805","27.206892013549805","17630","17630","17630"
"176339","20.104267120361328","20.104267120361328","20.104267120361328","17633","17633","17633"
"176349","18.864662170410156","18.864662170410156","18.864662170410156","17634","17634","17634"
"176389","16.737342834472656","16.737342834472656","16.737342834472656","17638","17638","17638"
"176399","17.778181076049805","17.778181076049805","17.778181076049805","17639","17639","17639"
"176429","25.76523208618164","25.76523208618164","25.76523208618164","17642","17642","17642"
"176469","16.86673355102539","16.86673355102539","16.86673355102539","17646","17646","17646"
"176499","23.484676361083984","23.484676361083984","23.484676361083984","17649","17649","17649"
"176519","23.322235107421875","23.322235107421875","23.322235107421875","17651","17651","17651"
"176539","32.076805114746094","32.076805114746094","32.076805114746094","17653","17653","17653"
"176579","17.65395164489746","17.65395164489746","17.65395164489746","17657","17657","17657"
"176599","22.769412994384766","22.769412994384766","22.769412994384766","17659","17659","17659"
"176619","25.69894790649414","25.69894790649414","25.69894790649414","17661","17661","17661"
"176649","20.90752601623535","20.90752601623535","20.90752601623535","17664","17664","17664"
"176659","20.7536563873291","20.7536563873291","20.7536563873291","17665","17665","17665"
"176679","23.562145233154297","23.562145233154297","23.562145233154297","17667","17667","17667"
"176719","21.872535705566406","21.872535705566406","21.872535705566406","17671","17671","17671"
"176729","26.247575759887695","26.247575759887695","26.247575759887695","17672","17672","17672"
"176749","19.763208389282227","19.763208389282227","19.763208389282227","17674","17674","17674"
"176779","20.94036865234375","20.94036865234375","20.94036865234375","17677","17677","17677"
"176789","22.276966094970703","22.276966094970703","22.276966094970703","17678","17678","17678"
"176809","22.885377883911133","22.885377883911133","22.885377883911133","17680","17680","17680"
"176829","23.594982147216797","23.594982147216797","23.594982147216797","17682","17682","17682"
"176849","19.35272979736328","19.35272979736328","19.35272979736328","17684","17684","17684"
"176889","19.641969680786133","19.641969680786133","19.641969680786133","17688","17688","17688"
"176899","18.669986724853516","18.669986724853516","18.669986724853516","17689","17689","17689"
"176929","19.579355239868164","19.579355239868164","19.579355239868164","17692","17692","17692"
"176949","27.08685302734375","27.08685302734375","27.08685302734375","17694","17694","17694"
"176989","17.718172073364258","17.718172073364258","17.718172073364258","17698","17698","17698"
"176999","19.15701675415039","19.15701675415039","19.15701675415039","17699","17699","17699"
"177019","25.45999526977539","25.45999526977539","25.45999526977539","17701","17701","17701"
"177029","21.529979705810547","21.529979705810547","21.529979705810547","17702","17702","17702"
"177039","19.70582389831543","19.70582389831543","19.70582389831543","17703","17703","17703"
"177069","23.023967742919922","23.023967742919922","23.023967742919922","17706","17706","17706"
"177149","22.395095825195312","22.395095825195312","22.395095825195312","17714","17714","17714"
"177169","24.016990661621094","24.016990661621094","24.016990661621094","17716","17716","17716"
"177189","25.125797271728516","25.125797271728516","25.125797271728516","17718","17718","17718"
"177239","26.43579864501953","26.43579864501953","26.43579864501953","17723","17723","17723"
"177269","23.34833526611328","23.34833526611328","23.34833526611328","17726","17726","17726"
"177339","19.460620880126953","19.460620880126953","19.460620880126953","17733","17733","17733"
"177349","19.569339752197266","19.569339752197266","19.569339752197266","17734","17734","17734"
"177379","21.188343048095703","21.188343048095703","21.188343048095703","17737","17737","17737"
"177389","18.183414459228516","18.183414459228516","18.183414459228516","17738","17738","17738"
"177419","27.505645751953125","27.505645751953125","27.505645751953125","17741","17741","17741"
"177439","25.686050415039062","25.686050415039062","25.686050415039062","17743","17743","17743"
"177459","19.17510223388672","19.17510223388672","19.17510223388672","17745","17745","17745"
"177469","24.876644134521484","24.876644134521484","24.876644134521484","17746","17746","17746"
"177479","17.95914649963379","17.95914649963379","17.95914649963379","17747","17747","17747"
"177489","22.293087005615234","22.293087005615234","22.293087005615234","17748","17748","17748"
"177499","20.462810516357422","20.462810516357422","20.462810516357422","17749","17749","17749"
"177569","22.20538330078125","22.20538330078125","22.20538330078125","17756","17756","17756"
"177609","23.952085494995117","23.952085494995117","23.952085494995117","17760","17760","17760"
"177629","21.601770401000977","21.601770401000977","21.601770401000977","17762","17762","17762"
"177649","25.6400089263916","25.6400089263916","25.6400089263916","17764","17764","17764"
"177659","21.90050506591797","21.90050506591797","21.90050506591797","17765","17765","17765"
"177679","22.93014907836914","22.93014907836914","22.93014907836914","17767","17767","17767"
"177689","25.229530334472656","25.229530334472656","25.229530334472656","17768","17768","17768"
"177769","19.358497619628906","19.358497619628906","19.358497619628906","17776","17776","17776"
"177789","20.8043155670166","20.8043155670166","20.8043155670166","17778","17778","17778"
"177819","24.096017837524414","24.096017837524414","24.096017837524414","17781","17781","17781"
"177829","21.579904556274414","21.579904556274414","21.579904556274414","17782","17782","17782"
"177849","19.125093460083008","19.125093460083008","19.125093460083008","17784","17784","17784"
"177859","25.93539810180664","25.93539810180664","25.93539810180664","17785","17785","17785"
"177899","20.708053588867188","20.708053588867188","20.708053588867188","17789","17789","17789"
"177919","23.265949249267578","23.265949249267578","23.265949249267578","17791","17791","17791"
"177959","19.272245407104492","19.272245407104492","19.272245407104492","17795","17795","17795"
"177979","20.401857376098633","20.401857376098633","20.401857376098633","17797","17797","17797"
"177989","23.338590621948242","23.338590621948242","23.338590621948242","17798","17798","17798"
"177999","19.246246337890625","19.246246337890625","19.246246337890625","17799","17799","17799"
"178069","24.296049118041992","24.296049118041992","24.296049118041992","17806","17806","17806"
"178099","18.991397857666016","18.991397857666016","18.991397857666016","17809","17809","17809"
"178199","19.26740074157715","19.26740074157715","19.26740074157715","17819","17819","17819"
"178209","26.1705322265625","26.1705322265625","26.1705322265625","17820","17820","17820"
"178249","22.555370330810547","22.555370330810547","22.555370330810547","17824","17824","17824"
"178339","18.489887237548828","18.489887237548828","18.489887237548828","17833","17833","17833"
"178359","22.595766067504883","22.595766067504883","22.595766067504883","17835","17835","17835"
"178379","22.54023551940918","22.54023551940918","22.54023551940918","17837","17837","17837"
"178409","19.094022750854492","19.094022750854492","19.094022750854492","17840","17840","17840"
"178439","20.000120162963867","20.000120162963867","20.000120162963867","17843","17843","17843"
"178449","24.227733612060547","24.227733612060547","24.227733612060547","17844","17844","17844"
"178479","25.644412994384766","25.644412994384766","25.644412994384766","17847","17847","17847"
"178499","21.975351333618164","21.975351333618164","21.975351333618164","17849","17849","17849"
"178509","16.12384033203125","16.12384033203125","16.12384033203125","17850","17850","17850"
"178529","18.88007354736328","18.88007354736328","18.88007354736328","17852","17852","17852"
"178549","22.177467346191406","22.177467346191406","22.177467346191406","17854","17854","17854"
"178579","21.611684799194336","21.611684799194336","21.611684799194336","17857","17857","17857"
"178589","18.96356773376465","18.96356773376465","18.96356773376465","17858","17858","17858"
"178609","25.09370231628418","25.09370231628418","25.09370231628418","17860","17860","17860"
"178619","22.106609344482422","22.106609344482422","22.106609344482422","17861","17861","17861"
"178659","23.689632415771484","23.689632415771484","23.689632415771484","17865","17865","17865"
"178669","22.532915115356445","22.532915115356445","22.532915115356445","17866","17866","17866"
"178709","29.229095458984375","29.229095458984375","29.229095458984375","17870","17870","17870"
"178719","22.50480842590332","22.50480842590332","22.50480842590332","17871","17871","17871"
"178729","22.662443161010742","22.662443161010742","22.662443161010742","17872","17872","17872"
"178739","22.139541625976562","22.139541625976562","22.139541625976562","17873","17873","17873"
"178779","19.351608276367188","19.351608276367188","19.351608276367188","17877","17877","17877"
"178799","25.363468170166016","25.363468170166016","25.363468170166016","17879","17879","17879"
"178809","20.170978546142578","20.170978546142578","20.170978546142578","17880","17880","17880"
"178829","25.307811737060547","25.307811737060547","25.307811737060547","17882","17882","17882"
"178839","16.716054916381836","16.716054916381836","16.716054916381836","17883","17883","17883"
"178879","22.751785278320312","22.751785278320312","22.751785278320312","17887","17887","17887"
"178989","18.77766990661621","18.77766990661621","18.77766990661621","17898","17898","17898"
"178999","21.124515533447266","21.124515533447266","21.124515533447266","17899","17899","17899"
"179039","21.94588851928711","21.94588851928711","21.94588851928711","17903","17903","17903"
"179069","22.619718551635742","22.619718551635742","22.619718551635742","17906","17906","17906"
"179089","19.831701278686523","19.831701278686523","19.831701278686523","17908","17908","17908"
"179129","24.320348739624023","24.320348739624023","24.320348739624023","17912","17912","17912"
"179159","19.932111740112305","19.932111740112305","19.932111740112305","17915","17915","17915"
"179189","18.75223731994629","18.75223731994629","18.75223731994629","17918","17918","17918"
"179209","20.537458419799805","20.537458419799805","20.537458419799805","17920","17920","17920"
"179229","22.420074462890625","22.420074462890625","22.420074462890625","17922","17922","17922"
"179259","22.236711502075195","22.236711502075195","22.236711502075195","17925","17925","17925"
"179329","29.0100154876709","29.0100154876709","29.0100154876709","17932","17932","17932"
"179339","21.673038482666016","21.673038482666016","21.673038482666016","17933","17933","17933"
"179369","20.452678680419922","20.452678680419922","20.452678680419922","17936","17936","17936"
"179429","26.025650024414062","26.025650024414062","26.025650024414062","17942","17942","17942"
"179449","21.82947540283203","21.82947540283203","21.82947540283203","17944","17944","17944"
"179499","23.591829299926758","23.591829299926758","23.591829299926758","17949","17949","17949"
"179509","22.56206703186035","22.56206703186035","22.56206703186035","17950","17950","17950"
"179529","22.15059471130371","22.15059471130371","22.15059471130371","17952","17952","17952"
"179539","24.380359649658203","24.380359649658203","24.380359649658203","17953","17953","17953"
"179619","19.10498046875","19.10498046875","19.10498046875","17961","17961","17961"
"179629","23.024105072021484","23.024105072021484","23.024105072021484","17962","17962","17962"
"179639","20.10498809814453","20.10498809814453","20.10498809814453","17963","17963","17963"
"179649","22.156171798706055","22.156171798706055","22.156171798706055","17964","17964","17964"
"179659","24.052993774414062","24.052993774414062","24.052993774414062","17965","17965","17965"
"179709","26.14996337890625","26.14996337890625","26.14996337890625","17970","17970","17970"
"179749","20.90289306640625","20.90289306640625","20.90289306640625","17974","17974","17974"
"179759","17.41524887084961","17.41524887084961","17.41524887084961","17975","17975","17975"
"179819","18.966602325439453","18.966602325439453","18.966602325439453","17981","17981","17981"
"179859","22.79351043701172","22.79351043701172","22.79351043701172","17985","17985","17985"
"179879","16.310102462768555","16.310102462768555","16.310102462768555","17987","17987","17987"
"179899","21.498449325561523","21.498449325561523","21.498449325561523","17989","17989","17989"
"179909","48.21269607543945","48.21269607543945","48.21269607543945","17990","17990","17990"
"179949","17.9624080657959","17.9624080657959","17.9624080657959","17994","17994","17994"
"179959","22.55607032775879","22.55607032775879","22.55607032775879","17995","17995","17995"
"179979","21.197105407714844","21.197105407714844","21.197105407714844","17997","17997","17997"
"179989","23.159944534301758","23.159944534301758","23.159944534301758","17998","17998","17998"
"180009","30.463764190673828","30.463764190673828","30.463764190673828","18000","18000","18000"
"180039","21.37020492553711","21.37020492553711","21.37020492553711","18003","18003","18003"
"180069","19.84449005126953","19.84449005126953","19.84449005126953","18006","18006","18006"
"180129","21.398908615112305","21.398908615112305","21.398908615112305","18012","18012","18012"
"180169","21.361278533935547","21.361278533935547","21.361278533935547","18016","18016","18016"
"180229","19.534006118774414","19.534006118774414","19.534006118774414","18022","18022","18022"
"180249","21.49638557434082","21.49638557434082","21.49638557434082","18024","18024","18024"
"180269","27.745731353759766","27.745731353759766","27.745731353759766","18026","18026","18026"
"180309","22.891510009765625","22.891510009765625","22.891510009765625","18030","18030","18030"
"180319","18.087255477905273","18.087255477905273","18.087255477905273","18031","18031","18031"
"180339","21.11532211303711","21.11532211303711","21.11532211303711","18033","18033","18033"
"180369","20.12042999267578","20.12042999267578","20.12042999267578","18036","18036","18036"
"180379","16.394948959350586","16.394948959350586","16.394948959350586","18037","18037","18037"
"180389","25.986501693725586","25.986501693725586","25.986501693725586","18038","18038","18038"
"180409","25.31149673461914","25.31149673461914","25.31149673461914","18040","18040","18040"
"180459","19.179386138916016","19.179386138916016","19.179386138916016","18045","18045","18045"
"180479","24.957170486450195","24.957170486450195","24.957170486450195","18047","18047","18047"
"180509","19.095565795898438","19.095565795898438","19.095565795898438","18050","18050","18050"
"180529","20.970420837402344","20.970420837402344","20.970420837402344","18052","18052","18052"
"180539","17.966068267822266","17.966068267822266","17.966068267822266","18053","18053","18053"
"180549","20.569660186767578","20.569660186767578","20.569660186767578","18054","18054","18054"
"180599","22.835697174072266","22.835697174072266","22.835697174072266","18059","18059","18059"
"180619","20.967317581176758","20.967317581176758","20.967317581176758","18061","18061","18061"
"180679","21.04329490661621","21.04329490661621","21.04329490661621","18067","18067","18067"
"180689","19.361244201660156","19.361244201660156","19.361244201660156","18068","18068","18068"
"180759","25.583845138549805","25.583845138549805","25.583845138549805","18075","18075","18075"
"180779","20.692020416259766","20.692020416259766","20.692020416259766","18077","18077","18077"
"180789","21.774892807006836","21.774892807006836","21.774892807006836","18078","18078","18078"
"180799","20.608505249023438","20.608505249023438","20.608505249023438","18079","18079","18079"
"180849","21.501768112182617","21.501768112182617","21.501768112182617","18084","18084","18084"
"180859","23.255779266357422","23.255779266357422","23.255779266357422","18085","18085","18085"
"180869","20.365488052368164","20.365488052368164","20.365488052368164","18086","18086","18086"
"180909","20.916126251220703","20.916126251220703","20.916126251220703","18090","18090","18090"
"180919","19.61461639404297","19.61461639404297","19.61461639404297","18091","18091","18091"
"180939","20.263240814208984","20.263240814208984","20.263240814208984","18093","18093","18093"
"180959","30.368986129760742","30.368986129760742","30.368986129760742","18095","18095","18095"
"181019","22.539453506469727","22.539453506469727","22.539453506469727","18101","18101","18101"
"181029","24.443862915039062","24.443862915039062","24.443862915039062","18102","18102","18102"
"181069","22.060001373291016","22.060001373291016","22.060001373291016","18106","18106","18106"
"181079","21.768892288208008","21.768892288208008","21.768892288208008","18107","18107","18107"
"181089","24.409469604492188","24.409469604492188","24.409469604492188","18108","18108","18108"
"181119","23.1212100982666","23.1212100982666","23.1212100982666","18111","18111","18111"
"181149","18.314498901367188","18.314498901367188","18.314498901367188","18114","18114","18114"
"181169","17.317138671875","17.317138671875","17.317138671875","18116","18116","18116"
"181179","21.799219131469727","21.799219131469727","21.799219131469727","18117","18117","18117"
"181189","22.340980529785156","22.340980529785156","22.340980529785156","18118","18118","18118"
"181209","24.496990203857422","24.496990203857422","24.496990203857422","18120","18120","18120"
"181219","21.694225311279297","21.694225311279297","21.694225311279297","18121","18121","18121"
"181239","17.26372528076172","17.26372528076172","17.26372528076172","18123","18123","18123"
"181259","24.723247528076172","24.723247528076172","24.723247528076172","18125","18125","18125"
"181289","21.705293655395508","21.705293655395508","21.705293655395508","18128","18128","18128"
"181299","25.69049072265625","25.69049072265625","25.69049072265625","18129","18129","18129"
"181309","22.106815338134766","22.106815338134766","22.106815338134766","18130","18130","18130"
"181359","23.10218620300293","23.10218620300293","23.10218620300293","18135","18135","18135"
"181369","20.435546875","20.435546875","20.435546875","18136","18136","18136"
"181399","19.435497283935547","19.435497283935547","19.435497283935547","18139","18139","18139"
"181409","20.49041175842285","20.49041175842285","20.49041175842285","18140","18140","18140"
"181439","22.022415161132812","22.022415161132812","22.022415161132812","18143","18143","18143"
"181449","24.338367462158203","24.338367462158203","24.338367462158203","18144","18144","18144"
"181509","23.25993537902832","23.25993537902832","23.25993537902832","18150","18150","18150"
"181529","20.084257125854492","20.084257125854492","20.084257125854492","18152","18152","18152"
"181589","27.711318969726562","27.711318969726562","27.711318969726562","18158","18158","18158"
"181609","22.759403228759766","22.759403228759766","22.759403228759766","18160","18160","18160"
"181619","20.40970802307129","20.40970802307129","20.40970802307129","18161","18161","18161"
"181629","20.764080047607422","20.764080047607422","20.764080047607422","18162","18162","18162"
"181659","21.1154727935791","21.1154727935791","21.1154727935791","18165","18165","18165"
"181709","18.171937942504883","18.171937942504883","18.171937942504883","18170","18170","18170"
"181719","17.64129066467285","17.64129066467285","17.64129066467285","18171","18171","18171"
"181729","20.306318283081055","20.306318283081055","20.306318283081055","18172","18172","18172"
"181759","17.962148666381836","17.962148666381836","17.962148666381836","18175","18175","18175"
"181769","31.763797760009766","31.763797760009766","31.763797760009766","18176","18176","18176"
"181809","18.800745010375977","18.800745010375977","18.800745010375977","18180","18180","18180"
"181819","24.49321937561035","24.49321937561035","24.49321937561035","18181","18181","18181"
"181849","20.03646469116211","20.03646469116211","20.03646469116211","18184","18184","18184"
"181859","18.864418029785156","18.864418029785156","18.864418029785156","18185","18185","18185"
"181899","17.031932830810547","17.031932830810547","17.031932830810547","18189","18189","18189"
"181919","26.057186126708984","26.057186126708984","26.057186126708984","18191","18191","18191"
"181929","24.22962760925293","24.22962760925293","24.22962760925293","18192","18192","18192"
"181969","17.367216110229492","17.367216110229492","17.367216110229492","18196","18196","18196"
"182009","20.506288528442383","20.506288528442383","20.506288528442383","18200","18200","18200"
"182029","21.63628387451172","21.63628387451172","21.63628387451172","18202","18202","18202"
"182049","18.707542419433594","18.707542419433594","18.707542419433594","18204","18204","18204"
"182069","26.757946014404297","26.757946014404297","26.757946014404297","18206","18206","18206"
"182169","27.667665481567383","27.667665481567383","27.667665481567383","18216","18216","18216"
"182179","19.548402786254883","19.548402786254883","19.548402786254883","18217","18217","18217"
"182209","22.833118438720703","22.833118438720703","22.833118438720703","18220","18220","18220"
"182249","43.370819091796875","43.370819091796875","43.370819091796875","18224","18224","18224"
"182259","19.199068069458008","19.199068069458008","19.199068069458008","18225","18225","18225"
"182269","20.060314178466797","20.060314178466797","20.060314178466797","18226","18226","18226"
"182279","23.390079498291016","23.390079498291016","23.390079498291016","18227","18227","18227"
"182359","18.704683303833008","18.704683303833008","18.704683303833008","18235","18235","18235"
"182389","23.530029296875","23.530029296875","23.530029296875","18238","18238","18238"
"182429","21.18318748474121","21.18318748474121","21.18318748474121","18242","18242","18242"
"182459","20.648000717163086","20.648000717163086","20.648000717163086","18245","18245","18245"
"182469","22.26441192626953","22.26441192626953","22.26441192626953","18246","18246","18246"
"182539","21.809062957763672","21.809062957763672","21.809062957763672","18253","18253","18253"
"182559","20.90823745727539","20.90823745727539","20.90823745727539","18255","18255","18255"
"182569","16.953266143798828","16.953266143798828","16.953266143798828","18256","18256","18256"
"182599","23.598316192626953","23.598316192626953","23.598316192626953","18259","18259","18259"
"182619","22.942291259765625","22.942291259765625","22.942291259765625","18261","18261","18261"
"182649","23.22400665283203","23.22400665283203","23.22400665283203","18264","18264","18264"
"182659","19.474489212036133","19.474489212036133","19.474489212036133","18265","18265","18265"
"182679","21.372514724731445","21.372514724731445","21.372514724731445","18267","18267","18267"
"182749","22.743267059326172","22.743267059326172","22.743267059326172","18274","18274","18274"
"182769","27.01410675048828","27.01410675048828","27.01410675048828","18276","18276","18276"
"182789","28.438867568969727","28.438867568969727","28.438867568969727","18278","18278","18278"
"182809","25.53982162475586","25.53982162475586","25.53982162475586","18280","18280","18280"
"182839","23.108963012695312","23.108963012695312","23.108963012695312","18283","18283","18283"
"182879","25.178390502929688","25.178390502929688","25.178390502929688","18287","18287","18287"
"182889","19.39816665649414","19.39816665649414","19.39816665649414","18288","18288","18288"
"182899","24.992733001708984","24.992733001708984","24.992733001708984","18289","18289","18289"
"182909","15.354857444763184","15.354857444763184","15.354857444763184","18290","18290","18290"
"182929","19.828956604003906","19.828956604003906","19.828956604003906","18292","18292","18292"
"182939","20.372806549072266","20.372806549072266","20.372806549072266","18293","18293","18293"
"182999","20.245019912719727","20.245019912719727","20.245019912719727","18299","18299","18299"
"183009","21.05594253540039","21.05594253540039","21.05594253540039","18300","18300","18300"
"183019","22.44257164001465","22.44257164001465","22.44257164001465","18301","18301","18301"
"183039","20.523202896118164","20.523202896118164","20.523202896118164","18303","18303","18303"
"183069","21.205890655517578","21.205890655517578","21.205890655517578","18306","18306","18306"
"183079","20.147432327270508","20.147432327270508","20.147432327270508","18307","18307","18307"
"183119","17.069604873657227","17.069604873657227","17.069604873657227","18311","18311","18311"
"183129","24.260976791381836","24.260976791381836","24.260976791381836","18312","18312","18312"
"183189","20.546146392822266","20.546146392822266","20.546146392822266","18318","18318","18318"
"183219","20.664878845214844","20.664878845214844","20.664878845214844","18321","18321","18321"
"183239","20.853647232055664","20.853647232055664","20.853647232055664","18323","18323","18323"
"183289","23.514793395996094","23.514793395996094","23.514793395996094","18328","18328","18328"
"183299","21.860288619995117","21.860288619995117","21.860288619995117","18329","18329","18329"
"183319","21.886157989501953","21.886157989501953","21.886157989501953","18331","18331","18331"
"183339","25.774938583374023","25.774938583374023","25.774938583374023","18333","18333","18333"
"183369","18.720277786254883","18.720277786254883","18.720277786254883","18336","18336","18336"
"183399","23.391328811645508","23.391328811645508","23.391328811645508","18339","18339","18339"
"183469","21.79371452331543","21.79371452331543","21.79371452331543","18346","18346","18346"
"183489","20.00185203552246","20.00185203552246","20.00185203552246","18348","18348","18348"
"183509","18.059045791625977","18.059045791625977","18.059045791625977","18350","18350","18350"
"183569","18.587717056274414","18.587717056274414","18.587717056274414","18356","18356","18356"
"183629","23.04943084716797","23.04943084716797","23.04943084716797","18362","18362","18362"
"183639","18.21580696105957","18.21580696105957","18.21580696105957","18363","18363","18363"
"183649","22.516420364379883","22.516420364379883","22.516420364379883","18364","18364","18364"
"183699","23.679229736328125","23.679229736328125","23.679229736328125","18369","18369","18369"
"183719","18.84146499633789","18.84146499633789","18.84146499633789","18371","18371","18371"
"183729","25.6911563873291","25.6911563873291","25.6911563873291","18372","18372","18372"
"183749","20.445775985717773","20.445775985717773","20.445775985717773","18374","18374","18374"
"183809","22.108430862426758","22.108430862426758","22.108430862426758","18380","18380","18380"
"183849","23.268754959106445","23.268754959106445","23.268754959106445","18384","18384","18384"
"183879","20.72419548034668","20.72419548034668","20.72419548034668","18387","18387","18387"
"183909","23.606731414794922","23.606731414794922","23.606731414794922","18390","18390","18390"
"183949","22.177038192749023","22.177038192749023","22.177038192749023","18394","18394","18394"
"183969","22.67667007446289","22.67667007446289","22.67667007446289","18396","18396","18396"
"183979","22.929391860961914","22.929391860961914","22.929391860961914","18397","18397","18397"
"183989","23.442724227905273","23.442724227905273","23.442724227905273","18398","18398","18398"
"184049","17.12047576904297","17.12047576904297","17.12047576904297","18404","18404","18404"
"184069","28.865196228027344","28.865196228027344","28.865196228027344","18406","18406","18406"
"184089","19.228784561157227","19.228784561157227","19.228784561157227","18408","18408","18408"
"184099","21.60497283935547","21.60497283935547","21.60497283935547","18409","18409","18409"
"184129","22.360872268676758","22.360872268676758","22.360872268676758","18412","18412","18412"
"184149","28.142744064331055","28.142744064331055","28.142744064331055","18414","18414","18414"
"184159","22.03628921508789","22.03628921508789","22.03628921508789","18415","18415","18415"
"184169","21.351884841918945","21.351884841918945","21.351884841918945","18416","18416","18416"
"184179","29.50080108642578","29.50080108642578","29.50080108642578","18417","18417","18417"
"184199","22.554059982299805","22.554059982299805","22.554059982299805","18419","18419","18419"
"184229","19.326688766479492","19.326688766479492","19.326688766479492","18422","18422","18422"
"184259","22.74757957458496","22.74757957458496","22.74757957458496","18425","18425","18425"
"184269","19.02487564086914","19.02487564086914","19.02487564086914","18426","18426","18426"
"184289","16.887737274169922","16.887737274169922","16.887737274169922","18428","18428","18428"
"184299","21.378253936767578","21.378253936767578","21.378253936767578","18429","18429","18429"
"184309","24.31107521057129","24.31107521057129","24.31107521057129","18430","18430","18430"
"184319","22.010150909423828","22.010150909423828","22.010150909423828","18431","18431","18431"
"184359","23.69590950012207","23.69590950012207","23.69590950012207","18435","18435","18435"
"184369","18.448543548583984","18.448543548583984","18.448543548583984","18436","18436","18436"
"184379","18.926572799682617","18.926572799682617","18.926572799682617","18437","18437","18437"
"184399","23.622346878051758","23.622346878051758","23.622346878051758","18439","18439","18439"
"184409","21.782739639282227","21.782739639282227","21.782739639282227","18440","18440","18440"
"184419","21.571020126342773","21.571020126342773","21.571020126342773","18441","18441","18441"
"184469","19.725906372070312","19.725906372070312","19.725906372070312","18446","18446","18446"
"184489","20.78788948059082","20.78788948059082","20.78788948059082","18448","18448","18448"
"184499","23.510276794433594","23.510276794433594","23.510276794433594","18449","18449","18449"
"184509","20.988508224487305","20.988508224487305","20.988508224487305","18450","18450","18450"
"184519","26.946971893310547","26.946971893310547","26.946971893310547","18451","18451","18451"
"184529","23.79644012451172","23.79644012451172","23.79644012451172","18452","18452","18452"
"184539","19.873104095458984","19.873104095458984","19.873104095458984","18453","18453","18453"
"184559","23.124216079711914","23.124216079711914","23.124216079711914","18455","18455","18455"
"184579","19.443885803222656","19.443885803222656","19.443885803222656","18457","18457","18457"
"184589","21.229347229003906","21.229347229003906","21.229347229003906","18458","18458","18458"
"184659","16.342853546142578","16.342853546142578","16.342853546142578","18465","18465","18465"
"184689","22.762407302856445","22.762407302856445","22.762407302856445","18468","18468","18468"
"184699","18.75234603881836","18.75234603881836","18.75234603881836","18469","18469","18469"
"184709","20.02932357788086","20.02932357788086","20.02932357788086","18470","18470","18470"
"184739","20.24631690979004","20.24631690979004","20.24631690979004","18473","18473","18473"
"184769","20.430994033813477","20.430994033813477","20.430994033813477","18476","18476","18476"
"184789","22.271869659423828","22.271869659423828","22.271869659423828","18478","18478","18478"
"184829","22.51531982421875","22.51531982421875","22.51531982421875","18482","18482","18482"
"184839","18.488731384277344","18.488731384277344","18.488731384277344","18483","18483","18483"
"184869","17.56869888305664","17.56869888305664","17.56869888305664","18486","18486","18486"
"184889","19.72272300720215","19.72272300720215","19.72272300720215","18488","18488","18488"
"184919","19.221250534057617","19.221250534057617","19.221250534057617","18491","18491","18491"
"184939","19.620525360107422","19.620525360107422","19.620525360107422","18493","18493","18493"
"184979","21.502981185913086","21.502981185913086","21.502981185913086","18497","18497","18497"
"184999","17.61147689819336","17.61147689819336","17.61147689819336","18499","18499","18499"
"185029","22.240158081054688","22.240158081054688","22.240158081054688","18502","18502","18502"
"185059","20.2697811126709","20.2697811126709","20.2697811126709","18505","18505","18505"
"185069","20.84797477722168","20.84797477722168","20.84797477722168","18506","18506","18506"
"185099","22.680450439453125","22.680450439453125","22.680450439453125","18509","18509","18509"
"185169","22.858440399169922","22.858440399169922","22.858440399169922","18516","18516","18516"
"185179","21.30097770690918","21.30097770690918","21.30097770690918","18517","18517","18517"
"185199","22.272266387939453","22.272266387939453","22.272266387939453","18519","18519","18519"
"185209","22.188255310058594","22.188255310058594","22.188255310058594","18520","18520","18520"
"185219","20.83572769165039","20.83572769165039","20.83572769165039","18521","18521","18521"
"185249","22.79802703857422","22.79802703857422","22.79802703857422","18524","18524","18524"
"185289","19.443889617919922","19.443889617919922","19.443889617919922","18528","18528","18528"
"185309","26.791297912597656","26.791297912597656","26.791297912597656","18530","18530","18530"
"185319","19.921524047851562","19.921524047851562","19.921524047851562","18531","18531","18531"
"185329","23.072845458984375","23.072845458984375","23.072845458984375","18532","18532","18532"
"185359","21.964630126953125","21.964630126953125","21.964630126953125","18535","18535","18535"
"185419","19.771575927734375","19.771575927734375","19.771575927734375","18541","18541","18541"
"185429","20.929475784301758","20.929475784301758","20.929475784301758","18542","18542","18542"
"185449","23.621191024780273","23.621191024780273","23.621191024780273","18544","18544","18544"
"185499","20.584794998168945","20.584794998168945","20.584794998168945","18549","18549","18549"
"185509","18.35567855834961","18.35567855834961","18.35567855834961","18550","18550","18550"
"185529","22.269798278808594","22.269798278808594","22.269798278808594","18552","18552","18552"
"185669","29.796436309814453","29.796436309814453","29.796436309814453","18566","18566","18566"
"185679","17.714397430419922","17.714397430419922","17.714397430419922","18567","18567","18567"
"185689","18.903093338012695","18.903093338012695","18.903093338012695","18568","18568","18568"
"185709","20.851104736328125","20.851104736328125","20.851104736328125","18570","18570","18570"
"185739","21.977270126342773","21.977270126342773","21.977270126342773","18573","18573","18573"
"185769","17.998821258544922","17.998821258544922","17.998821258544922","18576","18576","18576"
"185789","19.100156784057617","19.100156784057617","19.100156784057617","18578","18578","18578"
"185799","25.212265014648438","25.212265014648438","25.212265014648438","18579","18579","18579"
"185809","17.869136810302734","17.869136810302734","17.869136810302734","18580","18580","18580"
"185839","19.973201751708984","19.973201751708984","19.973201751708984","18583","18583","18583"
"185849","20.881107330322266","20.881107330322266","20.881107330322266","18584","18584","18584"
"185879","22.06159210205078","22.06159210205078","22.06159210205078","18587","18587","18587"
"185899","21.28903579711914","21.28903579711914","21.28903579711914","18589","18589","18589"
"185939","26.456802368164062","26.456802368164062","26.456802368164062","18593","18593","18593"
"185999","25.27543067932129","25.27543067932129","25.27543067932129","18599","18599","18599"
"186049","22.443645477294922","22.443645477294922","22.443645477294922","18604","18604","18604"
"186059","17.765714645385742","17.765714645385742","17.765714645385742","18605","18605","18605"
"186109","22.030445098876953","22.030445098876953","22.030445098876953","18610","18610","18610"
"186129","18.50843620300293","18.50843620300293","18.50843620300293","18612","18612","18612"
"186199","19.921756744384766","19.921756744384766","19.921756744384766","18619","18619","18619"
"186219","19.973773956298828","19.973773956298828","19.973773956298828","18621","18621","18621"
"186279","38.962188720703125","38.962188720703125","38.962188720703125","18627","18627","18627"
"186299","20.80194854736328","20.80194854736328","20.80194854736328","18629","18629","18629"
"186319","22.54204559326172","22.54204559326172","22.54204559326172","18631","18631","18631"
"186349","18.91972541809082","18.91972541809082","18.91972541809082","18634","18634","18634"
"186359","20.000247955322266","20.000247955322266","20.000247955322266","18635","18635","18635"
"186369","19.075809478759766","19.075809478759766","19.075809478759766","18636","18636","18636"
"186389","27.778566360473633","27.778566360473633","27.778566360473633","18638","18638","18638"
"186479","22.190128326416016","22.190128326416016","22.190128326416016","18647","18647","18647"
"186509","19.252601623535156","19.252601623535156","19.252601623535156","18650","18650","18650"
"186529","20.966167449951172","20.966167449951172","20.966167449951172","18652","18652","18652"
"186569","25.67340087890625","25.67340087890625","25.67340087890625","18656","18656","18656"
"186609","18.21637535095215","18.21637535095215","18.21637535095215","18660","18660","18660"
"186639","20.392026901245117","20.392026901245117","20.392026901245117","18663","18663","18663"
"186669","26.643352508544922","26.643352508544922","26.643352508544922","18666","18666","18666"
"186679","18.32965850830078","18.32965850830078","18.32965850830078","18667","18667","18667"
"186689","22.11520004272461","22.11520004272461","22.11520004272461","18668","18668","18668"
"186699","19.555561065673828","19.555561065673828","19.555561065673828","18669","18669","18669"
"186719","18.666292190551758","18.666292190551758","18.666292190551758","18671","18671","18671"
"186729","21.440086364746094","21.440086364746094","21.440086364746094","18672","18672","18672"
"186779","21.651107788085938","21.651107788085938","21.651107788085938","18677","18677","18677"
"186829","20.990087509155273","20.990087509155273","20.990087509155273","18682","18682","18682"
"186849","19.594375610351562","19.594375610351562","19.594375610351562","18684","18684","18684"
"186889","18.323808670043945","18.323808670043945","18.323808670043945","18688","18688","18688"
"186919","17.24822998046875","17.24822998046875","17.24822998046875","18691","18691","18691"
"186929","23.500377655029297","23.500377655029297","23.500377655029297","18692","18692","18692"
"186949","19.431020736694336","19.431020736694336","19.431020736694336","18694","18694","18694"
"186989","23.418437957763672","23.418437957763672","23.418437957763672","18698","18698","18698"
"187009","19.788700103759766","19.788700103759766","19.788700103759766","18700","18700","18700"
"187049","17.003917694091797","17.003917694091797","17.003917694091797","18704","18704","18704"
"187069","22.078977584838867","22.078977584838867","22.078977584838867","18706","18706","18706"
"187079","17.35327911376953","17.35327911376953","17.35327911376953","18707","18707","18707"
"187099","23.454076766967773","23.454076766967773","23.454076766967773","18709","18709","18709"
"187109","19.65846824645996","19.65846824645996","19.65846824645996","18710","18710","18710"
"187139","22.567188262939453","22.567188262939453","22.567188262939453","18713","18713","18713"
"187159","23.165983200073242","23.165983200073242","23.165983200073242","18715","18715","18715"
"187169","19.605491638183594","19.605491638183594","19.605491638183594","18716","18716","18716"
"187209","16.64847183227539","16.64847183227539","16.64847183227539","18720","18720","18720"
"187219","17.238317489624023","17.238317489624023","17.238317489624023","18721","18721","18721"
"187249","17.040496826171875","17.040496826171875","17.040496826171875","18724","18724","18724"
"187279","25.838481903076172","25.838481903076172","25.838481903076172","18727","18727","18727"
"187299","27.415681838989258","27.415681838989258","27.415681838989258","18729","18729","18729"
"187339","20.625263214111328","20.625263214111328","20.625263214111328","18733","18733","18733"
"187389","20.764034271240234","20.764034271240234","20.764034271240234","18738","18738","18738"
"187399","23.622913360595703","23.622913360595703","23.622913360595703","18739","18739","18739"
"187429","22.628995895385742","22.628995895385742","22.628995895385742","18742","18742","18742"
"187539","20.339584350585938","20.339584350585938","20.339584350585938","18753","18753","18753"
"187549","21.380876541137695","21.380876541137695","21.380876541137695","18754","18754","18754"
"187629","18.55315399169922","18.55315399169922","18.55315399169922","18762","18762","18762"
"187689","23.626283645629883","23.626283645629883","23.626283645629883","18768","18768","18768"
"187709","22.04327964782715","22.04327964782715","22.04327964782715","18770","18770","18770"
"187729","20.572895050048828","20.572895050048828","20.572895050048828","18772","18772","18772"
"187759","20.375019073486328","20.375019073486328","20.375019073486328","18775","18775","18775"
"187799","20.109201431274414","20.109201431274414","20.109201431274414","18779","18779","18779"
"187809","19.533401489257812","19.533401489257812","19.533401489257812","18780","18780","18780"
"187819","16.860279083251953","16.860279083251953","16.860279083251953","18781","18781","18781"
"187879","21.372467041015625","21.372467041015625","21.372467041015625","18787","18787","18787"
"187899","23.934396743774414","23.934396743774414","23.934396743774414","18789","18789","18789"
"187909","23.588455200195312","23.588455200195312","23.588455200195312","18790","18790","18790"
"187929","19.594375610351562","19.594375610351562","19.594375610351562","18792","18792","18792"
"187949","19.283809661865234","19.283809661865234","19.283809661865234","18794","18794","18794"
"187959","20.0526065826416","20.0526065826416","20.0526065826416","18795","18795","18795"
"187969","24.931507110595703","24.931507110595703","24.931507110595703","18796","18796","18796"
"187989","19.57405662536621","19.57405662536621","19.57405662536621","18798","18798","18798"
"187999","23.570892333984375","23.570892333984375","23.570892333984375","18799","18799","18799"
"188029","29.65601921081543","29.65601921081543","29.65601921081543","18802","18802","18802"
"188059","23.050870895385742","23.050870895385742","23.050870895385742","18805","18805","18805"
"188069","19.456308364868164","19.456308364868164","19.456308364868164","18806","18806","18806"
"188109","26.65732192993164","26.65732192993164","26.65732192993164","18810","18810","18810"
"188179","17.933916091918945","17.933916091918945","17.933916091918945","18817","18817","18817"
"188189","20.881986618041992","20.881986618041992","20.881986618041992","18818","18818","18818"
"188199","19.992355346679688","19.992355346679688","19.992355346679688","18819","18819","18819"
"188209","26.30707550048828","26.30707550048828","26.30707550048828","18820","18820","18820"
"188219","26.599939346313477","26.599939346313477","26.599939346313477","18821","18821","18821"
"188249","23.470905303955078","23.470905303955078","23.470905303955078","18824","18824","18824"
"188259","22.85293197631836","22.85293197631836","22.85293197631836","18825","18825","18825"
"188299","17.73671531677246","17.73671531677246","17.73671531677246","18829","18829","18829"
"188349","16.05512237548828","16.05512237548828","16.05512237548828","18834","18834","18834"
"188399","18.418533325195312","18.418533325195312","18.418533325195312","18839","18839","18839"
"188409","22.43732452392578","22.43732452392578","22.43732452392578","18840","18840","18840"
"188419","24.456335067749023","24.456335067749023","24.456335067749023","18841","18841","18841"
"188439","19.493263244628906","19.493263244628906","19.493263244628906","18843","18843","18843"
"188479","20.3214111328125","20.3214111328125","20.3214111328125","18847","18847","18847"
"188489","22.355133056640625","22.355133056640625","22.355133056640625","18848","18848","18848"
"188579","20.509695053100586","20.509695053100586","20.509695053100586","18857","18857","18857"
"188629","22.83559226989746","22.83559226989746","22.83559226989746","18862","18862","18862"
"188639","19.969064712524414","19.969064712524414","19.969064712524414","18863","18863","18863"
"188649","20.66219139099121","20.66219139099121","20.66219139099121","18864","18864","18864"
"188659","19.01944923400879","19.01944923400879","19.01944923400879","18865","18865","18865"
"188669","22.787700653076172","22.787700653076172","22.787700653076172","18866","18866","18866"
"188679","21.323026657104492","21.323026657104492","21.323026657104492","18867","18867","18867"
"188699","32.9675178527832","32.9675178527832","32.9675178527832","18869","18869","18869"
"188719","26.028377532958984","26.028377532958984","26.028377532958984","18871","18871","18871"
"188739","20.373445510864258","20.373445510864258","20.373445510864258","18873","18873","18873"
"188749","22.932626724243164","22.932626724243164","22.932626724243164","18874","18874","18874"
"188759","18.496492385864258","18.496492385864258","18.496492385864258","18875","18875","18875"
"188779","27.350717544555664","27.350717544555664","27.350717544555664","18877","18877","18877"
"188789","24.35974884033203","24.35974884033203","24.35974884033203","18878","18878","18878"
"188809","20.768112182617188","20.768112182617188","20.768112182617188","18880","18880","18880"
"188829","24.128013610839844","24.128013610839844","24.128013610839844","18882","18882","18882"
"188879","23.758943557739258","23.758943557739258","23.758943557739258","18887","18887","18887"
"188889","20.58540153503418","20.58540153503418","20.58540153503418","18888","18888","18888"
"188909","17.411882400512695","17.411882400512695","17.411882400512695","18890","18890","18890"
"188929","25.912500381469727","25.912500381469727","25.912500381469727","18892","18892","18892"
"188939","22.902223587036133","22.902223587036133","22.902223587036133","18893","18893","18893"
"188969","18.658308029174805","18.658308029174805","18.658308029174805","18896","18896","18896"
"188979","25.528438568115234","25.528438568115234","25.528438568115234","18897","18897","18897"
"189009","19.429214477539062","19.429214477539062","19.429214477539062","18900","18900","18900"
"189039","20.690462112426758","20.690462112426758","20.690462112426758","18903","18903","18903"
"189079","21.47437858581543","21.47437858581543","21.47437858581543","18907","18907","18907"
"189089","18.96532440185547","18.96532440185547","18.96532440185547","18908","18908","18908"
"189129","18.78099822998047","18.78099822998047","18.78099822998047","18912","18912","18912"
"189179","18.81882667541504","18.81882667541504","18.81882667541504","18917","18917","18917"
"189189","21.54074478149414","21.54074478149414","21.54074478149414","18918","18918","18918"
"189199","30.533464431762695","30.533464431762695","30.533464431762695","18919","18919","18919"
"189229","22.090354919433594","22.090354919433594","22.090354919433594","18922","18922","18922"
"189239","24.69709014892578","24.69709014892578","24.69709014892578","18923","18923","18923"
"189249","25.581083297729492","25.581083297729492","25.581083297729492","18924","18924","18924"
"189259","19.617393493652344","19.617393493652344","19.617393493652344","18925","18925","18925"
"189289","23.018644332885742","23.018644332885742","23.018644332885742","18928","18928","18928"
"189339","26.62963104248047","26.62963104248047","26.62963104248047","18933","18933","18933"
"189349","18.743696212768555","18.743696212768555","18.743696212768555","18934","18934","18934"
"189379","21.77649688720703","21.77649688720703","21.77649688720703","18937","18937","18937"
"189419","22.00164794921875","22.00164794921875","22.00164794921875","18941","18941","18941"
"189449","23.27976417541504","23.27976417541504","23.27976417541504","18944","18944","18944"
"189459","19.242572784423828","19.242572784423828","19.242572784423828","18945","18945","18945"
"189469","22.19776725769043","22.19776725769043","22.19776725769043","18946","18946","18946"
"189489","18.190786361694336","18.190786361694336","18.190786361694336","18948","18948","18948"
"189499","16.58709716796875","16.58709716796875","16.58709716796875","18949","18949","18949"
"189509","20.989866256713867","20.989866256713867","20.989866256713867","18950","18950","18950"
"189539","21.85207748413086","21.85207748413086","21.85207748413086","18953","18953","18953"
"189629","20.362396240234375","20.362396240234375","20.362396240234375","18962","18962","18962"
"189669","18.266908645629883","18.266908645629883","18.266908645629883","18966","18966","18966"
"189729","24.008880615234375","24.008880615234375","24.008880615234375","18972","18972","18972"
"189749","19.645856857299805","19.645856857299805","19.645856857299805","18974","18974","18974"
"189759","23.076446533203125","23.076446533203125","23.076446533203125","18975","18975","18975"
"189809","17.936708450317383","17.936708450317383","17.936708450317383","18980","18980","18980"
"189829","23.09544563293457","23.09544563293457","23.09544563293457","18982","18982","18982"
"189839","23.222122192382812","23.222122192382812","23.222122192382812","18983","18983","18983"
"189849","22.864891052246094","22.864891052246094","22.864891052246094","18984","18984","18984"
"189869","18.393198013305664","18.393198013305664","18.393198013305664","18986","18986","18986"
"189899","19.074377059936523","19.074377059936523","19.074377059936523","18989","18989","18989"
"189959","21.704608917236328","21.704608917236328","21.704608917236328","18995","18995","18995"
"189979","20.136098861694336","20.136098861694336","20.136098861694336","18997","18997","18997"
"189989","28.358856201171875","28.358856201171875","28.358856201171875","18998","18998","18998"
"190029","24.950149536132812","24.950149536132812","24.950149536132812","19002","19002","19002"
"190059","18.3884334564209","18.3884334564209","18.3884334564209","19005","19005","19005"
"190069","21.175670623779297","21.175670623779297","21.175670623779297","19006","19006","19006"
"190099","25.279815673828125","25.279815673828125","25.279815673828125","19009","19009","19009"
"190219","19.218154907226562","19.218154907226562","19.218154907226562","19021","19021","19021"
"190259","20.034038543701172","20.034038543701172","20.034038543701172","19025","19025","19025"
"190269","20.92989158630371","20.92989158630371","20.92989158630371","19026","19026","19026"
"190299","24.318382263183594","24.318382263183594","24.318382263183594","19029","19029","19029"
"190319","22.761615753173828","22.761615753173828","22.761615753173828","19031","19031","19031"
"190369","22.841445922851562","22.841445922851562","22.841445922851562","19036","19036","19036"
"190399","25.10253143310547","25.10253143310547","25.10253143310547","19039","19039","19039"
"190419","20.000104904174805","20.000104904174805","20.000104904174805","19041","19041","19041"
"190439","16.88298797607422","16.88298797607422","16.88298797607422","19043","19043","19043"
"190459","21.13465118408203","21.13465118408203","21.13465118408203","19045","19045","19045"
"190509","18.248699188232422","18.248699188232422","18.248699188232422","19050","19050","19050"
"190569","19.059728622436523","19.059728622436523","19.059728622436523","19056","19056","19056"
"190579","24.116891860961914","24.116891860961914","24.116891860961914","19057","19057","19057"
"190609","23.57866668701172","23.57866668701172","23.57866668701172","19060","19060","19060"
"190619","23.656970977783203","23.656970977783203","23.656970977783203","19061","19061","19061"
"190689","22.93384552001953","22.93384552001953","22.93384552001953","19068","19068","19068"
"190729","20.73055648803711","20.73055648803711","20.73055648803711","19072","19072","19072"
"190759","18.59369468688965","18.59369468688965","18.59369468688965","19075","19075","19075"
"190799","21.846561431884766","21.846561431884766","21.846561431884766","19079","19079","19079"
"190869","21.091875076293945","21.091875076293945","21.091875076293945","19086","19086","19086"
"190909","23.3919734954834","23.3919734954834","23.3919734954834","19090","19090","19090"
"190929","21.782102584838867","21.782102584838867","21.782102584838867","19092","19092","19092"
"190949","20.561567306518555","20.561567306518555","20.561567306518555","19094","19094","19094"
"190979","19.177453994750977","19.177453994750977","19.177453994750977","19097","19097","19097"
"190989","23.967126846313477","23.967126846313477","23.967126846313477","19098","19098","19098"
"191089","20.22337532043457","20.22337532043457","20.22337532043457","19108","19108","19108"
"191109","19.43122100830078","19.43122100830078","19.43122100830078","19110","19110","19110"
"191139","19.172531127929688","19.172531127929688","19.172531127929688","19113","19113","19113"
"191149","20.32074546813965","20.32074546813965","20.32074546813965","19114","19114","19114"
"191159","21.31122589111328","21.31122589111328","21.31122589111328","19115","19115","19115"
"191189","24.336748123168945","24.336748123168945","24.336748123168945","19118","19118","19118"
"191239","18.008607864379883","18.008607864379883","18.008607864379883","19123","19123","19123"
"191249","25.09906768798828","25.09906768798828","25.09906768798828","19124","19124","19124"
"191259","24.12826156616211","24.12826156616211","24.12826156616211","19125","19125","19125"
"191269","19.07245445251465","19.07245445251465","19.07245445251465","19126","19126","19126"
"191279","22.078609466552734","22.078609466552734","22.078609466552734","19127","19127","19127"
"191309","25.850433349609375","25.850433349609375","25.850433349609375","19130","19130","19130"
"191339","25.632488250732422","25.632488250732422","25.632488250732422","19133","19133","19133"
"191349","18.291641235351562","18.291641235351562","18.291641235351562","19134","19134","19134"
"191359","22.111059188842773","22.111059188842773","22.111059188842773","19135","19135","19135"
"191369","24.42393684387207","24.42393684387207","24.42393684387207","19136","19136","19136"
"191389","19.384937286376953","19.384937286376953","19.384937286376953","19138","19138","19138"
"191399","22.900287628173828","22.900287628173828","22.900287628173828","19139","19139","19139"
"191409","24.661426544189453","24.661426544189453","24.661426544189453","19140","19140","19140"
"191419","27.658355712890625","27.658355712890625","27.658355712890625","19141","19141","19141"
"191449","22.765850067138672","22.765850067138672","22.765850067138672","19144","19144","19144"
"191479","25.158878326416016","25.158878326416016","25.158878326416016","19147","19147","19147"
"191509","25.13925552368164","25.13925552368164","25.13925552368164","19150","19150","19150"
"191539","25.772987365722656","25.772987365722656","25.772987365722656","19153","19153","19153"
"191589","21.49485206604004","21.49485206604004","21.49485206604004","19158","19158","19158"
"191599","23.06549644470215","23.06549644470215","23.06549644470215","19159","19159","19159"
"191609","21.013731002807617","21.013731002807617","21.013731002807617","19160","19160","19160"
"191669","19.12232780456543","19.12232780456543","19.12232780456543","19166","19166","19166"
"191679","23.810640335083008","23.810640335083008","23.810640335083008","19167","19167","19167"
"191689","19.312334060668945","19.312334060668945","19.312334060668945","19168","19168","19168"
"191699","19.593486785888672","19.593486785888672","19.593486785888672","19169","19169","19169"
"191759","18.97528076171875","18.97528076171875","18.97528076171875","19175","19175","19175"
"191769","23.662940979003906","23.662940979003906","23.662940979003906","19176","19176","19176"
"191779","21.007564544677734","21.007564544677734","21.007564544677734","19177","19177","19177"
"191799","21.65866470336914","21.65866470336914","21.65866470336914","19179","19179","19179"
"191809","21.02263832092285","21.02263832092285","21.02263832092285","19180","19180","19180"
"191869","19.860437393188477","19.860437393188477","19.860437393188477","19186","19186","19186"
"191949","20.822811126708984","20.822811126708984","20.822811126708984","19194","19194","19194"
"191969","19.246301651000977","19.246301651000977","19.246301651000977","19196","19196","19196"
"191979","18.60403823852539","18.60403823852539","18.60403823852539","19197","19197","19197"
"191989","25.37533950805664","25.37533950805664","25.37533950805664","19198","19198","19198"
"192009","18.891401290893555","18.891401290893555","18.891401290893555","19200","19200","19200"
"192039","16.589752197265625","16.589752197265625","16.589752197265625","19203","19203","19203"
"192049","20.88690757751465","20.88690757751465","20.88690757751465","19204","19204","19204"
"192059","24.984899520874023","24.984899520874023","24.984899520874023","19205","19205","19205"
"192079","19.657123565673828","19.657123565673828","19.657123565673828","19207","19207","19207"
"192089","26.114412307739258","26.114412307739258","26.114412307739258","19208","19208","19208"
"192099","18.3026123046875","18.3026123046875","18.3026123046875","19209","19209","19209"
"192129","25.10854721069336","25.10854721069336","25.10854721069336","19212","19212","19212"
"192159","22.173460006713867","22.173460006713867","22.173460006713867","19215","19215","19215"
"192199","23.937782287597656","23.937782287597656","23.937782287597656","19219","19219","19219"
"192219","18.55211067199707","18.55211067199707","18.55211067199707","19221","19221","19221"
"192239","23.34403419494629","23.34403419494629","23.34403419494629","19223","19223","19223"
"192249","25.011545181274414","25.011545181274414","25.011545181274414","19224","19224","19224"
"192259","20.80440902709961","20.80440902709961","20.80440902709961","19225","19225","19225"
"192299","22.859895706176758","22.859895706176758","22.859895706176758","19229","19229","19229"
"192319","19.0130558013916","19.0130558013916","19.0130558013916","19231","19231","19231"
"192339","25.184946060180664","25.184946060180664","25.184946060180664","19233","19233","19233"
"192349","20.632938385009766","20.632938385009766","20.632938385009766","19234","19234","19234"
"192359","20.76314926147461","20.76314926147461","20.76314926147461","19235","19235","19235"
"192429","25.49961280822754","25.49961280822754","25.49961280822754","19242","19242","19242"
"192509","21.535451889038086","21.535451889038086","21.535451889038086","19250","19250","19250"
"192529","19.595033645629883","19.595033645629883","19.595033645629883","19252","19252","19252"
"192559","19.366125106811523","19.366125106811523","19.366125106811523","19255","19255","19255"
"192579","18.903162002563477","18.903162002563477","18.903162002563477","19257","19257","19257"
"192599","22.205171585083008","22.205171585083008","22.205171585083008","19259","19259","19259"
"192609","21.262557983398438","21.262557983398438","21.262557983398438","19260","19260","19260"
"192629","24.572200775146484","24.572200775146484","24.572200775146484","19262","19262","19262"
"192639","17.82343101501465","17.82343101501465","17.82343101501465","19263","19263","19263"
"192649","17.333667755126953","17.333667755126953","17.333667755126953","19264","19264","19264"
"192659","20.19536018371582","20.19536018371582","20.19536018371582","19265","19265","19265"
"192669","23.91856575012207","23.91856575012207","23.91856575012207","19266","19266","19266"
"192689","25.95648956298828","25.95648956298828","25.95648956298828","19268","19268","19268"
"192749","23.496286392211914","23.496286392211914","23.496286392211914","19274","19274","19274"
"192769","24.406509399414062","24.406509399414062","24.406509399414062","19276","19276","19276"
"192779","17.72991371154785","17.72991371154785","17.72991371154785","19277","19277","19277"
"192809","22.339799880981445","22.339799880981445","22.339799880981445","19280","19280","19280"
"192839","18.809232711791992","18.809232711791992","18.809232711791992","19283","19283","19283"
"192849","18.897584915161133","18.897584915161133","18.897584915161133","19284","19284","19284"
"192869","20.572982788085938","20.572982788085938","20.572982788085938","19286","19286","19286"
"192879","23.48174285888672","23.48174285888672","23.48174285888672","19287","19287","19287"
"192889","20.553129196166992","20.553129196166992","20.553129196166992","19288","19288","19288"
"192899","20.049604415893555","20.049604415893555","20.049604415893555","19289","19289","19289"
"192959","23.73107147216797","23.73107147216797","23.73107147216797","19295","19295","19295"
"192969","17.981393814086914","17.981393814086914","17.981393814086914","19296","19296","19296"
"192979","24.897478103637695","24.897478103637695","24.897478103637695","19297","19297","19297"
"192999","21.388750076293945","21.388750076293945","21.388750076293945","19299","19299","19299"
"193029","20.100337982177734","20.100337982177734","20.100337982177734","19302","19302","19302"
"193039","25.299163818359375","25.299163818359375","25.299163818359375","19303","19303","19303"
"193069","17.408916473388672","17.408916473388672","17.408916473388672","19306","19306","19306"
"193109","16.681638717651367","16.681638717651367","16.681638717651367","19310","19310","19310"
"193129","30.526580810546875","30.526580810546875","30.526580810546875","19312","19312","19312"
"193149","21.280506134033203","21.280506134033203","21.280506134033203","19314","19314","19314"
"193179","19.47169303894043","19.47169303894043","19.47169303894043","19317","19317","19317"
"193199","23.41607093811035","23.41607093811035","23.41607093811035","19319","19319","19319"
"193259","20.818010330200195","20.818010330200195","20.818010330200195","19325","19325","19325"
"193299","16.800281524658203","16.800281524658203","16.800281524658203","19329","19329","19329"
"193309","18.7528076171875","18.7528076171875","18.7528076171875","19330","19330","19330"
"193429","22.02935028076172","22.02935028076172","22.02935028076172","19342","19342","19342"
"193489","20.226642608642578","20.226642608642578","20.226642608642578","19348","19348","19348"
"193499","21.81494903564453","21.81494903564453","21.81494903564453","19349","19349","19349"
"193519","24.96996307373047","24.96996307373047","24.96996307373047","19351","19351","19351"
"193559","22.473241806030273","22.473241806030273","22.473241806030273","19355","19355","19355"
"193589","21.888473510742188","21.888473510742188","21.888473510742188","19358","19358","19358"
"193599","21.299449920654297","21.299449920654297","21.299449920654297","19359","19359","19359"
"193609","22.745126724243164","22.745126724243164","22.745126724243164","19360","19360","19360"
"193629","21.560964584350586","21.560964584350586","21.560964584350586","19362","19362","19362"
"193639","22.595455169677734","22.595455169677734","22.595455169677734","19363","19363","19363"
"193699","21.432294845581055","21.432294845581055","21.432294845581055","19369","19369","19369"
"193709","18.1580753326416","18.1580753326416","18.1580753326416","19370","19370","19370"
"193719","20.514278411865234","20.514278411865234","20.514278411865234","19371","19371","19371"
"193769","21.247770309448242","21.247770309448242","21.247770309448242","19376","19376","19376"
"193779","22.747703552246094","22.747703552246094","22.747703552246094","19377","19377","19377"
"193789","20.351234436035156","20.351234436035156","20.351234436035156","19378","19378","19378"
"193809","20.35309410095215","20.35309410095215","20.35309410095215","19380","19380","19380"
"193829","19.474267959594727","19.474267959594727","19.474267959594727","19382","19382","19382"
"193879","20.56383514404297","20.56383514404297","20.56383514404297","19387","19387","19387"
"193889","20.065643310546875","20.065643310546875","20.065643310546875","19388","19388","19388"
"193939","21.44341278076172","21.44341278076172","21.44341278076172","19393","19393","19393"
"193949","20.438039779663086","20.438039779663086","20.438039779663086","19394","19394","19394"
"193959","29.346969604492188","29.346969604492188","29.346969604492188","19395","19395","19395"
"194019","22.007112503051758","22.007112503051758","22.007112503051758","19401","19401","19401"
"194049","26.02544593811035","26.02544593811035","26.02544593811035","19404","19404","19404"
"194059","26.88555908203125","26.88555908203125","26.88555908203125","19405","19405","19405"
"194069","20.944068908691406","20.944068908691406","20.944068908691406","19406","19406","19406"
"194079","17.716989517211914","17.716989517211914","17.716989517211914","19407","19407","19407"
"194089","18.6749267578125","18.6749267578125","18.6749267578125","19408","19408","19408"
"194109","19.955772399902344","19.955772399902344","19.955772399902344","19410","19410","19410"
"194129","23.24071502685547","23.24071502685547","23.24071502685547","19412","19412","19412"
"194139","19.006956100463867","19.006956100463867","19.006956100463867","19413","19413","19413"
"194159","21.665019989013672","21.665019989013672","21.665019989013672","19415","19415","19415"
"194209","21.00081443786621","21.00081443786621","21.00081443786621","19420","19420","19420"
"194229","17.630054473876953","17.630054473876953","17.630054473876953","19422","19422","19422"
"194289","18.539823532104492","18.539823532104492","18.539823532104492","19428","19428","19428"
"194349","20.33492660522461","20.33492660522461","20.33492660522461","19434","19434","19434"
"194359","23.398067474365234","23.398067474365234","23.398067474365234","19435","19435","19435"
"194369","37.786224365234375","37.786224365234375","37.786224365234375","19436","19436","19436"
"194379","20.533157348632812","20.533157348632812","20.533157348632812","19437","19437","19437"
"194409","20.04952621459961","20.04952621459961","20.04952621459961","19440","19440","19440"
"194439","21.62513542175293","21.62513542175293","21.62513542175293","19443","19443","19443"
"194459","20.294910430908203","20.294910430908203","20.294910430908203","19445","19445","19445"
"194469","20.89846420288086","20.89846420288086","20.89846420288086","19446","19446","19446"
"194489","25.220279693603516","25.220279693603516","25.220279693603516","19448","19448","19448"
"194499","18.72413444519043","18.72413444519043","18.72413444519043","19449","19449","19449"
"194529","25.329879760742188","25.329879760742188","25.329879760742188","19452","19452","19452"
"194599","24.476531982421875","24.476531982421875","24.476531982421875","19459","19459","19459"
"194609","21.011276245117188","21.011276245117188","21.011276245117188","19460","19460","19460"
"194639","20.311960220336914","20.311960220336914","20.311960220336914","19463","19463","19463"
"194679","21.61788558959961","21.61788558959961","21.61788558959961","19467","19467","19467"
"194709","18.29648208618164","18.29648208618164","18.29648208618164","19470","19470","19470"
"194779","19.3480224609375","19.3480224609375","19.3480224609375","19477","19477","19477"
"194799","18.221080780029297","18.221080780029297","18.221080780029297","19479","19479","19479"
"194809","25.31845474243164","25.31845474243164","25.31845474243164","19480","19480","19480"
"194849","21.369279861450195","21.369279861450195","21.369279861450195","19484","19484","19484"
"194859","20.140026092529297","20.140026092529297","20.140026092529297","19485","19485","19485"
"194869","18.097381591796875","18.097381591796875","18.097381591796875","19486","19486","19486"
"194889","21.735280990600586","21.735280990600586","21.735280990600586","19488","19488","19488"
"194899","19.492778778076172","19.492778778076172","19.492778778076172","19489","19489","19489"
"194909","24.37689208984375","24.37689208984375","24.37689208984375","19490","19490","19490"
"194929","19.406871795654297","19.406871795654297","19.406871795654297","19492","19492","19492"
"194939","19.650720596313477","19.650720596313477","19.650720596313477","19493","19493","19493"
"194989","18.126602172851562","18.126602172851562","18.126602172851562","19498","19498","19498"
"194999","25.726451873779297","25.726451873779297","25.726451873779297","19499","19499","19499"
"195019","24.105045318603516","24.105045318603516","24.105045318603516","19501","19501","19501"
"195059","21.573732376098633","21.573732376098633","21.573732376098633","19505","19505","19505"
"195069","20.01597023010254","20.01597023010254","20.01597023010254","19506","19506","19506"
"195079","20.825733184814453","20.825733184814453","20.825733184814453","19507","19507","19507"
"195099","23.890186309814453","23.890186309814453","23.890186309814453","19509","19509","19509"
"195109","23.13909149169922","23.13909149169922","23.13909149169922","19510","19510","19510"
"195159","20.489856719970703","20.489856719970703","20.489856719970703","19515","19515","19515"
"195179","47.2610969543457","47.2610969543457","47.2610969543457","19517","19517","19517"
"195189","20.433183670043945","20.433183670043945","20.433183670043945","19518","19518","19518"
"195199","18.981163024902344","18.981163024902344","18.981163024902344","19519","19519","19519"
"195209","21.3298282623291","21.3298282623291","21.3298282623291","19520","19520","19520"
"195219","22.004051208496094","22.004051208496094","22.004051208496094","19521","19521","19521"
"195229","19.984573364257812","19.984573364257812","19.984573364257812","19522","19522","19522"
"195249","21.518877029418945","21.518877029418945","21.518877029418945","19524","19524","19524"
"195289","40.208377838134766","40.208377838134766","40.208377838134766","19528","19528","19528"
"195299","19.918298721313477","19.918298721313477","19.918298721313477","19529","19529","19529"
"195329","21.649545669555664","21.649545669555664","21.649545669555664","19532","19532","19532"
"195339","22.835979461669922","22.835979461669922","22.835979461669922","19533","19533","19533"
"195349","20.640230178833008","20.640230178833008","20.640230178833008","19534","19534","19534"
"195439","23.6954345703125","23.6954345703125","23.6954345703125","19543","19543","19543"
"195449","22.51603889465332","22.51603889465332","22.51603889465332","19544","19544","19544"
"195459","22.18311309814453","22.18311309814453","22.18311309814453","19545","19545","19545"
"195479","20.647390365600586","20.647390365600586","20.647390365600586","19547","19547","19547"
"195569","23.563411712646484","23.563411712646484","23.563411712646484","19556","19556","19556"
"195619","21.138381958007812","21.138381958007812","21.138381958007812","19561","19561","19561"
"195629","17.56633949279785","17.56633949279785","17.56633949279785","19562","19562","19562"
"195639","20.01023292541504","20.01023292541504","20.01023292541504","19563","19563","19563"
"195649","27.558151245117188","27.558151245117188","27.558151245117188","19564","19564","19564"
"195669","21.43543243408203","21.43543243408203","21.43543243408203","19566","19566","19566"
"195699","20.786754608154297","20.786754608154297","20.786754608154297","19569","19569","19569"
"195709","20.595386505126953","20.595386505126953","20.595386505126953","19570","19570","19570"
"195719","20.21914291381836","20.21914291381836","20.21914291381836","19571","19571","19571"
"195729","20.85648536682129","20.85648536682129","20.85648536682129","19572","19572","19572"
"195809","24.597488403320312","24.597488403320312","24.597488403320312","19580","19580","19580"
"195819","21.280162811279297","21.280162811279297","21.280162811279297","19581","19581","19581"
"195849","19.53261947631836","19.53261947631836","19.53261947631836","19584","19584","19584"
"195879","18.968713760375977","18.968713760375977","18.968713760375977","19587","19587","19587"
"195919","21.49212646484375","21.49212646484375","21.49212646484375","19591","19591","19591"
"195929","19.557552337646484","19.557552337646484","19.557552337646484","19592","19592","19592"
"195939","20.161745071411133","20.161745071411133","20.161745071411133","19593","19593","19593"
"195949","22.077129364013672","22.077129364013672","22.077129364013672","19594","19594","19594"
"195979","24.467710494995117","24.467710494995117","24.467710494995117","19597","19597","19597"
"196019","21.23306655883789","21.23306655883789","21.23306655883789","19601","19601","19601"
"196029","20.11783218383789","20.11783218383789","20.11783218383789","19602","19602","19602"
"196039","18.007543563842773","18.007543563842773","18.007543563842773","19603","19603","19603"
"196049","24.34892463684082","24.34892463684082","24.34892463684082","19604","19604","19604"
"196179","26.63976287841797","26.63976287841797","26.63976287841797","19617","19617","19617"
"196199","22.486265182495117","22.486265182495117","22.486265182495117","19619","19619","19619"
"196209","24.590702056884766","24.590702056884766","24.590702056884766","19620","19620","19620"
"196229","19.963111877441406","19.963111877441406","19.963111877441406","19622","19622","19622"
"196269","20.673011779785156","20.673011779785156","20.673011779785156","19626","19626","19626"
"196279","18.600780487060547","18.600780487060547","18.600780487060547","19627","19627","19627"
"196339","21.720571517944336","21.720571517944336","21.720571517944336","19633","19633","19633"
"196379","22.850963592529297","22.850963592529297","22.850963592529297","19637","19637","19637"
"196409","22.12291717529297","22.12291717529297","22.12291717529297","19640","19640","19640"
"196439","22.142501831054688","22.142501831054688","22.142501831054688","19643","19643","19643"
"196479","18.79558563232422","18.79558563232422","18.79558563232422","19647","19647","19647"
"196499","25.225074768066406","25.225074768066406","25.225074768066406","19649","19649","19649"
"196509","20.746896743774414","20.746896743774414","20.746896743774414","19650","19650","19650"
"196519","18.51698875427246","18.51698875427246","18.51698875427246","19651","19651","19651"
"196529","19.828792572021484","19.828792572021484","19.828792572021484","19652","19652","19652"
"196539","20.45257568359375","20.45257568359375","20.45257568359375","19653","19653","19653"
"196559","18.08109474182129","18.08109474182129","18.08109474182129","19655","19655","19655"
"196569","22.436534881591797","22.436534881591797","22.436534881591797","19656","19656","19656"
"196589","19.771198272705078","19.771198272705078","19.771198272705078","19658","19658","19658"
"196599","27.534765243530273","27.534765243530273","27.534765243530273","19659","19659","19659"
"196639","17.999921798706055","17.999921798706055","17.999921798706055","19663","19663","19663"
"196659","24.805849075317383","24.805849075317383","24.805849075317383","19665","19665","19665"
"196709","21.886821746826172","21.886821746826172","21.886821746826172","19670","19670","19670"
"196729","22.68958282470703","22.68958282470703","22.68958282470703","19672","19672","19672"
"196739","25.601903915405273","25.601903915405273","25.601903915405273","19673","19673","19673"
"196749","19.910472869873047","19.910472869873047","19.910472869873047","19674","19674","19674"
"196759","21.187000274658203","21.187000274658203","21.187000274658203","19675","19675","19675"
"196789","29.64937973022461","29.64937973022461","29.64937973022461","19678","19678","19678"
"196799","22.335155487060547","22.335155487060547","22.335155487060547","19679","19679","19679"
"196809","20.207780838012695","20.207780838012695","20.207780838012695","19680","19680","19680"
"196819","26.8669490814209","26.8669490814209","26.8669490814209","19681","19681","19681"
"196829","21.148866653442383","21.148866653442383","21.148866653442383","19682","19682","19682"
"196859","26.314294815063477","26.314294815063477","26.314294815063477","19685","19685","19685"
"196889","17.891189575195312","17.891189575195312","17.891189575195312","19688","19688","19688"
"196949","19.07961654663086","19.07961654663086","19.07961654663086","19694","19694","19694"
"196959","18.958030700683594","18.958030700683594","18.958030700683594","19695","19695","19695"
"197039","24.910507202148438","24.910507202148438","24.910507202148438","19703","19703","19703"
"197089","17.148941040039062","17.148941040039062","17.148941040039062","19708","19708","19708"
"197109","18.661964416503906","18.661964416503906","18.661964416503906","19710","19710","19710"
"197119","23.71193504333496","23.71193504333496","23.71193504333496","19711","19711","19711"
"197149","27.808889389038086","27.808889389038086","27.808889389038086","19714","19714","19714"
"197159","28.385805130004883","28.385805130004883","28.385805130004883","19715","19715","19715"
"197179","17.404460906982422","17.404460906982422","17.404460906982422","19717","19717","19717"
"197189","20.64104461669922","20.64104461669922","20.64104461669922","19718","19718","19718"
"197229","22.316511154174805","22.316511154174805","22.316511154174805","19722","19722","19722"
"197249","16.940847396850586","16.940847396850586","16.940847396850586","19724","19724","19724"
"197259","27.088485717773438","27.088485717773438","27.088485717773438","19725","19725","19725"
"197299","20.85479736328125","20.85479736328125","20.85479736328125","19729","19729","19729"
"197319","23.399391174316406","23.399391174316406","23.399391174316406","19731","19731","19731"
"197399","20.495384216308594","20.495384216308594","20.495384216308594","19739","19739","19739"
"197439","23.466642379760742","23.466642379760742","23.466642379760742","19743","19743","19743"
"197519","21.642929077148438","21.642929077148438","21.642929077148438","19751","19751","19751"
"197579","20.87824249267578","20.87824249267578","20.87824249267578","19757","19757","19757"
"197599","22.32792091369629","22.32792091369629","22.32792091369629","19759","19759","19759"
"197609","22.787317276000977","22.787317276000977","22.787317276000977","19760","19760","19760"
"197629","20.06932830810547","20.06932830810547","20.06932830810547","19762","19762","19762"
"197639","19.704059600830078","19.704059600830078","19.704059600830078","19763","19763","19763"
"197679","19.412582397460938","19.412582397460938","19.412582397460938","19767","19767","19767"
"197699","20.572669982910156","20.572669982910156","20.572669982910156","19769","19769","19769"
"197709","21.121095657348633","21.121095657348633","21.121095657348633","19770","19770","19770"
"197739","23.055770874023438","23.055770874023438","23.055770874023438","19773","19773","19773"
"197769","24.74666404724121","24.74666404724121","24.74666404724121","19776","19776","19776"
"197839","19.013505935668945","19.013505935668945","19.013505935668945","19783","19783","19783"
"197869","18.568920135498047","18.568920135498047","18.568920135498047","19786","19786","19786"
"197879","20.991958618164062","20.991958618164062","20.991958618164062","19787","19787","19787"
"197889","23.705036163330078","23.705036163330078","23.705036163330078","19788","19788","19788"
"197919","28.209692001342773","28.209692001342773","28.209692001342773","19791","19791","19791"
"197949","21.72535514831543","21.72535514831543","21.72535514831543","19794","19794","19794"
"197969","35.85047149658203","35.85047149658203","35.85047149658203","19796","19796","19796"
"198009","18.693622589111328","18.693622589111328","18.693622589111328","19800","19800","19800"
"198049","21.850603103637695","21.850603103637695","21.850603103637695","19804","19804","19804"
"198059","59.26416015625","59.26416015625","59.26416015625","19805","19805","19805"
"198069","23.488134384155273","23.488134384155273","23.488134384155273","19806","19806","19806"
"198079","32.37663269042969","32.37663269042969","32.37663269042969","19807","19807","19807"
"198089","22.15341567993164","22.15341567993164","22.15341567993164","19808","19808","19808"
"198179","22.766799926757812","22.766799926757812","22.766799926757812","19817","19817","19817"
"198189","27.64381980895996","27.64381980895996","27.64381980895996","19818","19818","19818"
"198199","21.99114990234375","21.99114990234375","21.99114990234375","19819","19819","19819"
"198249","18.39052963256836","18.39052963256836","18.39052963256836","19824","19824","19824"
"198269","22.446483612060547","22.446483612060547","22.446483612060547","19826","19826","19826"
"198289","21.559659957885742","21.559659957885742","21.559659957885742","19828","19828","19828"
"198359","23.995933532714844","23.995933532714844","23.995933532714844","19835","19835","19835"
"198379","23.93499755859375","23.93499755859375","23.93499755859375","19837","19837","19837"
"198389","21.68990707397461","21.68990707397461","21.68990707397461","19838","19838","19838"
"198409","19.12464714050293","19.12464714050293","19.12464714050293","19840","19840","19840"
"198429","19.76593780517578","19.76593780517578","19.76593780517578","19842","19842","19842"
"198469","23.790199279785156","23.790199279785156","23.790199279785156","19846","19846","19846"
"198519","17.21589469909668","17.21589469909668","17.21589469909668","19851","19851","19851"
"198629","20.458498001098633","20.458498001098633","20.458498001098633","19862","19862","19862"
"198639","20.269390106201172","20.269390106201172","20.269390106201172","19863","19863","19863"
"198649","18.456295013427734","18.456295013427734","18.456295013427734","19864","19864","19864"
"198669","17.774778366088867","17.774778366088867","17.774778366088867","19866","19866","19866"
"198679","21.666019439697266","21.666019439697266","21.666019439697266","19867","19867","19867"
"198699","19.86333465576172","19.86333465576172","19.86333465576172","19869","19869","19869"
"198709","24.84784507751465","24.84784507751465","24.84784507751465","19870","19870","19870"
"198729","20.4998836517334","20.4998836517334","20.4998836517334","19872","19872","19872"
"198779","22.025848388671875","22.025848388671875","22.025848388671875","19877","19877","19877"
"198789","24.938068389892578","24.938068389892578","24.938068389892578","19878","19878","19878"
"198799","15.78480052947998","15.78480052947998","15.78480052947998","19879","19879","19879"
"198829","19.166507720947266","19.166507720947266","19.166507720947266","19882","19882","19882"
"198879","19.163787841796875","19.163787841796875","19.163787841796875","19887","19887","19887"
"198909","17.257349014282227","17.257349014282227","17.257349014282227","19890","19890","19890"
"198939","20.499961853027344","20.499961853027344","20.499961853027344","19893","19893","19893"
"198989","19.748367309570312","19.748367309570312","19.748367309570312","19898","19898","19898"
"198999","21.1320858001709","21.1320858001709","21.1320858001709","19899","19899","19899"
"199009","21.41758155822754","21.41758155822754","21.41758155822754","19900","19900","19900"
"199019","18.724720001220703","18.724720001220703","18.724720001220703","19901","19901","19901"
"199059","30.376955032348633","30.376955032348633","30.376955032348633","19905","19905","19905"
"199069","18.81768035888672","18.81768035888672","18.81768035888672","19906","19906","19906"
"199079","20.94313621520996","20.94313621520996","20.94313621520996","19907","19907","19907"
"199089","22.312408447265625","22.312408447265625","22.312408447265625","19908","19908","19908"
"199109","21.951711654663086","21.951711654663086","21.951711654663086","19910","19910","19910"
"199119","22.124462127685547","22.124462127685547","22.124462127685547","19911","19911","19911"
"199159","43.327999114990234","43.327999114990234","43.327999114990234","19915","19915","19915"
"199179","21.3658447265625","21.3658447265625","21.3658447265625","19917","19917","19917"
"199209","19.07599449157715","19.07599449157715","19.07599449157715","19920","19920","19920"
"199219","21.531269073486328","21.531269073486328","21.531269073486328","19921","19921","19921"
"199239","22.490341186523438","22.490341186523438","22.490341186523438","19923","19923","19923"
"199289","18.035274505615234","18.035274505615234","18.035274505615234","19928","19928","19928"
"199299","20.632083892822266","20.632083892822266","20.632083892822266","19929","19929","19929"
"199309","23.427440643310547","23.427440643310547","23.427440643310547","19930","19930","19930"
"199319","29.024560928344727","29.024560928344727","29.024560928344727","19931","19931","19931"
"199339","28.444602966308594","28.444602966308594","28.444602966308594","19933","19933","19933"
"199349","20.766712188720703","20.766712188720703","20.766712188720703","19934","19934","19934"
"199369","19.657188415527344","19.657188415527344","19.657188415527344","19936","19936","19936"
"199379","16.838274002075195","16.838274002075195","16.838274002075195","19937","19937","19937"
"199389","22.41927146911621","22.41927146911621","22.41927146911621","19938","19938","19938"
"199409","22.231712341308594","22.231712341308594","22.231712341308594","19940","19940","19940"
"199429","18.62569808959961","18.62569808959961","18.62569808959961","19942","19942","19942"
"199449","20.986286163330078","20.986286163330078","20.986286163330078","19944","19944","19944"
"199459","19.02503204345703","19.02503204345703","19.02503204345703","19945","19945","19945"
"199489","18.052379608154297","18.052379608154297","18.052379608154297","19948","19948","19948"
"199499","23.49475860595703","23.49475860595703","23.49475860595703","19949","19949","19949"
"199539","22.926633834838867","22.926633834838867","22.926633834838867","19953","19953","19953"
"199569","19.66914939880371","19.66914939880371","19.66914939880371","19956","19956","19956"
"199589","18.444917678833008","18.444917678833008","18.444917678833008","19958","19958","19958"
"199639","46.25318908691406","46.25318908691406","46.25318908691406","19963","19963","19963"
"199679","21.158611297607422","21.158611297607422","21.158611297607422","19967","19967","19967"
"199729","22.752700805664062","22.752700805664062","22.752700805664062","19972","19972","19972"
"199759","25.4576416015625","25.4576416015625","25.4576416015625","19975","19975","19975"
"199809","21.43808364868164","21.43808364868164","21.43808364868164","19980","19980","19980"
"199859","23.77159881591797","23.77159881591797","23.77159881591797","19985","19985","19985"
"199879","18.42490005493164","18.42490005493164","18.42490005493164","19987","19987","19987"
"199919","23.525802612304688","23.525802612304688","23.525802612304688","19991","19991","19991"
"199959","19.800235748291016","19.800235748291016","19.800235748291016","19995","19995","19995"
"200009","24.71492576599121","24.71492576599121","24.71492576599121","20000","20000","20000"
"200059","20.20123863220215","20.20123863220215","20.20123863220215","20005","20005","20005"
"200079","32.104270935058594","32.104270935058594","32.104270935058594","20007","20007","20007"
"200089","21.974143981933594","21.974143981933594","21.974143981933594","20008","20008","20008"
"200099","19.421321868896484","19.421321868896484","19.421321868896484","20009","20009","20009"
"200109","22.59088897705078","22.59088897705078","22.59088897705078","20010","20010","20010"
"200139","26.677104949951172","26.677104949951172","26.677104949951172","20013","20013","20013"
"200179","18.48847770690918","18.48847770690918","18.48847770690918","20017","20017","20017"
"200189","22.781373977661133","22.781373977661133","22.781373977661133","20018","20018","20018"
"200229","21.830829620361328","21.830829620361328","21.830829620361328","20022","20022","20022"
"200259","18.023502349853516","18.023502349853516","18.023502349853516","20025","20025","20025"
"200269","19.57210350036621","19.57210350036621","19.57210350036621","20026","20026","20026"
"200289","18.78478240966797","18.78478240966797","18.78478240966797","20028","20028","20028"
"200319","17.70339584350586","17.70339584350586","17.70339584350586","20031","20031","20031"
"200329","20.556705474853516","20.556705474853516","20.556705474853516","20032","20032","20032"
"200349","18.6304874420166","18.6304874420166","18.6304874420166","20034","20034","20034"
"200359","20.519376754760742","20.519376754760742","20.519376754760742","20035","20035","20035"
"200409","19.712051391601562","19.712051391601562","19.712051391601562","20040","20040","20040"
"200429","19.13661766052246","19.13661766052246","19.13661766052246","20042","20042","20042"
"200439","24.897600173950195","24.897600173950195","24.897600173950195","20043","20043","20043"
"200459","18.225130081176758","18.225130081176758","18.225130081176758","20045","20045","20045"
"200489","22.559551239013672","22.559551239013672","22.559551239013672","20048","20048","20048"
"200519","23.585880279541016","23.585880279541016","23.585880279541016","20051","20051","20051"
"200539","26.197771072387695","26.197771072387695","26.197771072387695","20053","20053","20053"
"200549","24.2021541595459","24.2021541595459","24.2021541595459","20054","20054","20054"
"200619","31.461944580078125","31.461944580078125","31.461944580078125","20061","20061","20061"
"200639","24.930076599121094","24.930076599121094","24.930076599121094","20063","20063","20063"
"200659","18.608232498168945","18.608232498168945","18.608232498168945","20065","20065","20065"
"200689","23.512603759765625","23.512603759765625","23.512603759765625","20068","20068","20068"
"200699","28.21726417541504","28.21726417541504","28.21726417541504","20069","20069","20069"
"200719","28.265029907226562","28.265029907226562","28.265029907226562","20071","20071","20071"
"200749","22.23373031616211","22.23373031616211","22.23373031616211","20074","20074","20074"
"200789","19.541534423828125","19.541534423828125","19.541534423828125","20078","20078","20078"
"200809","22.194229125976562","22.194229125976562","22.194229125976562","20080","20080","20080"
"200839","26.651185989379883","26.651185989379883","26.651185989379883","20083","20083","20083"
"200849","19.708133697509766","19.708133697509766","19.708133697509766","20084","20084","20084"
"200879","25.757915496826172","25.757915496826172","25.757915496826172","20087","20087","20087"
"200919","21.38320541381836","21.38320541381836","21.38320541381836","20091","20091","20091"
"200949","19.846397399902344","19.846397399902344","19.846397399902344","20094","20094","20094"
"200969","21.517620086669922","21.517620086669922","21.517620086669922","20096","20096","20096"
"201009","21.783668518066406","21.783668518066406","21.783668518066406","20100","20100","20100"
"201059","21.218793869018555","21.218793869018555","21.218793869018555","20105","20105","20105"
"201099","20.880273818969727","20.880273818969727","20.880273818969727","20109","20109","20109"
"201149","24.743303298950195","24.743303298950195","24.743303298950195","20114","20114","20114"
"201179","26.550643920898438","26.550643920898438","26.550643920898438","20117","20117","20117"
"201199","21.288663864135742","21.288663864135742","21.288663864135742","20119","20119","20119"
"201209","21.008060455322266","21.008060455322266","21.008060455322266","20120","20120","20120"
"201219","23.818559646606445","23.818559646606445","23.818559646606445","20121","20121","20121"
"201269","27.066308975219727","27.066308975219727","27.066308975219727","20126","20126","20126"
"201289","19.21932601928711","19.21932601928711","19.21932601928711","20128","20128","20128"
"201299","18.685550689697266","18.685550689697266","18.685550689697266","20129","20129","20129"
"201309","19.712337493896484","19.712337493896484","19.712337493896484","20130","20130","20130"
"201329","22.696590423583984","22.696590423583984","22.696590423583984","20132","20132","20132"
"201349","23.092260360717773","23.092260360717773","23.092260360717773","20134","20134","20134"
"201369","25.04935073852539","25.04935073852539","25.04935073852539","20136","20136","20136"
"201429","21.788482666015625","21.788482666015625","21.788482666015625","20142","20142","20142"
"201469","22.6182918548584","22.6182918548584","22.6182918548584","20146","20146","20146"
"201519","22.507587432861328","22.507587432861328","22.507587432861328","20151","20151","20151"
"201529","22.2899169921875","22.2899169921875","22.2899169921875","20152","20152","20152"
"201559","24.45010757446289","24.45010757446289","24.45010757446289","20155","20155","20155"
"201569","19.734333038330078","19.734333038330078","19.734333038330078","20156","20156","20156"
"201579","21.931005477905273","21.931005477905273","21.931005477905273","20157","20157","20157"
"201599","18.89267921447754","18.89267921447754","18.89267921447754","20159","20159","20159"
"201639","18.795053482055664","18.795053482055664","18.795053482055664","20163","20163","20163"
"201649","19.207012176513672","19.207012176513672","19.207012176513672","20164","20164","20164"
"201659","20.591697692871094","20.591697692871094","20.591697692871094","20165","20165","20165"
"201689","22.46791648864746","22.46791648864746","22.46791648864746","20168","20168","20168"
"201699","19.078754425048828","19.078754425048828","19.078754425048828","20169","20169","20169"
"201709","25.05299949645996","25.05299949645996","25.05299949645996","20170","20170","20170"
"201729","20.431236267089844","20.431236267089844","20.431236267089844","20172","20172","20172"
"201749","20.518178939819336","20.518178939819336","20.518178939819336","20174","20174","20174"
"201759","19.150760650634766","19.150760650634766","19.150760650634766","20175","20175","20175"
"201769","17.821399688720703","17.821399688720703","17.821399688720703","20176","20176","20176"
"201779","22.247358322143555","22.247358322143555","22.247358322143555","20177","20177","20177"
"201789","21.069215774536133","21.069215774536133","21.069215774536133","20178","20178","20178"
"201819","19.103952407836914","19.103952407836914","19.103952407836914","20181","20181","20181"
"201829","20.96886444091797","20.96886444091797","20.96886444091797","20182","20182","20182"
"201839","22.76313018798828","22.76313018798828","22.76313018798828","20183","20183","20183"
"201909","17.348602294921875","17.348602294921875","17.348602294921875","20190","20190","20190"
"201919","21.775503158569336","21.775503158569336","21.775503158569336","20191","20191","20191"
"201979","21.089197158813477","21.089197158813477","21.089197158813477","20197","20197","20197"
"201989","22.227359771728516","22.227359771728516","22.227359771728516","20198","20198","20198"
"202019","18.74793243408203","18.74793243408203","18.74793243408203","20201","20201","20201"
"202049","25.43250274658203","25.43250274658203","25.43250274658203","20204","20204","20204"
"202079","23.499767303466797","23.499767303466797","23.499767303466797","20207","20207","20207"
"202089","16.984580993652344","16.984580993652344","16.984580993652344","20208","20208","20208"
"202109","19.306678771972656","19.306678771972656","19.306678771972656","20210","20210","20210"
"202129","18.689496994018555","18.689496994018555","18.689496994018555","20212","20212","20212"
"202209","21.011404037475586","21.011404037475586","21.011404037475586","20220","20220","20220"
"202229","19.84548568725586","19.84548568725586","19.84548568725586","20222","20222","20222"
"202249","17.544113159179688","17.544113159179688","17.544113159179688","20224","20224","20224"
"202259","19.499759674072266","19.499759674072266","19.499759674072266","20225","20225","20225"
"202279","21.093751907348633","21.093751907348633","21.093751907348633","20227","20227","20227"
"202289","20.71116065979004","20.71116065979004","20.71116065979004","20228","20228","20228"
"202309","19.731657028198242","19.731657028198242","19.731657028198242","20230","20230","20230"
"202319","20.88515853881836","20.88515853881836","20.88515853881836","20231","20231","20231"
"202329","22.22016716003418","22.22016716003418","22.22016716003418","20232","20232","20232"
"202339","17.71739959716797","17.71739959716797","17.71739959716797","20233","20233","20233"
"202349","20.8115234375","20.8115234375","20.8115234375","20234","20234","20234"
"202369","18.46442985534668","18.46442985534668","18.46442985534668","20236","20236","20236"
"202389","18.845661163330078","18.845661163330078","18.845661163330078","20238","20238","20238"
"202409","20.915639877319336","20.915639877319336","20.915639877319336","20240","20240","20240"
"202429","19.603282928466797","19.603282928466797","19.603282928466797","20242","20242","20242"
"202489","25.793842315673828","25.793842315673828","25.793842315673828","20248","20248","20248"
"202519","22.825761795043945","22.825761795043945","22.825761795043945","20251","20251","20251"
"202529","22.617156982421875","22.617156982421875","22.617156982421875","20252","20252","20252"
"202569","20.403377532958984","20.403377532958984","20.403377532958984","20256","20256","20256"
"202589","18.401399612426758","18.401399612426758","18.401399612426758","20258","20258","20258"
"202619","19.025318145751953","19.025318145751953","19.025318145751953","20261","20261","20261"
"202649","21.886293411254883","21.886293411254883","21.886293411254883","20264","20264","20264"
"202659","27.82357406616211","27.82357406616211","27.82357406616211","20265","20265","20265"
"202679","17.327733993530273","17.327733993530273","17.327733993530273","20267","20267","20267"
"202689","19.119474411010742","19.119474411010742","19.119474411010742","20268","20268","20268"
"202699","21.02475357055664","21.02475357055664","21.02475357055664","20269","20269","20269"
"202709","21.63408660888672","21.63408660888672","21.63408660888672","20270","20270","20270"
"202729","19.85483741760254","19.85483741760254","19.85483741760254","20272","20272","20272"
"202739","20.861745834350586","20.861745834350586","20.861745834350586","20273","20273","20273"
"202759","21.91522789001465","21.91522789001465","21.91522789001465","20275","20275","20275"
"202769","20.080732345581055","20.080732345581055","20.080732345581055","20276","20276","20276"
"202779","18.62202262878418","18.62202262878418","18.62202262878418","20277","20277","20277"
"202799","19.3796329498291","19.3796329498291","19.3796329498291","20279","20279","20279"
"202849","28.13968849182129","28.13968849182129","28.13968849182129","20284","20284","20284"
"202859","28.234088897705078","28.234088897705078","28.234088897705078","20285","20285","20285"
"202879","20.59217071533203","20.59217071533203","20.59217071533203","20287","20287","20287"
"202889","18.03000259399414","18.03000259399414","18.03000259399414","20288","20288","20288"
"202899","20.471586227416992","20.471586227416992","20.471586227416992","20289","20289","20289"
"202909","20.063724517822266","20.063724517822266","20.063724517822266","20290","20290","20290"
"202919","18.57689094543457","18.57689094543457","18.57689094543457","20291","20291","20291"
"202939","40.102500915527344","40.102500915527344","40.102500915527344","20293","20293","20293"
"202969","21.724164962768555","21.724164962768555","21.724164962768555","20296","20296","20296"
"202979","24.833698272705078","24.833698272705078","24.833698272705078","20297","20297","20297"
"203019","20.008275985717773","20.008275985717773","20.008275985717773","20301","20301","20301"
"203049","19.813861846923828","19.813861846923828","19.813861846923828","20304","20304","20304"
"203059","24.199771881103516","24.199771881103516","24.199771881103516","20305","20305","20305"
"203079","25.221702575683594","25.221702575683594","25.221702575683594","20307","20307","20307"
"203109","25.854530334472656","25.854530334472656","25.854530334472656","20310","20310","20310"
"203149","29.811416625976562","29.811416625976562","29.811416625976562","20314","20314","20314"
"203169","21.936500549316406","21.936500549316406","21.936500549316406","20316","20316","20316"
"203179","19.953584671020508","19.953584671020508","19.953584671020508","20317","20317","20317"
"203199","16.995731353759766","16.995731353759766","16.995731353759766","20319","20319","20319"
"203339","20.903358459472656","20.903358459472656","20.903358459472656","20333","20333","20333"
"203369","19.382110595703125","19.382110595703125","19.382110595703125","20336","20336","20336"
"203379","24.915584564208984","24.915584564208984","24.915584564208984","20337","20337","20337"
"203409","20.58115577697754","20.58115577697754","20.58115577697754","20340","20340","20340"
"203439","26.746349334716797","26.746349334716797","26.746349334716797","20343","20343","20343"
"203449","22.3239688873291","22.3239688873291","22.3239688873291","20344","20344","20344"
"203489","27.983352661132812","27.983352661132812","27.983352661132812","20348","20348","20348"
"203499","24.982206344604492","24.982206344604492","24.982206344604492","20349","20349","20349"
"203549","17.684009552001953","17.684009552001953","17.684009552001953","20354","20354","20354"
"203629","21.276321411132812","21.276321411132812","21.276321411132812","20362","20362","20362"
"203649","24.37579917907715","24.37579917907715","24.37579917907715","20364","20364","20364"
"203689","15.77145004272461","15.77145004272461","15.77145004272461","20368","20368","20368"
"203719","18.592863082885742","18.592863082885742","18.592863082885742","20371","20371","20371"
"203729","22.032440185546875","22.032440185546875","22.032440185546875","20372","20372","20372"
"203759","18.91299057006836","18.91299057006836","18.91299057006836","20375","20375","20375"
"203789","21.474990844726562","21.474990844726562","21.474990844726562","20378","20378","20378"
"203809","23.307415008544922","23.307415008544922","23.307415008544922","20380","20380","20380"
"203819","19.726625442504883","19.726625442504883","19.726625442504883","20381","20381","20381"
"203839","19.08043098449707","19.08043098449707","19.08043098449707","20383","20383","20383"
"203849","17.33799934387207","17.33799934387207","17.33799934387207","20384","20384","20384"
"203859","38.92189025878906","38.92189025878906","38.92189025878906","20385","20385","20385"
"203869","19.12906265258789","19.12906265258789","19.12906265258789","20386","20386","20386"
"203899","21.070968627929688","21.070968627929688","21.070968627929688","20389","20389","20389"
"203909","22.639972686767578","22.639972686767578","22.639972686767578","20390","20390","20390"
"203919","19.740440368652344","19.740440368652344","19.740440368652344","20391","20391","20391"
"203929","27.4421443939209","27.4421443939209","27.4421443939209","20392","20392","20392"
"203959","23.02975845336914","23.02975845336914","23.02975845336914","20395","20395","20395"
"203969","20.47815704345703","20.47815704345703","20.47815704345703","20396","20396","20396"
"203989","20.95500946044922","20.95500946044922","20.95500946044922","20398","20398","20398"
"204009","19.18206787109375","19.18206787109375","19.18206787109375","20400","20400","20400"
"204069","25.11725425720215","25.11725425720215","25.11725425720215","20406","20406","20406"
"204089","20.071420669555664","20.071420669555664","20.071420669555664","20408","20408","20408"
"204109","16.353708267211914","16.353708267211914","16.353708267211914","20410","20410","20410"
"204119","18.39130401611328","18.39130401611328","18.39130401611328","20411","20411","20411"
"204159","22.960220336914062","22.960220336914062","22.960220336914062","20415","20415","20415"
"204179","22.85955810546875","22.85955810546875","22.85955810546875","20417","20417","20417"
"204209","35.021339416503906","35.021339416503906","35.021339416503906","20420","20420","20420"
"204229","19.74992561340332","19.74992561340332","19.74992561340332","20422","20422","20422"
"204249","22.571910858154297","22.571910858154297","22.571910858154297","20424","20424","20424"
"204269","19.436954498291016","19.436954498291016","19.436954498291016","20426","20426","20426"
"204279","16.153968811035156","16.153968811035156","16.153968811035156","20427","20427","20427"
"204309","21.08539390563965","21.08539390563965","21.08539390563965","20430","20430","20430"
"204339","22.797901153564453","22.797901153564453","22.797901153564453","20433","20433","20433"
"204349","21.830493927001953","21.830493927001953","21.830493927001953","20434","20434","20434"
"204369","28.94110107421875","28.94110107421875","28.94110107421875","20436","20436","20436"
"204379","19.403398513793945","19.403398513793945","19.403398513793945","20437","20437","20437"
"204409","21.794870376586914","21.794870376586914","21.794870376586914","20440","20440","20440"
"204419","19.369029998779297","19.369029998779297","19.369029998779297","20441","20441","20441"
"204479","20.918861389160156","20.918861389160156","20.918861389160156","20447","20447","20447"
"204499","21.653606414794922","21.653606414794922","21.653606414794922","20449","20449","20449"
"204509","21.362037658691406","21.362037658691406","21.362037658691406","20450","20450","20450"
"204519","17.603986740112305","17.603986740112305","17.603986740112305","20451","20451","20451"
"204539","23.234134674072266","23.234134674072266","23.234134674072266","20453","20453","20453"
"204579","18.188472747802734","18.188472747802734","18.188472747802734","20457","20457","20457"
"204589","19.178272247314453","19.178272247314453","19.178272247314453","20458","20458","20458"
"204619","20.978567123413086","20.978567123413086","20.978567123413086","20461","20461","20461"
"204629","22.094148635864258","22.094148635864258","22.094148635864258","20462","20462","20462"
"204759","19.923810958862305","19.923810958862305","19.923810958862305","20475","20475","20475"
"204769","23.83347511291504","23.83347511291504","23.83347511291504","20476","20476","20476"
"204839","20.724166870117188","20.724166870117188","20.724166870117188","20483","20483","20483"
"204859","19.377506256103516","19.377506256103516","19.377506256103516","20485","20485","20485"
"204889","21.183691024780273","21.183691024780273","21.183691024780273","20488","20488","20488"
"204899","22.106430053710938","22.106430053710938","22.106430053710938","20489","20489","20489"
"204909","21.43637466430664","21.43637466430664","21.43637466430664","20490","20490","20490"
"204919","25.934871673583984","25.934871673583984","25.934871673583984","20491","20491","20491"
"204929","20.576641082763672","20.576641082763672","20.576641082763672","20492","20492","20492"
"204939","17.32012176513672","17.32012176513672","17.32012176513672","20493","20493","20493"
"205009","18.568557739257812","18.568557739257812","18.568557739257812","20500","20500","20500"
"205109","23.156200408935547","23.156200408935547","23.156200408935547","20510","20510","20510"
"205149","24.509668350219727","24.509668350219727","24.509668350219727","20514","20514","20514"
"205189","23.928482055664062","23.928482055664062","23.928482055664062","20518","20518","20518"
"205219","19.842510223388672","19.842510223388672","19.842510223388672","20521","20521","20521"
"205239","20.53647232055664","20.53647232055664","20.53647232055664","20523","20523","20523"
"205249","20.227872848510742","20.227872848510742","20.227872848510742","20524","20524","20524"
"205319","19.2529354095459","19.2529354095459","19.2529354095459","20531","20531","20531"
"205339","19.954259872436523","19.954259872436523","19.954259872436523","20533","20533","20533"
"205349","17.789655685424805","17.789655685424805","17.789655685424805","20534","20534","20534"
"205379","19.633594512939453","19.633594512939453","19.633594512939453","20537","20537","20537"
"205389","18.546144485473633","18.546144485473633","18.546144485473633","20538","20538","20538"
"205479","18.265960693359375","18.265960693359375","18.265960693359375","20547","20547","20547"
"205499","18.79418182373047","18.79418182373047","18.79418182373047","20549","20549","20549"
"205509","18.159332275390625","18.159332275390625","18.159332275390625","20550","20550","20550"
"205539","21.692508697509766","21.692508697509766","21.692508697509766","20553","20553","20553"
"205569","24.72857666015625","24.72857666015625","24.72857666015625","20556","20556","20556"
"205599","22.767892837524414","22.767892837524414","22.767892837524414","20559","20559","20559"
"205639","23.005666732788086","23.005666732788086","23.005666732788086","20563","20563","20563"
"205679","17.851600646972656","17.851600646972656","17.851600646972656","20567","20567","20567"
"205689","17.998987197875977","17.998987197875977","17.998987197875977","20568","20568","20568"
"205699","21.010120391845703","21.010120391845703","21.010120391845703","20569","20569","20569"
"205729","25.69034194946289","25.69034194946289","25.69034194946289","20572","20572","20572"
"205739","26.155841827392578","26.155841827392578","26.155841827392578","20573","20573","20573"
"205769","25.022403717041016","25.022403717041016","25.022403717041016","20576","20576","20576"
"205789","24.52705192565918","24.52705192565918","24.52705192565918","20578","20578","20578"
"205859","19.569181442260742","19.569181442260742","19.569181442260742","20585","20585","20585"
"205869","23.920894622802734","23.920894622802734","23.920894622802734","20586","20586","20586"
"205879","20.408477783203125","20.408477783203125","20.408477783203125","20587","20587","20587"
"205909","20.011680603027344","20.011680603027344","20.011680603027344","20590","20590","20590"
"205929","18.827436447143555","18.827436447143555","18.827436447143555","20592","20592","20592"
"205939","20.4241943359375","20.4241943359375","20.4241943359375","20593","20593","20593"
"205959","19.806007385253906","19.806007385253906","19.806007385253906","20595","20595","20595"
"205969","20.49427032470703","20.49427032470703","20.49427032470703","20596","20596","20596"
"206019","20.816883087158203","20.816883087158203","20.816883087158203","20601","20601","20601"
"206049","23.05773162841797","23.05773162841797","23.05773162841797","20604","20604","20604"
"206069","20.70676612854004","20.70676612854004","20.70676612854004","20606","20606","20606"
"206089","23.461454391479492","23.461454391479492","23.461454391479492","20608","20608","20608"
"206109","18.975963592529297","18.975963592529297","18.975963592529297","20610","20610","20610"
"206119","19.2410888671875","19.2410888671875","19.2410888671875","20611","20611","20611"
"206129","22.025039672851562","22.025039672851562","22.025039672851562","20612","20612","20612"
"206159","24.91869354248047","24.91869354248047","24.91869354248047","20615","20615","20615"
"206169","24.886127471923828","24.886127471923828","24.886127471923828","20616","20616","20616"
"206179","19.0889892578125","19.0889892578125","19.0889892578125","20617","20617","20617"
"206209","18.869943618774414","18.869943618774414","18.869943618774414","20620","20620","20620"
"206239","22.449748992919922","22.449748992919922","22.449748992919922","20623","20623","20623"
"206249","23.008037567138672","23.008037567138672","23.008037567138672","20624","20624","20624"
"206259","22.795331954956055","22.795331954956055","22.795331954956055","20625","20625","20625"
"206269","20.243968963623047","20.243968963623047","20.243968963623047","20626","20626","20626"
"206279","25.326740264892578","25.326740264892578","25.326740264892578","20627","20627","20627"
"206329","25.10477638244629","25.10477638244629","25.10477638244629","20632","20632","20632"
"206359","20.06914710998535","20.06914710998535","20.06914710998535","20635","20635","20635"
"206369","17.693899154663086","17.693899154663086","17.693899154663086","20636","20636","20636"
"206419","21.829753875732422","21.829753875732422","21.829753875732422","20641","20641","20641"
"206439","21.619441986083984","21.619441986083984","21.619441986083984","20643","20643","20643"
"206519","18.699405670166016","18.699405670166016","18.699405670166016","20651","20651","20651"
"206529","18.587642669677734","18.587642669677734","18.587642669677734","20652","20652","20652"
"206549","21.13373565673828","21.13373565673828","21.13373565673828","20654","20654","20654"
"206569","20.99625587463379","20.99625587463379","20.99625587463379","20656","20656","20656"
"206589","20.41183090209961","20.41183090209961","20.41183090209961","20658","20658","20658"
"206619","18.639938354492188","18.639938354492188","18.639938354492188","20661","20661","20661"
"206669","27.739551544189453","27.739551544189453","27.739551544189453","20666","20666","20666"
"206679","19.693931579589844","19.693931579589844","19.693931579589844","20667","20667","20667"
"206689","27.067014694213867","27.067014694213867","27.067014694213867","20668","20668","20668"
"206719","25.573415756225586","25.573415756225586","25.573415756225586","20671","20671","20671"
"206739","20.88901138305664","20.88901138305664","20.88901138305664","20673","20673","20673"
"206769","15.388456344604492","15.388456344604492","15.388456344604492","20676","20676","20676"
"206789","24.63503074645996","24.63503074645996","24.63503074645996","20678","20678","20678"
"206799","17.176307678222656","17.176307678222656","17.176307678222656","20679","20679","20679"
"206829","25.607942581176758","25.607942581176758","25.607942581176758","20682","20682","20682"
"206899","21.365903854370117","21.365903854370117","21.365903854370117","20689","20689","20689"
"206929","22.11973762512207","22.11973762512207","22.11973762512207","20692","20692","20692"
"206949","22.159194946289062","22.159194946289062","22.159194946289062","20694","20694","20694"
"207039","18.545814514160156","18.545814514160156","18.545814514160156","20703","20703","20703"
"207059","19.929502487182617","19.929502487182617","19.929502487182617","20705","20705","20705"
"207069","20.06644058227539","20.06644058227539","20.06644058227539","20706","20706","20706"
"207079","21.565446853637695","21.565446853637695","21.565446853637695","20707","20707","20707"
"207089","25.336044311523438","25.336044311523438","25.336044311523438","20708","20708","20708"
"207129","26.449893951416016","26.449893951416016","26.449893951416016","20712","20712","20712"
"207169","23.7332706451416","23.7332706451416","23.7332706451416","20716","20716","20716"
"207179","18.616878509521484","18.616878509521484","18.616878509521484","20717","20717","20717"
"207209","18.471248626708984","18.471248626708984","18.471248626708984","20720","20720","20720"
"207219","20.723554611206055","20.723554611206055","20.723554611206055","20721","20721","20721"
"207229","26.131141662597656","26.131141662597656","26.131141662597656","20722","20722","20722"
"207249","17.444547653198242","17.444547653198242","17.444547653198242","20724","20724","20724"
"207279","22.84499740600586","22.84499740600586","22.84499740600586","20727","20727","20727"
"207309","20.252140045166016","20.252140045166016","20.252140045166016","20730","20730","20730"
"207479","20.82183837890625","20.82183837890625","20.82183837890625","20747","20747","20747"
"207499","21.037353515625","21.037353515625","21.037353515625","20749","20749","20749"
"207509","19.230749130249023","19.230749130249023","19.230749130249023","20750","20750","20750"
"207529","24.20030975341797","24.20030975341797","24.20030975341797","20752","20752","20752"
"207559","23.50128936767578","23.50128936767578","23.50128936767578","20755","20755","20755"
"207619","23.170211791992188","23.170211791992188","23.170211791992188","20761","20761","20761"
"207629","20.56186866760254","20.56186866760254","20.56186866760254","20762","20762","20762"
"207649","19.32198715209961","19.32198715209961","19.32198715209961","20764","20764","20764"
"207659","20.062166213989258","20.062166213989258","20.062166213989258","20765","20765","20765"
"207669","19.53710174560547","19.53710174560547","19.53710174560547","20766","20766","20766"
"207709","21.504426956176758","21.504426956176758","21.504426956176758","20770","20770","20770"
"207719","17.92237663269043","17.92237663269043","17.92237663269043","20771","20771","20771"
"207729","18.200429916381836","18.200429916381836","18.200429916381836","20772","20772","20772"
"207739","22.98379898071289","22.98379898071289","22.98379898071289","20773","20773","20773"
"207769","21.817296981811523","21.817296981811523","21.817296981811523","20776","20776","20776"
"207809","25.562076568603516","25.562076568603516","25.562076568603516","20780","20780","20780"
"207899","22.85968017578125","22.85968017578125","22.85968017578125","20789","20789","20789"
"207909","18.298336029052734","18.298336029052734","18.298336029052734","20790","20790","20790"
"207919","20.56277847290039","20.56277847290039","20.56277847290039","20791","20791","20791"
"207949","21.02200698852539","21.02200698852539","21.02200698852539","20794","20794","20794"
"207969","23.56523895263672","23.56523895263672","23.56523895263672","20796","20796","20796"
"208099","19.0941162109375","19.0941162109375","19.0941162109375","20809","20809","20809"
"208139","17.069046020507812","17.069046020507812","17.069046020507812","20813","20813","20813"
"208169","27.126731872558594","27.126731872558594","27.126731872558594","20816","20816","20816"
"208199","24.481239318847656","24.481239318847656","24.481239318847656","20819","20819","20819"
"208279","19.5226993560791","19.5226993560791","19.5226993560791","20827","20827","20827"
"208309","19.734235763549805","19.734235763549805","19.734235763549805","20830","20830","20830"
"208329","22.121477127075195","22.121477127075195","22.121477127075195","20832","20832","20832"
"208349","19.007244110107422","19.007244110107422","19.007244110107422","20834","20834","20834"
"208389","25.117849349975586","25.117849349975586","25.117849349975586","20838","20838","20838"
"208399","20.418392181396484","20.418392181396484","20.418392181396484","20839","20839","20839"
"208419","23.946163177490234","23.946163177490234","23.946163177490234","20841","20841","20841"
"208439","22.618343353271484","22.618343353271484","22.618343353271484","20843","20843","20843"
"208459","17.511550903320312","17.511550903320312","17.511550903320312","20845","20845","20845"
"208469","20.104711532592773","20.104711532592773","20.104711532592773","20846","20846","20846"
"208479","22.029094696044922","22.029094696044922","22.029094696044922","20847","20847","20847"
"208509","25.597349166870117","25.597349166870117","25.597349166870117","20850","20850","20850"
"208519","22.039852142333984","22.039852142333984","22.039852142333984","20851","20851","20851"
"208529","21.53157615661621","21.53157615661621","21.53157615661621","20852","20852","20852"
"208539","19.196136474609375","19.196136474609375","19.196136474609375","20853","20853","20853"
"208549","15.667083740234375","15.667083740234375","15.667083740234375","20854","20854","20854"
"208579","21.14254379272461","21.14254379272461","21.14254379272461","20857","20857","20857"
"208639","22.599470138549805","22.599470138549805","22.599470138549805","20863","20863","20863"
"208649","21.23594093322754","21.23594093322754","21.23594093322754","20864","20864","20864"
"208659","24.033239364624023","24.033239364624023","24.033239364624023","20865","20865","20865"
"208679","23.07512092590332","23.07512092590332","23.07512092590332","20867","20867","20867"
"208689","27.78340721130371","27.78340721130371","27.78340721130371","20868","20868","20868"
"208699","20.453413009643555","20.453413009643555","20.453413009643555","20869","20869","20869"
"208709","19.396713256835938","19.396713256835938","19.396713256835938","20870","20870","20870"
"208719","15.854351043701172","15.854351043701172","15.854351043701172","20871","20871","20871"
"208729","23.67637062072754","23.67637062072754","23.67637062072754","20872","20872","20872"
"208739","30.604734420776367","30.604734420776367","30.604734420776367","20873","20873","20873"
"208749","17.7556209564209","17.7556209564209","17.7556209564209","20874","20874","20874"
"208759","24.078189849853516","24.078189849853516","24.078189849853516","20875","20875","20875"
"208779","23.469411849975586","23.469411849975586","23.469411849975586","20877","20877","20877"
"208799","16.561229705810547","16.561229705810547","16.561229705810547","20879","20879","20879"
"208809","19.762187957763672","19.762187957763672","19.762187957763672","20880","20880","20880"
"208829","18.478361129760742","18.478361129760742","18.478361129760742","20882","20882","20882"
"208839","17.795265197753906","17.795265197753906","17.795265197753906","20883","20883","20883"
"208849","19.51915168762207","19.51915168762207","19.51915168762207","20884","20884","20884"
"208869","19.045207977294922","19.045207977294922","19.045207977294922","20886","20886","20886"
"208909","18.640398025512695","18.640398025512695","18.640398025512695","20890","20890","20890"
"208929","18.243026733398438","18.243026733398438","18.243026733398438","20892","20892","20892"
"208949","17.87632942199707","17.87632942199707","17.87632942199707","20894","20894","20894"
"208959","20.88241195678711","20.88241195678711","20.88241195678711","20895","20895","20895"
"208969","20.849098205566406","20.849098205566406","20.849098205566406","20896","20896","20896"
"208989","18.62457275390625","18.62457275390625","18.62457275390625","20898","20898","20898"
"209039","23.586030960083008","23.586030960083008","23.586030960083008","20903","20903","20903"
"209089","26.872352600097656","26.872352600097656","26.872352600097656","20908","20908","20908"
"209099","19.121261596679688","19.121261596679688","19.121261596679688","20909","20909","20909"
"209149","20.425323486328125","20.425323486328125","20.425323486328125","20914","20914","20914"
"209179","24.679767608642578","24.679767608642578","24.679767608642578","20917","20917","20917"
"209219","20.146228790283203","20.146228790283203","20.146228790283203","20921","20921","20921"
"209259","19.085365295410156","19.085365295410156","19.085365295410156","20925","20925","20925"
"209269","20.82627296447754","20.82627296447754","20.82627296447754","20926","20926","20926"
"209299","20.72679901123047","20.72679901123047","20.72679901123047","20929","20929","20929"
"209339","25.050065994262695","25.050065994262695","25.050065994262695","20933","20933","20933"
"209409","21.622997283935547","21.622997283935547","21.622997283935547","20940","20940","20940"
"209439","24.94476318359375","24.94476318359375","24.94476318359375","20943","20943","20943"
"209459","23.31710433959961","23.31710433959961","23.31710433959961","20945","20945","20945"
"209499","20.218036651611328","20.218036651611328","20.218036651611328","20949","20949","20949"
"209539","19.876447677612305","19.876447677612305","19.876447677612305","20953","20953","20953"
"209549","20.34410285949707","20.34410285949707","20.34410285949707","20954","20954","20954"
"209559","24.83687973022461","24.83687973022461","24.83687973022461","20955","20955","20955"
"209589","20.540102005004883","20.540102005004883","20.540102005004883","20958","20958","20958"
"209649","16.767292022705078","16.767292022705078","16.767292022705078","20964","20964","20964"
"209659","17.68967056274414","17.68967056274414","17.68967056274414","20965","20965","20965"
"209699","22.181310653686523","22.181310653686523","22.181310653686523","20969","20969","20969"
"209709","19.48147201538086","19.48147201538086","19.48147201538086","20970","20970","20970"
"209719","23.810230255126953","23.810230255126953","23.810230255126953","20971","20971","20971"
"209729","19.380695343017578","19.380695343017578","19.380695343017578","20972","20972","20972"
"209749","20.63519287109375","20.63519287109375","20.63519287109375","20974","20974","20974"
"209759","18.522069931030273","18.522069931030273","18.522069931030273","20975","20975","20975"
"209779","19.066328048706055","19.066328048706055","19.066328048706055","20977","20977","20977"
"209789","22.855724334716797","22.855724334716797","22.855724334716797","20978","20978","20978"
"209819","22.601219177246094","22.601219177246094","22.601219177246094","20981","20981","20981"
"209839","17.57481575012207","17.57481575012207","17.57481575012207","20983","20983","20983"
"209869","21.837377548217773","21.837377548217773","21.837377548217773","20986","20986","20986"
"209899","23.246557235717773","23.246557235717773","23.246557235717773","20989","20989","20989"
"209929","22.90110969543457","22.90110969543457","22.90110969543457","20992","20992","20992"
"209949","24.123538970947266","24.123538970947266","24.123538970947266","20994","20994","20994"
"209969","25.607091903686523","25.607091903686523","25.607091903686523","20996","20996","20996"
"210009","23.046321868896484","23.046321868896484","23.046321868896484","21000","21000","21000"
"210059","19.220436096191406","19.220436096191406","19.220436096191406","21005","21005","21005"
"210089","20.509845733642578","20.509845733642578","20.509845733642578","21008","21008","21008"
"210109","24.090566635131836","24.090566635131836","24.090566635131836","21010","21010","21010"
"210149","17.270944595336914","17.270944595336914","17.270944595336914","21014","21014","21014"
"210159","22.783906936645508","22.783906936645508","22.783906936645508","21015","21015","21015"
"210179","17.627540588378906","17.627540588378906","17.627540588378906","21017","21017","21017"
"210189","18.23528480529785","18.23528480529785","18.23528480529785","21018","21018","21018"
"210219","20.486461639404297","20.486461639404297","20.486461639404297","21021","21021","21021"
"210259","17.93589973449707","17.93589973449707","17.93589973449707","21025","21025","21025"
"210359","31.612972259521484","31.612972259521484","31.612972259521484","21035","21035","21035"
"210369","19.419391632080078","19.419391632080078","19.419391632080078","21036","21036","21036"
"210389","20.38296127319336","20.38296127319336","20.38296127319336","21038","21038","21038"
"210399","19.757537841796875","19.757537841796875","19.757537841796875","21039","21039","21039"
"210459","20.24289894104004","20.24289894104004","20.24289894104004","21045","21045","21045"
"210469","20.030832290649414","20.030832290649414","20.030832290649414","21046","21046","21046"
"210479","18.913284301757812","18.913284301757812","18.913284301757812","21047","21047","21047"
"210489","21.01696014404297","21.01696014404297","21.01696014404297","21048","21048","21048"
"210509","20.090255737304688","20.090255737304688","20.090255737304688","21050","21050","21050"
"210529","19.41959571838379","19.41959571838379","19.41959571838379","21052","21052","21052"
"210559","18.973981857299805","18.973981857299805","18.973981857299805","21055","21055","21055"
"210589","18.872900009155273","18.872900009155273","18.872900009155273","21058","21058","21058"
"210599","22.826427459716797","22.826427459716797","22.826427459716797","21059","21059","21059"
"210609","18.595041275024414","18.595041275024414","18.595041275024414","21060","21060","21060"
"210619","20.07456398010254","20.07456398010254","20.07456398010254","21061","21061","21061"
"210629","19.534862518310547","19.534862518310547","19.534862518310547","21062","21062","21062"
"210689","20.528779983520508","20.528779983520508","20.528779983520508","21068","21068","21068"
"210709","22.305007934570312","22.305007934570312","22.305007934570312","21070","21070","21070"
"210729","20.84305191040039","20.84305191040039","20.84305191040039","21072","21072","21072"
"210749","17.24582862854004","17.24582862854004","17.24582862854004","21074","21074","21074"
"210769","22.461694717407227","22.461694717407227","22.461694717407227","21076","21076","21076"
"210789","19.261459350585938","19.261459350585938","19.261459350585938","21078","21078","21078"
"210829","19.618450164794922","19.618450164794922","19.618450164794922","21082","21082","21082"
"210839","22.199928283691406","22.199928283691406","22.199928283691406","21083","21083","21083"
"210889","25.151084899902344","25.151084899902344","25.151084899902344","21088","21088","21088"
"210919","23.403057098388672","23.403057098388672","23.403057098388672","21091","21091","21091"
"210929","16.554014205932617","16.554014205932617","16.554014205932617","21092","21092","21092"
"210949","18.47051429748535","18.47051429748535","18.47051429748535","21094","21094","21094"
"210959","18.812543869018555","18.812543869018555","18.812543869018555","21095","21095","21095"
"210979","23.79196548461914","23.79196548461914","23.79196548461914","21097","21097","21097"
"210999","23.3189697265625","23.3189697265625","23.3189697265625","21099","21099","21099"
"211019","22.42162322998047","22.42162322998047","22.42162322998047","21101","21101","21101"
"211039","19.773881912231445","19.773881912231445","19.773881912231445","21103","21103","21103"
"211069","22.217838287353516","22.217838287353516","22.217838287353516","21106","21106","21106"
"211149","20.58531951904297","20.58531951904297","20.58531951904297","21114","21114","21114"
"211159","20.4962215423584","20.4962215423584","20.4962215423584","21115","21115","21115"
"211179","21.64459800720215","21.64459800720215","21.64459800720215","21117","21117","21117"
"211199","22.362728118896484","22.362728118896484","22.362728118896484","21119","21119","21119"
"211219","23.02305030822754","23.02305030822754","23.02305030822754","21121","21121","21121"
"211229","20.019872665405273","20.019872665405273","20.019872665405273","21122","21122","21122"
"211279","19.374462127685547","19.374462127685547","19.374462127685547","21127","21127","21127"
"211289","22.944908142089844","22.944908142089844","22.944908142089844","21128","21128","21128"
"211319","20.63521385192871","20.63521385192871","20.63521385192871","21131","21131","21131"
"211349","19.930755615234375","19.930755615234375","19.930755615234375","21134","21134","21134"
"211369","18.680681228637695","18.680681228637695","18.680681228637695","21136","21136","21136"
"211399","23.466716766357422","23.466716766357422","23.466716766357422","21139","21139","21139"
"211409","23.98636817932129","23.98636817932129","23.98636817932129","21140","21140","21140"
"211429","25.53763771057129","25.53763771057129","25.53763771057129","21142","21142","21142"
"211439","21.3604736328125","21.3604736328125","21.3604736328125","21143","21143","21143"
"211449","20.24595832824707","20.24595832824707","20.24595832824707","21144","21144","21144"
"211489","20.92134666442871","20.92134666442871","20.92134666442871","21148","21148","21148"
"211509","19.311023712158203","19.311023712158203","19.311023712158203","21150","21150","21150"
"211519","24.129798889160156","24.129798889160156","24.129798889160156","21151","21151","21151"
"211529","23.933473587036133","23.933473587036133","23.933473587036133","21152","21152","21152"
"211549","18.919448852539062","18.919448852539062","18.919448852539062","21154","21154","21154"
"211569","21.023616790771484","21.023616790771484","21.023616790771484","21156","21156","21156"
"211599","18.06712532043457","18.06712532043457","18.06712532043457","21159","21159","21159"
"211639","21.57443618774414","21.57443618774414","21.57443618774414","21163","21163","21163"
"211669","23.586997985839844","23.586997985839844","23.586997985839844","21166","21166","21166"
"211699","21.554779052734375","21.554779052734375","21.554779052734375","21169","21169","21169"
"211709","21.56121826171875","21.56121826171875","21.56121826171875","21170","21170","21170"
"211719","24.276681900024414","24.276681900024414","24.276681900024414","21171","21171","21171"
"211729","15.096759796142578","15.096759796142578","15.096759796142578","21172","21172","21172"
"211759","16.687198638916016","16.687198638916016","16.687198638916016","21175","21175","21175"
"211789","17.335201263427734","17.335201263427734","17.335201263427734","21178","21178","21178"
"211879","20.180774688720703","20.180774688720703","20.180774688720703","21187","21187","21187"
"211909","23.914567947387695","23.914567947387695","23.914567947387695","21190","21190","21190"
"211939","23.35419273376465","23.35419273376465","23.35419273376465","21193","21193","21193"
"211959","23.35519790649414","23.35519790649414","23.35519790649414","21195","21195","21195"
"211979","22.5509090423584","22.5509090423584","22.5509090423584","21197","21197","21197"
"212009","18.60972785949707","18.60972785949707","18.60972785949707","21200","21200","21200"
"212019","21.328170776367188","21.328170776367188","21.328170776367188","21201","21201","21201"
"212049","22.78782081604004","22.78782081604004","22.78782081604004","21204","21204","21204"
"212069","20.265987396240234","20.265987396240234","20.265987396240234","21206","21206","21206"
"212079","18.95455551147461","18.95455551147461","18.95455551147461","21207","21207","21207"
"212089","25.05181121826172","25.05181121826172","25.05181121826172","21208","21208","21208"
"212099","19.20085906982422","19.20085906982422","19.20085906982422","21209","21209","21209"
"212109","21.908008575439453","21.908008575439453","21.908008575439453","21210","21210","21210"
"212179","22.20459747314453","22.20459747314453","22.20459747314453","21217","21217","21217"
"212209","25.676443099975586","25.676443099975586","25.676443099975586","21220","21220","21220"
"212259","18.911624908447266","18.911624908447266","18.911624908447266","21225","21225","21225"
"212279","18.914766311645508","18.914766311645508","18.914766311645508","21227","21227","21227"
"212299","20.93062973022461","20.93062973022461","20.93062973022461","21229","21229","21229"
"212319","24.692581176757812","24.692581176757812","24.692581176757812","21231","21231","21231"
"212349","22.849733352661133","22.849733352661133","22.849733352661133","21234","21234","21234"
"212389","21.340898513793945","21.340898513793945","21.340898513793945","21238","21238","21238"
"212399","24.854028701782227","24.854028701782227","24.854028701782227","21239","21239","21239"
"212429","19.593080520629883","19.593080520629883","19.593080520629883","21242","21242","21242"
"212439","20.488174438476562","20.488174438476562","20.488174438476562","21243","21243","21243"
"212479","19.140579223632812","19.140579223632812","19.140579223632812","21247","21247","21247"
"212539","19.29143524169922","19.29143524169922","19.29143524169922","21253","21253","21253"
"212559","24.082921981811523","24.082921981811523","24.082921981811523","21255","21255","21255"
"212649","25.152551651000977","25.152551651000977","25.152551651000977","21264","21264","21264"
"212679","19.817276000976562","19.817276000976562","19.817276000976562","21267","21267","21267"
"212709","18.47481918334961","18.47481918334961","18.47481918334961","21270","21270","21270"
"212719","19.956796646118164","19.956796646118164","19.956796646118164","21271","21271","21271"
"212739","21.01518440246582","21.01518440246582","21.01518440246582","21273","21273","21273"
"212759","18.338850021362305","18.338850021362305","18.338850021362305","21275","21275","21275"
"212779","21.60327911376953","21.60327911376953","21.60327911376953","21277","21277","21277"
"212789","19.58172607421875","19.58172607421875","19.58172607421875","21278","21278","21278"
"212819","19.326534271240234","19.326534271240234","19.326534271240234","21281","21281","21281"
"212839","18.67283058166504","18.67283058166504","18.67283058166504","21283","21283","21283"
"212849","20.704280853271484","20.704280853271484","20.704280853271484","21284","21284","21284"
"212899","19.17836570739746","19.17836570739746","19.17836570739746","21289","21289","21289"
"212949","20.873991012573242","20.873991012573242","20.873991012573242","21294","21294","21294"
"212979","22.229766845703125","22.229766845703125","22.229766845703125","21297","21297","21297"
"213049","20.276939392089844","20.276939392089844","20.276939392089844","21304","21304","21304"
"213059","23.99454116821289","23.99454116821289","23.99454116821289","21305","21305","21305"
"213099","20.392677307128906","20.392677307128906","20.392677307128906","21309","21309","21309"
"213109","20.92479705810547","20.92479705810547","20.92479705810547","21310","21310","21310"
"213119","23.341861724853516","23.341861724853516","23.341861724853516","21311","21311","21311"
"213129","18.403366088867188","18.403366088867188","18.403366088867188","21312","21312","21312"
"213139","20.78314208984375","20.78314208984375","20.78314208984375","21313","21313","21313"
"213179","23.93471336364746","23.93471336364746","23.93471336364746","21317","21317","21317"
"213229","40.32079315185547","40.32079315185547","40.32079315185547","21322","21322","21322"
"213239","17.01095962524414","17.01095962524414","17.01095962524414","21323","21323","21323"
"213269","24.0083065032959","24.0083065032959","24.0083065032959","21326","21326","21326"
"213279","19.91045379638672","19.91045379638672","19.91045379638672","21327","21327","21327"
"213299","17.735530853271484","17.735530853271484","17.735530853271484","21329","21329","21329"
"213339","19.804811477661133","19.804811477661133","19.804811477661133","21333","21333","21333"
"213379","24.859792709350586","24.859792709350586","24.859792709350586","21337","21337","21337"
"213389","19.348604202270508","19.348604202270508","19.348604202270508","21338","21338","21338"
"213409","20.50577735900879","20.50577735900879","20.50577735900879","21340","21340","21340"
"213449","20.820409774780273","20.820409774780273","20.820409774780273","21344","21344","21344"
"213509","24.83150863647461","24.83150863647461","24.83150863647461","21350","21350","21350"
"213519","22.47547149658203","22.47547149658203","22.47547149658203","21351","21351","21351"
"213529","25.395734786987305","25.395734786987305","25.395734786987305","21352","21352","21352"
"213539","20.321083068847656","20.321083068847656","20.321083068847656","21353","21353","21353"
"213549","22.38367462158203","22.38367462158203","22.38367462158203","21354","21354","21354"
"213559","17.263439178466797","17.263439178466797","17.263439178466797","21355","21355","21355"
"213569","22.167741775512695","22.167741775512695","22.167741775512695","21356","21356","21356"
"213599","22.490999221801758","22.490999221801758","22.490999221801758","21359","21359","21359"
"213629","18.6553955078125","18.6553955078125","18.6553955078125","21362","21362","21362"
"213639","18.24774932861328","18.24774932861328","18.24774932861328","21363","21363","21363"
"213679","22.647544860839844","22.647544860839844","22.647544860839844","21367","21367","21367"
"213699","23.29949951171875","23.29949951171875","23.29949951171875","21369","21369","21369"
"213749","20.889053344726562","20.889053344726562","20.889053344726562","21374","21374","21374"
"213759","21.392223358154297","21.392223358154297","21.392223358154297","21375","21375","21375"
"213819","18.921682357788086","18.921682357788086","18.921682357788086","21381","21381","21381"
"213829","25.391115188598633","25.391115188598633","25.391115188598633","21382","21382","21382"
"213879","18.92603302001953","18.92603302001953","18.92603302001953","21387","21387","21387"
"213919","19.626358032226562","19.626358032226562","19.626358032226562","21391","21391","21391"
"213949","26.997873306274414","26.997873306274414","26.997873306274414","21394","21394","21394"
"213989","22.87088966369629","22.87088966369629","22.87088966369629","21398","21398","21398"
"214019","21.669754028320312","21.669754028320312","21.669754028320312","21401","21401","21401"
"214039","17.418100357055664","17.418100357055664","17.418100357055664","21403","21403","21403"
"214059","23.83639907836914","23.83639907836914","23.83639907836914","21405","21405","21405"
"214069","21.17603302001953","21.17603302001953","21.17603302001953","21406","21406","21406"
"214079","22.241653442382812","22.241653442382812","22.241653442382812","21407","21407","21407"
"214099","19.268136978149414","19.268136978149414","19.268136978149414","21409","21409","21409"
"214139","21.500720977783203","21.500720977783203","21.500720977783203","21413","21413","21413"
"214279","20.73284912109375","20.73284912109375","20.73284912109375","21427","21427","21427"
"214289","20.1657657623291","20.1657657623291","20.1657657623291","21428","21428","21428"
"214319","16.476253509521484","16.476253509521484","16.476253509521484","21431","21431","21431"
"214349","20.56874656677246","20.56874656677246","20.56874656677246","21434","21434","21434"
"214409","22.109474182128906","22.109474182128906","22.109474182128906","21440","21440","21440"
"214439","22.43609619140625","22.43609619140625","22.43609619140625","21443","21443","21443"
"214469","18.917261123657227","18.917261123657227","18.917261123657227","21446","21446","21446"
"214489","23.062915802001953","23.062915802001953","23.062915802001953","21448","21448","21448"
"214499","23.54349708557129","23.54349708557129","23.54349708557129","21449","21449","21449"
"214529","22.640872955322266","22.640872955322266","22.640872955322266","21452","21452","21452"
"214559","24.6579647064209","24.6579647064209","24.6579647064209","21455","21455","21455"
"214579","20.610105514526367","20.610105514526367","20.610105514526367","21457","21457","21457"
"214589","18.3760929107666","18.3760929107666","18.3760929107666","21458","21458","21458"
"214649","18.078123092651367","18.078123092651367","18.078123092651367","21464","21464","21464"
"214669","21.94866371154785","21.94866371154785","21.94866371154785","21466","21466","21466"
"214689","22.409465789794922","22.409465789794922","22.409465789794922","21468","21468","21468"
"214719","18.037250518798828","18.037250518798828","18.037250518798828","21471","21471","21471"
"214739","18.831892013549805","18.831892013549805","18.831892013549805","21473","21473","21473"
"214769","21.687463760375977","21.687463760375977","21.687463760375977","21476","21476","21476"
"214779","19.50452995300293","19.50452995300293","19.50452995300293","21477","21477","21477"
"214799","24.305566787719727","24.305566787719727","24.305566787719727","21479","21479","21479"
"214809","19.924396514892578","19.924396514892578","19.924396514892578","21480","21480","21480"
"214819","24.999452590942383","24.999452590942383","24.999452590942383","21481","21481","21481"
"214869","27.39735984802246","27.39735984802246","27.39735984802246","21486","21486","21486"
"214909","20.4853458404541","20.4853458404541","20.4853458404541","21490","21490","21490"
"214919","18.94855499267578","18.94855499267578","18.94855499267578","21491","21491","21491"
"214929","22.911277770996094","22.911277770996094","22.911277770996094","21492","21492","21492"
"214949","27.571691513061523","27.571691513061523","27.571691513061523","21494","21494","21494"
"214959","24.784622192382812","24.784622192382812","24.784622192382812","21495","21495","21495"
"214969","19.84933090209961","19.84933090209961","19.84933090209961","21496","21496","21496"
"214979","23.84246826171875","23.84246826171875","23.84246826171875","21497","21497","21497"
"214999","20.26498031616211","20.26498031616211","20.26498031616211","21499","21499","21499"
"215039","23.20627212524414","23.20627212524414","23.20627212524414","21503","21503","21503"
"215049","26.747922897338867","26.747922897338867","26.747922897338867","21504","21504","21504"
"215129","21.802167892456055","21.802167892456055","21.802167892456055","21512","21512","21512"
"215219","20.08987808227539","20.08987808227539","20.08987808227539","21521","21521","21521"
"215229","15.777788162231445","15.777788162231445","15.777788162231445","21522","21522","21522"
"215279","18.587865829467773","18.587865829467773","18.587865829467773","21527","21527","21527"
"215299","22.37822151184082","22.37822151184082","22.37822151184082","21529","21529","21529"
"215309","18.125635147094727","18.125635147094727","18.125635147094727","21530","21530","21530"
"215329","23.195575714111328","23.195575714111328","23.195575714111328","21532","21532","21532"
"215339","19.4901123046875","19.4901123046875","19.4901123046875","21533","21533","21533"
"215429","22.053573608398438","22.053573608398438","22.053573608398438","21542","21542","21542"
"215459","19.90065574645996","19.90065574645996","19.90065574645996","21545","21545","21545"
"215469","25.319522857666016","25.319522857666016","25.319522857666016","21546","21546","21546"
"215489","17.233858108520508","17.233858108520508","17.233858108520508","21548","21548","21548"
"215619","24.617401123046875","24.617401123046875","24.617401123046875","21561","21561","21561"
"215649","23.159896850585938","23.159896850585938","23.159896850585938","21564","21564","21564"
"215729","21.193756103515625","21.193756103515625","21.193756103515625","21572","21572","21572"
"215739","18.744089126586914","18.744089126586914","18.744089126586914","21573","21573","21573"
"215819","17.73663902282715","17.73663902282715","17.73663902282715","21581","21581","21581"
"215839","19.183162689208984","19.183162689208984","19.183162689208984","21583","21583","21583"
"215869","18.90662384033203","18.90662384033203","18.90662384033203","21586","21586","21586"
"215879","17.903398513793945","17.903398513793945","17.903398513793945","21587","21587","21587"
"215899","24.106395721435547","24.106395721435547","24.106395721435547","21589","21589","21589"
"215929","22.064191818237305","22.064191818237305","22.064191818237305","21592","21592","21592"
"215939","20.762380599975586","20.762380599975586","20.762380599975586","21593","21593","21593"
"215969","24.623703002929688","24.623703002929688","24.623703002929688","21596","21596","21596"
"215979","24.501388549804688","24.501388549804688","24.501388549804688","21597","21597","21597"
"216029","20.009098052978516","20.009098052978516","20.009098052978516","21602","21602","21602"
"216039","25.520151138305664","25.520151138305664","25.520151138305664","21603","21603","21603"
"216049","20.69533348083496","20.69533348083496","20.69533348083496","21604","21604","21604"
"216119","21.022851943969727","21.022851943969727","21.022851943969727","21611","21611","21611"
"216139","16.785930633544922","16.785930633544922","16.785930633544922","21613","21613","21613"
"216209","20.369544982910156","20.369544982910156","20.369544982910156","21620","21620","21620"
"216219","18.784652709960938","18.784652709960938","18.784652709960938","21621","21621","21621"
"216229","19.949066162109375","19.949066162109375","19.949066162109375","21622","21622","21622"
"216249","21.9374942779541","21.9374942779541","21.9374942779541","21624","21624","21624"
"216299","19.97592544555664","19.97592544555664","19.97592544555664","21629","21629","21629"
"216309","21.670120239257812","21.670120239257812","21.670120239257812","21630","21630","21630"
"216329","21.238189697265625","21.238189697265625","21.238189697265625","21632","21632","21632"
"216369","24.269622802734375","24.269622802734375","24.269622802734375","21636","21636","21636"
"216379","20.361234664916992","20.361234664916992","20.361234664916992","21637","21637","21637"
"216389","21.156719207763672","21.156719207763672","21.156719207763672","21638","21638","21638"
"216409","24.374425888061523","24.374425888061523","24.374425888061523","21640","21640","21640"
"216429","17.064647674560547","17.064647674560547","17.064647674560547","21642","21642","21642"
"216509","19.962711334228516","19.962711334228516","19.962711334228516","21650","21650","21650"
"216569","23.35832977294922","23.35832977294922","23.35832977294922","21656","21656","21656"
"216579","19.974960327148438","19.974960327148438","19.974960327148438","21657","21657","21657"
"216599","25.299230575561523","25.299230575561523","25.299230575561523","21659","21659","21659"
"216629","21.901439666748047","21.901439666748047","21.901439666748047","21662","21662","21662"
"216639","23.97471046447754","23.97471046447754","23.97471046447754","21663","21663","21663"
"216659","20.323047637939453","20.323047637939453","20.323047637939453","21665","21665","21665"
"216669","23.48068618774414","23.48068618774414","23.48068618774414","21666","21666","21666"
"216699","21.070049285888672","21.070049285888672","21.070049285888672","21669","21669","21669"
"216709","19.900531768798828","19.900531768798828","19.900531768798828","21670","21670","21670"
"216739","24.577362060546875","24.577362060546875","24.577362060546875","21673","21673","21673"
"216759","22.329208374023438","22.329208374023438","22.329208374023438","21675","21675","21675"
"216769","25.822147369384766","25.822147369384766","25.822147369384766","21676","21676","21676"
"216779","25.577301025390625","25.577301025390625","25.577301025390625","21677","21677","21677"
"216809","18.10239028930664","18.10239028930664","18.10239028930664","21680","21680","21680"
"216819","23.12401580810547","23.12401580810547","23.12401580810547","21681","21681","21681"
"216839","17.197708129882812","17.197708129882812","17.197708129882812","21683","21683","21683"
"216899","19.573381423950195","19.573381423950195","19.573381423950195","21689","21689","21689"
"216929","20.774831771850586","20.774831771850586","20.774831771850586","21692","21692","21692"
"216949","21.822738647460938","21.822738647460938","21.822738647460938","21694","21694","21694"
"216959","16.631500244140625","16.631500244140625","16.631500244140625","21695","21695","21695"
"216969","16.958248138427734","16.958248138427734","16.958248138427734","21696","21696","21696"
"216979","34.12196731567383","34.12196731567383","34.12196731567383","21697","21697","21697"
"217029","23.824073791503906","23.824073791503906","23.824073791503906","21702","21702","21702"
"217069","18.30805778503418","18.30805778503418","18.30805778503418","21706","21706","21706"
"217079","15.952096939086914","15.952096939086914","15.952096939086914","21707","21707","21707"
"217119","22.902629852294922","22.902629852294922","22.902629852294922","21711","21711","21711"
"217129","24.673995971679688","24.673995971679688","24.673995971679688","21712","21712","21712"
"217139","23.6772403717041","23.6772403717041","23.6772403717041","21713","21713","21713"
"217159","19.218610763549805","19.218610763549805","19.218610763549805","21715","21715","21715"
"217189","22.722652435302734","22.722652435302734","22.722652435302734","21718","21718","21718"
"217209","19.234291076660156","19.234291076660156","19.234291076660156","21720","21720","21720"
"217229","15.741022109985352","15.741022109985352","15.741022109985352","21722","21722","21722"
"217259","19.464797973632812","19.464797973632812","19.464797973632812","21725","21725","21725"
"217289","24.558292388916016","24.558292388916016","24.558292388916016","21728","21728","21728"
"217299","29.61768341064453","29.61768341064453","29.61768341064453","21729","21729","21729"
"217329","22.557397842407227","22.557397842407227","22.557397842407227","21732","21732","21732"
"217369","21.082942962646484","21.082942962646484","21.082942962646484","21736","21736","21736"
"217379","20.670764923095703","20.670764923095703","20.670764923095703","21737","21737","21737"
"217399","23.47707176208496","23.47707176208496","23.47707176208496","21739","21739","21739"
"217439","17.374820709228516","17.374820709228516","17.374820709228516","21743","21743","21743"
"217469","24.362281799316406","24.362281799316406","24.362281799316406","21746","21746","21746"
"217479","23.675289154052734","23.675289154052734","23.675289154052734","21747","21747","21747"
"217489","25.74216651916504","25.74216651916504","25.74216651916504","21748","21748","21748"
"217529","20.577754974365234","20.577754974365234","20.577754974365234","21752","21752","21752"
"217569","21.482975006103516","21.482975006103516","21.482975006103516","21756","21756","21756"
"217589","22.48661231994629","22.48661231994629","22.48661231994629","21758","21758","21758"
"217619","24.911991119384766","24.911991119384766","24.911991119384766","21761","21761","21761"
"217649","23.796958923339844","23.796958923339844","23.796958923339844","21764","21764","21764"
"217699","21.32954216003418","21.32954216003418","21.32954216003418","21769","21769","21769"
"217739","16.588279724121094","16.588279724121094","16.588279724121094","21773","21773","21773"
"217779","26.61632537841797","26.61632537841797","26.61632537841797","21777","21777","21777"
"217809","19.57778549194336","19.57778549194336","19.57778549194336","21780","21780","21780"
"217829","25.479021072387695","25.479021072387695","25.479021072387695","21782","21782","21782"
"217839","23.79851722717285","23.79851722717285","23.79851722717285","21783","21783","21783"
"217849","20.72774887084961","20.72774887084961","20.72774887084961","21784","21784","21784"
"217859","18.062915802001953","18.062915802001953","18.062915802001953","21785","21785","21785"
"217869","21.250364303588867","21.250364303588867","21.250364303588867","21786","21786","21786"
"217879","20.333080291748047","20.333080291748047","20.333080291748047","21787","21787","21787"
"217899","23.934402465820312","23.934402465820312","23.934402465820312","21789","21789","21789"
"217909","20.607175827026367","20.607175827026367","20.607175827026367","21790","21790","21790"
"217929","18.260513305664062","18.260513305664062","18.260513305664062","21792","21792","21792"
"218009","18.98469352722168","18.98469352722168","18.98469352722168","21800","21800","21800"
"218059","19.785261154174805","19.785261154174805","19.785261154174805","21805","21805","21805"
"218089","22.515933990478516","22.515933990478516","22.515933990478516","21808","21808","21808"
"218119","18.20508575439453","18.20508575439453","18.20508575439453","21811","21811","21811"
"218149","15.55496597290039","15.55496597290039","15.55496597290039","21814","21814","21814"
"218159","17.17131805419922","17.17131805419922","17.17131805419922","21815","21815","21815"
"218199","23.331104278564453","23.331104278564453","23.331104278564453","21819","21819","21819"
"218229","18.583599090576172","18.583599090576172","18.583599090576172","21822","21822","21822"
"218249","23.1746768951416","23.1746768951416","23.1746768951416","21824","21824","21824"
"218259","17.166563034057617","17.166563034057617","17.166563034057617","21825","21825","21825"
"218289","26.86617088317871","26.86617088317871","26.86617088317871","21828","21828","21828"
"218309","22.559673309326172","22.559673309326172","22.559673309326172","21830","21830","21830"
"218319","20.794103622436523","20.794103622436523","20.794103622436523","21831","21831","21831"
"218329","24.20195770263672","24.20195770263672","24.20195770263672","21832","21832","21832"
"218359","20.954288482666016","20.954288482666016","20.954288482666016","21835","21835","21835"
"218389","20.874290466308594","20.874290466308594","20.874290466308594","21838","21838","21838"
"218399","23.180328369140625","23.180328369140625","23.180328369140625","21839","21839","21839"
"218409","23.53806495666504","23.53806495666504","23.53806495666504","21840","21840","21840"
"218439","21.48086929321289","21.48086929321289","21.48086929321289","21843","21843","21843"
"218529","18.351280212402344","18.351280212402344","18.351280212402344","21852","21852","21852"
"218549","21.69792366027832","21.69792366027832","21.69792366027832","21854","21854","21854"
"218559","18.889188766479492","18.889188766479492","18.889188766479492","21855","21855","21855"
"218579","17.500789642333984","17.500789642333984","17.500789642333984","21857","21857","21857"
"218609","21.751708984375","21.751708984375","21.751708984375","21860","21860","21860"
"218659","23.650184631347656","23.650184631347656","23.650184631347656","21865","21865","21865"
"218679","24.278873443603516","24.278873443603516","24.278873443603516","21867","21867","21867"
"218719","18.000652313232422","18.000652313232422","18.000652313232422","21871","21871","21871"
"218729","21.022850036621094","21.022850036621094","21.022850036621094","21872","21872","21872"
"218759","22.589611053466797","22.589611053466797","22.589611053466797","21875","21875","21875"
"218799","18.487491607666016","18.487491607666016","18.487491607666016","21879","21879","21879"
"218809","17.960567474365234","17.960567474365234","17.960567474365234","21880","21880","21880"
"218819","19.696334838867188","19.696334838867188","19.696334838867188","21881","21881","21881"
"218839","16.63756561279297","16.63756561279297","16.63756561279297","21883","21883","21883"
"218859","24.146018981933594","24.146018981933594","24.146018981933594","21885","21885","21885"
"218869","21.967304229736328","21.967304229736328","21.967304229736328","21886","21886","21886"
"218889","20.810623168945312","20.810623168945312","20.810623168945312","21888","21888","21888"
"218899","21.633739471435547","21.633739471435547","21.633739471435547","21889","21889","21889"
"218919","21.739810943603516","21.739810943603516","21.739810943603516","21891","21891","21891"
"218929","29.33608627319336","29.33608627319336","29.33608627319336","21892","21892","21892"
"218949","20.636150360107422","20.636150360107422","20.636150360107422","21894","21894","21894"
"218979","22.526935577392578","22.526935577392578","22.526935577392578","21897","21897","21897"
"218989","21.56635856628418","21.56635856628418","21.56635856628418","21898","21898","21898"
"218999","23.508037567138672","23.508037567138672","23.508037567138672","21899","21899","21899"
"219009","21.978288650512695","21.978288650512695","21.978288650512695","21900","21900","21900"
"219019","19.003013610839844","19.003013610839844","19.003013610839844","21901","21901","21901"
"219069","21.87841033935547","21.87841033935547","21.87841033935547","21906","21906","21906"
"219079","20.314435958862305","20.314435958862305","20.314435958862305","21907","21907","21907"
"219109","18.926620483398438","18.926620483398438","18.926620483398438","21910","21910","21910"
"219129","19.71621322631836","19.71621322631836","19.71621322631836","21912","21912","21912"
"219149","21.598215103149414","21.598215103149414","21.598215103149414","21914","21914","21914"
"219169","24.175575256347656","24.175575256347656","24.175575256347656","21916","21916","21916"
"219179","19.356176376342773","19.356176376342773","19.356176376342773","21917","21917","21917"
"219199","20.005939483642578","20.005939483642578","20.005939483642578","21919","21919","21919"
"219229","23.91355323791504","23.91355323791504","23.91355323791504","21922","21922","21922"
"219249","19.90584945678711","19.90584945678711","19.90584945678711","21924","21924","21924"
"219279","19.401939392089844","19.401939392089844","19.401939392089844","21927","21927","21927"
"219309","21.56639289855957","21.56639289855957","21.56639289855957","21930","21930","21930"
"219319","30.080781936645508","30.080781936645508","30.080781936645508","21931","21931","21931"
"219329","20.895902633666992","20.895902633666992","20.895902633666992","21932","21932","21932"
"219349","21.108428955078125","21.108428955078125","21.108428955078125","21934","21934","21934"
"219369","18.828691482543945","18.828691482543945","18.828691482543945","21936","21936","21936"
"219409","20.429134368896484","20.429134368896484","20.429134368896484","21940","21940","21940"
"219469","19.488136291503906","19.488136291503906","19.488136291503906","21946","21946","21946"
"219499","21.720293045043945","21.720293045043945","21.720293045043945","21949","21949","21949"
"219509","20.88641357421875","20.88641357421875","20.88641357421875","21950","21950","21950"
"219529","15.87618350982666","15.87618350982666","15.87618350982666","21952","21952","21952"
"219549","24.240459442138672","24.240459442138672","24.240459442138672","21954","21954","21954"
"219559","19.86345672607422","19.86345672607422","19.86345672607422","21955","21955","21955"
"219569","23.261964797973633","23.261964797973633","23.261964797973633","21956","21956","21956"
"219579","21.781116485595703","21.781116485595703","21.781116485595703","21957","21957","21957"
"219619","21.970531463623047","21.970531463623047","21.970531463623047","21961","21961","21961"
"219699","24.727710723876953","24.727710723876953","24.727710723876953","21969","21969","21969"
"219709","23.484569549560547","23.484569549560547","23.484569549560547","21970","21970","21970"
"219719","21.119796752929688","21.119796752929688","21.119796752929688","21971","21971","21971"
"219759","21.50057601928711","21.50057601928711","21.50057601928711","21975","21975","21975"
"219779","22.06902503967285","22.06902503967285","22.06902503967285","21977","21977","21977"
"219829","19.791593551635742","19.791593551635742","19.791593551635742","21982","21982","21982"
"219849","19.663089752197266","19.663089752197266","19.663089752197266","21984","21984","21984"
"219859","20.092880249023438","20.092880249023438","20.092880249023438","21985","21985","21985"
"219879","20.22123146057129","20.22123146057129","20.22123146057129","21987","21987","21987"
"219979","17.741470336914062","17.741470336914062","17.741470336914062","21997","21997","21997"
"219999","21.525890350341797","21.525890350341797","21.525890350341797","21999","21999","21999"
"220029","21.933677673339844","21.933677673339844","21.933677673339844","22002","22002","22002"
"220039","19.198413848876953","19.198413848876953","19.198413848876953","22003","22003","22003"
"220049","19.975059509277344","19.975059509277344","19.975059509277344","22004","22004","22004"
"220059","20.527053833007812","20.527053833007812","20.527053833007812","22005","22005","22005"
"220069","21.570859909057617","21.570859909057617","21.570859909057617","22006","22006","22006"
"220099","19.274364471435547","19.274364471435547","19.274364471435547","22009","22009","22009"
"220109","20.063541412353516","20.063541412353516","20.063541412353516","22010","22010","22010"
"220159","24.8721923828125","24.8721923828125","24.8721923828125","22015","22015","22015"
"220169","17.844188690185547","17.844188690185547","17.844188690185547","22016","22016","22016"
"220219","23.792125701904297","23.792125701904297","23.792125701904297","22021","22021","22021"
"220229","21.24684715270996","21.24684715270996","21.24684715270996","22022","22022","22022"
"220239","22.364614486694336","22.364614486694336","22.364614486694336","22023","22023","22023"
"220259","20.70744514465332","20.70744514465332","20.70744514465332","22025","22025","22025"
"220279","26.757999420166016","26.757999420166016","26.757999420166016","22027","22027","22027"
"220319","19.837175369262695","19.837175369262695","19.837175369262695","22031","22031","22031"
"220329","18.67738914489746","18.67738914489746","18.67738914489746","22032","22032","22032"
"220399","19.522863388061523","19.522863388061523","19.522863388061523","22039","22039","22039"
"220409","22.62120246887207","22.62120246887207","22.62120246887207","22040","22040","22040"
"220449","17.954214096069336","17.954214096069336","17.954214096069336","22044","22044","22044"
"220479","22.27086639404297","22.27086639404297","22.27086639404297","22047","22047","22047"
"220499","21.005788803100586","21.005788803100586","21.005788803100586","22049","22049","22049"
"220529","20.054967880249023","20.054967880249023","20.054967880249023","22052","22052","22052"
"220539","21.544580459594727","21.544580459594727","21.544580459594727","22053","22053","22053"
"220599","24.40607261657715","24.40607261657715","24.40607261657715","22059","22059","22059"
"220629","27.182514190673828","27.182514190673828","27.182514190673828","22062","22062","22062"
"220639","19.832168579101562","19.832168579101562","19.832168579101562","22063","22063","22063"
"220649","21.84572982788086","21.84572982788086","21.84572982788086","22064","22064","22064"
"220659","21.951881408691406","21.951881408691406","21.951881408691406","22065","22065","22065"
"220709","21.720264434814453","21.720264434814453","21.720264434814453","22070","22070","22070"
"220759","20.61461639404297","20.61461639404297","20.61461639404297","22075","22075","22075"
"220799","22.005046844482422","22.005046844482422","22.005046844482422","22079","22079","22079"
"220809","26.29547119140625","26.29547119140625","26.29547119140625","22080","22080","22080"
"220819","20.867908477783203","20.867908477783203","20.867908477783203","22081","22081","22081"
"220829","18.8391056060791","18.8391056060791","18.8391056060791","22082","22082","22082"
"220839","20.357667922973633","20.357667922973633","20.357667922973633","22083","22083","22083"
"220869","25.89531707763672","25.89531707763672","25.89531707763672","22086","22086","22086"
"220879","16.55692481994629","16.55692481994629","16.55692481994629","22087","22087","22087"
"220889","20.284574508666992","20.284574508666992","20.284574508666992","22088","22088","22088"
"220909","19.561439514160156","19.561439514160156","19.561439514160156","22090","22090","22090"
"220969","18.12681007385254","18.12681007385254","18.12681007385254","22096","22096","22096"
"221049","24.913747787475586","24.913747787475586","24.913747787475586","22104","22104","22104"
"221059","19.40693473815918","19.40693473815918","19.40693473815918","22105","22105","22105"
"221069","23.546001434326172","23.546001434326172","23.546001434326172","22106","22106","22106"
"221079","19.243793487548828","19.243793487548828","19.243793487548828","22107","22107","22107"
"221089","20.6688232421875","20.6688232421875","20.6688232421875","22108","22108","22108"
"221099","21.90113067626953","21.90113067626953","21.90113067626953","22109","22109","22109"
"221139","22.621366500854492","22.621366500854492","22.621366500854492","22113","22113","22113"
"221169","20.609920501708984","20.609920501708984","20.609920501708984","22116","22116","22116"
"221179","23.726505279541016","23.726505279541016","23.726505279541016","22117","22117","22117"
"221199","27.961719512939453","27.961719512939453","27.961719512939453","22119","22119","22119"
"221239","19.790786743164062","19.790786743164062","19.790786743164062","22123","22123","22123"
"221249","22.386062622070312","22.386062622070312","22.386062622070312","22124","22124","22124"
"221279","24.403514862060547","24.403514862060547","24.403514862060547","22127","22127","22127"
"221289","16.51126480102539","16.51126480102539","16.51126480102539","22128","22128","22128"
"221309","21.577590942382812","21.577590942382812","21.577590942382812","22130","22130","22130"
"221329","26.420021057128906","26.420021057128906","26.420021057128906","22132","22132","22132"
"221339","20.502342224121094","20.502342224121094","20.502342224121094","22133","22133","22133"
"221379","21.143030166625977","21.143030166625977","21.143030166625977","22137","22137","22137"
"221389","18.31497573852539","18.31497573852539","18.31497573852539","22138","22138","22138"
"221409","19.168418884277344","19.168418884277344","19.168418884277344","22140","22140","22140"
"221419","21.962562561035156","21.962562561035156","21.962562561035156","22141","22141","22141"
"221449","17.987518310546875","17.987518310546875","17.987518310546875","22144","22144","22144"
"221469","16.575252532958984","16.575252532958984","16.575252532958984","22146","22146","22146"
"221519","22.26227569580078","22.26227569580078","22.26227569580078","22151","22151","22151"
"221529","18.263683319091797","18.263683319091797","18.263683319091797","22152","22152","22152"
"221589","26.63690757751465","26.63690757751465","26.63690757751465","22158","22158","22158"
"221599","22.743316650390625","22.743316650390625","22.743316650390625","22159","22159","22159"
"221609","17.828594207763672","17.828594207763672","17.828594207763672","22160","22160","22160"
"221689","16.303037643432617","16.303037643432617","16.303037643432617","22168","22168","22168"
"221699","22.82439422607422","22.82439422607422","22.82439422607422","22169","22169","22169"
"221729","20.124841690063477","20.124841690063477","20.124841690063477","22172","22172","22172"
"221739","15.777009963989258","15.777009963989258","15.777009963989258","22173","22173","22173"
"221759","17.014251708984375","17.014251708984375","17.014251708984375","22175","22175","22175"
"221769","20.965946197509766","20.965946197509766","20.965946197509766","22176","22176","22176"
"221829","17.39811134338379","17.39811134338379","17.39811134338379","22182","22182","22182"
"221849","23.744539260864258","23.744539260864258","23.744539260864258","22184","22184","22184"
"221899","21.283491134643555","21.283491134643555","21.283491134643555","22189","22189","22189"
"221909","18.78141212463379","18.78141212463379","18.78141212463379","22190","22190","22190"
"221939","19.154979705810547","19.154979705810547","19.154979705810547","22193","22193","22193"
"221949","19.755252838134766","19.755252838134766","19.755252838134766","22194","22194","22194"
"221969","18.752811431884766","18.752811431884766","18.752811431884766","22196","22196","22196"
"221999","19.449007034301758","19.449007034301758","19.449007034301758","22199","22199","22199"
"222009","24.1546630859375","24.1546630859375","24.1546630859375","22200","22200","22200"
"222049","18.686616897583008","18.686616897583008","18.686616897583008","22204","22204","22204"
"222059","18.937904357910156","18.937904357910156","18.937904357910156","22205","22205","22205"
"222079","19.667768478393555","19.667768478393555","19.667768478393555","22207","22207","22207"
"222139","18.73565101623535","18.73565101623535","18.73565101623535","22213","22213","22213"
"222159","20.30890655517578","20.30890655517578","20.30890655517578","22215","22215","22215"
"222179","23.04160499572754","23.04160499572754","23.04160499572754","22217","22217","22217"
"222219","21.720006942749023","21.720006942749023","21.720006942749023","22221","22221","22221"
"222229","18.956554412841797","18.956554412841797","18.956554412841797","22222","22222","22222"
"222259","18.698293685913086","18.698293685913086","18.698293685913086","22225","22225","22225"
"222279","20.94934844970703","20.94934844970703","20.94934844970703","22227","22227","22227"
"222289","16.93704605102539","16.93704605102539","16.93704605102539","22228","22228","22228"
"222339","19.628826141357422","19.628826141357422","19.628826141357422","22233","22233","22233"
"222349","19.101369857788086","19.101369857788086","19.101369857788086","22234","22234","22234"
"222379","20.70193862915039","20.70193862915039","20.70193862915039","22237","22237","22237"
"222399","20.891281127929688","20.891281127929688","20.891281127929688","22239","22239","22239"
"222419","15.962903022766113","15.962903022766113","15.962903022766113","22241","22241","22241"
"222449","17.231914520263672","17.231914520263672","17.231914520263672","22244","22244","22244"
"222519","20.592260360717773","20.592260360717773","20.592260360717773","22251","22251","22251"
"222559","21.140243530273438","21.140243530273438","21.140243530273438","22255","22255","22255"
"222579","24.244037628173828","24.244037628173828","24.244037628173828","22257","22257","22257"
"222599","18.003589630126953","18.003589630126953","18.003589630126953","22259","22259","22259"
"222669","20.294309616088867","20.294309616088867","20.294309616088867","22266","22266","22266"
"222689","22.487394332885742","22.487394332885742","22.487394332885742","22268","22268","22268"
"222719","22.17083168029785","22.17083168029785","22.17083168029785","22271","22271","22271"
"222749","21.543134689331055","21.543134689331055","21.543134689331055","22274","22274","22274"
"222769","22.36920166015625","22.36920166015625","22.36920166015625","22276","22276","22276"
"222789","19.80558967590332","19.80558967590332","19.80558967590332","22278","22278","22278"
"222839","22.685073852539062","22.685073852539062","22.685073852539062","22283","22283","22283"
"222849","24.44987678527832","24.44987678527832","24.44987678527832","22284","22284","22284"
"222869","21.253786087036133","21.253786087036133","21.253786087036133","22286","22286","22286"
"222879","29.462356567382812","29.462356567382812","29.462356567382812","22287","22287","22287"
"222889","21.088542938232422","21.088542938232422","21.088542938232422","22288","22288","22288"
"222909","21.989364624023438","21.989364624023438","21.989364624023438","22290","22290","22290"
"222999","21.202899932861328","21.202899932861328","21.202899932861328","22299","22299","22299"
"223009","26.581266403198242","26.581266403198242","26.581266403198242","22300","22300","22300"
"223069","25.421794891357422","25.421794891357422","25.421794891357422","22306","22306","22306"
"223089","20.301416397094727","20.301416397094727","20.301416397094727","22308","22308","22308"
"223119","19.333860397338867","19.333860397338867","19.333860397338867","22311","22311","22311"
"223129","20.37479591369629","20.37479591369629","20.37479591369629","22312","22312","22312"
"223159","24.46188735961914","24.46188735961914","24.46188735961914","22315","22315","22315"
"223169","16.802494049072266","16.802494049072266","16.802494049072266","22316","22316","22316"
"223179","23.2324161529541","23.2324161529541","23.2324161529541","22317","22317","22317"
"223209","18.15673065185547","18.15673065185547","18.15673065185547","22320","22320","22320"
"223229","19.853729248046875","19.853729248046875","19.853729248046875","22322","22322","22322"
"223239","22.070266723632812","22.070266723632812","22.070266723632812","22323","22323","22323"
"223329","18.784244537353516","18.784244537353516","18.784244537353516","22332","22332","22332"
"223349","20.06940460205078","20.06940460205078","20.06940460205078","22334","22334","22334"
"223369","21.346744537353516","21.346744537353516","21.346744537353516","22336","22336","22336"
"223379","23.455934524536133","23.455934524536133","23.455934524536133","22337","22337","22337"
"223399","29.302101135253906","29.302101135253906","29.302101135253906","22339","22339","22339"
"223429","20.247146606445312","20.247146606445312","20.247146606445312","22342","22342","22342"
"223439","17.821044921875","17.821044921875","17.821044921875","22343","22343","22343"
"223449","20.29128646850586","20.29128646850586","20.29128646850586","22344","22344","22344"
"223499","22.46515655517578","22.46515655517578","22.46515655517578","22349","22349","22349"
"223519","22.691566467285156","22.691566467285156","22.691566467285156","22351","22351","22351"
"223569","22.456134796142578","22.456134796142578","22.456134796142578","22356","22356","22356"
"223579","25.580827713012695","25.580827713012695","25.580827713012695","22357","22357","22357"
"223589","18.58673858642578","18.58673858642578","18.58673858642578","22358","22358","22358"
"223599","24.705955505371094","24.705955505371094","24.705955505371094","22359","22359","22359"
"223609","18.962968826293945","18.962968826293945","18.962968826293945","22360","22360","22360"
"223629","24.805435180664062","24.805435180664062","24.805435180664062","22362","22362","22362"
"223649","21.360809326171875","21.360809326171875","21.360809326171875","22364","22364","22364"
"223659","21.98548126220703","21.98548126220703","21.98548126220703","22365","22365","22365"
"223749","21.239864349365234","21.239864349365234","21.239864349365234","22374","22374","22374"
"223789","24.285083770751953","24.285083770751953","24.285083770751953","22378","22378","22378"
"223799","23.91850471496582","23.91850471496582","23.91850471496582","22379","22379","22379"
"223839","21.893962860107422","21.893962860107422","21.893962860107422","22383","22383","22383"
"223869","24.533397674560547","24.533397674560547","24.533397674560547","22386","22386","22386"
"223879","20.377016067504883","20.377016067504883","20.377016067504883","22387","22387","22387"
"223899","22.365314483642578","22.365314483642578","22.365314483642578","22389","22389","22389"
"223909","23.15869903564453","23.15869903564453","23.15869903564453","22390","22390","22390"
"223919","20.343658447265625","20.343658447265625","20.343658447265625","22391","22391","22391"
"223929","21.66501808166504","21.66501808166504","21.66501808166504","22392","22392","22392"
"223939","20.84758949279785","20.84758949279785","20.84758949279785","22393","22393","22393"
"223969","20.289615631103516","20.289615631103516","20.289615631103516","22396","22396","22396"
"224009","20.78094482421875","20.78094482421875","20.78094482421875","22400","22400","22400"
"224059","19.043058395385742","19.043058395385742","19.043058395385742","22405","22405","22405"
"224089","23.20568084716797","23.20568084716797","23.20568084716797","22408","22408","22408"
"224209","23.643251419067383","23.643251419067383","23.643251419067383","22420","22420","22420"
"224249","18.79167938232422","18.79167938232422","18.79167938232422","22424","22424","22424"
"224259","20.074630737304688","20.074630737304688","20.074630737304688","22425","22425","22425"
"224269","21.688779830932617","21.688779830932617","21.688779830932617","22426","22426","22426"
"224289","20.761737823486328","20.761737823486328","20.761737823486328","22428","22428","22428"
"224299","20.202611923217773","20.202611923217773","20.202611923217773","22429","22429","22429"
"224309","19.67193031311035","19.67193031311035","19.67193031311035","22430","22430","22430"
"224329","21.839853286743164","21.839853286743164","21.839853286743164","22432","22432","22432"
"224339","25.582141876220703","25.582141876220703","25.582141876220703","22433","22433","22433"
"224349","22.307395935058594","22.307395935058594","22.307395935058594","22434","22434","22434"
"224379","19.8743953704834","19.8743953704834","19.8743953704834","22437","22437","22437"
"224419","21.52385711669922","21.52385711669922","21.52385711669922","22441","22441","22441"
"224459","19.530174255371094","19.530174255371094","19.530174255371094","22445","22445","22445"
"224469","23.635364532470703","23.635364532470703","23.635364532470703","22446","22446","22446"
"224509","19.513439178466797","19.513439178466797","19.513439178466797","22450","22450","22450"
"224519","21.644397735595703","21.644397735595703","21.644397735595703","22451","22451","22451"
"224569","18.994922637939453","18.994922637939453","18.994922637939453","22456","22456","22456"
"224579","22.350248336791992","22.350248336791992","22.350248336791992","22457","22457","22457"
"224669","19.35065460205078","19.35065460205078","19.35065460205078","22466","22466","22466"
"224689","22.250505447387695","22.250505447387695","22.250505447387695","22468","22468","22468"
"224739","25.426755905151367","25.426755905151367","25.426755905151367","22473","22473","22473"
"224759","25.212772369384766","25.212772369384766","25.212772369384766","22475","22475","22475"
"224779","24.31741714477539","24.31741714477539","24.31741714477539","22477","22477","22477"
"224809","19.8077392578125","19.8077392578125","19.8077392578125","22480","22480","22480"
"224839","18.842655181884766","18.842655181884766","18.842655181884766","22483","22483","22483"
"224859","23.704593658447266","23.704593658447266","23.704593658447266","22485","22485","22485"
"224869","19.925498962402344","19.925498962402344","19.925498962402344","22486","22486","22486"
"224929","16.171030044555664","16.171030044555664","16.171030044555664","22492","22492","22492"
"224939","21.637958526611328","21.637958526611328","21.637958526611328","22493","22493","22493"
"224959","20.15542984008789","20.15542984008789","20.15542984008789","22495","22495","22495"
"225019","20.344263076782227","20.344263076782227","20.344263076782227","22501","22501","22501"
"225029","20.148313522338867","20.148313522338867","20.148313522338867","22502","22502","22502"
"225099","24.127803802490234","24.127803802490234","24.127803802490234","22509","22509","22509"
"225109","21.228891372680664","21.228891372680664","21.228891372680664","22510","22510","22510"
"225139","19.5953426361084","19.5953426361084","19.5953426361084","22513","22513","22513"
"225149","20.889053344726562","20.889053344726562","20.889053344726562","22514","22514","22514"
"225159","23.40882110595703","23.40882110595703","23.40882110595703","22515","22515","22515"
"225189","19.539501190185547","19.539501190185547","19.539501190185547","22518","22518","22518"
"225219","22.964548110961914","22.964548110961914","22.964548110961914","22521","22521","22521"
"225239","22.562549591064453","22.562549591064453","22.562549591064453","22523","22523","22523"
"225269","19.323184967041016","19.323184967041016","19.323184967041016","22526","22526","22526"
"225309","25.068449020385742","25.068449020385742","25.068449020385742","22530","22530","22530"
"225319","15.46657943725586","15.46657943725586","15.46657943725586","22531","22531","22531"
"225349","21.07387351989746","21.07387351989746","21.07387351989746","22534","22534","22534"
"225359","21.972007751464844","21.972007751464844","21.972007751464844","22535","22535","22535"
"225379","18.80254554748535","18.80254554748535","18.80254554748535","22537","22537","22537"
"225419","21.494672775268555","21.494672775268555","21.494672775268555","22541","22541","22541"
"225439","20.40988540649414","20.40988540649414","20.40988540649414","22543","22543","22543"
"225479","19.633975982666016","19.633975982666016","19.633975982666016","22547","22547","22547"
"225489","20.786216735839844","20.786216735839844","20.786216735839844","22548","22548","22548"
"225499","21.996322631835938","21.996322631835938","21.996322631835938","22549","22549","22549"
"225519","19.198488235473633","19.198488235473633","19.198488235473633","22551","22551","22551"
"225559","20.733259201049805","20.733259201049805","20.733259201049805","22555","22555","22555"
"225569","20.10894012451172","20.10894012451172","20.10894012451172","22556","22556","22556"
"225599","21.855960845947266","21.855960845947266","21.855960845947266","22559","22559","22559"
"225609","19.99901580810547","19.99901580810547","19.99901580810547","22560","22560","22560"
"225649","20.183868408203125","20.183868408203125","20.183868408203125","22564","22564","22564"
"225659","19.861831665039062","19.861831665039062","19.861831665039062","22565","22565","22565"
"225739","28.019655227661133","28.019655227661133","28.019655227661133","22573","22573","22573"
"225769","22.121456146240234","22.121456146240234","22.121456146240234","22576","22576","22576"
"225779","28.779172897338867","28.779172897338867","28.779172897338867","22577","22577","22577"
"225809","22.8957576751709","22.8957576751709","22.8957576751709","22580","22580","22580"
"225839","20.501432418823242","20.501432418823242","20.501432418823242","22583","22583","22583"
"225879","21.784439086914062","21.784439086914062","21.784439086914062","22587","22587","22587"
"225929","17.91364288330078","17.91364288330078","17.91364288330078","22592","22592","22592"
"225939","21.3787841796875","21.3787841796875","21.3787841796875","22593","22593","22593"
"225979","19.928985595703125","19.928985595703125","19.928985595703125","22597","22597","22597"
"225989","21.829837799072266","21.829837799072266","21.829837799072266","22598","22598","22598"
"225999","25.991405487060547","25.991405487060547","25.991405487060547","22599","22599","22599"
"226049","20.626562118530273","20.626562118530273","20.626562118530273","22604","22604","22604"
"226059","19.428665161132812","19.428665161132812","19.428665161132812","22605","22605","22605"
"226079","19.19373321533203","19.19373321533203","19.19373321533203","22607","22607","22607"
"226089","20.619022369384766","20.619022369384766","20.619022369384766","22608","22608","22608"
"226099","15.878238677978516","15.878238677978516","15.878238677978516","22609","22609","22609"
"226109","18.713565826416016","18.713565826416016","18.713565826416016","22610","22610","22610"
"226129","18.926647186279297","18.926647186279297","18.926647186279297","22612","22612","22612"
"226149","20.698680877685547","20.698680877685547","20.698680877685547","22614","22614","22614"
"226179","17.41519546508789","17.41519546508789","17.41519546508789","22617","22617","22617"
"226239","20.30596160888672","20.30596160888672","20.30596160888672","22623","22623","22623"
"226319","21.954256057739258","21.954256057739258","21.954256057739258","22631","22631","22631"
"226349","23.092880249023438","23.092880249023438","23.092880249023438","22634","22634","22634"
"226369","21.899538040161133","21.899538040161133","21.899538040161133","22636","22636","22636"
"226379","19.95219612121582","19.95219612121582","19.95219612121582","22637","22637","22637"
"226439","17.130313873291016","17.130313873291016","17.130313873291016","22643","22643","22643"
"226449","19.416196823120117","19.416196823120117","19.416196823120117","22644","22644","22644"
"226469","21.27242660522461","21.27242660522461","21.27242660522461","22646","22646","22646"
"226479","21.661087036132812","21.661087036132812","21.661087036132812","22647","22647","22647"
"226489","25.783126831054688","25.783126831054688","25.783126831054688","22648","22648","22648"
"226499","19.55988311767578","19.55988311767578","19.55988311767578","22649","22649","22649"
"226509","18.99578094482422","18.99578094482422","18.99578094482422","22650","22650","22650"
"226519","18.593860626220703","18.593860626220703","18.593860626220703","22651","22651","22651"
"226529","18.86773681640625","18.86773681640625","18.86773681640625","22652","22652","22652"
"226549","23.835437774658203","23.835437774658203","23.835437774658203","22654","22654","22654"
"226589","24.096431732177734","24.096431732177734","24.096431732177734","22658","22658","22658"
"226609","19.984149932861328","19.984149932861328","19.984149932861328","22660","22660","22660"
"226669","18.52716827392578","18.52716827392578","18.52716827392578","22666","22666","22666"
"226699","22.559589385986328","22.559589385986328","22.559589385986328","22669","22669","22669"
"226719","21.230613708496094","21.230613708496094","21.230613708496094","22671","22671","22671"
"226729","19.14923095703125","19.14923095703125","19.14923095703125","22672","22672","22672"
"226779","21.075990676879883","21.075990676879883","21.075990676879883","22677","22677","22677"
"226829","22.751869201660156","22.751869201660156","22.751869201660156","22682","22682","22682"
"226889","21.243637084960938","21.243637084960938","21.243637084960938","22688","22688","22688"
"226899","20.475914001464844","20.475914001464844","20.475914001464844","22689","22689","22689"
"226939","24.928680419921875","24.928680419921875","24.928680419921875","22693","22693","22693"
"226969","18.267398834228516","18.267398834228516","18.267398834228516","22696","22696","22696"
"227049","16.20519256591797","16.20519256591797","16.20519256591797","22704","22704","22704"
"227059","19.52861785888672","19.52861785888672","19.52861785888672","22705","22705","22705"
"227069","19.102210998535156","19.102210998535156","19.102210998535156","22706","22706","22706"
"227079","18.24073600769043","18.24073600769043","18.24073600769043","22707","22707","22707"
"227089","20.374109268188477","20.374109268188477","20.374109268188477","22708","22708","22708"
"227119","19.02907943725586","19.02907943725586","19.02907943725586","22711","22711","22711"
"227139","20.129932403564453","20.129932403564453","20.129932403564453","22713","22713","22713"
"227159","22.463106155395508","22.463106155395508","22.463106155395508","22715","22715","22715"
"227179","23.306461334228516","23.306461334228516","23.306461334228516","22717","22717","22717"
"227209","22.35505485534668","22.35505485534668","22.35505485534668","22720","22720","22720"
"227219","20.485084533691406","20.485084533691406","20.485084533691406","22721","22721","22721"
"227229","24.90313148498535","24.90313148498535","24.90313148498535","22722","22722","22722"
"227239","19.273096084594727","19.273096084594727","19.273096084594727","22723","22723","22723"
"227279","20.017135620117188","20.017135620117188","20.017135620117188","22727","22727","22727"
"227289","22.769508361816406","22.769508361816406","22.769508361816406","22728","22728","22728"
"227299","17.592323303222656","17.592323303222656","17.592323303222656","22729","22729","22729"
"227319","21.021312713623047","21.021312713623047","21.021312713623047","22731","22731","22731"
"227359","20.834321975708008","20.834321975708008","20.834321975708008","22735","22735","22735"
"227389","22.974262237548828","22.974262237548828","22.974262237548828","22738","22738","22738"
"227469","26.195924758911133","26.195924758911133","26.195924758911133","22746","22746","22746"
"227529","19.630043029785156","19.630043029785156","19.630043029785156","22752","22752","22752"
"227589","20.611164093017578","20.611164093017578","20.611164093017578","22758","22758","22758"
"227669","18.65093421936035","18.65093421936035","18.65093421936035","22766","22766","22766"
"227689","22.90782356262207","22.90782356262207","22.90782356262207","22768","22768","22768"
"227719","17.910402297973633","17.910402297973633","17.910402297973633","22771","22771","22771"
"227769","19.847946166992188","19.847946166992188","19.847946166992188","22776","22776","22776"
"227799","20.347864151000977","20.347864151000977","20.347864151000977","22779","22779","22779"
"227809","19.407257080078125","19.407257080078125","19.407257080078125","22780","22780","22780"
"227899","18.301998138427734","18.301998138427734","18.301998138427734","22789","22789","22789"
"227949","19.38907241821289","19.38907241821289","19.38907241821289","22794","22794","22794"
"227999","22.405223846435547","22.405223846435547","22.405223846435547","22799","22799","22799"
"228029","22.30914306640625","22.30914306640625","22.30914306640625","22802","22802","22802"
"228049","34.56730651855469","34.56730651855469","34.56730651855469","22804","22804","22804"
"228069","22.006093978881836","22.006093978881836","22.006093978881836","22806","22806","22806"
"228119","22.740964889526367","22.740964889526367","22.740964889526367","22811","22811","22811"
"228139","22.385913848876953","22.385913848876953","22.385913848876953","22813","22813","22813"
"228149","21.085750579833984","21.085750579833984","21.085750579833984","22814","22814","22814"
"228169","18.915803909301758","18.915803909301758","18.915803909301758","22816","22816","22816"
"228189","21.597902297973633","21.597902297973633","21.597902297973633","22818","22818","22818"
"228199","23.96359634399414","23.96359634399414","23.96359634399414","22819","22819","22819"
"228209","23.253456115722656","23.253456115722656","23.253456115722656","22820","22820","22820"
"228229","19.195560455322266","19.195560455322266","19.195560455322266","22822","22822","22822"
"228239","24.507410049438477","24.507410049438477","24.507410049438477","22823","22823","22823"
"228249","21.61931610107422","21.61931610107422","21.61931610107422","22824","22824","22824"
"228269","19.498022079467773","19.498022079467773","19.498022079467773","22826","22826","22826"
"228279","19.265443801879883","19.265443801879883","19.265443801879883","22827","22827","22827"
"228309","20.596017837524414","20.596017837524414","20.596017837524414","22830","22830","22830"
"228319","21.129934310913086","21.129934310913086","21.129934310913086","22831","22831","22831"
"228329","26.000083923339844","26.000083923339844","26.000083923339844","22832","22832","22832"
"228339","26.710773468017578","26.710773468017578","26.710773468017578","22833","22833","22833"
"228359","18.38353157043457","18.38353157043457","18.38353157043457","22835","22835","22835"
"228369","19.287630081176758","19.287630081176758","19.287630081176758","22836","22836","22836"
"228379","19.07868766784668","19.07868766784668","19.07868766784668","22837","22837","22837"
"228439","21.211017608642578","21.211017608642578","21.211017608642578","22843","22843","22843"
"228449","16.656719207763672","16.656719207763672","16.656719207763672","22844","22844","22844"
"228469","29.32344627380371","29.32344627380371","29.32344627380371","22846","22846","22846"
"228489","46.14704132080078","46.14704132080078","46.14704132080078","22848","22848","22848"
"228519","20.460535049438477","20.460535049438477","20.460535049438477","22851","22851","22851"
"228529","23.9476318359375","23.9476318359375","23.9476318359375","22852","22852","22852"
"228539","22.221683502197266","22.221683502197266","22.221683502197266","22853","22853","22853"
"228609","18.668914794921875","18.668914794921875","18.668914794921875","22860","22860","22860"
"228619","19.644756317138672","19.644756317138672","19.644756317138672","22861","22861","22861"
"228659","19.12021255493164","19.12021255493164","19.12021255493164","22865","22865","22865"
"228669","20.578275680541992","20.578275680541992","20.578275680541992","22866","22866","22866"
"228689","16.79975700378418","16.79975700378418","16.79975700378418","22868","22868","22868"
"228699","20.962703704833984","20.962703704833984","20.962703704833984","22869","22869","22869"
"228799","22.21776580810547","22.21776580810547","22.21776580810547","22879","22879","22879"
"228809","18.256263732910156","18.256263732910156","18.256263732910156","22880","22880","22880"
"228819","19.6700439453125","19.6700439453125","19.6700439453125","22881","22881","22881"
"228859","23.432968139648438","23.432968139648438","23.432968139648438","22885","22885","22885"
"228909","18.63390350341797","18.63390350341797","18.63390350341797","22890","22890","22890"
"228919","24.555068969726562","24.555068969726562","24.555068969726562","22891","22891","22891"
"228929","19.138206481933594","19.138206481933594","19.138206481933594","22892","22892","22892"
"228959","22.490461349487305","22.490461349487305","22.490461349487305","22895","22895","22895"
"228969","18.887338638305664","18.887338638305664","18.887338638305664","22896","22896","22896"
"228979","19.627626419067383","19.627626419067383","19.627626419067383","22897","22897","22897"
"228989","17.590377807617188","17.590377807617188","17.590377807617188","22898","22898","22898"
"228999","18.073854446411133","18.073854446411133","18.073854446411133","22899","22899","22899"
"229009","17.138240814208984","17.138240814208984","17.138240814208984","22900","22900","22900"
"229069","21.787105560302734","21.787105560302734","21.787105560302734","22906","22906","22906"
"229099","30.63924789428711","30.63924789428711","30.63924789428711","22909","22909","22909"
"229169","22.857362747192383","22.857362747192383","22.857362747192383","22916","22916","22916"
"229199","17.121931076049805","17.121931076049805","17.121931076049805","22919","22919","22919"
"229219","23.057865142822266","23.057865142822266","23.057865142822266","22921","22921","22921"
"229239","21.493375778198242","21.493375778198242","21.493375778198242","22923","22923","22923"
"229269","20.833036422729492","20.833036422729492","20.833036422729492","22926","22926","22926"
"229289","24.966503143310547","24.966503143310547","24.966503143310547","22928","22928","22928"
"229299","25.292478561401367","25.292478561401367","25.292478561401367","22929","22929","22929"
"229309","33.40837097167969","33.40837097167969","33.40837097167969","22930","22930","22930"
"229359","20.0505428314209","20.0505428314209","20.0505428314209","22935","22935","22935"
"229369","17.90513038635254","17.90513038635254","17.90513038635254","22936","22936","22936"
"229379","21.261253356933594","21.261253356933594","21.261253356933594","22937","22937","22937"
"229389","20.424076080322266","20.424076080322266","20.424076080322266","22938","22938","22938"
"229409","23.698392868041992","23.698392868041992","23.698392868041992","22940","22940","22940"
"229459","20.58333396911621","20.58333396911621","20.58333396911621","22945","22945","22945"
"229509","20.779579162597656","20.779579162597656","20.779579162597656","22950","22950","22950"
"229549","20.441883087158203","20.441883087158203","20.441883087158203","22954","22954","22954"
"229569","19.708166122436523","19.708166122436523","19.708166122436523","22956","22956","22956"
"229589","18.748489379882812","18.748489379882812","18.748489379882812","22958","22958","22958"
"229599","18.87503433227539","18.87503433227539","18.87503433227539","22959","22959","22959"
"229609","22.5887451171875","22.5887451171875","22.5887451171875","22960","22960","22960"
"229619","17.811994552612305","17.811994552612305","17.811994552612305","22961","22961","22961"
"229659","18.062664031982422","18.062664031982422","18.062664031982422","22965","22965","22965"
"229669","20.40239715576172","20.40239715576172","20.40239715576172","22966","22966","22966"
"229699","20.938011169433594","20.938011169433594","20.938011169433594","22969","22969","22969"
"229719","17.219226837158203","17.219226837158203","17.219226837158203","22971","22971","22971"
"229739","17.35123634338379","17.35123634338379","17.35123634338379","22973","22973","22973"
"229759","19.533191680908203","19.533191680908203","19.533191680908203","22975","22975","22975"
"229769","20.171714782714844","20.171714782714844","20.171714782714844","22976","22976","22976"
"229779","22.12449836730957","22.12449836730957","22.12449836730957","22977","22977","22977"
"229879","23.412429809570312","23.412429809570312","23.412429809570312","22987","22987","22987"
"229889","23.322620391845703","23.322620391845703","23.322620391845703","22988","22988","22988"
"229939","23.169010162353516","23.169010162353516","23.169010162353516","22993","22993","22993"
"229979","25.34007453918457","25.34007453918457","25.34007453918457","22997","22997","22997"
"229999","17.83167266845703","17.83167266845703","17.83167266845703","22999","22999","22999"
"230009","26.146892547607422","26.146892547607422","26.146892547607422","23000","23000","23000"
"230029","23.739967346191406","23.739967346191406","23.739967346191406","23002","23002","23002"
"230049","29.16242218017578","29.16242218017578","29.16242218017578","23004","23004","23004"
"230059","19.72239112854004","19.72239112854004","19.72239112854004","23005","23005","23005"
"230099","22.819108963012695","22.819108963012695","22.819108963012695","23009","23009","23009"
"230109","24.328243255615234","24.328243255615234","24.328243255615234","23010","23010","23010"
"230119","18.723224639892578","18.723224639892578","18.723224639892578","23011","23011","23011"
"230139","24.51959228515625","24.51959228515625","24.51959228515625","23013","23013","23013"
"230159","21.391361236572266","21.391361236572266","21.391361236572266","23015","23015","23015"
"230169","21.294225692749023","21.294225692749023","21.294225692749023","23016","23016","23016"
"230179","18.082687377929688","18.082687377929688","18.082687377929688","23017","23017","23017"
"230199","21.843290328979492","21.843290328979492","21.843290328979492","23019","23019","23019"
"230209","19.36021614074707","19.36021614074707","19.36021614074707","23020","23020","23020"
"230239","44.66865539550781","44.66865539550781","44.66865539550781","23023","23023","23023"
"230289","22.383317947387695","22.383317947387695","22.383317947387695","23028","23028","23028"
"230299","20.129859924316406","20.129859924316406","20.129859924316406","23029","23029","23029"
"230309","21.888721466064453","21.888721466064453","21.888721466064453","23030","23030","23030"
"230339","22.86742401123047","22.86742401123047","22.86742401123047","23033","23033","23033"
"230359","22.44915008544922","22.44915008544922","22.44915008544922","23035","23035","23035"
"230389","23.04804801940918","23.04804801940918","23.04804801940918","23038","23038","23038"
"230419","21.78473663330078","21.78473663330078","21.78473663330078","23041","23041","23041"
"230429","25.20747184753418","25.20747184753418","25.20747184753418","23042","23042","23042"
"230459","22.14162254333496","22.14162254333496","22.14162254333496","23045","23045","23045"
"230479","22.116735458374023","22.116735458374023","22.116735458374023","23047","23047","23047"
"230499","20.520505905151367","20.520505905151367","20.520505905151367","23049","23049","23049"
"230549","22.03252601623535","22.03252601623535","22.03252601623535","23054","23054","23054"
"230559","22.017955780029297","22.017955780029297","22.017955780029297","23055","23055","23055"
"230589","19.77376365661621","19.77376365661621","19.77376365661621","23058","23058","23058"
"230629","27.150657653808594","27.150657653808594","27.150657653808594","23062","23062","23062"
"230639","20.292821884155273","20.292821884155273","20.292821884155273","23063","23063","23063"
"230649","25.63844108581543","25.63844108581543","25.63844108581543","23064","23064","23064"
"230659","18.696063995361328","18.696063995361328","18.696063995361328","23065","23065","23065"
"230669","24.32023048400879","24.32023048400879","24.32023048400879","23066","23066","23066"
"230679","22.747554779052734","22.747554779052734","22.747554779052734","23067","23067","23067"
"230729","24.150684356689453","24.150684356689453","24.150684356689453","23072","23072","23072"
"230739","41.31978225708008","41.31978225708008","41.31978225708008","23073","23073","23073"
"230769","22.150192260742188","22.150192260742188","22.150192260742188","23076","23076","23076"
"230789","22.78582191467285","22.78582191467285","22.78582191467285","23078","23078","23078"
"230799","17.393077850341797","17.393077850341797","17.393077850341797","23079","23079","23079"
"230839","22.222183227539062","22.222183227539062","22.222183227539062","23083","23083","23083"
"230869","22.772140502929688","22.772140502929688","22.772140502929688","23086","23086","23086"
"230899","45.30573272705078","45.30573272705078","45.30573272705078","23089","23089","23089"
"230909","19.135028839111328","19.135028839111328","19.135028839111328","23090","23090","23090"
"230929","20.0762939453125","20.0762939453125","20.0762939453125","23092","23092","23092"
"230939","24.863067626953125","24.863067626953125","24.863067626953125","23093","23093","23093"
"230959","19.474895477294922","19.474895477294922","19.474895477294922","23095","23095","23095"
"230969","20.932621002197266","20.932621002197266","20.932621002197266","23096","23096","23096"
"230989","20.67584228515625","20.67584228515625","20.67584228515625","23098","23098","23098"
"230999","22.483041763305664","22.483041763305664","22.483041763305664","23099","23099","23099"
"231009","19.500728607177734","19.500728607177734","19.500728607177734","23100","23100","23100"
"231019","24.59154510498047","24.59154510498047","24.59154510498047","23101","23101","23101"
"231039","18.926191329956055","18.926191329956055","18.926191329956055","23103","23103","23103"
"231049","20.98870849609375","20.98870849609375","20.98870849609375","23104","23104","23104"
"231059","17.293048858642578","17.293048858642578","17.293048858642578","23105","23105","23105"
"231099","17.684213638305664","17.684213638305664","17.684213638305664","23109","23109","23109"
"231119","22.236440658569336","22.236440658569336","22.236440658569336","23111","23111","23111"
"231199","18.425769805908203","18.425769805908203","18.425769805908203","23119","23119","23119"
"231239","17.569629669189453","17.569629669189453","17.569629669189453","23123","23123","23123"
"231249","22.726295471191406","22.726295471191406","22.726295471191406","23124","23124","23124"
"231259","30.544418334960938","30.544418334960938","30.544418334960938","23125","23125","23125"
"231289","17.87057113647461","17.87057113647461","17.87057113647461","23128","23128","23128"
"231299","22.97589874267578","22.97589874267578","22.97589874267578","23129","23129","23129"
"231319","17.737857818603516","17.737857818603516","17.737857818603516","23131","23131","23131"
"231349","22.66324806213379","22.66324806213379","22.66324806213379","23134","23134","23134"
"231359","19.889122009277344","19.889122009277344","19.889122009277344","23135","23135","23135"
"231389","19.5157527923584","19.5157527923584","19.5157527923584","23138","23138","23138"
"231399","23.908010482788086","23.908010482788086","23.908010482788086","23139","23139","23139"
"231419","25.774314880371094","25.774314880371094","25.774314880371094","23141","23141","23141"
"231429","18.501516342163086","18.501516342163086","18.501516342163086","23142","23142","23142"
"231439","20.55926513671875","20.55926513671875","20.55926513671875","23143","23143","23143"
"231449","26.366413116455078","26.366413116455078","26.366413116455078","23144","23144","23144"
"231459","26.53919219970703","26.53919219970703","26.53919219970703","23145","23145","23145"
"231479","16.033260345458984","16.033260345458984","16.033260345458984","23147","23147","23147"
"231499","19.851329803466797","19.851329803466797","19.851329803466797","23149","23149","23149"
"231539","19.29022789001465","19.29022789001465","19.29022789001465","23153","23153","23153"
"231559","19.407724380493164","19.407724380493164","19.407724380493164","23155","23155","23155"
"231589","21.21392059326172","21.21392059326172","21.21392059326172","23158","23158","23158"
"231629","22.35148048400879","22.35148048400879","22.35148048400879","23162","23162","23162"
"231639","21.581544876098633","21.581544876098633","21.581544876098633","23163","23163","23163"
"231649","23.956832885742188","23.956832885742188","23.956832885742188","23164","23164","23164"
"231709","19.7919864654541","19.7919864654541","19.7919864654541","23170","23170","23170"
"231749","20.061046600341797","20.061046600341797","20.061046600341797","23174","23174","23174"
"231759","17.57866096496582","17.57866096496582","17.57866096496582","23175","23175","23175"
"231769","20.967079162597656","20.967079162597656","20.967079162597656","23176","23176","23176"
"231789","18.667640686035156","18.667640686035156","18.667640686035156","23178","23178","23178"
"231809","22.255598068237305","22.255598068237305","22.255598068237305","23180","23180","23180"
"231819","21.800708770751953","21.800708770751953","21.800708770751953","23181","23181","23181"
"231849","17.33633804321289","17.33633804321289","17.33633804321289","23184","23184","23184"
"231889","22.275476455688477","22.275476455688477","22.275476455688477","23188","23188","23188"
"231899","18.49593162536621","18.49593162536621","18.49593162536621","23189","23189","23189"
"231919","20.320356369018555","20.320356369018555","20.320356369018555","23191","23191","23191"
"231949","20.790306091308594","20.790306091308594","20.790306091308594","23194","23194","23194"
"231989","21.915977478027344","21.915977478027344","21.915977478027344","23198","23198","23198"
"232009","25.757587432861328","25.757587432861328","25.757587432861328","23200","23200","23200"
"232049","19.200759887695312","19.200759887695312","19.200759887695312","23204","23204","23204"
"232069","21.567047119140625","21.567047119140625","21.567047119140625","23206","23206","23206"
"232099","24.113243103027344","24.113243103027344","24.113243103027344","23209","23209","23209"
"232109","18.328556060791016","18.328556060791016","18.328556060791016","23210","23210","23210"
"232149","22.444168090820312","22.444168090820312","22.444168090820312","23214","23214","23214"
"232169","41.20597839355469","41.20597839355469","41.20597839355469","23216","23216","23216"
"232179","19.513805389404297","19.513805389404297","19.513805389404297","23217","23217","23217"
"232189","23.629484176635742","23.629484176635742","23.629484176635742","23218","23218","23218"
"232199","22.453683853149414","22.453683853149414","22.453683853149414","23219","23219","23219"
"232219","24.604991912841797","24.604991912841797","24.604991912841797","23221","23221","23221"
"232229","31.488101959228516","31.488101959228516","31.488101959228516","23222","23222","23222"
"232239","20.917133331298828","20.917133331298828","20.917133331298828","23223","23223","23223"
"232259","20.288410186767578","20.288410186767578","20.288410186767578","23225","23225","23225"
"232269","25.780794143676758","25.780794143676758","25.780794143676758","23226","23226","23226"
"232279","22.284814834594727","22.284814834594727","22.284814834594727","23227","23227","23227"
"232309","17.644447326660156","17.644447326660156","17.644447326660156","23230","23230","23230"
"232319","24.79900360107422","24.79900360107422","24.79900360107422","23231","23231","23231"
"232339","17.38484001159668","17.38484001159668","17.38484001159668","23233","23233","23233"
"232359","25.886390686035156","25.886390686035156","25.886390686035156","23235","23235","23235"
"232379","18.71391487121582","18.71391487121582","18.71391487121582","23237","23237","23237"
"232389","21.4885311126709","21.4885311126709","21.4885311126709","23238","23238","23238"
"232459","24.033355712890625","24.033355712890625","24.033355712890625","23245","23245","23245"
"232479","19.119869232177734","19.119869232177734","19.119869232177734","23247","23247","23247"
"232489","18.61761474609375","18.61761474609375","18.61761474609375","23248","23248","23248"
"232539","25.874683380126953","25.874683380126953","25.874683380126953","23253","23253","23253"
"232549","24.503623962402344","24.503623962402344","24.503623962402344","23254","23254","23254"
"232589","21.491376876831055","21.491376876831055","21.491376876831055","23258","23258","23258"
"232599","15.754693984985352","15.754693984985352","15.754693984985352","23259","23259","23259"
"232609","18.368621826171875","18.368621826171875","18.368621826171875","23260","23260","23260"
"232629","18.419551849365234","18.419551849365234","18.419551849365234","23262","23262","23262"
"232669","22.707860946655273","22.707860946655273","22.707860946655273","23266","23266","23266"
"232679","21.441255569458008","21.441255569458008","21.441255569458008","23267","23267","23267"
"232699","21.42466163635254","21.42466163635254","21.42466163635254","23269","23269","23269"
"232709","21.595338821411133","21.595338821411133","21.595338821411133","23270","23270","23270"
"232739","18.501529693603516","18.501529693603516","18.501529693603516","23273","23273","23273"
"232769","20.989078521728516","20.989078521728516","20.989078521728516","23276","23276","23276"
"232779","24.403457641601562","24.403457641601562","24.403457641601562","23277","23277","23277"
"232819","24.43344497680664","24.43344497680664","24.43344497680664","23281","23281","23281"
"232829","20.02900505065918","20.02900505065918","20.02900505065918","23282","23282","23282"
"232849","21.116230010986328","21.116230010986328","21.116230010986328","23284","23284","23284"
"232859","22.184614181518555","22.184614181518555","22.184614181518555","23285","23285","23285"
"232949","22.02952003479004","22.02952003479004","22.02952003479004","23294","23294","23294"
"232989","20.22756004333496","20.22756004333496","20.22756004333496","23298","23298","23298"
"232999","21.510074615478516","21.510074615478516","21.510074615478516","23299","23299","23299"
"233029","22.993804931640625","22.993804931640625","22.993804931640625","23302","23302","23302"
"233039","20.442596435546875","20.442596435546875","20.442596435546875","23303","23303","23303"
"233049","21.156530380249023","21.156530380249023","21.156530380249023","23304","23304","23304"
"233079","20.916423797607422","20.916423797607422","20.916423797607422","23307","23307","23307"
"233089","42.85047149658203","42.85047149658203","42.85047149658203","23308","23308","23308"
"233119","18.074003219604492","18.074003219604492","18.074003219604492","23311","23311","23311"
"233159","20.67129135131836","20.67129135131836","20.67129135131836","23315","23315","23315"
"233179","21.362934112548828","21.362934112548828","21.362934112548828","23317","23317","23317"
"233189","19.67951774597168","19.67951774597168","19.67951774597168","23318","23318","23318"
"233229","19.2898006439209","19.2898006439209","19.2898006439209","23322","23322","23322"
"233249","25.73508071899414","25.73508071899414","25.73508071899414","23324","23324","23324"
"233259","22.331098556518555","22.331098556518555","22.331098556518555","23325","23325","23325"
"233289","20.105976104736328","20.105976104736328","20.105976104736328","23328","23328","23328"
"233319","21.760643005371094","21.760643005371094","21.760643005371094","23331","23331","23331"
"233349","22.539840698242188","22.539840698242188","22.539840698242188","23334","23334","23334"
"233359","21.26471710205078","21.26471710205078","21.26471710205078","23335","23335","23335"
"233369","20.214956283569336","20.214956283569336","20.214956283569336","23336","23336","23336"
"233399","18.761869430541992","18.761869430541992","18.761869430541992","23339","23339","23339"
"233419","28.060771942138672","28.060771942138672","28.060771942138672","23341","23341","23341"
"233459","19.192949295043945","19.192949295043945","19.192949295043945","23345","23345","23345"
"233469","23.627540588378906","23.627540588378906","23.627540588378906","23346","23346","23346"
"233479","23.430465698242188","23.430465698242188","23.430465698242188","23347","23347","23347"
"233529","21.424785614013672","21.424785614013672","21.424785614013672","23352","23352","23352"
"233549","31.405908584594727","31.405908584594727","31.405908584594727","23354","23354","23354"
"233559","21.935909271240234","21.935909271240234","21.935909271240234","23355","23355","23355"
"233569","20.144596099853516","20.144596099853516","20.144596099853516","23356","23356","23356"
"233609","23.66259002685547","23.66259002685547","23.66259002685547","23360","23360","23360"
"233619","19.59784698486328","19.59784698486328","19.59784698486328","23361","23361","23361"
"233639","22.11847496032715","22.11847496032715","22.11847496032715","23363","23363","23363"
"233659","22.48238754272461","22.48238754272461","22.48238754272461","23365","23365","23365"
"233759","23.316099166870117","23.316099166870117","23.316099166870117","23375","23375","23375"
"233839","21.048702239990234","21.048702239990234","21.048702239990234","23383","23383","23383"
"233849","22.141965866088867","22.141965866088867","22.141965866088867","23384","23384","23384"
"233939","20.408506393432617","20.408506393432617","20.408506393432617","23393","23393","23393"
"233949","20.25754737854004","20.25754737854004","20.25754737854004","23394","23394","23394"
"234019","23.695640563964844","23.695640563964844","23.695640563964844","23401","23401","23401"
"234029","20.378921508789062","20.378921508789062","20.378921508789062","23402","23402","23402"
"234039","17.208637237548828","17.208637237548828","17.208637237548828","23403","23403","23403"
"234089","18.317337036132812","18.317337036132812","18.317337036132812","23408","23408","23408"
"234099","21.09832191467285","21.09832191467285","21.09832191467285","23409","23409","23409"
"234109","23.762357711791992","23.762357711791992","23.762357711791992","23410","23410","23410"
"234139","18.29000473022461","18.29000473022461","18.29000473022461","23413","23413","23413"
"234149","22.554580688476562","22.554580688476562","22.554580688476562","23414","23414","23414"
"234189","20.548967361450195","20.548967361450195","20.548967361450195","23418","23418","23418"
"234209","18.561695098876953","18.561695098876953","18.561695098876953","23420","23420","23420"
"234249","18.874908447265625","18.874908447265625","18.874908447265625","23424","23424","23424"
"234269","21.109729766845703","21.109729766845703","21.109729766845703","23426","23426","23426"
"234299","16.03030014038086","16.03030014038086","16.03030014038086","23429","23429","23429"
"234339","20.677734375","20.677734375","20.677734375","23433","23433","23433"
"234349","17.59701919555664","17.59701919555664","17.59701919555664","23434","23434","23434"
"234369","17.783048629760742","17.783048629760742","17.783048629760742","23436","23436","23436"
"234399","18.2816162109375","18.2816162109375","18.2816162109375","23439","23439","23439"
"234409","27.84091567993164","27.84091567993164","27.84091567993164","23440","23440","23440"
"234419","27.206377029418945","27.206377029418945","27.206377029418945","23441","23441","23441"
"234429","21.88302993774414","21.88302993774414","21.88302993774414","23442","23442","23442"
"234479","17.869611740112305","17.869611740112305","17.869611740112305","23447","23447","23447"
"234499","21.037811279296875","21.037811279296875","21.037811279296875","23449","23449","23449"
"234519","19.7972412109375","19.7972412109375","19.7972412109375","23451","23451","23451"
"234529","16.987770080566406","16.987770080566406","16.987770080566406","23452","23452","23452"
"234549","28.139217376708984","28.139217376708984","28.139217376708984","23454","23454","23454"
"234609","20.755504608154297","20.755504608154297","20.755504608154297","23460","23460","23460"
"234619","16.1204833984375","16.1204833984375","16.1204833984375","23461","23461","23461"
"234629","26.529911041259766","26.529911041259766","26.529911041259766","23462","23462","23462"
"234639","20.662466049194336","20.662466049194336","20.662466049194336","23463","23463","23463"
"234679","22.03875160217285","22.03875160217285","22.03875160217285","23467","23467","23467"
"234739","25.198814392089844","25.198814392089844","25.198814392089844","23473","23473","23473"
"234769","30.36859893798828","30.36859893798828","30.36859893798828","23476","23476","23476"
"234789","20.746917724609375","20.746917724609375","20.746917724609375","23478","23478","23478"
"234799","24.875259399414062","24.875259399414062","24.875259399414062","23479","23479","23479"
"234809","23.493982315063477","23.493982315063477","23.493982315063477","23480","23480","23480"
"234819","20.36661148071289","20.36661148071289","20.36661148071289","23481","23481","23481"
"234839","20.943920135498047","20.943920135498047","20.943920135498047","23483","23483","23483"
"234849","22.948326110839844","22.948326110839844","22.948326110839844","23484","23484","23484"
"234889","17.3535099029541","17.3535099029541","17.3535099029541","23488","23488","23488"
"234909","20.250152587890625","20.250152587890625","20.250152587890625","23490","23490","23490"
"234979","21.212133407592773","21.212133407592773","21.212133407592773","23497","23497","23497"
"235019","19.224353790283203","19.224353790283203","19.224353790283203","23501","23501","23501"
"235029","25.260149002075195","25.260149002075195","25.260149002075195","23502","23502","23502"
"235089","18.672422409057617","18.672422409057617","18.672422409057617","23508","23508","23508"
"235109","19.50508689880371","19.50508689880371","19.50508689880371","23510","23510","23510"
"235139","18.606216430664062","18.606216430664062","18.606216430664062","23513","23513","23513"
"235159","26.788820266723633","26.788820266723633","26.788820266723633","23515","23515","23515"
"235209","19.011852264404297","19.011852264404297","19.011852264404297","23520","23520","23520"
"235229","20.335803985595703","20.335803985595703","20.335803985595703","23522","23522","23522"
"235269","22.9615478515625","22.9615478515625","22.9615478515625","23526","23526","23526"
"235279","18.970876693725586","18.970876693725586","18.970876693725586","23527","23527","23527"
"235319","18.84513282775879","18.84513282775879","18.84513282775879","23531","23531","23531"
"235329","18.71868133544922","18.71868133544922","18.71868133544922","23532","23532","23532"
"235419","21.97857666015625","21.97857666015625","21.97857666015625","23541","23541","23541"
"235429","21.099834442138672","21.099834442138672","21.099834442138672","23542","23542","23542"
"235449","24.390771865844727","24.390771865844727","24.390771865844727","23544","23544","23544"
"235479","16.800334930419922","16.800334930419922","16.800334930419922","23547","23547","23547"
"235489","19.01348114013672","19.01348114013672","19.01348114013672","23548","23548","23548"
"235539","19.657390594482422","19.657390594482422","19.657390594482422","23553","23553","23553"
"235549","22.083669662475586","22.083669662475586","22.083669662475586","23554","23554","23554"
"235609","20.696338653564453","20.696338653564453","20.696338653564453","23560","23560","23560"
"235649","22.9091739654541","22.9091739654541","22.9091739654541","23564","23564","23564"
"235669","21.740259170532227","21.740259170532227","21.740259170532227","23566","23566","23566"
"235729","20.853199005126953","20.853199005126953","20.853199005126953","23572","23572","23572"
"235739","24.11638641357422","24.11638641357422","24.11638641357422","23573","23573","23573"
"235749","21.145709991455078","21.145709991455078","21.145709991455078","23574","23574","23574"
"235759","19.194068908691406","19.194068908691406","19.194068908691406","23575","23575","23575"
"235769","17.32048225402832","17.32048225402832","17.32048225402832","23576","23576","23576"
"235789","19.507963180541992","19.507963180541992","19.507963180541992","23578","23578","23578"
"235799","20.878597259521484","20.878597259521484","20.878597259521484","23579","23579","23579"
"235859","17.206233978271484","17.206233978271484","17.206233978271484","23585","23585","23585"
"235889","20.05549430847168","20.05549430847168","20.05549430847168","23588","23588","23588"
"235899","17.4127197265625","17.4127197265625","17.4127197265625","23589","23589","23589"
"235909","27.59464454650879","27.59464454650879","27.59464454650879","23590","23590","23590"
"235939","20.288822174072266","20.288822174072266","20.288822174072266","23593","23593","23593"
"235949","22.298879623413086","22.298879623413086","22.298879623413086","23594","23594","23594"
"235969","21.0613956451416","21.0613956451416","21.0613956451416","23596","23596","23596"
"235979","18.049381256103516","18.049381256103516","18.049381256103516","23597","23597","23597"
"236009","20.104984283447266","20.104984283447266","20.104984283447266","23600","23600","23600"
"236019","25.481475830078125","25.481475830078125","25.481475830078125","23601","23601","23601"
"236039","18.991182327270508","18.991182327270508","18.991182327270508","23603","23603","23603"
"236059","21.206514358520508","21.206514358520508","21.206514358520508","23605","23605","23605"
"236099","17.5727596282959","17.5727596282959","17.5727596282959","23609","23609","23609"
"236109","21.448827743530273","21.448827743530273","21.448827743530273","23610","23610","23610"
"236129","23.063020706176758","23.063020706176758","23.063020706176758","23612","23612","23612"
"236169","23.08928680419922","23.08928680419922","23.08928680419922","23616","23616","23616"
"236189","20.490842819213867","20.490842819213867","20.490842819213867","23618","23618","23618"
"236199","25.393293380737305","25.393293380737305","25.393293380737305","23619","23619","23619"
"236209","22.226408004760742","22.226408004760742","22.226408004760742","23620","23620","23620"
"236249","18.788928985595703","18.788928985595703","18.788928985595703","23624","23624","23624"
"236349","21.1545352935791","21.1545352935791","21.1545352935791","23634","23634","23634"
"236359","21.68802261352539","21.68802261352539","21.68802261352539","23635","23635","23635"
"236409","22.863513946533203","22.863513946533203","22.863513946533203","23640","23640","23640"
"236449","16.792966842651367","16.792966842651367","16.792966842651367","23644","23644","23644"
"236459","24.082366943359375","24.082366943359375","24.082366943359375","23645","23645","23645"
"236499","21.662277221679688","21.662277221679688","21.662277221679688","23649","23649","23649"
"236519","19.858491897583008","19.858491897583008","19.858491897583008","23651","23651","23651"
"236539","20.149930953979492","20.149930953979492","20.149930953979492","23653","23653","23653"
"236549","22.037309646606445","22.037309646606445","22.037309646606445","23654","23654","23654"
"236599","19.262405395507812","19.262405395507812","19.262405395507812","23659","23659","23659"
"236619","20.866783142089844","20.866783142089844","20.866783142089844","23661","23661","23661"
"236639","21.43892478942871","21.43892478942871","21.43892478942871","23663","23663","23663"
"236659","21.811660766601562","21.811660766601562","21.811660766601562","23665","23665","23665"
"236679","21.202106475830078","21.202106475830078","21.202106475830078","23667","23667","23667"
"236699","23.95747947692871","23.95747947692871","23.95747947692871","23669","23669","23669"
"236739","23.16814613342285","23.16814613342285","23.16814613342285","23673","23673","23673"
"236749","18.74346351623535","18.74346351623535","18.74346351623535","23674","23674","23674"
"236799","19.662681579589844","19.662681579589844","19.662681579589844","23679","23679","23679"
"236809","17.87772560119629","17.87772560119629","17.87772560119629","23680","23680","23680"
"236819","24.47690200805664","24.47690200805664","24.47690200805664","23681","23681","23681"
"236859","18.5568790435791","18.5568790435791","18.5568790435791","23685","23685","23685"
"236989","17.16722297668457","17.16722297668457","17.16722297668457","23698","23698","23698"
"237059","20.59139633178711","20.59139633178711","20.59139633178711","23705","23705","23705"
"237069","21.08254623413086","21.08254623413086","21.08254623413086","23706","23706","23706"
"237079","22.111562728881836","22.111562728881836","22.111562728881836","23707","23707","23707"
"237119","20.261091232299805","20.261091232299805","20.261091232299805","23711","23711","23711"
"237129","26.853931427001953","26.853931427001953","26.853931427001953","23712","23712","23712"
"237139","29.411914825439453","29.411914825439453","29.411914825439453","23713","23713","23713"
"237209","20.521305084228516","20.521305084228516","20.521305084228516","23720","23720","23720"
"237229","22.73896598815918","22.73896598815918","22.73896598815918","23722","23722","23722"
"237239","15.567765235900879","15.567765235900879","15.567765235900879","23723","23723","23723"
"237249","18.574966430664062","18.574966430664062","18.574966430664062","23724","23724","23724"
"237269","18.777313232421875","18.777313232421875","18.777313232421875","23726","23726","23726"
"237339","19.905498504638672","19.905498504638672","19.905498504638672","23733","23733","23733"
"237359","25.205289840698242","25.205289840698242","25.205289840698242","23735","23735","23735"
"237369","21.889406204223633","21.889406204223633","21.889406204223633","23736","23736","23736"
"237379","21.63510513305664","21.63510513305664","21.63510513305664","23737","23737","23737"
"237389","18.93033218383789","18.93033218383789","18.93033218383789","23738","23738","23738"
"237439","20.6534481048584","20.6534481048584","20.6534481048584","23743","23743","23743"
"237469","18.598386764526367","18.598386764526367","18.598386764526367","23746","23746","23746"
"237479","20.034225463867188","20.034225463867188","20.034225463867188","23747","23747","23747"
"237529","25.26856231689453","25.26856231689453","25.26856231689453","23752","23752","23752"
"237549","22.225345611572266","22.225345611572266","22.225345611572266","23754","23754","23754"
"237629","17.187091827392578","17.187091827392578","17.187091827392578","23762","23762","23762"
"237639","24.690757751464844","24.690757751464844","24.690757751464844","23763","23763","23763"
"237659","23.76761817932129","23.76761817932129","23.76761817932129","23765","23765","23765"
"237669","20.568666458129883","20.568666458129883","20.568666458129883","23766","23766","23766"
"237699","21.159133911132812","21.159133911132812","21.159133911132812","23769","23769","23769"
"237719","25.427576065063477","25.427576065063477","25.427576065063477","23771","23771","23771"
"237739","17.887035369873047","17.887035369873047","17.887035369873047","23773","23773","23773"
"237839","17.848234176635742","17.848234176635742","17.848234176635742","23783","23783","23783"
"237869","21.764251708984375","21.764251708984375","21.764251708984375","23786","23786","23786"
"237919","23.926212310791016","23.926212310791016","23.926212310791016","23791","23791","23791"
"237959","22.15163803100586","22.15163803100586","22.15163803100586","23795","23795","23795"
"237969","21.25222396850586","21.25222396850586","21.25222396850586","23796","23796","23796"
"237999","18.17413330078125","18.17413330078125","18.17413330078125","23799","23799","23799"
"238009","23.029634475708008","23.029634475708008","23.029634475708008","23800","23800","23800"
"238029","35.95113754272461","35.95113754272461","35.95113754272461","23802","23802","23802"
"238079","21.302982330322266","21.302982330322266","21.302982330322266","23807","23807","23807"
"238099","17.505558013916016","17.505558013916016","17.505558013916016","23809","23809","23809"
"238139","22.500097274780273","22.500097274780273","22.500097274780273","23813","23813","23813"
"238149","19.841514587402344","19.841514587402344","19.841514587402344","23814","23814","23814"
"238189","20.92995834350586","20.92995834350586","20.92995834350586","23818","23818","23818"
"238219","20.000404357910156","20.000404357910156","20.000404357910156","23821","23821","23821"
"238229","18.58688735961914","18.58688735961914","18.58688735961914","23822","23822","23822"
"238239","19.342561721801758","19.342561721801758","19.342561721801758","23823","23823","23823"
"238269","22.968727111816406","22.968727111816406","22.968727111816406","23826","23826","23826"
"238289","22.09885025024414","22.09885025024414","22.09885025024414","23828","23828","23828"
"238299","20.850852966308594","20.850852966308594","20.850852966308594","23829","23829","23829"
"238329","18.120101928710938","18.120101928710938","18.120101928710938","23832","23832","23832"
"238369","20.293350219726562","20.293350219726562","20.293350219726562","23836","23836","23836"
"238379","21.41148567199707","21.41148567199707","21.41148567199707","23837","23837","23837"
"238399","20.07154083251953","20.07154083251953","20.07154083251953","23839","23839","23839"
"238409","22.50992774963379","22.50992774963379","22.50992774963379","23840","23840","23840"
"238439","17.856178283691406","17.856178283691406","17.856178283691406","23843","23843","23843"
"238499","18.48954963684082","18.48954963684082","18.48954963684082","23849","23849","23849"
"238519","16.806049346923828","16.806049346923828","16.806049346923828","23851","23851","23851"
"238569","25.746755599975586","25.746755599975586","25.746755599975586","23856","23856","23856"
"238579","18.547639846801758","18.547639846801758","18.547639846801758","23857","23857","23857"
"238589","22.069637298583984","22.069637298583984","22.069637298583984","23858","23858","23858"
"238649","25.09246063232422","25.09246063232422","25.09246063232422","23864","23864","23864"
"238669","23.212669372558594","23.212669372558594","23.212669372558594","23866","23866","23866"
"238719","47.27904510498047","47.27904510498047","47.27904510498047","23871","23871","23871"
"238729","22.175060272216797","22.175060272216797","22.175060272216797","23872","23872","23872"
"238759","21.581462860107422","21.581462860107422","21.581462860107422","23875","23875","23875"
"238769","52.1173210144043","52.1173210144043","52.1173210144043","23876","23876","23876"
"238779","24.308740615844727","24.308740615844727","24.308740615844727","23877","23877","23877"
"238799","22.491622924804688","22.491622924804688","22.491622924804688","23879","23879","23879"
"238829","20.533586502075195","20.533586502075195","20.533586502075195","23882","23882","23882"
"238849","25.694766998291016","25.694766998291016","25.694766998291016","23884","23884","23884"
"238869","20.33925437927246","20.33925437927246","20.33925437927246","23886","23886","23886"
"238879","19.67265510559082","19.67265510559082","19.67265510559082","23887","23887","23887"
"238889","24.725719451904297","24.725719451904297","24.725719451904297","23888","23888","23888"
"238899","21.794918060302734","21.794918060302734","21.794918060302734","23889","23889","23889"
"238919","19.74492073059082","19.74492073059082","19.74492073059082","23891","23891","23891"
"238939","17.506092071533203","17.506092071533203","17.506092071533203","23893","23893","23893"
"238949","22.55923080444336","22.55923080444336","22.55923080444336","23894","23894","23894"
"238979","27.061132431030273","27.061132431030273","27.061132431030273","23897","23897","23897"
"239029","20.312191009521484","20.312191009521484","20.312191009521484","23902","23902","23902"
"239039","19.090375900268555","19.090375900268555","19.090375900268555","23903","23903","23903"
"239069","18.42263412475586","18.42263412475586","18.42263412475586","23906","23906","23906"
"239099","17.923511505126953","17.923511505126953","17.923511505126953","23909","23909","23909"
"239109","23.355754852294922","23.355754852294922","23.355754852294922","23910","23910","23910"
"239129","20.379722595214844","20.379722595214844","20.379722595214844","23912","23912","23912"
"239139","26.386455535888672","26.386455535888672","26.386455535888672","23913","23913","23913"
"239159","25.058002471923828","25.058002471923828","25.058002471923828","23915","23915","23915"
"239169","22.995635986328125","22.995635986328125","22.995635986328125","23916","23916","23916"
"239189","23.094417572021484","23.094417572021484","23.094417572021484","23918","23918","23918"
"239209","22.082212448120117","22.082212448120117","22.082212448120117","23920","23920","23920"
"239219","21.071205139160156","21.071205139160156","21.071205139160156","23921","23921","23921"
"239249","25.892314910888672","25.892314910888672","25.892314910888672","23924","23924","23924"
"239259","22.32273292541504","22.32273292541504","22.32273292541504","23925","23925","23925"
"239359","17.9581241607666","17.9581241607666","17.9581241607666","23935","23935","23935"
"239419","22.069896697998047","22.069896697998047","22.069896697998047","23941","23941","23941"
"239429","20.954814910888672","20.954814910888672","20.954814910888672","23942","23942","23942"
"239449","18.45233726501465","18.45233726501465","18.45233726501465","23944","23944","23944"
"239459","19.996265411376953","19.996265411376953","19.996265411376953","23945","23945","23945"
"239479","18.38195037841797","18.38195037841797","18.38195037841797","23947","23947","23947"
"239489","17.798694610595703","17.798694610595703","17.798694610595703","23948","23948","23948"
"239499","17.159271240234375","17.159271240234375","17.159271240234375","23949","23949","23949"
"239519","19.658994674682617","19.658994674682617","19.658994674682617","23951","23951","23951"
"239529","18.194198608398438","18.194198608398438","18.194198608398438","23952","23952","23952"
"239539","20.144990921020508","20.144990921020508","20.144990921020508","23953","23953","23953"
"239559","33.810874938964844","33.810874938964844","33.810874938964844","23955","23955","23955"
"239609","23.810312271118164","23.810312271118164","23.810312271118164","23960","23960","23960"
"239619","22.844276428222656","22.844276428222656","22.844276428222656","23961","23961","23961"
"239629","20.152217864990234","20.152217864990234","20.152217864990234","23962","23962","23962"
"239689","27.373777389526367","27.373777389526367","27.373777389526367","23968","23968","23968"
"239699","19.69121742248535","19.69121742248535","19.69121742248535","23969","23969","23969"
"239729","23.389698028564453","23.389698028564453","23.389698028564453","23972","23972","23972"
"239739","21.147449493408203","21.147449493408203","21.147449493408203","23973","23973","23973"
"239769","29.503036499023438","29.503036499023438","29.503036499023438","23976","23976","23976"
"239849","17.567317962646484","17.567317962646484","17.567317962646484","23984","23984","23984"
"239859","22.75018882751465","22.75018882751465","22.75018882751465","23985","23985","23985"
"239869","18.163358688354492","18.163358688354492","18.163358688354492","23986","23986","23986"
"239879","21.578601837158203","21.578601837158203","21.578601837158203","23987","23987","23987"
"239889","19.623231887817383","19.623231887817383","19.623231887817383","23988","23988","23988"
"239929","21.199172973632812","21.199172973632812","21.199172973632812","23992","23992","23992"
"239959","22.102006912231445","22.102006912231445","22.102006912231445","23995","23995","23995"
"239969","22.859689712524414","22.859689712524414","22.859689712524414","23996","23996","23996"
"239999","27.552661895751953","27.552661895751953","27.552661895751953","23999","23999","23999"
"240029","19.937522888183594","19.937522888183594","19.937522888183594","24002","24002","24002"
"240099","18.794984817504883","18.794984817504883","18.794984817504883","24009","24009","24009"
"240149","18.662281036376953","18.662281036376953","18.662281036376953","24014","24014","24014"
"240179","22.989479064941406","22.989479064941406","22.989479064941406","24017","24017","24017"
"240199","21.935773849487305","21.935773849487305","21.935773849487305","24019","24019","24019"
"240249","19.678863525390625","19.678863525390625","19.678863525390625","24024","24024","24024"
"240309","22.280593872070312","22.280593872070312","22.280593872070312","24030","24030","24030"
"240319","22.619853973388672","22.619853973388672","22.619853973388672","24031","24031","24031"
"240329","19.89558982849121","19.89558982849121","19.89558982849121","24032","24032","24032"
"240359","20.823200225830078","20.823200225830078","20.823200225830078","24035","24035","24035"
"240369","19.340408325195312","19.340408325195312","19.340408325195312","24036","24036","24036"
"240409","22.218395233154297","22.218395233154297","22.218395233154297","24040","24040","24040"
"240419","19.649160385131836","19.649160385131836","19.649160385131836","24041","24041","24041"
"240449","19.838970184326172","19.838970184326172","19.838970184326172","24044","24044","24044"
"240469","19.46744155883789","19.46744155883789","19.46744155883789","24046","24046","24046"
"240549","24.90391731262207","24.90391731262207","24.90391731262207","24054","24054","24054"
"240559","24.627864837646484","24.627864837646484","24.627864837646484","24055","24055","24055"
"240589","19.03851318359375","19.03851318359375","19.03851318359375","24058","24058","24058"
"240609","19.257530212402344","19.257530212402344","19.257530212402344","24060","24060","24060"
"240639","20.706148147583008","20.706148147583008","20.706148147583008","24063","24063","24063"
"240659","23.434452056884766","23.434452056884766","23.434452056884766","24065","24065","24065"
"240689","17.441287994384766","17.441287994384766","17.441287994384766","24068","24068","24068"
"240699","24.522502899169922","24.522502899169922","24.522502899169922","24069","24069","24069"
"240729","23.460756301879883","23.460756301879883","23.460756301879883","24072","24072","24072"
"240769","22.685527801513672","22.685527801513672","22.685527801513672","24076","24076","24076"
"240779","18.36076545715332","18.36076545715332","18.36076545715332","24077","24077","24077"
"240789","20.31537628173828","20.31537628173828","20.31537628173828","24078","24078","24078"
"240819","19.76905059814453","19.76905059814453","19.76905059814453","24081","24081","24081"
"240869","19.282020568847656","19.282020568847656","19.282020568847656","24086","24086","24086"
"240899","20.93157958984375","20.93157958984375","20.93157958984375","24089","24089","24089"
"240919","23.68874740600586","23.68874740600586","23.68874740600586","24091","24091","24091"
"240959","24.544918060302734","24.544918060302734","24.544918060302734","24095","24095","24095"
"240999","25.216564178466797","25.216564178466797","25.216564178466797","24099","24099","24099"
"241009","19.17487144470215","19.17487144470215","19.17487144470215","24100","24100","24100"
"241019","24.983104705810547","24.983104705810547","24.983104705810547","24101","24101","24101"
"241029","20.828041076660156","20.828041076660156","20.828041076660156","24102","24102","24102"
"241049","21.736427307128906","21.736427307128906","21.736427307128906","24104","24104","24104"
"241169","26.136579513549805","26.136579513549805","26.136579513549805","24116","24116","24116"
"241189","20.73418426513672","20.73418426513672","20.73418426513672","24118","24118","24118"
"241199","21.67113494873047","21.67113494873047","21.67113494873047","24119","24119","24119"
"241209","21.901010513305664","21.901010513305664","21.901010513305664","24120","24120","24120"
"241219","17.91623306274414","17.91623306274414","17.91623306274414","24121","24121","24121"
"241239","17.80036163330078","17.80036163330078","17.80036163330078","24123","24123","24123"
"241249","26.61050796508789","26.61050796508789","26.61050796508789","24124","24124","24124"
"241279","24.295448303222656","24.295448303222656","24.295448303222656","24127","24127","24127"
"241289","19.46471405029297","19.46471405029297","19.46471405029297","24128","24128","24128"
"241299","18.288991928100586","18.288991928100586","18.288991928100586","24129","24129","24129"
"241319","20.905672073364258","20.905672073364258","20.905672073364258","24131","24131","24131"
"241329","21.937395095825195","21.937395095825195","21.937395095825195","24132","24132","24132"
"241389","23.782995223999023","23.782995223999023","23.782995223999023","24138","24138","24138"
"241399","17.646451950073242","17.646451950073242","17.646451950073242","24139","24139","24139"
"241459","19.587223052978516","19.587223052978516","19.587223052978516","24145","24145","24145"
"241469","22.725711822509766","22.725711822509766","22.725711822509766","24146","24146","24146"
"241479","23.020389556884766","23.020389556884766","23.020389556884766","24147","24147","24147"
"241509","22.96516227722168","22.96516227722168","22.96516227722168","24150","24150","24150"
"241559","18.857406616210938","18.857406616210938","18.857406616210938","24155","24155","24155"
"241579","15.0944242477417","15.0944242477417","15.0944242477417","24157","24157","24157"
"241599","22.488510131835938","22.488510131835938","22.488510131835938","24159","24159","24159"
"241649","18.470842361450195","18.470842361450195","18.470842361450195","24164","24164","24164"
"241659","18.37692642211914","18.37692642211914","18.37692642211914","24165","24165","24165"
"241669","25.012462615966797","25.012462615966797","25.012462615966797","24166","24166","24166"
"241689","17.85999870300293","17.85999870300293","17.85999870300293","24168","24168","24168"
"241699","22.180137634277344","22.180137634277344","22.180137634277344","24169","24169","24169"
"241709","20.740867614746094","20.740867614746094","20.740867614746094","24170","24170","24170"
"241739","22.3626708984375","22.3626708984375","22.3626708984375","24173","24173","24173"
"241799","19.240760803222656","19.240760803222656","19.240760803222656","24179","24179","24179"
"241809","22.04908561706543","22.04908561706543","22.04908561706543","24180","24180","24180"
"241819","20.992080688476562","20.992080688476562","20.992080688476562","24181","24181","24181"
"241899","25.37963104248047","25.37963104248047","25.37963104248047","24189","24189","24189"
"241909","22.43470573425293","22.43470573425293","22.43470573425293","24190","24190","24190"
"241939","25.263004302978516","25.263004302978516","25.263004302978516","24193","24193","24193"
"241949","19.570457458496094","19.570457458496094","19.570457458496094","24194","24194","24194"
"241969","20.632160186767578","20.632160186767578","20.632160186767578","24196","24196","24196"
"241989","27.588394165039062","27.588394165039062","27.588394165039062","24198","24198","24198"
"241999","22.09058952331543","22.09058952331543","22.09058952331543","24199","24199","24199"
"242019","22.395610809326172","22.395610809326172","22.395610809326172","24201","24201","24201"
"242029","20.97950553894043","20.97950553894043","20.97950553894043","24202","24202","24202"
"242039","22.258285522460938","22.258285522460938","22.258285522460938","24203","24203","24203"
"242059","19.067670822143555","19.067670822143555","19.067670822143555","24205","24205","24205"
"242069","22.25116539001465","22.25116539001465","22.25116539001465","24206","24206","24206"
"242089","19.42607879638672","19.42607879638672","19.42607879638672","24208","24208","24208"
"242159","21.875320434570312","21.875320434570312","21.875320434570312","24215","24215","24215"
"242169","25.663131713867188","25.663131713867188","25.663131713867188","24216","24216","24216"
"242179","23.528921127319336","23.528921127319336","23.528921127319336","24217","24217","24217"
"242199","29.39238929748535","29.39238929748535","29.39238929748535","24219","24219","24219"
"242229","20.687538146972656","20.687538146972656","20.687538146972656","24222","24222","24222"
"242239","23.85226821899414","23.85226821899414","23.85226821899414","24223","24223","24223"
"242309","21.216035842895508","21.216035842895508","21.216035842895508","24230","24230","24230"
"242329","20.311546325683594","20.311546325683594","20.311546325683594","24232","24232","24232"
"242369","18.05555534362793","18.05555534362793","18.05555534362793","24236","24236","24236"
"242379","24.742778778076172","24.742778778076172","24.742778778076172","24237","24237","24237"
"242399","22.83088493347168","22.83088493347168","22.83088493347168","24239","24239","24239"
"242409","20.496898651123047","20.496898651123047","20.496898651123047","24240","24240","24240"
"242419","21.130136489868164","21.130136489868164","21.130136489868164","24241","24241","24241"
"242459","25.625286102294922","25.625286102294922","25.625286102294922","24245","24245","24245"
"242489","20.943479537963867","20.943479537963867","20.943479537963867","24248","24248","24248"
"242509","17.17108917236328","17.17108917236328","17.17108917236328","24250","24250","24250"
"242519","21.29326629638672","21.29326629638672","21.29326629638672","24251","24251","24251"
"242549","29.36175537109375","29.36175537109375","29.36175537109375","24254","24254","24254"
"242569","18.874874114990234","18.874874114990234","18.874874114990234","24256","24256","24256"
"242669","16.575529098510742","16.575529098510742","16.575529098510742","24266","24266","24266"
"242679","22.091617584228516","22.091617584228516","22.091617584228516","24267","24267","24267"
"242699","19.222675323486328","19.222675323486328","19.222675323486328","24269","24269","24269"
"242749","29.72528839111328","29.72528839111328","29.72528839111328","24274","24274","24274"
"242769","23.55542755126953","23.55542755126953","23.55542755126953","24276","24276","24276"
"242839","18.229267120361328","18.229267120361328","18.229267120361328","24283","24283","24283"
"242879","20.547496795654297","20.547496795654297","20.547496795654297","24287","24287","24287"
"242899","20.57839584350586","20.57839584350586","20.57839584350586","24289","24289","24289"
"242909","22.978660583496094","22.978660583496094","22.978660583496094","24290","24290","24290"
"242939","18.18691635131836","18.18691635131836","18.18691635131836","24293","24293","24293"
"242949","24.633262634277344","24.633262634277344","24.633262634277344","24294","24294","24294"
"242969","21.028223037719727","21.028223037719727","21.028223037719727","24296","24296","24296"
"242979","19.41552734375","19.41552734375","19.41552734375","24297","24297","24297"
"242989","20.48733901977539","20.48733901977539","20.48733901977539","24298","24298","24298"
"243039","26.72733497619629","26.72733497619629","26.72733497619629","24303","24303","24303"
"243109","19.38894271850586","19.38894271850586","19.38894271850586","24310","24310","24310"
"243119","18.117080688476562","18.117080688476562","18.117080688476562","24311","24311","24311"
"243149","21.75243377685547","21.75243377685547","21.75243377685547","24314","24314","24314"
"243209","17.06800079345703","17.06800079345703","17.06800079345703","24320","24320","24320"
"243229","21.168087005615234","21.168087005615234","21.168087005615234","24322","24322","24322"
"243259","19.330827713012695","19.330827713012695","19.330827713012695","24325","24325","24325"
"243269","21.41827392578125","21.41827392578125","21.41827392578125","24326","24326","24326"
"243289","17.556251525878906","17.556251525878906","17.556251525878906","24328","24328","24328"
"243299","20.01384162902832","20.01384162902832","20.01384162902832","24329","24329","24329"
"243309","22.092018127441406","22.092018127441406","22.092018127441406","24330","24330","24330"
"243339","24.382572174072266","24.382572174072266","24.382572174072266","24333","24333","24333"
"243429","18.021642684936523","18.021642684936523","18.021642684936523","24342","24342","24342"
"243439","23.242633819580078","23.242633819580078","23.242633819580078","24343","24343","24343"
"243449","17.708297729492188","17.708297729492188","17.708297729492188","24344","24344","24344"
"243479","21.467456817626953","21.467456817626953","21.467456817626953","24347","24347","24347"
"243489","26.581233978271484","26.581233978271484","26.581233978271484","24348","24348","24348"
"243499","20.641834259033203","20.641834259033203","20.641834259033203","24349","24349","24349"
"243529","19.81043243408203","19.81043243408203","19.81043243408203","24352","24352","24352"
"243539","19.991069793701172","19.991069793701172","19.991069793701172","24353","24353","24353"
"243569","19.298561096191406","19.298561096191406","19.298561096191406","24356","24356","24356"
"243589","22.720569610595703","22.720569610595703","22.720569610595703","24358","24358","24358"
"243659","26.541213989257812","26.541213989257812","26.541213989257812","24365","24365","24365"
"243669","18.29463005065918","18.29463005065918","18.29463005065918","24366","24366","24366"
"243679","22.17026710510254","22.17026710510254","22.17026710510254","24367","24367","24367"
"243689","17.99966812133789","17.99966812133789","17.99966812133789","24368","24368","24368"
"243719","19.29783821105957","19.29783821105957","19.29783821105957","24371","24371","24371"
"243729","21.148983001708984","21.148983001708984","21.148983001708984","24372","24372","24372"
"243749","27.62851333618164","27.62851333618164","27.62851333618164","24374","24374","24374"
"243789","20.29865837097168","20.29865837097168","20.29865837097168","24378","24378","24378"
"243799","18.499391555786133","18.499391555786133","18.499391555786133","24379","24379","24379"
"243819","19.775802612304688","19.775802612304688","19.775802612304688","24381","24381","24381"
"243839","21.17571258544922","21.17571258544922","21.17571258544922","24383","24383","24383"
"243869","22.10916519165039","22.10916519165039","22.10916519165039","24386","24386","24386"
"243879","26.83777618408203","26.83777618408203","26.83777618408203","24387","24387","24387"
"243889","19.322689056396484","19.322689056396484","19.322689056396484","24388","24388","24388"
"243909","24.74065399169922","24.74065399169922","24.74065399169922","24390","24390","24390"
"243919","22.173254013061523","22.173254013061523","22.173254013061523","24391","24391","24391"
"243949","17.434385299682617","17.434385299682617","17.434385299682617","24394","24394","24394"
"243959","22.186424255371094","22.186424255371094","22.186424255371094","24395","24395","24395"
"243969","19.214153289794922","19.214153289794922","19.214153289794922","24396","24396","24396"
"243979","21.10400390625","21.10400390625","21.10400390625","24397","24397","24397"
"243999","19.46121597290039","19.46121597290039","19.46121597290039","24399","24399","24399"
"244019","21.688552856445312","21.688552856445312","21.688552856445312","24401","24401","24401"
"244029","20.485504150390625","20.485504150390625","20.485504150390625","24402","24402","24402"
"244039","19.67951202392578","19.67951202392578","19.67951202392578","24403","24403","24403"
"244079","21.577800750732422","21.577800750732422","21.577800750732422","24407","24407","24407"
"244109","19.952499389648438","19.952499389648438","19.952499389648438","24410","24410","24410"
"244139","18.533235549926758","18.533235549926758","18.533235549926758","24413","24413","24413"
"244159","20.861125946044922","20.861125946044922","20.861125946044922","24415","24415","24415"
"244169","21.89190673828125","21.89190673828125","21.89190673828125","24416","24416","24416"
"244219","20.500520706176758","20.500520706176758","20.500520706176758","24421","24421","24421"
"244229","17.53447151184082","17.53447151184082","17.53447151184082","24422","24422","24422"
"244249","19.6668701171875","19.6668701171875","19.6668701171875","24424","24424","24424"
"244279","19.697908401489258","19.697908401489258","19.697908401489258","24427","24427","24427"
"244289","20.6119441986084","20.6119441986084","20.6119441986084","24428","24428","24428"
"244299","22.562828063964844","22.562828063964844","22.562828063964844","24429","24429","24429"
"244309","20.331987380981445","20.331987380981445","20.331987380981445","24430","24430","24430"
"244319","18.07769775390625","18.07769775390625","18.07769775390625","24431","24431","24431"
"244339","19.761188507080078","19.761188507080078","19.761188507080078","24433","24433","24433"
"244349","24.37282943725586","24.37282943725586","24.37282943725586","24434","24434","24434"
"244389","19.85106658935547","19.85106658935547","19.85106658935547","24438","24438","24438"
"244429","21.362651824951172","21.362651824951172","21.362651824951172","24442","24442","24442"
"244439","23.72854995727539","23.72854995727539","23.72854995727539","24443","24443","24443"
"244449","20.259201049804688","20.259201049804688","20.259201049804688","24444","24444","24444"
"244479","19.961498260498047","19.961498260498047","19.961498260498047","24447","24447","24447"
"244499","16.799564361572266","16.799564361572266","16.799564361572266","24449","24449","24449"
"244509","18.354524612426758","18.354524612426758","18.354524612426758","24450","24450","24450"
"244519","20.19385528564453","20.19385528564453","20.19385528564453","24451","24451","24451"
"244539","20.76343536376953","20.76343536376953","20.76343536376953","24453","24453","24453"
"244559","19.686546325683594","19.686546325683594","19.686546325683594","24455","24455","24455"
"244589","19.4005126953125","19.4005126953125","19.4005126953125","24458","24458","24458"
"244609","22.016796112060547","22.016796112060547","22.016796112060547","24460","24460","24460"
"244629","21.303407669067383","21.303407669067383","21.303407669067383","24462","24462","24462"
"244639","18.726837158203125","18.726837158203125","18.726837158203125","24463","24463","24463"
"244649","19.51166534423828","19.51166534423828","19.51166534423828","24464","24464","24464"
"244689","24.039203643798828","24.039203643798828","24.039203643798828","24468","24468","24468"
"244709","22.88498878479004","22.88498878479004","22.88498878479004","24470","24470","24470"
"244719","33.16916275024414","33.16916275024414","33.16916275024414","24471","24471","24471"
"244729","24.457155227661133","24.457155227661133","24.457155227661133","24472","24472","24472"
"244759","19.87073516845703","19.87073516845703","19.87073516845703","24475","24475","24475"
"244799","21.646055221557617","21.646055221557617","21.646055221557617","24479","24479","24479"
"244809","19.588809967041016","19.588809967041016","19.588809967041016","24480","24480","24480"
"244819","23.148841857910156","23.148841857910156","23.148841857910156","24481","24481","24481"
"244839","21.040771484375","21.040771484375","21.040771484375","24483","24483","24483"
"244859","21.371986389160156","21.371986389160156","21.371986389160156","24485","24485","24485"
"244869","20.636371612548828","20.636371612548828","20.636371612548828","24486","24486","24486"
"244879","22.87101936340332","22.87101936340332","22.87101936340332","24487","24487","24487"
"244989","22.2684268951416","22.2684268951416","22.2684268951416","24498","24498","24498"
"244999","20.404991149902344","20.404991149902344","20.404991149902344","24499","24499","24499"
"245009","22.62582015991211","22.62582015991211","22.62582015991211","24500","24500","24500"
"245029","23.847129821777344","23.847129821777344","23.847129821777344","24502","24502","24502"
"245039","19.778934478759766","19.778934478759766","19.778934478759766","24503","24503","24503"
"245059","29.520713806152344","29.520713806152344","29.520713806152344","24505","24505","24505"
"245089","19.627723693847656","19.627723693847656","19.627723693847656","24508","24508","24508"
"245119","24.882678985595703","24.882678985595703","24.882678985595703","24511","24511","24511"
"245129","20.554868698120117","20.554868698120117","20.554868698120117","24512","24512","24512"
"245139","19.065261840820312","19.065261840820312","19.065261840820312","24513","24513","24513"
"245149","23.714372634887695","23.714372634887695","23.714372634887695","24514","24514","24514"
"245169","18.010204315185547","18.010204315185547","18.010204315185547","24516","24516","24516"
"245179","17.62966537475586","17.62966537475586","17.62966537475586","24517","24517","24517"
"245189","21.260860443115234","21.260860443115234","21.260860443115234","24518","24518","24518"
"245199","22.727283477783203","22.727283477783203","22.727283477783203","24519","24519","24519"
"245219","18.917808532714844","18.917808532714844","18.917808532714844","24521","24521","24521"
"245229","21.712234497070312","21.712234497070312","21.712234497070312","24522","24522","24522"
"245239","16.090545654296875","16.090545654296875","16.090545654296875","24523","24523","24523"
"245259","21.422082901000977","21.422082901000977","21.422082901000977","24525","24525","24525"
"245289","23.825023651123047","23.825023651123047","23.825023651123047","24528","24528","24528"
"245319","19.720130920410156","19.720130920410156","19.720130920410156","24531","24531","24531"
"245329","21.692413330078125","21.692413330078125","21.692413330078125","24532","24532","24532"
"245339","20.37509536743164","20.37509536743164","20.37509536743164","24533","24533","24533"
"245379","23.159866333007812","23.159866333007812","23.159866333007812","24537","24537","24537"
"245389","28.643634796142578","28.643634796142578","28.643634796142578","24538","24538","24538"
"245399","16.539226531982422","16.539226531982422","16.539226531982422","24539","24539","24539"
"245439","18.66522789001465","18.66522789001465","18.66522789001465","24543","24543","24543"
"245469","21.18772315979004","21.18772315979004","21.18772315979004","24546","24546","24546"
"245479","18.82827377319336","18.82827377319336","18.82827377319336","24547","24547","24547"
"245499","18.706056594848633","18.706056594848633","18.706056594848633","24549","24549","24549"
"245519","17.427701950073242","17.427701950073242","17.427701950073242","24551","24551","24551"
"245539","23.760108947753906","23.760108947753906","23.760108947753906","24553","24553","24553"
"245549","23.23672103881836","23.23672103881836","23.23672103881836","24554","24554","24554"
"245559","24.387235641479492","24.387235641479492","24.387235641479492","24555","24555","24555"
"245579","20.164714813232422","20.164714813232422","20.164714813232422","24557","24557","24557"
"245599","21.95417594909668","21.95417594909668","21.95417594909668","24559","24559","24559"
"245609","17.53209686279297","17.53209686279297","17.53209686279297","24560","24560","24560"
"245659","21.117841720581055","21.117841720581055","21.117841720581055","24565","24565","24565"
"245669","19.86402702331543","19.86402702331543","19.86402702331543","24566","24566","24566"
"245729","16.160476684570312","16.160476684570312","16.160476684570312","24572","24572","24572"
"245749","20.07605743408203","20.07605743408203","20.07605743408203","24574","24574","24574"
"245769","22.351253509521484","22.351253509521484","22.351253509521484","24576","24576","24576"
"245829","19.271955490112305","19.271955490112305","19.271955490112305","24582","24582","24582"
"245839","20.641206741333008","20.641206741333008","20.641206741333008","24583","24583","24583"
"245849","22.029521942138672","22.029521942138672","22.029521942138672","24584","24584","24584"
"245889","19.93570327758789","19.93570327758789","19.93570327758789","24588","24588","24588"
"245899","21.260711669921875","21.260711669921875","21.260711669921875","24589","24589","24589"
"245919","21.66912078857422","21.66912078857422","21.66912078857422","24591","24591","24591"
"245949","18.625089645385742","18.625089645385742","18.625089645385742","24594","24594","24594"
"245979","20.573543548583984","20.573543548583984","20.573543548583984","24597","24597","24597"
"245989","19.716938018798828","19.716938018798828","19.716938018798828","24598","24598","24598"
"245999","23.2144832611084","23.2144832611084","23.2144832611084","24599","24599","24599"
"246009","20.57027816772461","20.57027816772461","20.57027816772461","24600","24600","24600"
"246069","18.218843460083008","18.218843460083008","18.218843460083008","24606","24606","24606"
"246079","19.715063095092773","19.715063095092773","19.715063095092773","24607","24607","24607"
"246099","22.410213470458984","22.410213470458984","22.410213470458984","24609","24609","24609"
"246139","18.734542846679688","18.734542846679688","18.734542846679688","24613","24613","24613"
"246149","22.785030364990234","22.785030364990234","22.785030364990234","24614","24614","24614"
"246209","25.11841583251953","25.11841583251953","25.11841583251953","24620","24620","24620"
"246229","15.242959976196289","15.242959976196289","15.242959976196289","24622","24622","24622"
"246279","18.519065856933594","18.519065856933594","18.519065856933594","24627","24627","24627"
"246289","24.58792495727539","24.58792495727539","24.58792495727539","24628","24628","24628"
"246309","23.952293395996094","23.952293395996094","23.952293395996094","24630","24630","24630"
"246349","18.76560401916504","18.76560401916504","18.76560401916504","24634","24634","24634"
"246389","22.73863983154297","22.73863983154297","22.73863983154297","24638","24638","24638"
"246399","21.12282943725586","21.12282943725586","21.12282943725586","24639","24639","24639"
"246409","22.25585174560547","22.25585174560547","22.25585174560547","24640","24640","24640"
"246439","22.040882110595703","22.040882110595703","22.040882110595703","24643","24643","24643"
"246449","22.502004623413086","22.502004623413086","22.502004623413086","24644","24644","24644"
"246499","17.26188850402832","17.26188850402832","17.26188850402832","24649","24649","24649"
"246529","21.51936912536621","21.51936912536621","21.51936912536621","24652","24652","24652"
"246539","18.608551025390625","18.608551025390625","18.608551025390625","24653","24653","24653"
"246589","23.870487213134766","23.870487213134766","23.870487213134766","24658","24658","24658"
"246599","20.26296615600586","20.26296615600586","20.26296615600586","24659","24659","24659"
"246619","28.89194107055664","28.89194107055664","28.89194107055664","24661","24661","24661"
"246729","19.04953384399414","19.04953384399414","19.04953384399414","24672","24672","24672"
"246739","21.42691421508789","21.42691421508789","21.42691421508789","24673","24673","24673"
"246779","17.182483673095703","17.182483673095703","17.182483673095703","24677","24677","24677"
"246789","15.947029113769531","15.947029113769531","15.947029113769531","24678","24678","24678"
"246809","19.65175437927246","19.65175437927246","19.65175437927246","24680","24680","24680"
"246819","16.73660659790039","16.73660659790039","16.73660659790039","24681","24681","24681"
"246829","18.390602111816406","18.390602111816406","18.390602111816406","24682","24682","24682"
"246849","19.533037185668945","19.533037185668945","19.533037185668945","24684","24684","24684"
"246859","21.689577102661133","21.689577102661133","21.689577102661133","24685","24685","24685"
"246899","19.15380859375","19.15380859375","19.15380859375","24689","24689","24689"
"246929","20.917537689208984","20.917537689208984","20.917537689208984","24692","24692","24692"
"246949","19.037151336669922","19.037151336669922","19.037151336669922","24694","24694","24694"
"246959","18.65576171875","18.65576171875","18.65576171875","24695","24695","24695"
"246969","16.752277374267578","16.752277374267578","16.752277374267578","24696","24696","24696"
"247009","24.753820419311523","24.753820419311523","24.753820419311523","24700","24700","24700"
"247089","19.2829532623291","19.2829532623291","19.2829532623291","24708","24708","24708"
"247099","20.170421600341797","20.170421600341797","20.170421600341797","24709","24709","24709"
"247119","19.223529815673828","19.223529815673828","19.223529815673828","24711","24711","24711"
"247129","17.815776824951172","17.815776824951172","17.815776824951172","24712","24712","24712"
"247149","26.80902862548828","26.80902862548828","26.80902862548828","24714","24714","24714"
"247159","19.447505950927734","19.447505950927734","19.447505950927734","24715","24715","24715"
"247189","17.73308753967285","17.73308753967285","17.73308753967285","24718","24718","24718"
"247199","22.153711318969727","22.153711318969727","22.153711318969727","24719","24719","24719"
"247229","18.62085723876953","18.62085723876953","18.62085723876953","24722","24722","24722"
"247289","19.761539459228516","19.761539459228516","19.761539459228516","24728","24728","24728"
"247309","19.2037410736084","19.2037410736084","19.2037410736084","24730","24730","24730"
"247349","21.15213966369629","21.15213966369629","21.15213966369629","24734","24734","24734"
"247359","26.533668518066406","26.533668518066406","26.533668518066406","24735","24735","24735"
"247369","22.402265548706055","22.402265548706055","22.402265548706055","24736","24736","24736"
"247379","17.594257354736328","17.594257354736328","17.594257354736328","24737","24737","24737"
"247399","18.259620666503906","18.259620666503906","18.259620666503906","24739","24739","24739"
"247409","20.008691787719727","20.008691787719727","20.008691787719727","24740","24740","24740"
"247459","19.541112899780273","19.541112899780273","19.541112899780273","24745","24745","24745"
"247469","16.697715759277344","16.697715759277344","16.697715759277344","24746","24746","24746"
"247559","21.00519371032715","21.00519371032715","21.00519371032715","24755","24755","24755"
"247589","21.52828598022461","21.52828598022461","21.52828598022461","24758","24758","24758"
"247599","20.672786712646484","20.672786712646484","20.672786712646484","24759","24759","24759"
"247619","21.227134704589844","21.227134704589844","21.227134704589844","24761","24761","24761"
"247629","24.115942001342773","24.115942001342773","24.115942001342773","24762","24762","24762"
"247639","21.631853103637695","21.631853103637695","21.631853103637695","24763","24763","24763"
"247679","35.31694412231445","35.31694412231445","35.31694412231445","24767","24767","24767"
"247729","25.677967071533203","25.677967071533203","25.677967071533203","24772","24772","24772"
"247749","20.730945587158203","20.730945587158203","20.730945587158203","24774","24774","24774"
"247759","18.511930465698242","18.511930465698242","18.511930465698242","24775","24775","24775"
"247769","22.856746673583984","22.856746673583984","22.856746673583984","24776","24776","24776"
"247789","24.703269958496094","24.703269958496094","24.703269958496094","24778","24778","24778"
"247809","19.15513801574707","19.15513801574707","19.15513801574707","24780","24780","24780"
"247819","20.73668098449707","20.73668098449707","20.73668098449707","24781","24781","24781"
"247839","20.359426498413086","20.359426498413086","20.359426498413086","24783","24783","24783"
"247949","17.50068473815918","17.50068473815918","17.50068473815918","24794","24794","24794"
"247959","21.562074661254883","21.562074661254883","21.562074661254883","24795","24795","24795"
"247999","21.419843673706055","21.419843673706055","21.419843673706055","24799","24799","24799"
"248019","19.382373809814453","19.382373809814453","19.382373809814453","24801","24801","24801"
"248029","21.833833694458008","21.833833694458008","21.833833694458008","24802","24802","24802"
"248039","19.834461212158203","19.834461212158203","19.834461212158203","24803","24803","24803"
"248079","17.44509506225586","17.44509506225586","17.44509506225586","24807","24807","24807"
"248099","18.644948959350586","18.644948959350586","18.644948959350586","24809","24809","24809"
"248109","20.313785552978516","20.313785552978516","20.313785552978516","24810","24810","24810"
"248119","19.22903823852539","19.22903823852539","19.22903823852539","24811","24811","24811"
"248149","23.954233169555664","23.954233169555664","23.954233169555664","24814","24814","24814"
"248159","20.462411880493164","20.462411880493164","20.462411880493164","24815","24815","24815"
"248169","20.3989315032959","20.3989315032959","20.3989315032959","24816","24816","24816"
"248189","23.69780731201172","23.69780731201172","23.69780731201172","24818","24818","24818"
"248199","19.32939910888672","19.32939910888672","19.32939910888672","24819","24819","24819"
"248239","24.26866912841797","24.26866912841797","24.26866912841797","24823","24823","24823"
"248259","20.86825180053711","20.86825180053711","20.86825180053711","24825","24825","24825"
"248289","17.930896759033203","17.930896759033203","17.930896759033203","24828","24828","24828"
"248309","22.632705688476562","22.632705688476562","22.632705688476562","24830","24830","24830"
"248339","21.96425437927246","21.96425437927246","21.96425437927246","24833","24833","24833"
"248359","19.35555648803711","19.35555648803711","19.35555648803711","24835","24835","24835"
"248389","18.844505310058594","18.844505310058594","18.844505310058594","24838","24838","24838"
"248419","19.9576416015625","19.9576416015625","19.9576416015625","24841","24841","24841"
"248429","21.002487182617188","21.002487182617188","21.002487182617188","24842","24842","24842"
"248439","18.20443344116211","18.20443344116211","18.20443344116211","24843","24843","24843"
"248459","20.578895568847656","20.578895568847656","20.578895568847656","24845","24845","24845"
"248469","18.761310577392578","18.761310577392578","18.761310577392578","24846","24846","24846"
"248489","18.388736724853516","18.388736724853516","18.388736724853516","24848","24848","24848"
"248499","23.527729034423828","23.527729034423828","23.527729034423828","24849","24849","24849"
"248509","19.59346580505371","19.59346580505371","19.59346580505371","24850","24850","24850"
"248519","19.018463134765625","19.018463134765625","19.018463134765625","24851","24851","24851"
"248539","19.624279022216797","19.624279022216797","19.624279022216797","24853","24853","24853"
"248549","20.29336929321289","20.29336929321289","20.29336929321289","24854","24854","24854"
"248559","18.481840133666992","18.481840133666992","18.481840133666992","24855","24855","24855"
"248569","20.453628540039062","20.453628540039062","20.453628540039062","24856","24856","24856"
"248579","16.898426055908203","16.898426055908203","16.898426055908203","24857","24857","24857"
"248589","18.1640625","18.1640625","18.1640625","24858","24858","24858"
"248609","21.996021270751953","21.996021270751953","21.996021270751953","24860","24860","24860"
"248639","20.739341735839844","20.739341735839844","20.739341735839844","24863","24863","24863"
"248679","23.366424560546875","23.366424560546875","23.366424560546875","24867","24867","24867"
"248689","20.210369110107422","20.210369110107422","20.210369110107422","24868","24868","24868"
"248709","18.333873748779297","18.333873748779297","18.333873748779297","24870","24870","24870"
"248749","17.730106353759766","17.730106353759766","17.730106353759766","24874","24874","24874"
"248759","24.945785522460938","24.945785522460938","24.945785522460938","24875","24875","24875"
"248779","20.76924705505371","20.76924705505371","20.76924705505371","24877","24877","24877"
"248799","20.746158599853516","20.746158599853516","20.746158599853516","24879","24879","24879"
"248809","22.17146873474121","22.17146873474121","22.17146873474121","24880","24880","24880"
"248819","23.04688262939453","23.04688262939453","23.04688262939453","24881","24881","24881"
"248859","20.01041030883789","20.01041030883789","20.01041030883789","24885","24885","24885"
"248869","17.43596076965332","17.43596076965332","17.43596076965332","24886","24886","24886"
"248879","23.475322723388672","23.475322723388672","23.475322723388672","24887","24887","24887"
"248899","26.469575881958008","26.469575881958008","26.469575881958008","24889","24889","24889"
"248939","18.923091888427734","18.923091888427734","18.923091888427734","24893","24893","24893"
"248959","18.34759521484375","18.34759521484375","18.34759521484375","24895","24895","24895"
"248969","26.45462989807129","26.45462989807129","26.45462989807129","24896","24896","24896"
"248979","25.002195358276367","25.002195358276367","25.002195358276367","24897","24897","24897"
"248989","18.45388412475586","18.45388412475586","18.45388412475586","24898","24898","24898"
"249009","19.937469482421875","19.937469482421875","19.937469482421875","24900","24900","24900"
"249039","19.639041900634766","19.639041900634766","19.639041900634766","24903","24903","24903"
"249069","26.77037239074707","26.77037239074707","26.77037239074707","24906","24906","24906"
"249089","20.30120086669922","20.30120086669922","20.30120086669922","24908","24908","24908"
"249099","18.876453399658203","18.876453399658203","18.876453399658203","24909","24909","24909"
"249139","19.413312911987305","19.413312911987305","19.413312911987305","24913","24913","24913"
"249159","20.122644424438477","20.122644424438477","20.122644424438477","24915","24915","24915"
"249169","20.384305953979492","20.384305953979492","20.384305953979492","24916","24916","24916"
"249179","24.108509063720703","24.108509063720703","24.108509063720703","24917","24917","24917"
"249199","17.34548568725586","17.34548568725586","17.34548568725586","24919","24919","24919"
"249239","19.897220611572266","19.897220611572266","19.897220611572266","24923","24923","24923"
"249259","18.842422485351562","18.842422485351562","18.842422485351562","24925","24925","24925"
"249269","22.820955276489258","22.820955276489258","22.820955276489258","24926","24926","24926"
"249279","18.345630645751953","18.345630645751953","18.345630645751953","24927","24927","24927"
"249319","18.068801879882812","18.068801879882812","18.068801879882812","24931","24931","24931"
"249339","22.355966567993164","22.355966567993164","22.355966567993164","24933","24933","24933"
"249349","19.61124038696289","19.61124038696289","19.61124038696289","24934","24934","24934"
"249419","28.26871109008789","28.26871109008789","28.26871109008789","24941","24941","24941"
"249429","18.23848533630371","18.23848533630371","18.23848533630371","24942","24942","24942"
"249439","20.29073143005371","20.29073143005371","20.29073143005371","24943","24943","24943"
"249459","18.110610961914062","18.110610961914062","18.110610961914062","24945","24945","24945"
"249559","20.4256649017334","20.4256649017334","20.4256649017334","24955","24955","24955"
"249599","17.08392333984375","17.08392333984375","17.08392333984375","24959","24959","24959"
"249609","17.558242797851562","17.558242797851562","17.558242797851562","24960","24960","24960"
"249639","21.616416931152344","21.616416931152344","21.616416931152344","24963","24963","24963"
"249669","20.37750244140625","20.37750244140625","20.37750244140625","24966","24966","24966"
"249699","17.035518646240234","17.035518646240234","17.035518646240234","24969","24969","24969"
"249749","19.081871032714844","19.081871032714844","19.081871032714844","24974","24974","24974"
"249769","20.40534210205078","20.40534210205078","20.40534210205078","24976","24976","24976"
"249799","22.018606185913086","22.018606185913086","22.018606185913086","24979","24979","24979"
"249839","22.773399353027344","22.773399353027344","22.773399353027344","24983","24983","24983"
"249869","22.181285858154297","22.181285858154297","22.181285858154297","24986","24986","24986"
"249879","20.52806854248047","20.52806854248047","20.52806854248047","24987","24987","24987"
"249919","20.85143280029297","20.85143280029297","20.85143280029297","24991","24991","24991"
"249949","25.361347198486328","25.361347198486328","25.361347198486328","24994","24994","24994"
"249989","23.490304946899414","23.490304946899414","23.490304946899414","24998","24998","24998"
"250009","22.806150436401367","22.806150436401367","22.806150436401367","25000","25000","25000"
"250039","18.76167106628418","18.76167106628418","18.76167106628418","25003","25003","25003"
"250049","22.168407440185547","22.168407440185547","22.168407440185547","25004","25004","25004"
"250059","24.03458023071289","24.03458023071289","24.03458023071289","25005","25005","25005"
"250079","18.006505966186523","18.006505966186523","18.006505966186523","25007","25007","25007"
"250089","19.760343551635742","19.760343551635742","19.760343551635742","25008","25008","25008"
"250149","31.087215423583984","31.087215423583984","31.087215423583984","25014","25014","25014"
"250159","19.16013526916504","19.16013526916504","19.16013526916504","25015","25015","25015"
"250169","24.732553482055664","24.732553482055664","24.732553482055664","25016","25016","25016"
"250189","19.365123748779297","19.365123748779297","19.365123748779297","25018","25018","25018"
"250209","21.610137939453125","21.610137939453125","21.610137939453125","25020","25020","25020"
"250219","23.616849899291992","23.616849899291992","23.616849899291992","25021","25021","25021"
"250259","19.942127227783203","19.942127227783203","19.942127227783203","25025","25025","25025"
"250269","23.509681701660156","23.509681701660156","23.509681701660156","25026","25026","25026"
"250279","17.70248031616211","17.70248031616211","17.70248031616211","25027","25027","25027"
"250309","20.847389221191406","20.847389221191406","20.847389221191406","25030","25030","25030"
"250319","29.04001235961914","29.04001235961914","29.04001235961914","25031","25031","25031"
"250329","21.1511287689209","21.1511287689209","21.1511287689209","25032","25032","25032"
"250349","24.693716049194336","24.693716049194336","24.693716049194336","25034","25034","25034"
"250379","23.420673370361328","23.420673370361328","23.420673370361328","25037","25037","25037"
"250389","19.091386795043945","19.091386795043945","19.091386795043945","25038","25038","25038"
"250409","19.790077209472656","19.790077209472656","19.790077209472656","25040","25040","25040"
"250439","23.10719108581543","23.10719108581543","23.10719108581543","25043","25043","25043"
"250509","18.664369583129883","18.664369583129883","18.664369583129883","25050","25050","25050"
"250529","17.328824996948242","17.328824996948242","17.328824996948242","25052","25052","25052"
"250549","19.501850128173828","19.501850128173828","19.501850128173828","25054","25054","25054"
"250559","18.065292358398438","18.065292358398438","18.065292358398438","25055","25055","25055"
"250579","24.500167846679688","24.500167846679688","24.500167846679688","25057","25057","25057"
"250599","28.66264533996582","28.66264533996582","28.66264533996582","25059","25059","25059"
"250609","20.349231719970703","20.349231719970703","20.349231719970703","25060","25060","25060"
"250619","21.721651077270508","21.721651077270508","21.721651077270508","25061","25061","25061"
"250669","17.15825843811035","17.15825843811035","17.15825843811035","25066","25066","25066"
"250679","22.06263542175293","22.06263542175293","22.06263542175293","25067","25067","25067"
"250699","30.661144256591797","30.661144256591797","30.661144256591797","25069","25069","25069"
"250769","19.18680763244629","19.18680763244629","19.18680763244629","25076","25076","25076"
"250849","19.384567260742188","19.384567260742188","19.384567260742188","25084","25084","25084"
"250859","18.6308650970459","18.6308650970459","18.6308650970459","25085","25085","25085"
"250899","22.924890518188477","22.924890518188477","22.924890518188477","25089","25089","25089"
"250919","20.449996948242188","20.449996948242188","20.449996948242188","25091","25091","25091"
"250959","23.105783462524414","23.105783462524414","23.105783462524414","25095","25095","25095"
"250979","21.97021484375","21.97021484375","21.97021484375","25097","25097","25097"
"251009","18.02029800415039","18.02029800415039","18.02029800415039","25100","25100","25100"
"251049","22.423728942871094","22.423728942871094","22.423728942871094","25104","25104","25104"
"251059","21.22850799560547","21.22850799560547","21.22850799560547","25105","25105","25105"
"251069","22.30423355102539","22.30423355102539","22.30423355102539","25106","25106","25106"
"251079","18.764972686767578","18.764972686767578","18.764972686767578","25107","25107","25107"
"251139","19.213571548461914","19.213571548461914","19.213571548461914","25113","25113","25113"
"251209","18.223073959350586","18.223073959350586","18.223073959350586","25120","25120","25120"
"251219","20.836071014404297","20.836071014404297","20.836071014404297","25121","25121","25121"
"251229","21.08382225036621","21.08382225036621","21.08382225036621","25122","25122","25122"
"251259","20.877267837524414","20.877267837524414","20.877267837524414","25125","25125","25125"
"251269","19.82599449157715","19.82599449157715","19.82599449157715","25126","25126","25126"
"251299","25.594331741333008","25.594331741333008","25.594331741333008","25129","25129","25129"
"251309","26.5203857421875","26.5203857421875","26.5203857421875","25130","25130","25130"
"251369","21.395126342773438","21.395126342773438","21.395126342773438","25136","25136","25136"
"251399","20.782764434814453","20.782764434814453","20.782764434814453","25139","25139","25139"
"251409","27.031822204589844","27.031822204589844","27.031822204589844","25140","25140","25140"
"251419","24.40205955505371","24.40205955505371","24.40205955505371","25141","25141","25141"
"251449","20.039024353027344","20.039024353027344","20.039024353027344","25144","25144","25144"
"251609","16.563167572021484","16.563167572021484","16.563167572021484","25160","25160","25160"
"251619","23.199722290039062","23.199722290039062","23.199722290039062","25161","25161","25161"
"251659","20.833160400390625","20.833160400390625","20.833160400390625","25165","25165","25165"
"251669","19.795270919799805","19.795270919799805","19.795270919799805","25166","25166","25166"
"251679","20.71138572692871","20.71138572692871","20.71138572692871","25167","25167","25167"
"251719","18.927108764648438","18.927108764648438","18.927108764648438","25171","25171","25171"
"251769","20.642757415771484","20.642757415771484","20.642757415771484","25176","25176","25176"
"251789","17.82866668701172","17.82866668701172","17.82866668701172","25178","25178","25178"
"251799","18.71155548095703","18.71155548095703","18.71155548095703","25179","25179","25179"
"251809","25.6363525390625","25.6363525390625","25.6363525390625","25180","25180","25180"
"251819","19.7278995513916","19.7278995513916","19.7278995513916","25181","25181","25181"
"251829","22.681060791015625","22.681060791015625","22.681060791015625","25182","25182","25182"
"251889","19.16776466369629","19.16776466369629","19.16776466369629","25188","25188","25188"
"251899","19.971904754638672","19.971904754638672","19.971904754638672","25189","25189","25189"
"251959","19.795852661132812","19.795852661132812","19.795852661132812","25195","25195","25195"
"251999","18.355899810791016","18.355899810791016","18.355899810791016","25199","25199","25199"
"252009","23.24608612060547","23.24608612060547","23.24608612060547","25200","25200","25200"
"252029","19.380693435668945","19.380693435668945","19.380693435668945","25202","25202","25202"
"252059","18.325090408325195","18.325090408325195","18.325090408325195","25205","25205","25205"
"252069","22.07603645324707","22.07603645324707","22.07603645324707","25206","25206","25206"
"252089","18.271867752075195","18.271867752075195","18.271867752075195","25208","25208","25208"
"252129","23.608388900756836","23.608388900756836","23.608388900756836","25212","25212","25212"
"252159","22.251708984375","22.251708984375","22.251708984375","25215","25215","25215"
"252169","20.10235023498535","20.10235023498535","20.10235023498535","25216","25216","25216"
"252179","19.832340240478516","19.832340240478516","19.832340240478516","25217","25217","25217"
"252199","25.001319885253906","25.001319885253906","25.001319885253906","25219","25219","25219"
"252239","23.030681610107422","23.030681610107422","23.030681610107422","25223","25223","25223"
"252269","21.78601837158203","21.78601837158203","21.78601837158203","25226","25226","25226"
"252279","19.328710556030273","19.328710556030273","19.328710556030273","25227","25227","25227"
"252299","24.374446868896484","24.374446868896484","24.374446868896484","25229","25229","25229"
"252309","33.09476852416992","33.09476852416992","33.09476852416992","25230","25230","25230"
"252319","24.064359664916992","24.064359664916992","24.064359664916992","25231","25231","25231"
"252349","23.84634780883789","23.84634780883789","23.84634780883789","25234","25234","25234"
"252379","17.9693603515625","17.9693603515625","17.9693603515625","25237","25237","25237"
"252389","19.509902954101562","19.509902954101562","19.509902954101562","25238","25238","25238"
"252429","19.611000061035156","19.611000061035156","19.611000061035156","25242","25242","25242"
"252439","19.963924407958984","19.963924407958984","19.963924407958984","25243","25243","25243"
"252469","19.664377212524414","19.664377212524414","19.664377212524414","25246","25246","25246"
"252479","21.105484008789062","21.105484008789062","21.105484008789062","25247","25247","25247"
"252499","19.930042266845703","19.930042266845703","19.930042266845703","25249","25249","25249"
"252509","23.7637996673584","23.7637996673584","23.7637996673584","25250","25250","25250"
"252519","23.428192138671875","23.428192138671875","23.428192138671875","25251","25251","25251"
"252529","22.61307716369629","22.61307716369629","22.61307716369629","25252","25252","25252"
"252559","19.06393814086914","19.06393814086914","19.06393814086914","25255","25255","25255"
"252579","23.31669044494629","23.31669044494629","23.31669044494629","25257","25257","25257"
"252619","21.760351181030273","21.760351181030273","21.760351181030273","25261","25261","25261"
"252649","20.710237503051758","20.710237503051758","20.710237503051758","25264","25264","25264"
"252679","21.1694393157959","21.1694393157959","21.1694393157959","25267","25267","25267"
"252689","19.70848846435547","19.70848846435547","19.70848846435547","25268","25268","25268"
"252749","26.729291915893555","26.729291915893555","26.729291915893555","25274","25274","25274"
"252769","24.21098518371582","24.21098518371582","24.21098518371582","25276","25276","25276"
"252799","30.31591796875","30.31591796875","30.31591796875","25279","25279","25279"
"252829","21.398521423339844","21.398521423339844","21.398521423339844","25282","25282","25282"
"252869","22.570375442504883","22.570375442504883","22.570375442504883","25286","25286","25286"
"252879","22.36655044555664","22.36655044555664","22.36655044555664","25287","25287","25287"
"252889","27.055706024169922","27.055706024169922","27.055706024169922","25288","25288","25288"
"252899","21.101612091064453","21.101612091064453","21.101612091064453","25289","25289","25289"
"252929","20.22308349609375","20.22308349609375","20.22308349609375","25292","25292","25292"
"252959","25.25301170349121","25.25301170349121","25.25301170349121","25295","25295","25295"
"252989","18.255935668945312","18.255935668945312","18.255935668945312","25298","25298","25298"
"252999","19.299013137817383","19.299013137817383","19.299013137817383","25299","25299","25299"
"253009","25.455528259277344","25.455528259277344","25.455528259277344","25300","25300","25300"
"253019","21.27703857421875","21.27703857421875","21.27703857421875","25301","25301","25301"
"253039","20.976545333862305","20.976545333862305","20.976545333862305","25303","25303","25303"