"trainer/global_step","pretraining - train_loss","pretraining - train_loss__MIN","pretraining - train_loss__MAX","pretraining - _step","pretraining - _step__MIN","pretraining - _step__MAX"
"9","1314.411376953125","1314.411376953125","1314.411376953125","0","0","0"
"59","335.34783935546875","335.34783935546875","335.34783935546875","5","5","5"
"99","645.5274658203125","645.5274658203125","645.5274658203125","9","9","9"
"119","589.41748046875","589.41748046875","589.41748046875","11","11","11"
"149","1177.053466796875","1177.053466796875","1177.053466796875","14","14","14"
"169","811.7332763671875","811.7332763671875","811.7332763671875","16","16","16"
"179","838.3450927734375","838.3450927734375","838.3450927734375","17","17","17"
"189","284.2911071777344","284.2911071777344","284.2911071777344","18","18","18"
"199","712.7437133789062","712.7437133789062","712.7437133789062","19","19","19"
"219","1071.8707275390625","1071.8707275390625","1071.8707275390625","21","21","21"
"259","267.995849609375","267.995849609375","267.995849609375","25","25","25"
"269","324.57391357421875","324.57391357421875","324.57391357421875","26","26","26"
"339","262.5313720703125","262.5313720703125","262.5313720703125","33","33","33"
"359","221.85462951660156","221.85462951660156","221.85462951660156","35","35","35"
"369","33.68999099731445","33.68999099731445","33.68999099731445","36","36","36"
"399","322.822998046875","322.822998046875","322.822998046875","39","39","39"
"429","537.1261596679688","537.1261596679688","537.1261596679688","42","42","42"
"449","275.2814636230469","275.2814636230469","275.2814636230469","44","44","44"
"469","543.0751953125","543.0751953125","543.0751953125","46","46","46"
"489","408.77197265625","408.77197265625","408.77197265625","48","48","48"
"519","99.37283325195312","99.37283325195312","99.37283325195312","51","51","51"
"529","42.22248458862305","42.22248458862305","42.22248458862305","52","52","52"
"569","149.54879760742188","149.54879760742188","149.54879760742188","56","56","56"
"589","159.21768188476562","159.21768188476562","159.21768188476562","58","58","58"
"599","527.4521484375","527.4521484375","527.4521484375","59","59","59"
"629","213.47763061523438","213.47763061523438","213.47763061523438","62","62","62"
"639","38.51751708984375","38.51751708984375","38.51751708984375","63","63","63"
"669","325.35357666015625","325.35357666015625","325.35357666015625","66","66","66"
"689","52.79877471923828","52.79877471923828","52.79877471923828","68","68","68"
"709","193.93772888183594","193.93772888183594","193.93772888183594","70","70","70"
"719","258.54559326171875","258.54559326171875","258.54559326171875","71","71","71"
"729","48.36773681640625","48.36773681640625","48.36773681640625","72","72","72"
"739","239.16973876953125","239.16973876953125","239.16973876953125","73","73","73"
"749","136.09405517578125","136.09405517578125","136.09405517578125","74","74","74"
"769","54.02359390258789","54.02359390258789","54.02359390258789","76","76","76"
"779","127.39928436279297","127.39928436279297","127.39928436279297","77","77","77"
"799","71.67388916015625","71.67388916015625","71.67388916015625","79","79","79"
"829","149.1836395263672","149.1836395263672","149.1836395263672","82","82","82"
"839","42.48094940185547","42.48094940185547","42.48094940185547","83","83","83"
"879","70.0429916381836","70.0429916381836","70.0429916381836","87","87","87"
"889","116.01889038085938","116.01889038085938","116.01889038085938","88","88","88"
"919","65.13509368896484","65.13509368896484","65.13509368896484","91","91","91"
"949","188.47979736328125","188.47979736328125","188.47979736328125","94","94","94"
"969","146.0085906982422","146.0085906982422","146.0085906982422","96","96","96"
"999","145.92491149902344","145.92491149902344","145.92491149902344","99","99","99"
"1029","89.11429595947266","89.11429595947266","89.11429595947266","102","102","102"
"1059","119.48486328125","119.48486328125","119.48486328125","105","105","105"
"1079","37.86000061035156","37.86000061035156","37.86000061035156","107","107","107"
"1179","40.87791061401367","40.87791061401367","40.87791061401367","117","117","117"
"1189","55.77235412597656","55.77235412597656","55.77235412597656","118","118","118"
"1219","55.120887756347656","55.120887756347656","55.120887756347656","121","121","121"
"1239","61.07102584838867","61.07102584838867","61.07102584838867","123","123","123"
"1259","80.14872741699219","80.14872741699219","80.14872741699219","125","125","125"
"1279","171.1776580810547","171.1776580810547","171.1776580810547","127","127","127"
"1359","103.08328247070312","103.08328247070312","103.08328247070312","135","135","135"
"1369","159.43856811523438","159.43856811523438","159.43856811523438","136","136","136"
"1389","53.55964660644531","53.55964660644531","53.55964660644531","138","138","138"
"1399","75.18167114257812","75.18167114257812","75.18167114257812","139","139","139"
"1429","180.67323303222656","180.67323303222656","180.67323303222656","142","142","142"
"1439","305.2398376464844","305.2398376464844","305.2398376464844","143","143","143"
"1459","84.5596923828125","84.5596923828125","84.5596923828125","145","145","145"
"1489","60.267059326171875","60.267059326171875","60.267059326171875","148","148","148"
"1499","133.1055908203125","133.1055908203125","133.1055908203125","149","149","149"
"1509","63.47068405151367","63.47068405151367","63.47068405151367","150","150","150"
"1529","39.873260498046875","39.873260498046875","39.873260498046875","152","152","152"
"1539","128.78543090820312","128.78543090820312","128.78543090820312","153","153","153"
"1549","210.7893829345703","210.7893829345703","210.7893829345703","154","154","154"
"1569","41.17582702636719","41.17582702636719","41.17582702636719","156","156","156"
"1579","66.42227935791016","66.42227935791016","66.42227935791016","157","157","157"
"1599","152.60418701171875","152.60418701171875","152.60418701171875","159","159","159"
"1629","158.4706573486328","158.4706573486328","158.4706573486328","162","162","162"
"1639","123.82981872558594","123.82981872558594","123.82981872558594","163","163","163"
"1669","42.89624786376953","42.89624786376953","42.89624786376953","166","166","166"
"1679","110.40081787109375","110.40081787109375","110.40081787109375","167","167","167"
"1709","39.2321891784668","39.2321891784668","39.2321891784668","170","170","170"
"1719","118.40599822998047","118.40599822998047","118.40599822998047","171","171","171"
"1729","52.062904357910156","52.062904357910156","52.062904357910156","172","172","172"
"1739","203.74227905273438","203.74227905273438","203.74227905273438","173","173","173"
"1749","62.70513153076172","62.70513153076172","62.70513153076172","174","174","174"
"1759","52.73351287841797","52.73351287841797","52.73351287841797","175","175","175"
"1779","33.03246307373047","33.03246307373047","33.03246307373047","177","177","177"
"1849","251.88690185546875","251.88690185546875","251.88690185546875","184","184","184"
"1859","64.09404754638672","64.09404754638672","64.09404754638672","185","185","185"
"1879","94.02277374267578","94.02277374267578","94.02277374267578","187","187","187"
"1899","105.47441864013672","105.47441864013672","105.47441864013672","189","189","189"
"1929","212.927734375","212.927734375","212.927734375","192","192","192"
"1949","49.40187454223633","49.40187454223633","49.40187454223633","194","194","194"
"1969","45.41102600097656","45.41102600097656","45.41102600097656","196","196","196"
"1979","87.81382751464844","87.81382751464844","87.81382751464844","197","197","197"
"2099","62.70931625366211","62.70931625366211","62.70931625366211","209","209","209"
"2119","127.70858001708984","127.70858001708984","127.70858001708984","211","211","211"
"2139","110.74848937988281","110.74848937988281","110.74848937988281","213","213","213"
"2219","69.85580444335938","69.85580444335938","69.85580444335938","221","221","221"
"2239","64.32341003417969","64.32341003417969","64.32341003417969","223","223","223"
"2249","57.43336486816406","57.43336486816406","57.43336486816406","224","224","224"
"2259","50.978050231933594","50.978050231933594","50.978050231933594","225","225","225"
"2269","51.18098449707031","51.18098449707031","51.18098449707031","226","226","226"
"2279","52.842613220214844","52.842613220214844","52.842613220214844","227","227","227"
"2299","72.1656494140625","72.1656494140625","72.1656494140625","229","229","229"
"2309","141.15493774414062","141.15493774414062","141.15493774414062","230","230","230"
"2339","85.88616943359375","85.88616943359375","85.88616943359375","233","233","233"
"2349","271.2458801269531","271.2458801269531","271.2458801269531","234","234","234"
"2359","294.72979736328125","294.72979736328125","294.72979736328125","235","235","235"
"2409","50.60929489135742","50.60929489135742","50.60929489135742","240","240","240"
"2439","270.90179443359375","270.90179443359375","270.90179443359375","243","243","243"
"2449","248.0956268310547","248.0956268310547","248.0956268310547","244","244","244"
"2469","158.763671875","158.763671875","158.763671875","246","246","246"
"2479","43.55536651611328","43.55536651611328","43.55536651611328","247","247","247"
"2499","38.73856735229492","38.73856735229492","38.73856735229492","249","249","249"
"2539","50.76691818237305","50.76691818237305","50.76691818237305","253","253","253"
"2549","51.247371673583984","51.247371673583984","51.247371673583984","254","254","254"
"2589","150.63137817382812","150.63137817382812","150.63137817382812","258","258","258"
"2659","36.90718078613281","36.90718078613281","36.90718078613281","265","265","265"
"2679","88.85800170898438","88.85800170898438","88.85800170898438","267","267","267"
"2699","94.90592956542969","94.90592956542969","94.90592956542969","269","269","269"
"2729","41.88689422607422","41.88689422607422","41.88689422607422","272","272","272"
"2739","135.83529663085938","135.83529663085938","135.83529663085938","273","273","273"
"2769","48.802059173583984","48.802059173583984","48.802059173583984","276","276","276"
"2779","146.55865478515625","146.55865478515625","146.55865478515625","277","277","277"
"2809","165.71307373046875","165.71307373046875","165.71307373046875","280","280","280"
"2839","44.070743560791016","44.070743560791016","44.070743560791016","283","283","283"
"2899","114.49896240234375","114.49896240234375","114.49896240234375","289","289","289"
"2919","91.62510681152344","91.62510681152344","91.62510681152344","291","291","291"
"2949","60.57221221923828","60.57221221923828","60.57221221923828","294","294","294"
"3009","36.620704650878906","36.620704650878906","36.620704650878906","300","300","300"
"3029","43.782249450683594","43.782249450683594","43.782249450683594","302","302","302"
"3039","78.47486877441406","78.47486877441406","78.47486877441406","303","303","303"
"3049","143.487060546875","143.487060546875","143.487060546875","304","304","304"
"3059","53.924964904785156","53.924964904785156","53.924964904785156","305","305","305"
"3089","93.61890411376953","93.61890411376953","93.61890411376953","308","308","308"
"3099","85.8011245727539","85.8011245727539","85.8011245727539","309","309","309"
"3139","55.7651252746582","55.7651252746582","55.7651252746582","313","313","313"
"3149","131.83316040039062","131.83316040039062","131.83316040039062","314","314","314"
"3169","96.22795104980469","96.22795104980469","96.22795104980469","316","316","316"
"3179","50.315223693847656","50.315223693847656","50.315223693847656","317","317","317"
"3199","131.01992797851562","131.01992797851562","131.01992797851562","319","319","319"
"3249","177.2568817138672","177.2568817138672","177.2568817138672","324","324","324"
"3309","39.89026641845703","39.89026641845703","39.89026641845703","330","330","330"
"3319","176.82815551757812","176.82815551757812","176.82815551757812","331","331","331"
"3359","110.54541778564453","110.54541778564453","110.54541778564453","335","335","335"
"3369","46.356475830078125","46.356475830078125","46.356475830078125","336","336","336"
"3379","70.39728546142578","70.39728546142578","70.39728546142578","337","337","337"
"3439","119.94569396972656","119.94569396972656","119.94569396972656","343","343","343"
"3469","97.1759262084961","97.1759262084961","97.1759262084961","346","346","346"
"3489","88.97569274902344","88.97569274902344","88.97569274902344","348","348","348"
"3509","70.22482299804688","70.22482299804688","70.22482299804688","350","350","350"
"3529","41.79065704345703","41.79065704345703","41.79065704345703","352","352","352"
"3559","70.25367736816406","70.25367736816406","70.25367736816406","355","355","355"
"3609","67.03855895996094","67.03855895996094","67.03855895996094","360","360","360"
"3619","39.30482482910156","39.30482482910156","39.30482482910156","361","361","361"
"3649","82.2637939453125","82.2637939453125","82.2637939453125","364","364","364"
"3669","65.59689331054688","65.59689331054688","65.59689331054688","366","366","366"
"3679","48.08017349243164","48.08017349243164","48.08017349243164","367","367","367"
"3699","44.00979232788086","44.00979232788086","44.00979232788086","369","369","369"
"3719","55.43767547607422","55.43767547607422","55.43767547607422","371","371","371"
"3769","82.48922729492188","82.48922729492188","82.48922729492188","376","376","376"
"3779","77.11911010742188","77.11911010742188","77.11911010742188","377","377","377"
"3819","59.870079040527344","59.870079040527344","59.870079040527344","381","381","381"
"3889","56.272396087646484","56.272396087646484","56.272396087646484","388","388","388"
"3899","60.5257453918457","60.5257453918457","60.5257453918457","389","389","389"
"3919","626.8101196289062","626.8101196289062","626.8101196289062","391","391","391"
"3949","162.1730194091797","162.1730194091797","162.1730194091797","394","394","394"
"3969","111.21696472167969","111.21696472167969","111.21696472167969","396","396","396"
"4009","58.117286682128906","58.117286682128906","58.117286682128906","400","400","400"
"4049","36.201927185058594","36.201927185058594","36.201927185058594","404","404","404"
"4069","91.64720916748047","91.64720916748047","91.64720916748047","406","406","406"
"4099","88.15410614013672","88.15410614013672","88.15410614013672","409","409","409"
"4139","133.58270263671875","133.58270263671875","133.58270263671875","413","413","413"
"4249","34.76514434814453","34.76514434814453","34.76514434814453","424","424","424"
"4259","63.5079231262207","63.5079231262207","63.5079231262207","425","425","425"
"4269","96.1009521484375","96.1009521484375","96.1009521484375","426","426","426"
"4279","234.18014526367188","234.18014526367188","234.18014526367188","427","427","427"
"4299","58.00113296508789","58.00113296508789","58.00113296508789","429","429","429"
"4349","99.01732635498047","99.01732635498047","99.01732635498047","434","434","434"
"4409","46.14707565307617","46.14707565307617","46.14707565307617","440","440","440"
"4419","37.24108123779297","37.24108123779297","37.24108123779297","441","441","441"
"4469","44.12864685058594","44.12864685058594","44.12864685058594","446","446","446"
"4509","87.32295989990234","87.32295989990234","87.32295989990234","450","450","450"
"4539","124.86979675292969","124.86979675292969","124.86979675292969","453","453","453"
"4549","52.581050872802734","52.581050872802734","52.581050872802734","454","454","454"
"4569","47.42509841918945","47.42509841918945","47.42509841918945","456","456","456"
"4579","89.87127685546875","89.87127685546875","89.87127685546875","457","457","457"
"4599","79.60221862792969","79.60221862792969","79.60221862792969","459","459","459"
"4609","86.03144836425781","86.03144836425781","86.03144836425781","460","460","460"
"4619","52.327308654785156","52.327308654785156","52.327308654785156","461","461","461"
"4629","83.54936981201172","83.54936981201172","83.54936981201172","462","462","462"
"4649","109.13345336914062","109.13345336914062","109.13345336914062","464","464","464"
"4679","78.07965850830078","78.07965850830078","78.07965850830078","467","467","467"
"4699","114.61711120605469","114.61711120605469","114.61711120605469","469","469","469"
"4719","93.31553649902344","93.31553649902344","93.31553649902344","471","471","471"
"4749","135.45631408691406","135.45631408691406","135.45631408691406","474","474","474"
"4769","116.58280944824219","116.58280944824219","116.58280944824219","476","476","476"
"4819","187.3275146484375","187.3275146484375","187.3275146484375","481","481","481"
"4829","44.91267776489258","44.91267776489258","44.91267776489258","482","482","482"
"4879","69.04316711425781","69.04316711425781","69.04316711425781","487","487","487"
"4889","109.16316223144531","109.16316223144531","109.16316223144531","488","488","488"
"4899","43.31034469604492","43.31034469604492","43.31034469604492","489","489","489"
"4939","97.11717224121094","97.11717224121094","97.11717224121094","493","493","493"
"4949","80.55098724365234","80.55098724365234","80.55098724365234","494","494","494"
"4959","65.65785217285156","65.65785217285156","65.65785217285156","495","495","495"
"4969","214.2469482421875","214.2469482421875","214.2469482421875","496","496","496"
"4979","140.5399627685547","140.5399627685547","140.5399627685547","497","497","497"
"4989","42.351539611816406","42.351539611816406","42.351539611816406","498","498","498"
"5009","37.27735137939453","37.27735137939453","37.27735137939453","500","500","500"
"5019","81.87210083007812","81.87210083007812","81.87210083007812","501","501","501"
"5029","87.34563446044922","87.34563446044922","87.34563446044922","502","502","502"
"5059","101.87744140625","101.87744140625","101.87744140625","505","505","505"
"5109","58.51945495605469","58.51945495605469","58.51945495605469","510","510","510"
"5119","38.73595428466797","38.73595428466797","38.73595428466797","511","511","511"
"5139","60.11443328857422","60.11443328857422","60.11443328857422","513","513","513"
"5149","107.20533752441406","107.20533752441406","107.20533752441406","514","514","514"
"5169","62.76863479614258","62.76863479614258","62.76863479614258","516","516","516"
"5189","59.937843322753906","59.937843322753906","59.937843322753906","518","518","518"
"5259","117.9050064086914","117.9050064086914","117.9050064086914","525","525","525"
"5269","96.75736236572266","96.75736236572266","96.75736236572266","526","526","526"
"5319","45.1175537109375","45.1175537109375","45.1175537109375","531","531","531"
"5339","136.78639221191406","136.78639221191406","136.78639221191406","533","533","533"
"5369","152.943359375","152.943359375","152.943359375","536","536","536"
"5419","44.94641876220703","44.94641876220703","44.94641876220703","541","541","541"
"5429","40.780208587646484","40.780208587646484","40.780208587646484","542","542","542"
"5449","169.75575256347656","169.75575256347656","169.75575256347656","544","544","544"
"5489","41.8365592956543","41.8365592956543","41.8365592956543","548","548","548"
"5499","52.63054656982422","52.63054656982422","52.63054656982422","549","549","549"
"5509","39.82972717285156","39.82972717285156","39.82972717285156","550","550","550"
"5519","143.78163146972656","143.78163146972656","143.78163146972656","551","551","551"
"5599","85.17012023925781","85.17012023925781","85.17012023925781","559","559","559"
"5639","129.9197540283203","129.9197540283203","129.9197540283203","563","563","563"
"5649","389.9875793457031","389.9875793457031","389.9875793457031","564","564","564"
"5679","46.646148681640625","46.646148681640625","46.646148681640625","567","567","567"
"5739","73.558837890625","73.558837890625","73.558837890625","573","573","573"
"5749","161.60357666015625","161.60357666015625","161.60357666015625","574","574","574"
"5769","87.4225845336914","87.4225845336914","87.4225845336914","576","576","576"
"5779","212.79705810546875","212.79705810546875","212.79705810546875","577","577","577"
"5819","47.95068359375","47.95068359375","47.95068359375","581","581","581"
"5829","51.25307083129883","51.25307083129883","51.25307083129883","582","582","582"
"5839","56.48762130737305","56.48762130737305","56.48762130737305","583","583","583"
"5849","155.61451721191406","155.61451721191406","155.61451721191406","584","584","584"
"5859","49.493988037109375","49.493988037109375","49.493988037109375","585","585","585"
"5869","297.2750244140625","297.2750244140625","297.2750244140625","586","586","586"
"5889","165.6235809326172","165.6235809326172","165.6235809326172","588","588","588"
"5909","62.00758743286133","62.00758743286133","62.00758743286133","590","590","590"
"5919","56.15960693359375","56.15960693359375","56.15960693359375","591","591","591"
"5929","192.52784729003906","192.52784729003906","192.52784729003906","592","592","592"
"5949","47.341163635253906","47.341163635253906","47.341163635253906","594","594","594"
"5959","107.74714660644531","107.74714660644531","107.74714660644531","595","595","595"
"5969","46.75686264038086","46.75686264038086","46.75686264038086","596","596","596"
"5979","49.628353118896484","49.628353118896484","49.628353118896484","597","597","597"
"5989","112.55792236328125","112.55792236328125","112.55792236328125","598","598","598"
"6039","66.40025329589844","66.40025329589844","66.40025329589844","603","603","603"
"6059","49.51741409301758","49.51741409301758","49.51741409301758","605","605","605"
"6079","67.34310150146484","67.34310150146484","67.34310150146484","607","607","607"
"6089","41.74769592285156","41.74769592285156","41.74769592285156","608","608","608"
"6129","102.59075927734375","102.59075927734375","102.59075927734375","612","612","612"
"6139","76.11689758300781","76.11689758300781","76.11689758300781","613","613","613"
"6159","63.89322280883789","63.89322280883789","63.89322280883789","615","615","615"
"6169","62.591583251953125","62.591583251953125","62.591583251953125","616","616","616"
"6189","164.51361083984375","164.51361083984375","164.51361083984375","618","618","618"
"6219","138.739501953125","138.739501953125","138.739501953125","621","621","621"
"6229","90.63191223144531","90.63191223144531","90.63191223144531","622","622","622"
"6249","75.97297668457031","75.97297668457031","75.97297668457031","624","624","624"
"6279","127.83375549316406","127.83375549316406","127.83375549316406","627","627","627"
"6339","78.03623962402344","78.03623962402344","78.03623962402344","633","633","633"
"6349","96.94523620605469","96.94523620605469","96.94523620605469","634","634","634"
"6359","33.854095458984375","33.854095458984375","33.854095458984375","635","635","635"
"6429","40.39849090576172","40.39849090576172","40.39849090576172","642","642","642"
"6439","104.72830200195312","104.72830200195312","104.72830200195312","643","643","643"
"6459","109.25062561035156","109.25062561035156","109.25062561035156","645","645","645"
"6469","63.28080749511719","63.28080749511719","63.28080749511719","646","646","646"
"6479","177.37579345703125","177.37579345703125","177.37579345703125","647","647","647"
"6489","72.33399200439453","72.33399200439453","72.33399200439453","648","648","648"
"6509","78.46488189697266","78.46488189697266","78.46488189697266","650","650","650"
"6519","67.07747650146484","67.07747650146484","67.07747650146484","651","651","651"
"6529","37.728118896484375","37.728118896484375","37.728118896484375","652","652","652"
"6619","64.91445922851562","64.91445922851562","64.91445922851562","661","661","661"
"6629","83.93488311767578","83.93488311767578","83.93488311767578","662","662","662"
"6679","123.566650390625","123.566650390625","123.566650390625","667","667","667"
"6709","67.97246551513672","67.97246551513672","67.97246551513672","670","670","670"
"6749","51.360023498535156","51.360023498535156","51.360023498535156","674","674","674"
"6759","36.76677703857422","36.76677703857422","36.76677703857422","675","675","675"
"6829","46.49461364746094","46.49461364746094","46.49461364746094","682","682","682"
"6859","114.21556091308594","114.21556091308594","114.21556091308594","685","685","685"
"6909","73.53551483154297","73.53551483154297","73.53551483154297","690","690","690"
"6919","35.489200592041016","35.489200592041016","35.489200592041016","691","691","691"
"6929","43.598663330078125","43.598663330078125","43.598663330078125","692","692","692"
"6949","93.4180679321289","93.4180679321289","93.4180679321289","694","694","694"
"6969","68.5157470703125","68.5157470703125","68.5157470703125","696","696","696"
"6999","58.97959899902344","58.97959899902344","58.97959899902344","699","699","699"
"7019","73.94195556640625","73.94195556640625","73.94195556640625","701","701","701"
"7029","74.49496459960938","74.49496459960938","74.49496459960938","702","702","702"
"7129","51.02409362792969","51.02409362792969","51.02409362792969","712","712","712"
"7149","86.8343734741211","86.8343734741211","86.8343734741211","714","714","714"
"7189","137.27308654785156","137.27308654785156","137.27308654785156","718","718","718"
"7199","158.31549072265625","158.31549072265625","158.31549072265625","719","719","719"
"7219","73.71633911132812","73.71633911132812","73.71633911132812","721","721","721"
"7239","76.5745620727539","76.5745620727539","76.5745620727539","723","723","723"
"7259","131.43199157714844","131.43199157714844","131.43199157714844","725","725","725"
"7269","54.78422927856445","54.78422927856445","54.78422927856445","726","726","726"
"7289","149.625244140625","149.625244140625","149.625244140625","728","728","728"
"7309","60.71050262451172","60.71050262451172","60.71050262451172","730","730","730"
"7339","45.77882766723633","45.77882766723633","45.77882766723633","733","733","733"
"7449","233.29852294921875","233.29852294921875","233.29852294921875","744","744","744"
"7459","43.103515625","43.103515625","43.103515625","745","745","745"
"7519","172.78561401367188","172.78561401367188","172.78561401367188","751","751","751"
"7549","72.9001235961914","72.9001235961914","72.9001235961914","754","754","754"
"7579","77.738525390625","77.738525390625","77.738525390625","757","757","757"
"7599","46.95143508911133","46.95143508911133","46.95143508911133","759","759","759"
"7609","72.98685455322266","72.98685455322266","72.98685455322266","760","760","760"
"7629","57.30314636230469","57.30314636230469","57.30314636230469","762","762","762"
"7639","49.217079162597656","49.217079162597656","49.217079162597656","763","763","763"
"7689","52.08528518676758","52.08528518676758","52.08528518676758","768","768","768"
"7699","67.84153747558594","67.84153747558594","67.84153747558594","769","769","769"
"7739","36.26081848144531","36.26081848144531","36.26081848144531","773","773","773"
"7759","59.30405807495117","59.30405807495117","59.30405807495117","775","775","775"
"7819","38.46476745605469","38.46476745605469","38.46476745605469","781","781","781"
"7889","134.51319885253906","134.51319885253906","134.51319885253906","788","788","788"
"7899","70.52786254882812","70.52786254882812","70.52786254882812","789","789","789"
"7949","30.07445526123047","30.07445526123047","30.07445526123047","794","794","794"
"8019","42.49891662597656","42.49891662597656","42.49891662597656","801","801","801"
"8049","57.770294189453125","57.770294189453125","57.770294189453125","804","804","804"
"8069","67.08808135986328","67.08808135986328","67.08808135986328","806","806","806"
"8079","216.97836303710938","216.97836303710938","216.97836303710938","807","807","807"
"8129","45.05725860595703","45.05725860595703","45.05725860595703","812","812","812"
"8269","90.8314208984375","90.8314208984375","90.8314208984375","826","826","826"
"8279","75.09586334228516","75.09586334228516","75.09586334228516","827","827","827"
"8329","105.00788879394531","105.00788879394531","105.00788879394531","832","832","832"
"8379","33.43839645385742","33.43839645385742","33.43839645385742","837","837","837"
"8389","48.99116516113281","48.99116516113281","48.99116516113281","838","838","838"
"8399","133.6987762451172","133.6987762451172","133.6987762451172","839","839","839"
"8489","82.58026885986328","82.58026885986328","82.58026885986328","848","848","848"
"8539","80.59780883789062","80.59780883789062","80.59780883789062","853","853","853"
"8549","56.0288200378418","56.0288200378418","56.0288200378418","854","854","854"
"8619","82.03238677978516","82.03238677978516","82.03238677978516","861","861","861"
"8639","142.4684295654297","142.4684295654297","142.4684295654297","863","863","863"
"8709","35.531227111816406","35.531227111816406","35.531227111816406","870","870","870"
"8739","39.232933044433594","39.232933044433594","39.232933044433594","873","873","873"
"8759","53.60686492919922","53.60686492919922","53.60686492919922","875","875","875"
"8779","77.85194396972656","77.85194396972656","77.85194396972656","877","877","877"
"8789","86.85343933105469","86.85343933105469","86.85343933105469","878","878","878"
"8819","68.87382507324219","68.87382507324219","68.87382507324219","881","881","881"
"8829","190.2462158203125","190.2462158203125","190.2462158203125","882","882","882"
"8849","45.844017028808594","45.844017028808594","45.844017028808594","884","884","884"
"8859","33.19891357421875","33.19891357421875","33.19891357421875","885","885","885"
"8889","86.02984619140625","86.02984619140625","86.02984619140625","888","888","888"
"8919","144.26731872558594","144.26731872558594","144.26731872558594","891","891","891"
"8959","51.68278884887695","51.68278884887695","51.68278884887695","895","895","895"
"8989","102.44244384765625","102.44244384765625","102.44244384765625","898","898","898"
"9009","36.954715728759766","36.954715728759766","36.954715728759766","900","900","900"
"9039","101.94964599609375","101.94964599609375","101.94964599609375","903","903","903"
"9059","90.04969024658203","90.04969024658203","90.04969024658203","905","905","905"
"9069","154.2996063232422","154.2996063232422","154.2996063232422","906","906","906"
"9099","82.20716857910156","82.20716857910156","82.20716857910156","909","909","909"
"9129","173.55978393554688","173.55978393554688","173.55978393554688","912","912","912"
"9139","87.2865982055664","87.2865982055664","87.2865982055664","913","913","913"
"9199","45.91054916381836","45.91054916381836","45.91054916381836","919","919","919"
"9209","69.7842025756836","69.7842025756836","69.7842025756836","920","920","920"
"9219","35.54527282714844","35.54527282714844","35.54527282714844","921","921","921"
"9249","90.29289245605469","90.29289245605469","90.29289245605469","924","924","924"
"9259","57.75794219970703","57.75794219970703","57.75794219970703","925","925","925"
"9319","73.17623901367188","73.17623901367188","73.17623901367188","931","931","931"
"9389","41.48998260498047","41.48998260498047","41.48998260498047","938","938","938"
"9399","33.95832061767578","33.95832061767578","33.95832061767578","939","939","939"
"9439","113.27632141113281","113.27632141113281","113.27632141113281","943","943","943"
"9459","64.97110748291016","64.97110748291016","64.97110748291016","945","945","945"
"9469","40.082000732421875","40.082000732421875","40.082000732421875","946","946","946"
"9479","58.886199951171875","58.886199951171875","58.886199951171875","947","947","947"
"9489","30.930004119873047","30.930004119873047","30.930004119873047","948","948","948"
"9499","127.78528594970703","127.78528594970703","127.78528594970703","949","949","949"
"9539","93.91481018066406","93.91481018066406","93.91481018066406","953","953","953"
"9549","43.22761154174805","43.22761154174805","43.22761154174805","954","954","954"
"9589","35.86978530883789","35.86978530883789","35.86978530883789","958","958","958"
"9619","63.039695739746094","63.039695739746094","63.039695739746094","961","961","961"
"9629","117.82748413085938","117.82748413085938","117.82748413085938","962","962","962"
"9649","43.3371696472168","43.3371696472168","43.3371696472168","964","964","964"
"9719","92.57818603515625","92.57818603515625","92.57818603515625","971","971","971"
"9739","75.54540252685547","75.54540252685547","75.54540252685547","973","973","973"
"9759","89.67092895507812","89.67092895507812","89.67092895507812","975","975","975"
"9809","60.51578140258789","60.51578140258789","60.51578140258789","980","980","980"
"9849","49.20160675048828","49.20160675048828","49.20160675048828","984","984","984"
"9889","55.5842170715332","55.5842170715332","55.5842170715332","988","988","988"
"9899","70.71048736572266","70.71048736572266","70.71048736572266","989","989","989"
"9909","79.65936279296875","79.65936279296875","79.65936279296875","990","990","990"
"9939","74.77706909179688","74.77706909179688","74.77706909179688","993","993","993"
"9969","93.22698211669922","93.22698211669922","93.22698211669922","996","996","996"
"9979","54.226600646972656","54.226600646972656","54.226600646972656","997","997","997"
"9989","97.74696350097656","97.74696350097656","97.74696350097656","998","998","998"
"10009","30.11327362060547","30.11327362060547","30.11327362060547","1000","1000","1000"
"10019","35.16912841796875","35.16912841796875","35.16912841796875","1001","1001","1001"
"10029","50.38609313964844","50.38609313964844","50.38609313964844","1002","1002","1002"
"10079","67.09219360351562","67.09219360351562","67.09219360351562","1007","1007","1007"
"10089","35.88481521606445","35.88481521606445","35.88481521606445","1008","1008","1008"
"10099","86.40685272216797","86.40685272216797","86.40685272216797","1009","1009","1009"
"10109","96.90715789794922","96.90715789794922","96.90715789794922","1010","1010","1010"
"10119","69.0308609008789","69.0308609008789","69.0308609008789","1011","1011","1011"
"10129","77.58321380615234","77.58321380615234","77.58321380615234","1012","1012","1012"
"10149","46.46139144897461","46.46139144897461","46.46139144897461","1014","1014","1014"
"10189","39.02710723876953","39.02710723876953","39.02710723876953","1018","1018","1018"
"10199","37.732757568359375","37.732757568359375","37.732757568359375","1019","1019","1019"
"10209","76.75009155273438","76.75009155273438","76.75009155273438","1020","1020","1020"
"10249","63.208702087402344","63.208702087402344","63.208702087402344","1024","1024","1024"
"10259","55.45341110229492","55.45341110229492","55.45341110229492","1025","1025","1025"
"10269","99.48780059814453","99.48780059814453","99.48780059814453","1026","1026","1026"
"10279","70.77396392822266","70.77396392822266","70.77396392822266","1027","1027","1027"
"10289","121.76911926269531","121.76911926269531","121.76911926269531","1028","1028","1028"
"10309","59.26985168457031","59.26985168457031","59.26985168457031","1030","1030","1030"
"10389","83.9061050415039","83.9061050415039","83.9061050415039","1038","1038","1038"
"10409","68.68407440185547","68.68407440185547","68.68407440185547","1040","1040","1040"
"10419","156.03555297851562","156.03555297851562","156.03555297851562","1041","1041","1041"
"10429","105.5396499633789","105.5396499633789","105.5396499633789","1042","1042","1042"
"10449","89.5212173461914","89.5212173461914","89.5212173461914","1044","1044","1044"
"10489","42.544620513916016","42.544620513916016","42.544620513916016","1048","1048","1048"
"10499","54.185516357421875","54.185516357421875","54.185516357421875","1049","1049","1049"
"10539","241.41604614257812","241.41604614257812","241.41604614257812","1053","1053","1053"
"10549","44.02602005004883","44.02602005004883","44.02602005004883","1054","1054","1054"
"10559","41.972835540771484","41.972835540771484","41.972835540771484","1055","1055","1055"
"10569","88.99932098388672","88.99932098388672","88.99932098388672","1056","1056","1056"
"10589","118.75679779052734","118.75679779052734","118.75679779052734","1058","1058","1058"
"10609","131.99789428710938","131.99789428710938","131.99789428710938","1060","1060","1060"
"10619","112.88680267333984","112.88680267333984","112.88680267333984","1061","1061","1061"
"10629","49.2984504699707","49.2984504699707","49.2984504699707","1062","1062","1062"
"10649","63.01869201660156","63.01869201660156","63.01869201660156","1064","1064","1064"
"10659","35.269866943359375","35.269866943359375","35.269866943359375","1065","1065","1065"
"10669","54.39136505126953","54.39136505126953","54.39136505126953","1066","1066","1066"
"10709","120.95016479492188","120.95016479492188","120.95016479492188","1070","1070","1070"
"10739","34.873802185058594","34.873802185058594","34.873802185058594","1073","1073","1073"
"10749","110.3113784790039","110.3113784790039","110.3113784790039","1074","1074","1074"
"10789","64.73651123046875","64.73651123046875","64.73651123046875","1078","1078","1078"
"10819","83.39313507080078","83.39313507080078","83.39313507080078","1081","1081","1081"
"10849","61.012977600097656","61.012977600097656","61.012977600097656","1084","1084","1084"
"10879","57.188751220703125","57.188751220703125","57.188751220703125","1087","1087","1087"
"10909","61.889068603515625","61.889068603515625","61.889068603515625","1090","1090","1090"
"10969","33.360267639160156","33.360267639160156","33.360267639160156","1096","1096","1096"
"10979","35.49739074707031","35.49739074707031","35.49739074707031","1097","1097","1097"
"11039","51.309593200683594","51.309593200683594","51.309593200683594","1103","1103","1103"
"11059","61.27861022949219","61.27861022949219","61.27861022949219","1105","1105","1105"
"11079","70.94853210449219","70.94853210449219","70.94853210449219","1107","1107","1107"
"11129","55.89665222167969","55.89665222167969","55.89665222167969","1112","1112","1112"
"11139","82.760009765625","82.760009765625","82.760009765625","1113","1113","1113"
"11149","58.042442321777344","58.042442321777344","58.042442321777344","1114","1114","1114"
"11169","43.58109664916992","43.58109664916992","43.58109664916992","1116","1116","1116"
"11209","68.77095794677734","68.77095794677734","68.77095794677734","1120","1120","1120"
"11279","34.228271484375","34.228271484375","34.228271484375","1127","1127","1127"
"11289","45.68553161621094","45.68553161621094","45.68553161621094","1128","1128","1128"
"11299","37.983943939208984","37.983943939208984","37.983943939208984","1129","1129","1129"
"11309","74.91136169433594","74.91136169433594","74.91136169433594","1130","1130","1130"
"11319","50.917484283447266","50.917484283447266","50.917484283447266","1131","1131","1131"
"11329","155.81529235839844","155.81529235839844","155.81529235839844","1132","1132","1132"
"11359","80.87925720214844","80.87925720214844","80.87925720214844","1135","1135","1135"
"11369","67.5606460571289","67.5606460571289","67.5606460571289","1136","1136","1136"
"11379","61.35675811767578","61.35675811767578","61.35675811767578","1137","1137","1137"
"11409","36.386268615722656","36.386268615722656","36.386268615722656","1140","1140","1140"
"11429","33.58001708984375","33.58001708984375","33.58001708984375","1142","1142","1142"
"11449","57.60761642456055","57.60761642456055","57.60761642456055","1144","1144","1144"
"11539","58.503482818603516","58.503482818603516","58.503482818603516","1153","1153","1153"
"11559","35.06298828125","35.06298828125","35.06298828125","1155","1155","1155"
"11589","56.11897659301758","56.11897659301758","56.11897659301758","1158","1158","1158"
"11599","59.16745376586914","59.16745376586914","59.16745376586914","1159","1159","1159"
"11639","45.310768127441406","45.310768127441406","45.310768127441406","1163","1163","1163"
"11649","42.643585205078125","42.643585205078125","42.643585205078125","1164","1164","1164"
"11659","78.68281555175781","78.68281555175781","78.68281555175781","1165","1165","1165"
"11679","68.6220703125","68.6220703125","68.6220703125","1167","1167","1167"
"11739","70.10589599609375","70.10589599609375","70.10589599609375","1173","1173","1173"
"11829","132.2259521484375","132.2259521484375","132.2259521484375","1182","1182","1182"
"11869","84.30877685546875","84.30877685546875","84.30877685546875","1186","1186","1186"
"11919","78.68295288085938","78.68295288085938","78.68295288085938","1191","1191","1191"
"11939","57.17765426635742","57.17765426635742","57.17765426635742","1193","1193","1193"
"12009","73.38458251953125","73.38458251953125","73.38458251953125","1200","1200","1200"
"12029","72.02906799316406","72.02906799316406","72.02906799316406","1202","1202","1202"
"12049","41.28974151611328","41.28974151611328","41.28974151611328","1204","1204","1204"
"12119","98.78861236572266","98.78861236572266","98.78861236572266","1211","1211","1211"
"12129","55.4008674621582","55.4008674621582","55.4008674621582","1212","1212","1212"
"12169","34.5402946472168","34.5402946472168","34.5402946472168","1216","1216","1216"
"12189","118.42288208007812","118.42288208007812","118.42288208007812","1218","1218","1218"
"12199","35.08715057373047","35.08715057373047","35.08715057373047","1219","1219","1219"
"12229","56.0101432800293","56.0101432800293","56.0101432800293","1222","1222","1222"
"12249","52.91545486450195","52.91545486450195","52.91545486450195","1224","1224","1224"
"12259","59.781578063964844","59.781578063964844","59.781578063964844","1225","1225","1225"
"12289","117.59794616699219","117.59794616699219","117.59794616699219","1228","1228","1228"
"12299","54.42840576171875","54.42840576171875","54.42840576171875","1229","1229","1229"
"12309","57.818626403808594","57.818626403808594","57.818626403808594","1230","1230","1230"
"12319","42.8089714050293","42.8089714050293","42.8089714050293","1231","1231","1231"
"12329","37.82341766357422","37.82341766357422","37.82341766357422","1232","1232","1232"
"12339","77.1867904663086","77.1867904663086","77.1867904663086","1233","1233","1233"
"12349","60.445011138916016","60.445011138916016","60.445011138916016","1234","1234","1234"
"12359","316.1429138183594","316.1429138183594","316.1429138183594","1235","1235","1235"
"12369","99.91604614257812","99.91604614257812","99.91604614257812","1236","1236","1236"
"12389","88.71118927001953","88.71118927001953","88.71118927001953","1238","1238","1238"
"12469","106.09850311279297","106.09850311279297","106.09850311279297","1246","1246","1246"
"12479","34.372032165527344","34.372032165527344","34.372032165527344","1247","1247","1247"
"12519","96.62838745117188","96.62838745117188","96.62838745117188","1251","1251","1251"
"12529","81.13031768798828","81.13031768798828","81.13031768798828","1252","1252","1252"
"12559","45.59898376464844","45.59898376464844","45.59898376464844","1255","1255","1255"
"12589","49.63495635986328","49.63495635986328","49.63495635986328","1258","1258","1258"
"12599","65.10240173339844","65.10240173339844","65.10240173339844","1259","1259","1259"
"12619","43.410003662109375","43.410003662109375","43.410003662109375","1261","1261","1261"
"12629","36.91313171386719","36.91313171386719","36.91313171386719","1262","1262","1262"
"12659","66.85871887207031","66.85871887207031","66.85871887207031","1265","1265","1265"
"12689","317.9753112792969","317.9753112792969","317.9753112792969","1268","1268","1268"
"12699","49.72252655029297","49.72252655029297","49.72252655029297","1269","1269","1269"
"12719","69.6835708618164","69.6835708618164","69.6835708618164","1271","1271","1271"
"12739","60.19574737548828","60.19574737548828","60.19574737548828","1273","1273","1273"
"12789","51.90201950073242","51.90201950073242","51.90201950073242","1278","1278","1278"
"12799","102.23808288574219","102.23808288574219","102.23808288574219","1279","1279","1279"
"12809","38.348594665527344","38.348594665527344","38.348594665527344","1280","1280","1280"
"12839","31.87975311279297","31.87975311279297","31.87975311279297","1283","1283","1283"
"12859","172.15846252441406","172.15846252441406","172.15846252441406","1285","1285","1285"
"12869","58.06060028076172","58.06060028076172","58.06060028076172","1286","1286","1286"
"12879","85.76762390136719","85.76762390136719","85.76762390136719","1287","1287","1287"
"12889","113.71849060058594","113.71849060058594","113.71849060058594","1288","1288","1288"
"12919","78.39933776855469","78.39933776855469","78.39933776855469","1291","1291","1291"
"12949","47.5551643371582","47.5551643371582","47.5551643371582","1294","1294","1294"
"13019","98.39513397216797","98.39513397216797","98.39513397216797","1301","1301","1301"
"13049","129.62338256835938","129.62338256835938","129.62338256835938","1304","1304","1304"
"13109","52.763954162597656","52.763954162597656","52.763954162597656","1310","1310","1310"
"13119","94.42591857910156","94.42591857910156","94.42591857910156","1311","1311","1311"
"13129","64.09559631347656","64.09559631347656","64.09559631347656","1312","1312","1312"
"13139","43.76618194580078","43.76618194580078","43.76618194580078","1313","1313","1313"
"13159","108.26426696777344","108.26426696777344","108.26426696777344","1315","1315","1315"
"13209","109.797119140625","109.797119140625","109.797119140625","1320","1320","1320"
"13229","47.38075256347656","47.38075256347656","47.38075256347656","1322","1322","1322"
"13249","290.109619140625","290.109619140625","290.109619140625","1324","1324","1324"
"13259","47.90265655517578","47.90265655517578","47.90265655517578","1325","1325","1325"
"13269","60.814430236816406","60.814430236816406","60.814430236816406","1326","1326","1326"
"13279","34.82289505004883","34.82289505004883","34.82289505004883","1327","1327","1327"
"13309","45.3115234375","45.3115234375","45.3115234375","1330","1330","1330"
"13329","40.599159240722656","40.599159240722656","40.599159240722656","1332","1332","1332"
"13339","75.8935546875","75.8935546875","75.8935546875","1333","1333","1333"
"13429","41.52934265136719","41.52934265136719","41.52934265136719","1342","1342","1342"
"13439","33.695556640625","33.695556640625","33.695556640625","1343","1343","1343"
"13469","100.04898071289062","100.04898071289062","100.04898071289062","1346","1346","1346"
"13489","63.94964599609375","63.94964599609375","63.94964599609375","1348","1348","1348"
"13499","62.96796417236328","62.96796417236328","62.96796417236328","1349","1349","1349"
"13509","48.835906982421875","48.835906982421875","48.835906982421875","1350","1350","1350"
"13519","29.80778694152832","29.80778694152832","29.80778694152832","1351","1351","1351"
"13529","36.54483413696289","36.54483413696289","36.54483413696289","1352","1352","1352"
"13599","54.1515007019043","54.1515007019043","54.1515007019043","1359","1359","1359"
"13609","64.45056915283203","64.45056915283203","64.45056915283203","1360","1360","1360"
"13629","37.770545959472656","37.770545959472656","37.770545959472656","1362","1362","1362"
"13649","60.2127571105957","60.2127571105957","60.2127571105957","1364","1364","1364"
"13669","56.813072204589844","56.813072204589844","56.813072204589844","1366","1366","1366"
"13679","49.82085418701172","49.82085418701172","49.82085418701172","1367","1367","1367"
"13699","123.85499572753906","123.85499572753906","123.85499572753906","1369","1369","1369"
"13709","77.587890625","77.587890625","77.587890625","1370","1370","1370"
"13739","47.13795471191406","47.13795471191406","47.13795471191406","1373","1373","1373"
"13779","35.75703811645508","35.75703811645508","35.75703811645508","1377","1377","1377"
"13789","34.69860076904297","34.69860076904297","34.69860076904297","1378","1378","1378"
"13859","56.43917465209961","56.43917465209961","56.43917465209961","1385","1385","1385"
"13869","42.782630920410156","42.782630920410156","42.782630920410156","1386","1386","1386"
"13919","60.887508392333984","60.887508392333984","60.887508392333984","1391","1391","1391"
"13929","38.59553527832031","38.59553527832031","38.59553527832031","1392","1392","1392"
"13949","53.76451873779297","53.76451873779297","53.76451873779297","1394","1394","1394"
"13959","48.6186408996582","48.6186408996582","48.6186408996582","1395","1395","1395"
"13969","41.0254020690918","41.0254020690918","41.0254020690918","1396","1396","1396"
"13979","48.41712951660156","48.41712951660156","48.41712951660156","1397","1397","1397"
"13989","84.94186401367188","84.94186401367188","84.94186401367188","1398","1398","1398"
"14039","91.44058990478516","91.44058990478516","91.44058990478516","1403","1403","1403"
"14049","76.05668640136719","76.05668640136719","76.05668640136719","1404","1404","1404"
"14059","55.26416778564453","55.26416778564453","55.26416778564453","1405","1405","1405"
"14069","55.45220947265625","55.45220947265625","55.45220947265625","1406","1406","1406"
"14089","40.63828659057617","40.63828659057617","40.63828659057617","1408","1408","1408"
"14109","34.62572479248047","34.62572479248047","34.62572479248047","1410","1410","1410"
"14139","40.073726654052734","40.073726654052734","40.073726654052734","1413","1413","1413"
"14179","105.62351989746094","105.62351989746094","105.62351989746094","1417","1417","1417"
"14189","55.25237274169922","55.25237274169922","55.25237274169922","1418","1418","1418"
"14249","56.68658447265625","56.68658447265625","56.68658447265625","1424","1424","1424"
"14289","45.76227569580078","45.76227569580078","45.76227569580078","1428","1428","1428"
"14339","37.74781799316406","37.74781799316406","37.74781799316406","1433","1433","1433"
"14359","49.86183166503906","49.86183166503906","49.86183166503906","1435","1435","1435"
"14369","37.03495407104492","37.03495407104492","37.03495407104492","1436","1436","1436"
"14419","68.39942932128906","68.39942932128906","68.39942932128906","1441","1441","1441"
"14449","40.28355026245117","40.28355026245117","40.28355026245117","1444","1444","1444"
"14469","84.07853698730469","84.07853698730469","84.07853698730469","1446","1446","1446"
"14479","40.64614486694336","40.64614486694336","40.64614486694336","1447","1447","1447"
"14489","41.58444595336914","41.58444595336914","41.58444595336914","1448","1448","1448"
"14499","59.85820770263672","59.85820770263672","59.85820770263672","1449","1449","1449"
"14529","40.32646560668945","40.32646560668945","40.32646560668945","1452","1452","1452"
"14579","57.898868560791016","57.898868560791016","57.898868560791016","1457","1457","1457"
"14589","116.96742248535156","116.96742248535156","116.96742248535156","1458","1458","1458"
"14599","83.15803527832031","83.15803527832031","83.15803527832031","1459","1459","1459"
"14619","35.65275573730469","35.65275573730469","35.65275573730469","1461","1461","1461"
"14649","77.08563995361328","77.08563995361328","77.08563995361328","1464","1464","1464"
"14659","47.74113464355469","47.74113464355469","47.74113464355469","1465","1465","1465"
"14689","37.901546478271484","37.901546478271484","37.901546478271484","1468","1468","1468"
"14709","63.97637939453125","63.97637939453125","63.97637939453125","1470","1470","1470"
"14729","60.270050048828125","60.270050048828125","60.270050048828125","1472","1472","1472"
"14749","29.827503204345703","29.827503204345703","29.827503204345703","1474","1474","1474"
"14809","82.71879577636719","82.71879577636719","82.71879577636719","1480","1480","1480"
"14859","42.40550994873047","42.40550994873047","42.40550994873047","1485","1485","1485"
"14869","83.06782531738281","83.06782531738281","83.06782531738281","1486","1486","1486"
"14879","65.91465759277344","65.91465759277344","65.91465759277344","1487","1487","1487"
"14889","55.24765396118164","55.24765396118164","55.24765396118164","1488","1488","1488"
"14909","72.83793640136719","72.83793640136719","72.83793640136719","1490","1490","1490"
"14949","58.34528732299805","58.34528732299805","58.34528732299805","1494","1494","1494"
"15009","44.30120086669922","44.30120086669922","44.30120086669922","1500","1500","1500"
"15019","94.67800903320312","94.67800903320312","94.67800903320312","1501","1501","1501"
"15059","113.05773162841797","113.05773162841797","113.05773162841797","1505","1505","1505"
"15079","87.4226303100586","87.4226303100586","87.4226303100586","1507","1507","1507"
"15089","71.79155731201172","71.79155731201172","71.79155731201172","1508","1508","1508"
"15119","43.436561584472656","43.436561584472656","43.436561584472656","1511","1511","1511"
"15129","151.97547912597656","151.97547912597656","151.97547912597656","1512","1512","1512"
"15189","55.849403381347656","55.849403381347656","55.849403381347656","1518","1518","1518"
"15259","34.21821975708008","34.21821975708008","34.21821975708008","1525","1525","1525"
"15299","77.06938171386719","77.06938171386719","77.06938171386719","1529","1529","1529"
"15319","42.328914642333984","42.328914642333984","42.328914642333984","1531","1531","1531"
"15329","56.09383010864258","56.09383010864258","56.09383010864258","1532","1532","1532"
"15359","99.21299743652344","99.21299743652344","99.21299743652344","1535","1535","1535"
"15379","35.239097595214844","35.239097595214844","35.239097595214844","1537","1537","1537"
"15399","55.96827697753906","55.96827697753906","55.96827697753906","1539","1539","1539"
"15409","126.3848876953125","126.3848876953125","126.3848876953125","1540","1540","1540"
"15419","63.30643081665039","63.30643081665039","63.30643081665039","1541","1541","1541"
"15469","113.85195922851562","113.85195922851562","113.85195922851562","1546","1546","1546"
"15479","80.7752456665039","80.7752456665039","80.7752456665039","1547","1547","1547"
"15499","69.14356994628906","69.14356994628906","69.14356994628906","1549","1549","1549"
"15509","126.35163116455078","126.35163116455078","126.35163116455078","1550","1550","1550"
"15519","72.50074768066406","72.50074768066406","72.50074768066406","1551","1551","1551"
"15529","70.68161010742188","70.68161010742188","70.68161010742188","1552","1552","1552"
"15559","96.32066345214844","96.32066345214844","96.32066345214844","1555","1555","1555"
"15569","60.9185791015625","60.9185791015625","60.9185791015625","1556","1556","1556"
"15589","68.63069152832031","68.63069152832031","68.63069152832031","1558","1558","1558"
"15609","38.225242614746094","38.225242614746094","38.225242614746094","1560","1560","1560"
"15619","55.31689453125","55.31689453125","55.31689453125","1561","1561","1561"
"15689","42.67330551147461","42.67330551147461","42.67330551147461","1568","1568","1568"
"15699","53.719730377197266","53.719730377197266","53.719730377197266","1569","1569","1569"
"15729","133.68162536621094","133.68162536621094","133.68162536621094","1572","1572","1572"
"15749","36.87010192871094","36.87010192871094","36.87010192871094","1574","1574","1574"
"15759","52.315250396728516","52.315250396728516","52.315250396728516","1575","1575","1575"
"15769","72.72135925292969","72.72135925292969","72.72135925292969","1576","1576","1576"
"15779","45.482452392578125","45.482452392578125","45.482452392578125","1577","1577","1577"
"15859","33.553009033203125","33.553009033203125","33.553009033203125","1585","1585","1585"
"15889","82.8319091796875","82.8319091796875","82.8319091796875","1588","1588","1588"
"15899","37.42473602294922","37.42473602294922","37.42473602294922","1589","1589","1589"
"15929","54.441917419433594","54.441917419433594","54.441917419433594","1592","1592","1592"
"15969","29.79619598388672","29.79619598388672","29.79619598388672","1596","1596","1596"
"15989","78.59991455078125","78.59991455078125","78.59991455078125","1598","1598","1598"
"16009","38.50829315185547","38.50829315185547","38.50829315185547","1600","1600","1600"
"16039","48.49279022216797","48.49279022216797","48.49279022216797","1603","1603","1603"
"16049","95.09265899658203","95.09265899658203","95.09265899658203","1604","1604","1604"
"16079","41.638057708740234","41.638057708740234","41.638057708740234","1607","1607","1607"
"16089","61.79338073730469","61.79338073730469","61.79338073730469","1608","1608","1608"
"16109","197.72486877441406","197.72486877441406","197.72486877441406","1610","1610","1610"
"16139","77.35128021240234","77.35128021240234","77.35128021240234","1613","1613","1613"
"16159","45.52910614013672","45.52910614013672","45.52910614013672","1615","1615","1615"
"16169","52.912261962890625","52.912261962890625","52.912261962890625","1616","1616","1616"
"16179","43.13320541381836","43.13320541381836","43.13320541381836","1617","1617","1617"
"16189","97.93180847167969","97.93180847167969","97.93180847167969","1618","1618","1618"
"16209","59.525718688964844","59.525718688964844","59.525718688964844","1620","1620","1620"
"16229","89.01513671875","89.01513671875","89.01513671875","1622","1622","1622"
"16239","197.46746826171875","197.46746826171875","197.46746826171875","1623","1623","1623"
"16279","67.17073822021484","67.17073822021484","67.17073822021484","1627","1627","1627"
"16319","53.099693298339844","53.099693298339844","53.099693298339844","1631","1631","1631"
"16339","84.002197265625","84.002197265625","84.002197265625","1633","1633","1633"
"16359","39.028011322021484","39.028011322021484","39.028011322021484","1635","1635","1635"
"16369","60.65514373779297","60.65514373779297","60.65514373779297","1636","1636","1636"
"16379","32.581146240234375","32.581146240234375","32.581146240234375","1637","1637","1637"
"16419","71.84481811523438","71.84481811523438","71.84481811523438","1641","1641","1641"
"16429","42.01573944091797","42.01573944091797","42.01573944091797","1642","1642","1642"
"16439","48.47495651245117","48.47495651245117","48.47495651245117","1643","1643","1643"
"16449","35.56846237182617","35.56846237182617","35.56846237182617","1644","1644","1644"
"16469","50.56193161010742","50.56193161010742","50.56193161010742","1646","1646","1646"
"16479","53.796836853027344","53.796836853027344","53.796836853027344","1647","1647","1647"
"16489","30.991615295410156","30.991615295410156","30.991615295410156","1648","1648","1648"
"16509","76.67796325683594","76.67796325683594","76.67796325683594","1650","1650","1650"
"16529","51.12705993652344","51.12705993652344","51.12705993652344","1652","1652","1652"
"16579","40.639862060546875","40.639862060546875","40.639862060546875","1657","1657","1657"
"16589","52.12630844116211","52.12630844116211","52.12630844116211","1658","1658","1658"
"16659","38.826866149902344","38.826866149902344","38.826866149902344","1665","1665","1665"
"16709","34.96222686767578","34.96222686767578","34.96222686767578","1670","1670","1670"
"16729","89.7643814086914","89.7643814086914","89.7643814086914","1672","1672","1672"
"16739","69.09330749511719","69.09330749511719","69.09330749511719","1673","1673","1673"
"16759","50.2413215637207","50.2413215637207","50.2413215637207","1675","1675","1675"
"16779","50.995025634765625","50.995025634765625","50.995025634765625","1677","1677","1677"
"16799","47.752811431884766","47.752811431884766","47.752811431884766","1679","1679","1679"
"16829","56.39287567138672","56.39287567138672","56.39287567138672","1682","1682","1682"
"16849","59.35966110229492","59.35966110229492","59.35966110229492","1684","1684","1684"
"16869","47.70844268798828","47.70844268798828","47.70844268798828","1686","1686","1686"
"16909","181.28106689453125","181.28106689453125","181.28106689453125","1690","1690","1690"
"16919","52.244022369384766","52.244022369384766","52.244022369384766","1691","1691","1691"
"16929","127.38531494140625","127.38531494140625","127.38531494140625","1692","1692","1692"
"16989","97.76097106933594","97.76097106933594","97.76097106933594","1698","1698","1698"
"17009","58.425865173339844","58.425865173339844","58.425865173339844","1700","1700","1700"
"17029","43.11381149291992","43.11381149291992","43.11381149291992","1702","1702","1702"
"17039","45.715267181396484","45.715267181396484","45.715267181396484","1703","1703","1703"
"17059","83.29318237304688","83.29318237304688","83.29318237304688","1705","1705","1705"
"17079","86.50150299072266","86.50150299072266","86.50150299072266","1707","1707","1707"
"17099","36.03883361816406","36.03883361816406","36.03883361816406","1709","1709","1709"
"17119","45.24728775024414","45.24728775024414","45.24728775024414","1711","1711","1711"
"17129","37.678749084472656","37.678749084472656","37.678749084472656","1712","1712","1712"
"17139","56.37082290649414","56.37082290649414","56.37082290649414","1713","1713","1713"
"17149","87.0447769165039","87.0447769165039","87.0447769165039","1714","1714","1714"
"17169","47.63317108154297","47.63317108154297","47.63317108154297","1716","1716","1716"
"17189","84.49252319335938","84.49252319335938","84.49252319335938","1718","1718","1718"
"17209","59.664894104003906","59.664894104003906","59.664894104003906","1720","1720","1720"
"17229","53.673980712890625","53.673980712890625","53.673980712890625","1722","1722","1722"
"17249","31.322677612304688","31.322677612304688","31.322677612304688","1724","1724","1724"
"17259","49.29063415527344","49.29063415527344","49.29063415527344","1725","1725","1725"
"17269","67.3621826171875","67.3621826171875","67.3621826171875","1726","1726","1726"
"17279","38.487510681152344","38.487510681152344","38.487510681152344","1727","1727","1727"
"17309","45.970855712890625","45.970855712890625","45.970855712890625","1730","1730","1730"
"17329","32.9914436340332","32.9914436340332","32.9914436340332","1732","1732","1732"
"17349","55.438087463378906","55.438087463378906","55.438087463378906","1734","1734","1734"
"17379","31.85653305053711","31.85653305053711","31.85653305053711","1737","1737","1737"
"17389","80.62033081054688","80.62033081054688","80.62033081054688","1738","1738","1738"
"17419","42.21220397949219","42.21220397949219","42.21220397949219","1741","1741","1741"
"17529","38.43302917480469","38.43302917480469","38.43302917480469","1752","1752","1752"
"17539","32.037681579589844","32.037681579589844","32.037681579589844","1753","1753","1753"
"17549","53.18376541137695","53.18376541137695","53.18376541137695","1754","1754","1754"
"17609","66.08914947509766","66.08914947509766","66.08914947509766","1760","1760","1760"
"17619","45.70889663696289","45.70889663696289","45.70889663696289","1761","1761","1761"
"17629","34.588653564453125","34.588653564453125","34.588653564453125","1762","1762","1762"
"17639","55.22236251831055","55.22236251831055","55.22236251831055","1763","1763","1763"
"17689","94.13689422607422","94.13689422607422","94.13689422607422","1768","1768","1768"
"17699","37.881561279296875","37.881561279296875","37.881561279296875","1769","1769","1769"
"17709","46.511741638183594","46.511741638183594","46.511741638183594","1770","1770","1770"
"17739","57.980438232421875","57.980438232421875","57.980438232421875","1773","1773","1773"
"17799","66.38499450683594","66.38499450683594","66.38499450683594","1779","1779","1779"
"17809","62.839508056640625","62.839508056640625","62.839508056640625","1780","1780","1780"
"17819","57.624488830566406","57.624488830566406","57.624488830566406","1781","1781","1781"
"17829","34.37667465209961","34.37667465209961","34.37667465209961","1782","1782","1782"
"17839","91.70906066894531","91.70906066894531","91.70906066894531","1783","1783","1783"
"17859","52.264244079589844","52.264244079589844","52.264244079589844","1785","1785","1785"
"17889","32.896663665771484","32.896663665771484","32.896663665771484","1788","1788","1788"
"17909","46.206947326660156","46.206947326660156","46.206947326660156","1790","1790","1790"
"17919","52.58224868774414","52.58224868774414","52.58224868774414","1791","1791","1791"
"17929","73.42575073242188","73.42575073242188","73.42575073242188","1792","1792","1792"
"17939","36.75398635864258","36.75398635864258","36.75398635864258","1793","1793","1793"
"17949","45.025535583496094","45.025535583496094","45.025535583496094","1794","1794","1794"
"17969","58.869224548339844","58.869224548339844","58.869224548339844","1796","1796","1796"
"17989","55.53619384765625","55.53619384765625","55.53619384765625","1798","1798","1798"
"18009","125.455322265625","125.455322265625","125.455322265625","1800","1800","1800"
"18019","53.601318359375","53.601318359375","53.601318359375","1801","1801","1801"
"18029","31.473983764648438","31.473983764648438","31.473983764648438","1802","1802","1802"
"18039","59.136505126953125","59.136505126953125","59.136505126953125","1803","1803","1803"
"18069","33.125614166259766","33.125614166259766","33.125614166259766","1806","1806","1806"
"18089","35.36628723144531","35.36628723144531","35.36628723144531","1808","1808","1808"
"18099","64.79237365722656","64.79237365722656","64.79237365722656","1809","1809","1809"
"18109","45.828216552734375","45.828216552734375","45.828216552734375","1810","1810","1810"
"18129","36.3714714050293","36.3714714050293","36.3714714050293","1812","1812","1812"
"18139","71.29803466796875","71.29803466796875","71.29803466796875","1813","1813","1813"
"18149","32.22698974609375","32.22698974609375","32.22698974609375","1814","1814","1814"
"18199","118.1220703125","118.1220703125","118.1220703125","1819","1819","1819"
"18209","73.03893280029297","73.03893280029297","73.03893280029297","1820","1820","1820"
"18219","48.6175422668457","48.6175422668457","48.6175422668457","1821","1821","1821"
"18229","36.655757904052734","36.655757904052734","36.655757904052734","1822","1822","1822"
"18239","68.3796157836914","68.3796157836914","68.3796157836914","1823","1823","1823"
"18289","36.02973175048828","36.02973175048828","36.02973175048828","1828","1828","1828"
"18309","34.67215347290039","34.67215347290039","34.67215347290039","1830","1830","1830"
"18329","51.14728546142578","51.14728546142578","51.14728546142578","1832","1832","1832"
"18339","48.580997467041016","48.580997467041016","48.580997467041016","1833","1833","1833"
"18349","62.275875091552734","62.275875091552734","62.275875091552734","1834","1834","1834"
"18369","57.23158645629883","57.23158645629883","57.23158645629883","1836","1836","1836"
"18409","32.97467041015625","32.97467041015625","32.97467041015625","1840","1840","1840"
"18439","86.52001953125","86.52001953125","86.52001953125","1843","1843","1843"
"18459","32.518524169921875","32.518524169921875","32.518524169921875","1845","1845","1845"
"18469","45.18907928466797","45.18907928466797","45.18907928466797","1846","1846","1846"
"18569","44.437042236328125","44.437042236328125","44.437042236328125","1856","1856","1856"
"18599","69.60092163085938","69.60092163085938","69.60092163085938","1859","1859","1859"
"18619","45.96074295043945","45.96074295043945","45.96074295043945","1861","1861","1861"
"18629","54.972923278808594","54.972923278808594","54.972923278808594","1862","1862","1862"
"18679","63.3614387512207","63.3614387512207","63.3614387512207","1867","1867","1867"
"18699","90.17109680175781","90.17109680175781","90.17109680175781","1869","1869","1869"
"18749","62.18901824951172","62.18901824951172","62.18901824951172","1874","1874","1874"
"18759","68.54080200195312","68.54080200195312","68.54080200195312","1875","1875","1875"
"18779","76.80701446533203","76.80701446533203","76.80701446533203","1877","1877","1877"
"18789","105.58148956298828","105.58148956298828","105.58148956298828","1878","1878","1878"
"18829","150.8446807861328","150.8446807861328","150.8446807861328","1882","1882","1882"
"18839","85.3436508178711","85.3436508178711","85.3436508178711","1883","1883","1883"
"18889","44.57179260253906","44.57179260253906","44.57179260253906","1888","1888","1888"
"18899","44.92735290527344","44.92735290527344","44.92735290527344","1889","1889","1889"
"18939","66.75199890136719","66.75199890136719","66.75199890136719","1893","1893","1893"
"18979","84.14207458496094","84.14207458496094","84.14207458496094","1897","1897","1897"
"19039","64.23062133789062","64.23062133789062","64.23062133789062","1903","1903","1903"
"19109","44.38340377807617","44.38340377807617","44.38340377807617","1910","1910","1910"
"19259","72.83025360107422","72.83025360107422","72.83025360107422","1925","1925","1925"
"19279","35.352630615234375","35.352630615234375","35.352630615234375","1927","1927","1927"
"19289","55.52555847167969","55.52555847167969","55.52555847167969","1928","1928","1928"
"19299","68.27389526367188","68.27389526367188","68.27389526367188","1929","1929","1929"
"19339","71.730224609375","71.730224609375","71.730224609375","1933","1933","1933"
"19399","43.07548904418945","43.07548904418945","43.07548904418945","1939","1939","1939"
"19419","37.97724914550781","37.97724914550781","37.97724914550781","1941","1941","1941"
"19449","43.092742919921875","43.092742919921875","43.092742919921875","1944","1944","1944"
"19459","52.83554458618164","52.83554458618164","52.83554458618164","1945","1945","1945"
"19489","46.401390075683594","46.401390075683594","46.401390075683594","1948","1948","1948"
"19519","75.21780395507812","75.21780395507812","75.21780395507812","1951","1951","1951"
"19549","63.854209899902344","63.854209899902344","63.854209899902344","1954","1954","1954"
"19569","58.51739501953125","58.51739501953125","58.51739501953125","1956","1956","1956"
"19599","89.52738189697266","89.52738189697266","89.52738189697266","1959","1959","1959"
"19609","33.05030059814453","33.05030059814453","33.05030059814453","1960","1960","1960"
"19669","49.906959533691406","49.906959533691406","49.906959533691406","1966","1966","1966"
"19729","90.04139709472656","90.04139709472656","90.04139709472656","1972","1972","1972"
"19759","41.14787673950195","41.14787673950195","41.14787673950195","1975","1975","1975"
"19779","39.73970031738281","39.73970031738281","39.73970031738281","1977","1977","1977"
"19799","41.422874450683594","41.422874450683594","41.422874450683594","1979","1979","1979"
"19829","48.298675537109375","48.298675537109375","48.298675537109375","1982","1982","1982"
"19839","33.145751953125","33.145751953125","33.145751953125","1983","1983","1983"
"19859","31.15509796142578","31.15509796142578","31.15509796142578","1985","1985","1985"
"19919","44.96520233154297","44.96520233154297","44.96520233154297","1991","1991","1991"
"19949","42.295387268066406","42.295387268066406","42.295387268066406","1994","1994","1994"
"19979","79.22114562988281","79.22114562988281","79.22114562988281","1997","1997","1997"
"19999","71.8796615600586","71.8796615600586","71.8796615600586","1999","1999","1999"
"20009","42.68003463745117","42.68003463745117","42.68003463745117","2000","2000","2000"
"20029","48.9528923034668","48.9528923034668","48.9528923034668","2002","2002","2002"
"20059","54.734886169433594","54.734886169433594","54.734886169433594","2005","2005","2005"
"20069","29.935901641845703","29.935901641845703","29.935901641845703","2006","2006","2006"
"20089","52.3565673828125","52.3565673828125","52.3565673828125","2008","2008","2008"
"20109","109.50841522216797","109.50841522216797","109.50841522216797","2010","2010","2010"
"20119","45.90069580078125","45.90069580078125","45.90069580078125","2011","2011","2011"
"20129","51.90293884277344","51.90293884277344","51.90293884277344","2012","2012","2012"
"20149","42.16864013671875","42.16864013671875","42.16864013671875","2014","2014","2014"
"20169","54.74324417114258","54.74324417114258","54.74324417114258","2016","2016","2016"
"20249","53.19711685180664","53.19711685180664","53.19711685180664","2024","2024","2024"
"20259","84.47708129882812","84.47708129882812","84.47708129882812","2025","2025","2025"
"20269","48.29564666748047","48.29564666748047","48.29564666748047","2026","2026","2026"
"20289","42.091026306152344","42.091026306152344","42.091026306152344","2028","2028","2028"
"20309","46.0944938659668","46.0944938659668","46.0944938659668","2030","2030","2030"
"20339","51.28770446777344","51.28770446777344","51.28770446777344","2033","2033","2033"
"20349","65.81672668457031","65.81672668457031","65.81672668457031","2034","2034","2034"
"20379","37.63886642456055","37.63886642456055","37.63886642456055","2037","2037","2037"
"20399","46.44327163696289","46.44327163696289","46.44327163696289","2039","2039","2039"
"20419","97.4012222290039","97.4012222290039","97.4012222290039","2041","2041","2041"
"20429","88.7474365234375","88.7474365234375","88.7474365234375","2042","2042","2042"
"20469","44.558265686035156","44.558265686035156","44.558265686035156","2046","2046","2046"
"20479","57.15480041503906","57.15480041503906","57.15480041503906","2047","2047","2047"
"20489","32.785003662109375","32.785003662109375","32.785003662109375","2048","2048","2048"
"20499","64.66883087158203","64.66883087158203","64.66883087158203","2049","2049","2049"
"20559","43.46916198730469","43.46916198730469","43.46916198730469","2055","2055","2055"
"20679","53.24951934814453","53.24951934814453","53.24951934814453","2067","2067","2067"
"20689","68.29945373535156","68.29945373535156","68.29945373535156","2068","2068","2068"
"20709","45.648643493652344","45.648643493652344","45.648643493652344","2070","2070","2070"
"20739","38.93955993652344","38.93955993652344","38.93955993652344","2073","2073","2073"
"20769","82.36105346679688","82.36105346679688","82.36105346679688","2076","2076","2076"
"20779","70.31657409667969","70.31657409667969","70.31657409667969","2077","2077","2077"
"20809","198.872802734375","198.872802734375","198.872802734375","2080","2080","2080"
"20829","46.48600769042969","46.48600769042969","46.48600769042969","2082","2082","2082"
"20859","61.288490295410156","61.288490295410156","61.288490295410156","2085","2085","2085"
"20889","42.23103332519531","42.23103332519531","42.23103332519531","2088","2088","2088"
"20899","67.76900482177734","67.76900482177734","67.76900482177734","2089","2089","2089"
"20909","47.68996047973633","47.68996047973633","47.68996047973633","2090","2090","2090"
"20929","54.46168899536133","54.46168899536133","54.46168899536133","2092","2092","2092"
"20939","40.250701904296875","40.250701904296875","40.250701904296875","2093","2093","2093"
"20969","78.85811614990234","78.85811614990234","78.85811614990234","2096","2096","2096"
"20989","61.66995620727539","61.66995620727539","61.66995620727539","2098","2098","2098"
"21019","63.221923828125","63.221923828125","63.221923828125","2101","2101","2101"
"21029","63.414737701416016","63.414737701416016","63.414737701416016","2102","2102","2102"
"21049","50.857269287109375","50.857269287109375","50.857269287109375","2104","2104","2104"
"21059","64.3277359008789","64.3277359008789","64.3277359008789","2105","2105","2105"
"21109","27.74410057067871","27.74410057067871","27.74410057067871","2110","2110","2110"
"21119","42.821807861328125","42.821807861328125","42.821807861328125","2111","2111","2111"
"21129","30.881511688232422","30.881511688232422","30.881511688232422","2112","2112","2112"
"21179","44.630584716796875","44.630584716796875","44.630584716796875","2117","2117","2117"
"21209","42.141361236572266","42.141361236572266","42.141361236572266","2120","2120","2120"
"21219","31.00595474243164","31.00595474243164","31.00595474243164","2121","2121","2121"
"21249","31.993059158325195","31.993059158325195","31.993059158325195","2124","2124","2124"
"21309","31.091949462890625","31.091949462890625","31.091949462890625","2130","2130","2130"
"21319","34.26219940185547","34.26219940185547","34.26219940185547","2131","2131","2131"
"21339","47.08396530151367","47.08396530151367","47.08396530151367","2133","2133","2133"
"21349","40.31563186645508","40.31563186645508","40.31563186645508","2134","2134","2134"
"21359","41.221866607666016","41.221866607666016","41.221866607666016","2135","2135","2135"
"21369","111.01925659179688","111.01925659179688","111.01925659179688","2136","2136","2136"
"21379","55.836463928222656","55.836463928222656","55.836463928222656","2137","2137","2137"
"21389","70.79092407226562","70.79092407226562","70.79092407226562","2138","2138","2138"
"21419","30.692089080810547","30.692089080810547","30.692089080810547","2141","2141","2141"
"21439","62.62871551513672","62.62871551513672","62.62871551513672","2143","2143","2143"
"21449","75.67984008789062","75.67984008789062","75.67984008789062","2144","2144","2144"
"21469","41.39013671875","41.39013671875","41.39013671875","2146","2146","2146"
"21509","34.96240234375","34.96240234375","34.96240234375","2150","2150","2150"
"21529","48.96065139770508","48.96065139770508","48.96065139770508","2152","2152","2152"
"21539","42.05388641357422","42.05388641357422","42.05388641357422","2153","2153","2153"
"21569","46.8447265625","46.8447265625","46.8447265625","2156","2156","2156"
"21589","63.264102935791016","63.264102935791016","63.264102935791016","2158","2158","2158"
"21599","56.21674728393555","56.21674728393555","56.21674728393555","2159","2159","2159"
"21629","103.41031646728516","103.41031646728516","103.41031646728516","2162","2162","2162"
"21649","71.39773559570312","71.39773559570312","71.39773559570312","2164","2164","2164"
"21659","40.92925262451172","40.92925262451172","40.92925262451172","2165","2165","2165"
"21669","52.26779556274414","52.26779556274414","52.26779556274414","2166","2166","2166"
"21719","70.7235336303711","70.7235336303711","70.7235336303711","2171","2171","2171"
"21739","77.48867797851562","77.48867797851562","77.48867797851562","2173","2173","2173"
"21789","31.404541015625","31.404541015625","31.404541015625","2178","2178","2178"
"21809","43.638206481933594","43.638206481933594","43.638206481933594","2180","2180","2180"
"21829","108.9417724609375","108.9417724609375","108.9417724609375","2182","2182","2182"
"21849","41.944053649902344","41.944053649902344","41.944053649902344","2184","2184","2184"
"21859","46.85991668701172","46.85991668701172","46.85991668701172","2185","2185","2185"
"21879","70.9454574584961","70.9454574584961","70.9454574584961","2187","2187","2187"
"21889","47.92290496826172","47.92290496826172","47.92290496826172","2188","2188","2188"
"21899","61.38742446899414","61.38742446899414","61.38742446899414","2189","2189","2189"
"21929","47.337642669677734","47.337642669677734","47.337642669677734","2192","2192","2192"
"21939","36.227317810058594","36.227317810058594","36.227317810058594","2193","2193","2193"
"21949","30.146724700927734","30.146724700927734","30.146724700927734","2194","2194","2194"
"21979","51.41790008544922","51.41790008544922","51.41790008544922","2197","2197","2197"
"21989","53.455265045166016","53.455265045166016","53.455265045166016","2198","2198","2198"
"21999","61.118385314941406","61.118385314941406","61.118385314941406","2199","2199","2199"
"22009","30.39191246032715","30.39191246032715","30.39191246032715","2200","2200","2200"
"22019","40.88841247558594","40.88841247558594","40.88841247558594","2201","2201","2201"
"22039","52.93695068359375","52.93695068359375","52.93695068359375","2203","2203","2203"
"22079","78.50020599365234","78.50020599365234","78.50020599365234","2207","2207","2207"
"22089","77.64236450195312","77.64236450195312","77.64236450195312","2208","2208","2208"
"22099","49.78228759765625","49.78228759765625","49.78228759765625","2209","2209","2209"
"22129","66.19318389892578","66.19318389892578","66.19318389892578","2212","2212","2212"
"22139","33.42949295043945","33.42949295043945","33.42949295043945","2213","2213","2213"
"22199","50.665870666503906","50.665870666503906","50.665870666503906","2219","2219","2219"
"22329","67.00385284423828","67.00385284423828","67.00385284423828","2232","2232","2232"
"22339","59.09977340698242","59.09977340698242","59.09977340698242","2233","2233","2233"
"22479","61.910335540771484","61.910335540771484","61.910335540771484","2247","2247","2247"
"22489","66.85110473632812","66.85110473632812","66.85110473632812","2248","2248","2248"
"22499","85.70091247558594","85.70091247558594","85.70091247558594","2249","2249","2249"
"22529","76.4793930053711","76.4793930053711","76.4793930053711","2252","2252","2252"
"22579","62.36019515991211","62.36019515991211","62.36019515991211","2257","2257","2257"
"22589","39.922218322753906","39.922218322753906","39.922218322753906","2258","2258","2258"
"22609","79.30044555664062","79.30044555664062","79.30044555664062","2260","2260","2260"
"22639","95.99967193603516","95.99967193603516","95.99967193603516","2263","2263","2263"
"22649","38.837791442871094","38.837791442871094","38.837791442871094","2264","2264","2264"
"22659","56.12470245361328","56.12470245361328","56.12470245361328","2265","2265","2265"
"22699","53.23524856567383","53.23524856567383","53.23524856567383","2269","2269","2269"
"22719","37.57425308227539","37.57425308227539","37.57425308227539","2271","2271","2271"
"22729","43.55119705200195","43.55119705200195","43.55119705200195","2272","2272","2272"
"22739","42.354148864746094","42.354148864746094","42.354148864746094","2273","2273","2273"
"22759","49.10443878173828","49.10443878173828","49.10443878173828","2275","2275","2275"
"22769","60.41463088989258","60.41463088989258","60.41463088989258","2276","2276","2276"
"22809","50.63093566894531","50.63093566894531","50.63093566894531","2280","2280","2280"
"22829","84.06044006347656","84.06044006347656","84.06044006347656","2282","2282","2282"
"22839","41.7225341796875","41.7225341796875","41.7225341796875","2283","2283","2283"
"22849","58.99817657470703","58.99817657470703","58.99817657470703","2284","2284","2284"
"22889","38.02243423461914","38.02243423461914","38.02243423461914","2288","2288","2288"
"22899","33.14389419555664","33.14389419555664","33.14389419555664","2289","2289","2289"
"22929","61.25060272216797","61.25060272216797","61.25060272216797","2292","2292","2292"
"22959","37.72968292236328","37.72968292236328","37.72968292236328","2295","2295","2295"
"22969","107.53251647949219","107.53251647949219","107.53251647949219","2296","2296","2296"
"23029","48.175437927246094","48.175437927246094","48.175437927246094","2302","2302","2302"
"23209","62.03596496582031","62.03596496582031","62.03596496582031","2320","2320","2320"
"23219","36.05868911743164","36.05868911743164","36.05868911743164","2321","2321","2321"
"23259","43.07434844970703","43.07434844970703","43.07434844970703","2325","2325","2325"
"23289","85.86554718017578","85.86554718017578","85.86554718017578","2328","2328","2328"
"23349","64.7113037109375","64.7113037109375","64.7113037109375","2334","2334","2334"
"23369","53.13404083251953","53.13404083251953","53.13404083251953","2336","2336","2336"
"23389","66.55364227294922","66.55364227294922","66.55364227294922","2338","2338","2338"
"23409","83.92643737792969","83.92643737792969","83.92643737792969","2340","2340","2340"
"23439","31.264781951904297","31.264781951904297","31.264781951904297","2343","2343","2343"
"23469","39.55752182006836","39.55752182006836","39.55752182006836","2346","2346","2346"
"23489","38.85524368286133","38.85524368286133","38.85524368286133","2348","2348","2348"
"23499","54.24095153808594","54.24095153808594","54.24095153808594","2349","2349","2349"
"23529","38.17987823486328","38.17987823486328","38.17987823486328","2352","2352","2352"
"23549","73.72174072265625","73.72174072265625","73.72174072265625","2354","2354","2354"
"23569","41.4090690612793","41.4090690612793","41.4090690612793","2356","2356","2356"
"23579","35.42030334472656","35.42030334472656","35.42030334472656","2357","2357","2357"
"23599","78.06732177734375","78.06732177734375","78.06732177734375","2359","2359","2359"
"23639","34.850948333740234","34.850948333740234","34.850948333740234","2363","2363","2363"
"23719","75.02544403076172","75.02544403076172","75.02544403076172","2371","2371","2371"
"23739","37.24809265136719","37.24809265136719","37.24809265136719","2373","2373","2373"
"23749","31.751930236816406","31.751930236816406","31.751930236816406","2374","2374","2374"
"23759","39.872779846191406","39.872779846191406","39.872779846191406","2375","2375","2375"
"23779","32.641963958740234","32.641963958740234","32.641963958740234","2377","2377","2377"
"23789","34.895179748535156","34.895179748535156","34.895179748535156","2378","2378","2378"
"23809","49.98460006713867","49.98460006713867","49.98460006713867","2380","2380","2380"
"23829","38.171207427978516","38.171207427978516","38.171207427978516","2382","2382","2382"
"23839","69.11138916015625","69.11138916015625","69.11138916015625","2383","2383","2383"
"23849","44.85647201538086","44.85647201538086","44.85647201538086","2384","2384","2384"
"23879","38.078277587890625","38.078277587890625","38.078277587890625","2387","2387","2387"
"23889","30.29597282409668","30.29597282409668","30.29597282409668","2388","2388","2388"
"23909","116.42279815673828","116.42279815673828","116.42279815673828","2390","2390","2390"
"23939","91.6521987915039","91.6521987915039","91.6521987915039","2393","2393","2393"
"23949","49.75746154785156","49.75746154785156","49.75746154785156","2394","2394","2394"
"23959","65.88055419921875","65.88055419921875","65.88055419921875","2395","2395","2395"
"23969","44.673194885253906","44.673194885253906","44.673194885253906","2396","2396","2396"
"23989","50.08382797241211","50.08382797241211","50.08382797241211","2398","2398","2398"
"24009","74.0239028930664","74.0239028930664","74.0239028930664","2400","2400","2400"
"24049","43.04885482788086","43.04885482788086","43.04885482788086","2404","2404","2404"
"24059","54.74547576904297","54.74547576904297","54.74547576904297","2405","2405","2405"
"24069","37.21209716796875","37.21209716796875","37.21209716796875","2406","2406","2406"
"24109","80.1432113647461","80.1432113647461","80.1432113647461","2410","2410","2410"
"24159","45.92763137817383","45.92763137817383","45.92763137817383","2415","2415","2415"
"24179","52.94801330566406","52.94801330566406","52.94801330566406","2417","2417","2417"
"24199","58.42616271972656","58.42616271972656","58.42616271972656","2419","2419","2419"
"24209","36.07929611206055","36.07929611206055","36.07929611206055","2420","2420","2420"
"24219","31.082834243774414","31.082834243774414","31.082834243774414","2421","2421","2421"
"24229","34.00703811645508","34.00703811645508","34.00703811645508","2422","2422","2422"
"24249","62.8510856628418","62.8510856628418","62.8510856628418","2424","2424","2424"
"24259","111.87187194824219","111.87187194824219","111.87187194824219","2425","2425","2425"
"24279","32.762943267822266","32.762943267822266","32.762943267822266","2427","2427","2427"
"24289","37.137359619140625","37.137359619140625","37.137359619140625","2428","2428","2428"
"24299","78.08069610595703","78.08069610595703","78.08069610595703","2429","2429","2429"
"24319","66.06607818603516","66.06607818603516","66.06607818603516","2431","2431","2431"
"24429","32.45331573486328","32.45331573486328","32.45331573486328","2442","2442","2442"
"24489","43.744075775146484","43.744075775146484","43.744075775146484","2448","2448","2448"
"24529","31.66318130493164","31.66318130493164","31.66318130493164","2452","2452","2452"
"24539","91.89498901367188","91.89498901367188","91.89498901367188","2453","2453","2453"
"24549","74.79771423339844","74.79771423339844","74.79771423339844","2454","2454","2454"
"24579","54.95155334472656","54.95155334472656","54.95155334472656","2457","2457","2457"
"24599","35.912445068359375","35.912445068359375","35.912445068359375","2459","2459","2459"
"24609","77.08921813964844","77.08921813964844","77.08921813964844","2460","2460","2460"
"24669","55.758758544921875","55.758758544921875","55.758758544921875","2466","2466","2466"
"24699","30.535947799682617","30.535947799682617","30.535947799682617","2469","2469","2469"
"24729","53.167869567871094","53.167869567871094","53.167869567871094","2472","2472","2472"
"24739","64.94863891601562","64.94863891601562","64.94863891601562","2473","2473","2473"
"24779","39.111351013183594","39.111351013183594","39.111351013183594","2477","2477","2477"
"24809","37.709556579589844","37.709556579589844","37.709556579589844","2480","2480","2480"
"24819","52.55900955200195","52.55900955200195","52.55900955200195","2481","2481","2481"
"24859","45.076202392578125","45.076202392578125","45.076202392578125","2485","2485","2485"
"24879","43.2086296081543","43.2086296081543","43.2086296081543","2487","2487","2487"
"24889","46.276451110839844","46.276451110839844","46.276451110839844","2488","2488","2488"
"24919","41.64225769042969","41.64225769042969","41.64225769042969","2491","2491","2491"
"24939","48.91665267944336","48.91665267944336","48.91665267944336","2493","2493","2493"
"25009","28.936279296875","28.936279296875","28.936279296875","2500","2500","2500"
"25019","84.48823547363281","84.48823547363281","84.48823547363281","2501","2501","2501"
"25059","37.88861083984375","37.88861083984375","37.88861083984375","2505","2505","2505"
"25109","38.83121109008789","38.83121109008789","38.83121109008789","2510","2510","2510"
"25119","55.6931266784668","55.6931266784668","55.6931266784668","2511","2511","2511"
"25189","37.934722900390625","37.934722900390625","37.934722900390625","2518","2518","2518"
"25209","26.76068687438965","26.76068687438965","26.76068687438965","2520","2520","2520"
"25219","36.88018035888672","36.88018035888672","36.88018035888672","2521","2521","2521"
"25229","29.622013092041016","29.622013092041016","29.622013092041016","2522","2522","2522"
"25269","41.720680236816406","41.720680236816406","41.720680236816406","2526","2526","2526"
"25279","35.78799057006836","35.78799057006836","35.78799057006836","2527","2527","2527"
"25299","71.286376953125","71.286376953125","71.286376953125","2529","2529","2529"
"25319","71.1596908569336","71.1596908569336","71.1596908569336","2531","2531","2531"
"25339","43.54951477050781","43.54951477050781","43.54951477050781","2533","2533","2533"
"25349","40.083744049072266","40.083744049072266","40.083744049072266","2534","2534","2534"
"25379","167.02513122558594","167.02513122558594","167.02513122558594","2537","2537","2537"
"25399","67.19369506835938","67.19369506835938","67.19369506835938","2539","2539","2539"
"25409","44.907222747802734","44.907222747802734","44.907222747802734","2540","2540","2540"
"25419","31.18360137939453","31.18360137939453","31.18360137939453","2541","2541","2541"
"25429","61.92858123779297","61.92858123779297","61.92858123779297","2542","2542","2542"
"25449","58.33046340942383","58.33046340942383","58.33046340942383","2544","2544","2544"
"25489","40.20719909667969","40.20719909667969","40.20719909667969","2548","2548","2548"
"25499","64.86454010009766","64.86454010009766","64.86454010009766","2549","2549","2549"
"25519","38.47901153564453","38.47901153564453","38.47901153564453","2551","2551","2551"
"25559","55.46507263183594","55.46507263183594","55.46507263183594","2555","2555","2555"
"25569","43.36473083496094","43.36473083496094","43.36473083496094","2556","2556","2556"
"25579","34.039371490478516","34.039371490478516","34.039371490478516","2557","2557","2557"
"25609","41.63710021972656","41.63710021972656","41.63710021972656","2560","2560","2560"
"25619","84.33456420898438","84.33456420898438","84.33456420898438","2561","2561","2561"
"25629","59.54765319824219","59.54765319824219","59.54765319824219","2562","2562","2562"
"25639","50.70794677734375","50.70794677734375","50.70794677734375","2563","2563","2563"
"25659","47.486167907714844","47.486167907714844","47.486167907714844","2565","2565","2565"
"25689","44.006805419921875","44.006805419921875","44.006805419921875","2568","2568","2568"
"25729","69.1445083618164","69.1445083618164","69.1445083618164","2572","2572","2572"
"25739","46.878536224365234","46.878536224365234","46.878536224365234","2573","2573","2573"
"25769","32.15247344970703","32.15247344970703","32.15247344970703","2576","2576","2576"
"25789","103.0162582397461","103.0162582397461","103.0162582397461","2578","2578","2578"
"25809","28.053712844848633","28.053712844848633","28.053712844848633","2580","2580","2580"
"25819","73.54452514648438","73.54452514648438","73.54452514648438","2581","2581","2581"
"25829","49.02699661254883","49.02699661254883","49.02699661254883","2582","2582","2582"
"25839","72.5460433959961","72.5460433959961","72.5460433959961","2583","2583","2583"
"25849","41.25048828125","41.25048828125","41.25048828125","2584","2584","2584"
"25859","41.90486526489258","41.90486526489258","41.90486526489258","2585","2585","2585"
"25869","133.22528076171875","133.22528076171875","133.22528076171875","2586","2586","2586"
"25879","44.05017852783203","44.05017852783203","44.05017852783203","2587","2587","2587"
"25909","44.55949783325195","44.55949783325195","44.55949783325195","2590","2590","2590"
"25929","64.28243255615234","64.28243255615234","64.28243255615234","2592","2592","2592"
"25939","44.63005065917969","44.63005065917969","44.63005065917969","2593","2593","2593"
"25949","60.19514083862305","60.19514083862305","60.19514083862305","2594","2594","2594"
"25999","70.56944274902344","70.56944274902344","70.56944274902344","2599","2599","2599"
"26039","30.491859436035156","30.491859436035156","30.491859436035156","2603","2603","2603"
"26069","30.184791564941406","30.184791564941406","30.184791564941406","2606","2606","2606"
"26129","93.3238754272461","93.3238754272461","93.3238754272461","2612","2612","2612"
"26159","46.85692596435547","46.85692596435547","46.85692596435547","2615","2615","2615"
"26169","43.6418571472168","43.6418571472168","43.6418571472168","2616","2616","2616"
"26219","61.269412994384766","61.269412994384766","61.269412994384766","2621","2621","2621"
"26249","48.835716247558594","48.835716247558594","48.835716247558594","2624","2624","2624"
"26299","53.87152099609375","53.87152099609375","53.87152099609375","2629","2629","2629"
"26319","55.325462341308594","55.325462341308594","55.325462341308594","2631","2631","2631"
"26329","40.13249206542969","40.13249206542969","40.13249206542969","2632","2632","2632"
"26419","48.36643981933594","48.36643981933594","48.36643981933594","2641","2641","2641"
"26469","41.43288803100586","41.43288803100586","41.43288803100586","2646","2646","2646"
"26479","34.184078216552734","34.184078216552734","34.184078216552734","2647","2647","2647"
"26499","30.984188079833984","30.984188079833984","30.984188079833984","2649","2649","2649"
"26559","56.069026947021484","56.069026947021484","56.069026947021484","2655","2655","2655"
"26569","37.8902473449707","37.8902473449707","37.8902473449707","2656","2656","2656"
"26589","40.204132080078125","40.204132080078125","40.204132080078125","2658","2658","2658"
"26609","132.92306518554688","132.92306518554688","132.92306518554688","2660","2660","2660"
"26629","79.61044311523438","79.61044311523438","79.61044311523438","2662","2662","2662"
"26639","43.44312286376953","43.44312286376953","43.44312286376953","2663","2663","2663"
"26679","46.626041412353516","46.626041412353516","46.626041412353516","2667","2667","2667"
"26709","42.33409881591797","42.33409881591797","42.33409881591797","2670","2670","2670"
"26729","33.61875915527344","33.61875915527344","33.61875915527344","2672","2672","2672"
"26739","43.83559799194336","43.83559799194336","43.83559799194336","2673","2673","2673"
"26769","60.71080780029297","60.71080780029297","60.71080780029297","2676","2676","2676"
"26809","65.10838317871094","65.10838317871094","65.10838317871094","2680","2680","2680"
"26839","76.11369323730469","76.11369323730469","76.11369323730469","2683","2683","2683"
"26849","60.569862365722656","60.569862365722656","60.569862365722656","2684","2684","2684"
"26889","36.5885124206543","36.5885124206543","36.5885124206543","2688","2688","2688"
"26999","37.88075637817383","37.88075637817383","37.88075637817383","2699","2699","2699"
"27009","50.569461822509766","50.569461822509766","50.569461822509766","2700","2700","2700"
"27029","38.707489013671875","38.707489013671875","38.707489013671875","2702","2702","2702"
"27049","49.574825286865234","49.574825286865234","49.574825286865234","2704","2704","2704"
"27059","40.9236946105957","40.9236946105957","40.9236946105957","2705","2705","2705"
"27079","47.85381317138672","47.85381317138672","47.85381317138672","2707","2707","2707"
"27099","66.32212829589844","66.32212829589844","66.32212829589844","2709","2709","2709"
"27129","41.16312789916992","41.16312789916992","41.16312789916992","2712","2712","2712"
"27149","37.55005645751953","37.55005645751953","37.55005645751953","2714","2714","2714"
"27169","45.762969970703125","45.762969970703125","45.762969970703125","2716","2716","2716"
"27179","48.80044174194336","48.80044174194336","48.80044174194336","2717","2717","2717"
"27189","32.89680099487305","32.89680099487305","32.89680099487305","2718","2718","2718"
"27199","37.47065734863281","37.47065734863281","37.47065734863281","2719","2719","2719"
"27209","42.08575439453125","42.08575439453125","42.08575439453125","2720","2720","2720"
"27239","36.86705017089844","36.86705017089844","36.86705017089844","2723","2723","2723"
"27259","36.696372985839844","36.696372985839844","36.696372985839844","2725","2725","2725"
"27299","47.648094177246094","47.648094177246094","47.648094177246094","2729","2729","2729"
"27329","50.09062957763672","50.09062957763672","50.09062957763672","2732","2732","2732"
"27339","32.677276611328125","32.677276611328125","32.677276611328125","2733","2733","2733"
"27359","32.44542694091797","32.44542694091797","32.44542694091797","2735","2735","2735"
"27389","42.777198791503906","42.777198791503906","42.777198791503906","2738","2738","2738"
"27399","42.512962341308594","42.512962341308594","42.512962341308594","2739","2739","2739"
"27419","34.42169189453125","34.42169189453125","34.42169189453125","2741","2741","2741"
"27429","47.35315704345703","47.35315704345703","47.35315704345703","2742","2742","2742"
"27439","58.12199401855469","58.12199401855469","58.12199401855469","2743","2743","2743"
"27509","46.0753288269043","46.0753288269043","46.0753288269043","2750","2750","2750"
"27529","63.86144256591797","63.86144256591797","63.86144256591797","2752","2752","2752"
"27629","36.066680908203125","36.066680908203125","36.066680908203125","2762","2762","2762"
"27739","53.24785614013672","53.24785614013672","53.24785614013672","2773","2773","2773"
"27819","62.30230712890625","62.30230712890625","62.30230712890625","2781","2781","2781"
"27919","35.167762756347656","35.167762756347656","35.167762756347656","2791","2791","2791"
"27929","60.83362579345703","60.83362579345703","60.83362579345703","2792","2792","2792"
"27939","68.55557250976562","68.55557250976562","68.55557250976562","2793","2793","2793"
"27949","53.60028076171875","53.60028076171875","53.60028076171875","2794","2794","2794"
"27979","46.15024948120117","46.15024948120117","46.15024948120117","2797","2797","2797"
"27989","48.229705810546875","48.229705810546875","48.229705810546875","2798","2798","2798"
"27999","41.66146469116211","41.66146469116211","41.66146469116211","2799","2799","2799"
"28009","33.46416091918945","33.46416091918945","33.46416091918945","2800","2800","2800"
"28049","34.305458068847656","34.305458068847656","34.305458068847656","2804","2804","2804"
"28069","28.844379425048828","28.844379425048828","28.844379425048828","2806","2806","2806"
"28109","43.025062561035156","43.025062561035156","43.025062561035156","2810","2810","2810"
"28159","29.87201690673828","29.87201690673828","29.87201690673828","2815","2815","2815"
"28169","34.319725036621094","34.319725036621094","34.319725036621094","2816","2816","2816"
"28199","32.40557098388672","32.40557098388672","32.40557098388672","2819","2819","2819"
"28219","40.621742248535156","40.621742248535156","40.621742248535156","2821","2821","2821"
"28259","49.423828125","49.423828125","49.423828125","2825","2825","2825"
"28329","50.62066650390625","50.62066650390625","50.62066650390625","2832","2832","2832"
"28339","29.279876708984375","29.279876708984375","29.279876708984375","2833","2833","2833"
"28349","50.006629943847656","50.006629943847656","50.006629943847656","2834","2834","2834"
"28369","69.1153793334961","69.1153793334961","69.1153793334961","2836","2836","2836"
"28399","45.45966720581055","45.45966720581055","45.45966720581055","2839","2839","2839"
"28419","48.811622619628906","48.811622619628906","48.811622619628906","2841","2841","2841"
"28429","40.846343994140625","40.846343994140625","40.846343994140625","2842","2842","2842"
"28449","35.86051940917969","35.86051940917969","35.86051940917969","2844","2844","2844"
"28479","51.186485290527344","51.186485290527344","51.186485290527344","2847","2847","2847"
"28499","52.790245056152344","52.790245056152344","52.790245056152344","2849","2849","2849"
"28509","35.65591812133789","35.65591812133789","35.65591812133789","2850","2850","2850"
"28519","30.02642250061035","30.02642250061035","30.02642250061035","2851","2851","2851"
"28539","32.272396087646484","32.272396087646484","32.272396087646484","2853","2853","2853"
"28569","35.76021194458008","35.76021194458008","35.76021194458008","2856","2856","2856"
"28599","56.0612907409668","56.0612907409668","56.0612907409668","2859","2859","2859"
"28609","31.029972076416016","31.029972076416016","31.029972076416016","2860","2860","2860"
"28629","105.12559509277344","105.12559509277344","105.12559509277344","2862","2862","2862"
"28639","45.672996520996094","45.672996520996094","45.672996520996094","2863","2863","2863"
"28659","50.10063934326172","50.10063934326172","50.10063934326172","2865","2865","2865"
"28689","46.83919906616211","46.83919906616211","46.83919906616211","2868","2868","2868"
"28699","61.21687316894531","61.21687316894531","61.21687316894531","2869","2869","2869"
"28719","61.013275146484375","61.013275146484375","61.013275146484375","2871","2871","2871"
"28749","52.00544738769531","52.00544738769531","52.00544738769531","2874","2874","2874"
"28779","51.19837951660156","51.19837951660156","51.19837951660156","2877","2877","2877"
"28799","37.16464614868164","37.16464614868164","37.16464614868164","2879","2879","2879"
"28829","45.89356231689453","45.89356231689453","45.89356231689453","2882","2882","2882"
"28849","33.73527526855469","33.73527526855469","33.73527526855469","2884","2884","2884"
"28859","33.167724609375","33.167724609375","33.167724609375","2885","2885","2885"
"28939","44.464599609375","44.464599609375","44.464599609375","2893","2893","2893"
"28949","36.70341873168945","36.70341873168945","36.70341873168945","2894","2894","2894"
"28969","44.16680145263672","44.16680145263672","44.16680145263672","2896","2896","2896"
"29029","41.390159606933594","41.390159606933594","41.390159606933594","2902","2902","2902"
"29049","35.11624526977539","35.11624526977539","35.11624526977539","2904","2904","2904"
"29069","40.43859100341797","40.43859100341797","40.43859100341797","2906","2906","2906"
"29099","55.28779602050781","55.28779602050781","55.28779602050781","2909","2909","2909"
"29119","44.99603271484375","44.99603271484375","44.99603271484375","2911","2911","2911"
"29169","32.06837463378906","32.06837463378906","32.06837463378906","2916","2916","2916"
"29179","44.15807342529297","44.15807342529297","44.15807342529297","2917","2917","2917"
"29189","36.296504974365234","36.296504974365234","36.296504974365234","2918","2918","2918"
"29219","33.76457214355469","33.76457214355469","33.76457214355469","2921","2921","2921"
"29249","55.865440368652344","55.865440368652344","55.865440368652344","2924","2924","2924"
"29269","38.1417350769043","38.1417350769043","38.1417350769043","2926","2926","2926"
"29279","45.37622833251953","45.37622833251953","45.37622833251953","2927","2927","2927"
"29289","70.00762176513672","70.00762176513672","70.00762176513672","2928","2928","2928"
"29299","28.957916259765625","28.957916259765625","28.957916259765625","2929","2929","2929"
"29309","102.3228759765625","102.3228759765625","102.3228759765625","2930","2930","2930"
"29319","51.92290115356445","51.92290115356445","51.92290115356445","2931","2931","2931"
"29389","34.08922576904297","34.08922576904297","34.08922576904297","2938","2938","2938"
"29399","36.27374267578125","36.27374267578125","36.27374267578125","2939","2939","2939"
"29419","42.664955139160156","42.664955139160156","42.664955139160156","2941","2941","2941"
"29469","76.7691650390625","76.7691650390625","76.7691650390625","2946","2946","2946"
"29509","44.80922317504883","44.80922317504883","44.80922317504883","2950","2950","2950"
"29539","62.40370559692383","62.40370559692383","62.40370559692383","2953","2953","2953"
"29549","39.420196533203125","39.420196533203125","39.420196533203125","2954","2954","2954"
"29589","84.5150146484375","84.5150146484375","84.5150146484375","2958","2958","2958"
"29639","31.266437530517578","31.266437530517578","31.266437530517578","2963","2963","2963"
"29649","57.824947357177734","57.824947357177734","57.824947357177734","2964","2964","2964"
"29669","48.42333221435547","48.42333221435547","48.42333221435547","2966","2966","2966"
"29719","58.71272277832031","58.71272277832031","58.71272277832031","2971","2971","2971"
"29759","62.09434127807617","62.09434127807617","62.09434127807617","2975","2975","2975"
"29779","59.337623596191406","59.337623596191406","59.337623596191406","2977","2977","2977"
"29819","69.97793579101562","69.97793579101562","69.97793579101562","2981","2981","2981"
"29839","35.94935989379883","35.94935989379883","35.94935989379883","2983","2983","2983"
"29889","34.98658752441406","34.98658752441406","34.98658752441406","2988","2988","2988"
"29899","29.477127075195312","29.477127075195312","29.477127075195312","2989","2989","2989"
"29919","34.51542663574219","34.51542663574219","34.51542663574219","2991","2991","2991"
"29929","30.027132034301758","30.027132034301758","30.027132034301758","2992","2992","2992"
"29969","61.72160720825195","61.72160720825195","61.72160720825195","2996","2996","2996"
"30039","53.3982048034668","53.3982048034668","53.3982048034668","3003","3003","3003"
"30059","72.35665130615234","72.35665130615234","72.35665130615234","3005","3005","3005"
"30099","37.27417755126953","37.27417755126953","37.27417755126953","3009","3009","3009"
"30109","65.5927734375","65.5927734375","65.5927734375","3010","3010","3010"
"30169","39.282432556152344","39.282432556152344","39.282432556152344","3016","3016","3016"
"30179","45.84510803222656","45.84510803222656","45.84510803222656","3017","3017","3017"
"30189","52.89440155029297","52.89440155029297","52.89440155029297","3018","3018","3018"
"30249","37.13543701171875","37.13543701171875","37.13543701171875","3024","3024","3024"
"30279","71.75889587402344","71.75889587402344","71.75889587402344","3027","3027","3027"
"30299","66.85552978515625","66.85552978515625","66.85552978515625","3029","3029","3029"
"30309","44.31211853027344","44.31211853027344","44.31211853027344","3030","3030","3030"
"30319","48.788185119628906","48.788185119628906","48.788185119628906","3031","3031","3031"
"30329","35.23424530029297","35.23424530029297","35.23424530029297","3032","3032","3032"
"30349","31.363178253173828","31.363178253173828","31.363178253173828","3034","3034","3034"
"30359","61.656715393066406","61.656715393066406","61.656715393066406","3035","3035","3035"
"30429","30.668254852294922","30.668254852294922","30.668254852294922","3042","3042","3042"
"30439","77.54104614257812","77.54104614257812","77.54104614257812","3043","3043","3043"
"30449","72.07627868652344","72.07627868652344","72.07627868652344","3044","3044","3044"
"30469","40.72462463378906","40.72462463378906","40.72462463378906","3046","3046","3046"
"30529","59.62785339355469","59.62785339355469","59.62785339355469","3052","3052","3052"
"30579","49.96934127807617","49.96934127807617","49.96934127807617","3057","3057","3057"
"30599","43.92932891845703","43.92932891845703","43.92932891845703","3059","3059","3059"
"30619","74.04066467285156","74.04066467285156","74.04066467285156","3061","3061","3061"
"30629","34.848350524902344","34.848350524902344","34.848350524902344","3062","3062","3062"
"30669","33.2632942199707","33.2632942199707","33.2632942199707","3066","3066","3066"
"30689","25.49629020690918","25.49629020690918","25.49629020690918","3068","3068","3068"
"30699","30.17913818359375","30.17913818359375","30.17913818359375","3069","3069","3069"
"30709","34.054718017578125","34.054718017578125","34.054718017578125","3070","3070","3070"
"30739","36.990760803222656","36.990760803222656","36.990760803222656","3073","3073","3073"
"30749","86.32713317871094","86.32713317871094","86.32713317871094","3074","3074","3074"
"30839","43.0592041015625","43.0592041015625","43.0592041015625","3083","3083","3083"
"30849","30.98314094543457","30.98314094543457","30.98314094543457","3084","3084","3084"
"30859","47.35765838623047","47.35765838623047","47.35765838623047","3085","3085","3085"
"30919","40.101463317871094","40.101463317871094","40.101463317871094","3091","3091","3091"
"30969","32.99913787841797","32.99913787841797","32.99913787841797","3096","3096","3096"
"30979","35.68150329589844","35.68150329589844","35.68150329589844","3097","3097","3097"
"31009","98.73426818847656","98.73426818847656","98.73426818847656","3100","3100","3100"
"31029","41.4668083190918","41.4668083190918","41.4668083190918","3102","3102","3102"
"31039","41.816158294677734","41.816158294677734","41.816158294677734","3103","3103","3103"
"31089","50.46109390258789","50.46109390258789","50.46109390258789","3108","3108","3108"
"31119","79.4748764038086","79.4748764038086","79.4748764038086","3111","3111","3111"
"31149","41.50501251220703","41.50501251220703","41.50501251220703","3114","3114","3114"
"31179","100.1617431640625","100.1617431640625","100.1617431640625","3117","3117","3117"
"31219","29.46048355102539","29.46048355102539","29.46048355102539","3121","3121","3121"
"31229","52.56488037109375","52.56488037109375","52.56488037109375","3122","3122","3122"
"31249","40.62565994262695","40.62565994262695","40.62565994262695","3124","3124","3124"
"31259","69.19627380371094","69.19627380371094","69.19627380371094","3125","3125","3125"
"31309","38.179222106933594","38.179222106933594","38.179222106933594","3130","3130","3130"
"31329","38.22342300415039","38.22342300415039","38.22342300415039","3132","3132","3132"
"31349","60.33649444580078","60.33649444580078","60.33649444580078","3134","3134","3134"
"31359","47.046470642089844","47.046470642089844","47.046470642089844","3135","3135","3135"
"31389","61.175331115722656","61.175331115722656","61.175331115722656","3138","3138","3138"
"31419","26.125423431396484","26.125423431396484","26.125423431396484","3141","3141","3141"
"31459","27.873111724853516","27.873111724853516","27.873111724853516","3145","3145","3145"
"31499","31.5559024810791","31.5559024810791","31.5559024810791","3149","3149","3149"
"31509","61.82476043701172","61.82476043701172","61.82476043701172","3150","3150","3150"
"31539","58.57344055175781","58.57344055175781","58.57344055175781","3153","3153","3153"
"31559","53.70624542236328","53.70624542236328","53.70624542236328","3155","3155","3155"
"31569","48.441383361816406","48.441383361816406","48.441383361816406","3156","3156","3156"
"31579","32.877655029296875","32.877655029296875","32.877655029296875","3157","3157","3157"
"31619","30.91726303100586","30.91726303100586","30.91726303100586","3161","3161","3161"
"31639","49.898353576660156","49.898353576660156","49.898353576660156","3163","3163","3163"
"31679","44.37969207763672","44.37969207763672","44.37969207763672","3167","3167","3167"
"31719","50.28789520263672","50.28789520263672","50.28789520263672","3171","3171","3171"
"31739","40.626609802246094","40.626609802246094","40.626609802246094","3173","3173","3173"
"31769","67.26261901855469","67.26261901855469","67.26261901855469","3176","3176","3176"
"31779","45.14788818359375","45.14788818359375","45.14788818359375","3177","3177","3177"
"31889","45.09074783325195","45.09074783325195","45.09074783325195","3188","3188","3188"
"31919","34.86351013183594","34.86351013183594","34.86351013183594","3191","3191","3191"
"31999","34.75553512573242","34.75553512573242","34.75553512573242","3199","3199","3199"
"32019","32.503631591796875","32.503631591796875","32.503631591796875","3201","3201","3201"
"32029","46.56146240234375","46.56146240234375","46.56146240234375","3202","3202","3202"
"32069","66.96229553222656","66.96229553222656","66.96229553222656","3206","3206","3206"
"32079","35.812835693359375","35.812835693359375","35.812835693359375","3207","3207","3207"
"32089","56.033546447753906","56.033546447753906","56.033546447753906","3208","3208","3208"
"32129","50.03260040283203","50.03260040283203","50.03260040283203","3212","3212","3212"
"32139","51.09840774536133","51.09840774536133","51.09840774536133","3213","3213","3213"
"32149","34.53059005737305","34.53059005737305","34.53059005737305","3214","3214","3214"
"32159","53.011940002441406","53.011940002441406","53.011940002441406","3215","3215","3215"
"32219","32.63215637207031","32.63215637207031","32.63215637207031","3221","3221","3221"
"32239","32.569976806640625","32.569976806640625","32.569976806640625","3223","3223","3223"
"32249","36.920257568359375","36.920257568359375","36.920257568359375","3224","3224","3224"
"32299","46.575660705566406","46.575660705566406","46.575660705566406","3229","3229","3229"
"32309","52.49559020996094","52.49559020996094","52.49559020996094","3230","3230","3230"
"32319","45.95595169067383","45.95595169067383","45.95595169067383","3231","3231","3231"
"32379","162.43939208984375","162.43939208984375","162.43939208984375","3237","3237","3237"
"32389","63.258949279785156","63.258949279785156","63.258949279785156","3238","3238","3238"
"32399","34.34074020385742","34.34074020385742","34.34074020385742","3239","3239","3239"
"32419","36.02507781982422","36.02507781982422","36.02507781982422","3241","3241","3241"
"32469","49.45740509033203","49.45740509033203","49.45740509033203","3246","3246","3246"
"32479","28.446195602416992","28.446195602416992","28.446195602416992","3247","3247","3247"
"32489","62.96368408203125","62.96368408203125","62.96368408203125","3248","3248","3248"
"32519","98.21847534179688","98.21847534179688","98.21847534179688","3251","3251","3251"
"32629","29.994613647460938","29.994613647460938","29.994613647460938","3262","3262","3262"
"32639","30.635841369628906","30.635841369628906","30.635841369628906","3263","3263","3263"
"32659","54.894615173339844","54.894615173339844","54.894615173339844","3265","3265","3265"
"32739","40.12385940551758","40.12385940551758","40.12385940551758","3273","3273","3273"
"32749","32.05523681640625","32.05523681640625","32.05523681640625","3274","3274","3274"
"32769","41.5272331237793","41.5272331237793","41.5272331237793","3276","3276","3276"
"32779","32.958717346191406","32.958717346191406","32.958717346191406","3277","3277","3277"
"32809","63.475276947021484","63.475276947021484","63.475276947021484","3280","3280","3280"
"32819","33.99803161621094","33.99803161621094","33.99803161621094","3281","3281","3281"
"32829","32.55317687988281","32.55317687988281","32.55317687988281","3282","3282","3282"
"32859","79.9020767211914","79.9020767211914","79.9020767211914","3285","3285","3285"
"32899","56.56620407104492","56.56620407104492","56.56620407104492","3289","3289","3289"
"32929","32.67757034301758","32.67757034301758","32.67757034301758","3292","3292","3292"
"32939","36.57512283325195","36.57512283325195","36.57512283325195","3293","3293","3293"
"32969","42.927818298339844","42.927818298339844","42.927818298339844","3296","3296","3296"
"32979","96.26142883300781","96.26142883300781","96.26142883300781","3297","3297","3297"
"33049","63.17790603637695","63.17790603637695","63.17790603637695","3304","3304","3304"
"33069","65.71761322021484","65.71761322021484","65.71761322021484","3306","3306","3306"
"33099","65.78678894042969","65.78678894042969","65.78678894042969","3309","3309","3309"
"33109","44.182308197021484","44.182308197021484","44.182308197021484","3310","3310","3310"
"33129","29.0718936920166","29.0718936920166","29.0718936920166","3312","3312","3312"
"33169","45.48933410644531","45.48933410644531","45.48933410644531","3316","3316","3316"
"33189","78.44615173339844","78.44615173339844","78.44615173339844","3318","3318","3318"
"33199","44.74183654785156","44.74183654785156","44.74183654785156","3319","3319","3319"
"33219","75.11125183105469","75.11125183105469","75.11125183105469","3321","3321","3321"
"33289","30.753496170043945","30.753496170043945","30.753496170043945","3328","3328","3328"
"33329","53.91932678222656","53.91932678222656","53.91932678222656","3332","3332","3332"
"33359","50.412071228027344","50.412071228027344","50.412071228027344","3335","3335","3335"
"33369","59.131797790527344","59.131797790527344","59.131797790527344","3336","3336","3336"
"33379","118.38057708740234","118.38057708740234","118.38057708740234","3337","3337","3337"
"33409","54.70216369628906","54.70216369628906","54.70216369628906","3340","3340","3340"
"33419","43.473663330078125","43.473663330078125","43.473663330078125","3341","3341","3341"
"33439","42.84757614135742","42.84757614135742","42.84757614135742","3343","3343","3343"
"33469","47.99041748046875","47.99041748046875","47.99041748046875","3346","3346","3346"
"33499","43.464210510253906","43.464210510253906","43.464210510253906","3349","3349","3349"
"33539","55.49919891357422","55.49919891357422","55.49919891357422","3353","3353","3353"
"33569","69.51197814941406","69.51197814941406","69.51197814941406","3356","3356","3356"
"33579","43.49853515625","43.49853515625","43.49853515625","3357","3357","3357"
"33599","40.36375045776367","40.36375045776367","40.36375045776367","3359","3359","3359"
"33609","46.031646728515625","46.031646728515625","46.031646728515625","3360","3360","3360"
"33649","45.909664154052734","45.909664154052734","45.909664154052734","3364","3364","3364"
"33659","58.065399169921875","58.065399169921875","58.065399169921875","3365","3365","3365"
"33669","42.136959075927734","42.136959075927734","42.136959075927734","3366","3366","3366"
"33679","32.06043243408203","32.06043243408203","32.06043243408203","3367","3367","3367"
"33699","83.83987426757812","83.83987426757812","83.83987426757812","3369","3369","3369"
"33709","37.74256896972656","37.74256896972656","37.74256896972656","3370","3370","3370"
"33729","36.53444290161133","36.53444290161133","36.53444290161133","3372","3372","3372"
"33739","46.63629150390625","46.63629150390625","46.63629150390625","3373","3373","3373"
"33759","61.43680953979492","61.43680953979492","61.43680953979492","3375","3375","3375"
"33769","31.501365661621094","31.501365661621094","31.501365661621094","3376","3376","3376"
"33829","28.41448974609375","28.41448974609375","28.41448974609375","3382","3382","3382"
"33839","43.92071533203125","43.92071533203125","43.92071533203125","3383","3383","3383"
"33859","58.68503189086914","58.68503189086914","58.68503189086914","3385","3385","3385"
"33879","54.22825622558594","54.22825622558594","54.22825622558594","3387","3387","3387"
"33929","64.09136199951172","64.09136199951172","64.09136199951172","3392","3392","3392"
"33939","60.3835334777832","60.3835334777832","60.3835334777832","3393","3393","3393"
"33989","62.83843231201172","62.83843231201172","62.83843231201172","3398","3398","3398"
"33999","72.43405151367188","72.43405151367188","72.43405151367188","3399","3399","3399"
"34009","39.87981033325195","39.87981033325195","39.87981033325195","3400","3400","3400"
"34019","50.576377868652344","50.576377868652344","50.576377868652344","3401","3401","3401"
"34039","50.371482849121094","50.371482849121094","50.371482849121094","3403","3403","3403"
"34089","114.55612182617188","114.55612182617188","114.55612182617188","3408","3408","3408"
"34169","51.54344177246094","51.54344177246094","51.54344177246094","3416","3416","3416"
"34179","60.37306594848633","60.37306594848633","60.37306594848633","3417","3417","3417"
"34199","46.765350341796875","46.765350341796875","46.765350341796875","3419","3419","3419"
"34219","34.67595291137695","34.67595291137695","34.67595291137695","3421","3421","3421"
"34229","77.99893188476562","77.99893188476562","77.99893188476562","3422","3422","3422"
"34239","54.294822692871094","54.294822692871094","54.294822692871094","3423","3423","3423"
"34259","44.064422607421875","44.064422607421875","44.064422607421875","3425","3425","3425"
"34299","68.59819793701172","68.59819793701172","68.59819793701172","3429","3429","3429"
"34309","53.04550552368164","53.04550552368164","53.04550552368164","3430","3430","3430"
"34359","45.04650115966797","45.04650115966797","45.04650115966797","3435","3435","3435"
"34399","29.620933532714844","29.620933532714844","29.620933532714844","3439","3439","3439"
"34409","39.45390319824219","39.45390319824219","39.45390319824219","3440","3440","3440"
"34419","41.107147216796875","41.107147216796875","41.107147216796875","3441","3441","3441"
"34449","29.004810333251953","29.004810333251953","29.004810333251953","3444","3444","3444"
"34469","37.57902526855469","37.57902526855469","37.57902526855469","3446","3446","3446"
"34519","45.12765121459961","45.12765121459961","45.12765121459961","3451","3451","3451"
"34529","66.70047760009766","66.70047760009766","66.70047760009766","3452","3452","3452"
"34579","57.813377380371094","57.813377380371094","57.813377380371094","3457","3457","3457"
"34589","35.72004699707031","35.72004699707031","35.72004699707031","3458","3458","3458"
"34659","45.47997283935547","45.47997283935547","45.47997283935547","3465","3465","3465"
"34719","33.50492477416992","33.50492477416992","33.50492477416992","3471","3471","3471"
"34729","52.25043487548828","52.25043487548828","52.25043487548828","3472","3472","3472"
"34759","36.278404235839844","36.278404235839844","36.278404235839844","3475","3475","3475"
"34769","41.85670852661133","41.85670852661133","41.85670852661133","3476","3476","3476"
"34799","34.989051818847656","34.989051818847656","34.989051818847656","3479","3479","3479"
"34839","95.39248657226562","95.39248657226562","95.39248657226562","3483","3483","3483"
"34849","59.961708068847656","59.961708068847656","59.961708068847656","3484","3484","3484"
"34859","41.67616271972656","41.67616271972656","41.67616271972656","3485","3485","3485"
"34869","81.86087799072266","81.86087799072266","81.86087799072266","3486","3486","3486"
"34899","43.098602294921875","43.098602294921875","43.098602294921875","3489","3489","3489"
"34929","37.28144073486328","37.28144073486328","37.28144073486328","3492","3492","3492"
"34939","34.80643844604492","34.80643844604492","34.80643844604492","3493","3493","3493"
"34949","31.57695198059082","31.57695198059082","31.57695198059082","3494","3494","3494"
"34959","34.57041549682617","34.57041549682617","34.57041549682617","3495","3495","3495"
"34969","63.675079345703125","63.675079345703125","63.675079345703125","3496","3496","3496"
"34979","142.45565795898438","142.45565795898438","142.45565795898438","3497","3497","3497"
"35039","71.14218139648438","71.14218139648438","71.14218139648438","3503","3503","3503"
"35069","30.095706939697266","30.095706939697266","30.095706939697266","3506","3506","3506"
"35119","34.399253845214844","34.399253845214844","34.399253845214844","3511","3511","3511"
"35149","41.231178283691406","41.231178283691406","41.231178283691406","3514","3514","3514"
"35159","31.16799545288086","31.16799545288086","31.16799545288086","3515","3515","3515"
"35189","31.121484756469727","31.121484756469727","31.121484756469727","3518","3518","3518"
"35239","65.44904327392578","65.44904327392578","65.44904327392578","3523","3523","3523"
"35259","58.18471145629883","58.18471145629883","58.18471145629883","3525","3525","3525"
"35289","58.45631408691406","58.45631408691406","58.45631408691406","3528","3528","3528"
"35299","47.26719665527344","47.26719665527344","47.26719665527344","3529","3529","3529"
"35309","25.78765869140625","25.78765869140625","25.78765869140625","3530","3530","3530"
"35339","62.512447357177734","62.512447357177734","62.512447357177734","3533","3533","3533"
"35359","39.16114807128906","39.16114807128906","39.16114807128906","3535","3535","3535"
"35369","48.048683166503906","48.048683166503906","48.048683166503906","3536","3536","3536"
"35439","43.13223648071289","43.13223648071289","43.13223648071289","3543","3543","3543"
"35469","45.54753112792969","45.54753112792969","45.54753112792969","3546","3546","3546"
"35479","41.752098083496094","41.752098083496094","41.752098083496094","3547","3547","3547"
"35579","31.008169174194336","31.008169174194336","31.008169174194336","3557","3557","3557"
"35629","40.921478271484375","40.921478271484375","40.921478271484375","3562","3562","3562"
"35639","41.2586784362793","41.2586784362793","41.2586784362793","3563","3563","3563"
"35669","53.090816497802734","53.090816497802734","53.090816497802734","3566","3566","3566"
"35679","50.88715744018555","50.88715744018555","50.88715744018555","3567","3567","3567"
"35699","41.86844253540039","41.86844253540039","41.86844253540039","3569","3569","3569"
"35719","38.749786376953125","38.749786376953125","38.749786376953125","3571","3571","3571"
"35749","111.50119018554688","111.50119018554688","111.50119018554688","3574","3574","3574"
"35759","38.687400817871094","38.687400817871094","38.687400817871094","3575","3575","3575"
"35779","31.144672393798828","31.144672393798828","31.144672393798828","3577","3577","3577"
"35789","110.66963195800781","110.66963195800781","110.66963195800781","3578","3578","3578"
"35829","33.57408142089844","33.57408142089844","33.57408142089844","3582","3582","3582"
"35839","50.808349609375","50.808349609375","50.808349609375","3583","3583","3583"
"35849","30.073223114013672","30.073223114013672","30.073223114013672","3584","3584","3584"
"35869","50.98545455932617","50.98545455932617","50.98545455932617","3586","3586","3586"
"35889","42.37169647216797","42.37169647216797","42.37169647216797","3588","3588","3588"
"35899","24.514780044555664","24.514780044555664","24.514780044555664","3589","3589","3589"
"35919","56.114044189453125","56.114044189453125","56.114044189453125","3591","3591","3591"
"35949","29.5142822265625","29.5142822265625","29.5142822265625","3594","3594","3594"
"35959","30.959630966186523","30.959630966186523","30.959630966186523","3595","3595","3595"
"35979","55.15697479248047","55.15697479248047","55.15697479248047","3597","3597","3597"
"35999","36.032344818115234","36.032344818115234","36.032344818115234","3599","3599","3599"
"36009","36.74103927612305","36.74103927612305","36.74103927612305","3600","3600","3600"
"36019","43.59147262573242","43.59147262573242","43.59147262573242","3601","3601","3601"
"36029","53.00650405883789","53.00650405883789","53.00650405883789","3602","3602","3602"
"36049","36.05595779418945","36.05595779418945","36.05595779418945","3604","3604","3604"
"36059","31.7048397064209","31.7048397064209","31.7048397064209","3605","3605","3605"
"36089","41.870811462402344","41.870811462402344","41.870811462402344","3608","3608","3608"
"36109","49.9055290222168","49.9055290222168","49.9055290222168","3610","3610","3610"
"36139","46.6390266418457","46.6390266418457","46.6390266418457","3613","3613","3613"
"36159","32.81715774536133","32.81715774536133","32.81715774536133","3615","3615","3615"
"36189","47.606475830078125","47.606475830078125","47.606475830078125","3618","3618","3618"
"36199","67.6035385131836","67.6035385131836","67.6035385131836","3619","3619","3619"
"36239","35.14999771118164","35.14999771118164","35.14999771118164","3623","3623","3623"
"36249","43.07115936279297","43.07115936279297","43.07115936279297","3624","3624","3624"
"36289","62.129661560058594","62.129661560058594","62.129661560058594","3628","3628","3628"
"36299","59.15196990966797","59.15196990966797","59.15196990966797","3629","3629","3629"
"36319","33.4735221862793","33.4735221862793","33.4735221862793","3631","3631","3631"
"36339","36.680419921875","36.680419921875","36.680419921875","3633","3633","3633"
"36369","59.83830642700195","59.83830642700195","59.83830642700195","3636","3636","3636"
"36409","47.3179931640625","47.3179931640625","47.3179931640625","3640","3640","3640"
"36429","48.11442184448242","48.11442184448242","48.11442184448242","3642","3642","3642"
"36449","79.7243423461914","79.7243423461914","79.7243423461914","3644","3644","3644"
"36489","52.886810302734375","52.886810302734375","52.886810302734375","3648","3648","3648"
"36499","28.5436954498291","28.5436954498291","28.5436954498291","3649","3649","3649"
"36529","47.52750015258789","47.52750015258789","47.52750015258789","3652","3652","3652"
"36539","57.682918548583984","57.682918548583984","57.682918548583984","3653","3653","3653"
"36559","55.372039794921875","55.372039794921875","55.372039794921875","3655","3655","3655"
"36569","32.923797607421875","32.923797607421875","32.923797607421875","3656","3656","3656"
"36589","48.99625015258789","48.99625015258789","48.99625015258789","3658","3658","3658"
"36609","64.18905639648438","64.18905639648438","64.18905639648438","3660","3660","3660"
"36639","51.0717887878418","51.0717887878418","51.0717887878418","3663","3663","3663"
"36679","92.34892272949219","92.34892272949219","92.34892272949219","3667","3667","3667"
"36739","33.594722747802734","33.594722747802734","33.594722747802734","3673","3673","3673"
"36759","41.30919647216797","41.30919647216797","41.30919647216797","3675","3675","3675"
"36769","28.144065856933594","28.144065856933594","28.144065856933594","3676","3676","3676"
"36779","40.67628479003906","40.67628479003906","40.67628479003906","3677","3677","3677"
"36789","34.55929946899414","34.55929946899414","34.55929946899414","3678","3678","3678"
"36799","39.14891815185547","39.14891815185547","39.14891815185547","3679","3679","3679"
"36809","35.77852249145508","35.77852249145508","35.77852249145508","3680","3680","3680"
"36839","30.915483474731445","30.915483474731445","30.915483474731445","3683","3683","3683"
"36869","61.3603515625","61.3603515625","61.3603515625","3686","3686","3686"
"36899","57.688873291015625","57.688873291015625","57.688873291015625","3689","3689","3689"
"36999","33.77132797241211","33.77132797241211","33.77132797241211","3699","3699","3699"
"37019","44.79357147216797","44.79357147216797","44.79357147216797","3701","3701","3701"
"37069","52.63031005859375","52.63031005859375","52.63031005859375","3706","3706","3706"
"37139","44.76078414916992","44.76078414916992","44.76078414916992","3713","3713","3713"
"37149","50.86383819580078","50.86383819580078","50.86383819580078","3714","3714","3714"
"37199","67.33917999267578","67.33917999267578","67.33917999267578","3719","3719","3719"
"37239","34.97480773925781","34.97480773925781","34.97480773925781","3723","3723","3723"
"37279","41.838958740234375","41.838958740234375","41.838958740234375","3727","3727","3727"
"37299","59.34003448486328","59.34003448486328","59.34003448486328","3729","3729","3729"
"37309","79.8758773803711","79.8758773803711","79.8758773803711","3730","3730","3730"
"37329","37.08882522583008","37.08882522583008","37.08882522583008","3732","3732","3732"
"37339","36.17608642578125","36.17608642578125","36.17608642578125","3733","3733","3733"
"37349","34.324092864990234","34.324092864990234","34.324092864990234","3734","3734","3734"
"37359","51.848670959472656","51.848670959472656","51.848670959472656","3735","3735","3735"
"37379","59.17164993286133","59.17164993286133","59.17164993286133","3737","3737","3737"
"37409","33.025108337402344","33.025108337402344","33.025108337402344","3740","3740","3740"
"37419","37.04100036621094","37.04100036621094","37.04100036621094","3741","3741","3741"
"37429","46.13298797607422","46.13298797607422","46.13298797607422","3742","3742","3742"
"37449","32.42463684082031","32.42463684082031","32.42463684082031","3744","3744","3744"
"37469","28.589801788330078","28.589801788330078","28.589801788330078","3746","3746","3746"
"37489","48.922542572021484","48.922542572021484","48.922542572021484","3748","3748","3748"
"37499","41.93299865722656","41.93299865722656","41.93299865722656","3749","3749","3749"
"37509","43.41645431518555","43.41645431518555","43.41645431518555","3750","3750","3750"
"37549","53.85694885253906","53.85694885253906","53.85694885253906","3754","3754","3754"
"37569","35.640403747558594","35.640403747558594","35.640403747558594","3756","3756","3756"
"37589","50.7202262878418","50.7202262878418","50.7202262878418","3758","3758","3758"
"37609","83.62103271484375","83.62103271484375","83.62103271484375","3760","3760","3760"
"37649","29.697490692138672","29.697490692138672","29.697490692138672","3764","3764","3764"
"37659","55.048744201660156","55.048744201660156","55.048744201660156","3765","3765","3765"
"37669","41.30516052246094","41.30516052246094","41.30516052246094","3766","3766","3766"
"37679","46.30028533935547","46.30028533935547","46.30028533935547","3767","3767","3767"
"37689","41.19416809082031","41.19416809082031","41.19416809082031","3768","3768","3768"
"37699","30.94968032836914","30.94968032836914","30.94968032836914","3769","3769","3769"
"37709","47.784576416015625","47.784576416015625","47.784576416015625","3770","3770","3770"
"37719","42.65692901611328","42.65692901611328","42.65692901611328","3771","3771","3771"
"37739","32.07989501953125","32.07989501953125","32.07989501953125","3773","3773","3773"
"37749","36.77326583862305","36.77326583862305","36.77326583862305","3774","3774","3774"
"37769","35.141815185546875","35.141815185546875","35.141815185546875","3776","3776","3776"
"37839","35.55234146118164","35.55234146118164","35.55234146118164","3783","3783","3783"
"37899","55.2599983215332","55.2599983215332","55.2599983215332","3789","3789","3789"
"37919","46.25751495361328","46.25751495361328","46.25751495361328","3791","3791","3791"
"37949","49.878597259521484","49.878597259521484","49.878597259521484","3794","3794","3794"
"38009","86.79315185546875","86.79315185546875","86.79315185546875","3800","3800","3800"
"38039","44.426795959472656","44.426795959472656","44.426795959472656","3803","3803","3803"
"38119","39.63370132446289","39.63370132446289","39.63370132446289","3811","3811","3811"
"38129","66.76658630371094","66.76658630371094","66.76658630371094","3812","3812","3812"
"38149","38.85431671142578","38.85431671142578","38.85431671142578","3814","3814","3814"
"38159","30.040050506591797","30.040050506591797","30.040050506591797","3815","3815","3815"
"38189","33.32703399658203","33.32703399658203","33.32703399658203","3818","3818","3818"
"38219","60.08103942871094","60.08103942871094","60.08103942871094","3821","3821","3821"
"38239","33.76094436645508","33.76094436645508","33.76094436645508","3823","3823","3823"
"38249","61.578826904296875","61.578826904296875","61.578826904296875","3824","3824","3824"
"38269","38.72623825073242","38.72623825073242","38.72623825073242","3826","3826","3826"
"38309","53.10941696166992","53.10941696166992","53.10941696166992","3830","3830","3830"
"38329","90.50663757324219","90.50663757324219","90.50663757324219","3832","3832","3832"
"38339","39.37310791015625","39.37310791015625","39.37310791015625","3833","3833","3833"
"38359","48.061073303222656","48.061073303222656","48.061073303222656","3835","3835","3835"
"38369","55.03049850463867","55.03049850463867","55.03049850463867","3836","3836","3836"
"38389","60.548797607421875","60.548797607421875","60.548797607421875","3838","3838","3838"
"38409","41.28474807739258","41.28474807739258","41.28474807739258","3840","3840","3840"
"38499","52.830589294433594","52.830589294433594","52.830589294433594","3849","3849","3849"
"38509","38.545631408691406","38.545631408691406","38.545631408691406","3850","3850","3850"
"38539","83.3299789428711","83.3299789428711","83.3299789428711","3853","3853","3853"
"38559","34.6552619934082","34.6552619934082","34.6552619934082","3855","3855","3855"
"38579","60.2671012878418","60.2671012878418","60.2671012878418","3857","3857","3857"
"38609","45.77606201171875","45.77606201171875","45.77606201171875","3860","3860","3860"
"38619","39.01406478881836","39.01406478881836","39.01406478881836","3861","3861","3861"
"38629","51.965396881103516","51.965396881103516","51.965396881103516","3862","3862","3862"
"38639","41.643009185791016","41.643009185791016","41.643009185791016","3863","3863","3863"
"38689","39.19096755981445","39.19096755981445","39.19096755981445","3868","3868","3868"
"38709","47.73777389526367","47.73777389526367","47.73777389526367","3870","3870","3870"
"38719","63.01185989379883","63.01185989379883","63.01185989379883","3871","3871","3871"
"38779","26.88887596130371","26.88887596130371","26.88887596130371","3877","3877","3877"
"38789","40.99016571044922","40.99016571044922","40.99016571044922","3878","3878","3878"
"38799","45.415069580078125","45.415069580078125","45.415069580078125","3879","3879","3879"
"38819","44.38570785522461","44.38570785522461","44.38570785522461","3881","3881","3881"
"38839","39.418800354003906","39.418800354003906","39.418800354003906","3883","3883","3883"
"38859","50.876468658447266","50.876468658447266","50.876468658447266","3885","3885","3885"
"38879","28.802906036376953","28.802906036376953","28.802906036376953","3887","3887","3887"
"38899","36.56398010253906","36.56398010253906","36.56398010253906","3889","3889","3889"
"38929","31.6157169342041","31.6157169342041","31.6157169342041","3892","3892","3892"
"38939","63.59883499145508","63.59883499145508","63.59883499145508","3893","3893","3893"
"38949","39.622745513916016","39.622745513916016","39.622745513916016","3894","3894","3894"
"38959","47.41908264160156","47.41908264160156","47.41908264160156","3895","3895","3895"
"38979","49.05984115600586","49.05984115600586","49.05984115600586","3897","3897","3897"
"38999","36.380210876464844","36.380210876464844","36.380210876464844","3899","3899","3899"
"39049","47.619781494140625","47.619781494140625","47.619781494140625","3904","3904","3904"
"39089","41.856689453125","41.856689453125","41.856689453125","3908","3908","3908"
"39109","48.571022033691406","48.571022033691406","48.571022033691406","3910","3910","3910"
"39129","48.11262130737305","48.11262130737305","48.11262130737305","3912","3912","3912"
"39149","77.42422485351562","77.42422485351562","77.42422485351562","3914","3914","3914"
"39179","39.17887878417969","39.17887878417969","39.17887878417969","3917","3917","3917"
"39199","44.0695686340332","44.0695686340332","44.0695686340332","3919","3919","3919"
"39209","55.726470947265625","55.726470947265625","55.726470947265625","3920","3920","3920"
"39219","63.12202072143555","63.12202072143555","63.12202072143555","3921","3921","3921"
"39239","52.79686737060547","52.79686737060547","52.79686737060547","3923","3923","3923"
"39259","33.57257843017578","33.57257843017578","33.57257843017578","3925","3925","3925"
"39319","45.29240798950195","45.29240798950195","45.29240798950195","3931","3931","3931"
"39329","52.00141143798828","52.00141143798828","52.00141143798828","3932","3932","3932"
"39349","38.410701751708984","38.410701751708984","38.410701751708984","3934","3934","3934"
"39379","63.73902130126953","63.73902130126953","63.73902130126953","3937","3937","3937"
"39389","39.84806823730469","39.84806823730469","39.84806823730469","3938","3938","3938"
"39419","46.11349868774414","46.11349868774414","46.11349868774414","3941","3941","3941"
"39429","56.025634765625","56.025634765625","56.025634765625","3942","3942","3942"
"39439","35.12450408935547","35.12450408935547","35.12450408935547","3943","3943","3943"
"39449","40.636409759521484","40.636409759521484","40.636409759521484","3944","3944","3944"
"39469","27.763992309570312","27.763992309570312","27.763992309570312","3946","3946","3946"
"39509","28.784334182739258","28.784334182739258","28.784334182739258","3950","3950","3950"
"39519","40.35371780395508","40.35371780395508","40.35371780395508","3951","3951","3951"
"39539","45.570316314697266","45.570316314697266","45.570316314697266","3953","3953","3953"
"39559","34.44927978515625","34.44927978515625","34.44927978515625","3955","3955","3955"
"39569","49.76136779785156","49.76136779785156","49.76136779785156","3956","3956","3956"
"39589","47.330867767333984","47.330867767333984","47.330867767333984","3958","3958","3958"
"39609","61.981842041015625","61.981842041015625","61.981842041015625","3960","3960","3960"
"39619","42.407875061035156","42.407875061035156","42.407875061035156","3961","3961","3961"
"39669","62.72138595581055","62.72138595581055","62.72138595581055","3966","3966","3966"
"39689","45.172271728515625","45.172271728515625","45.172271728515625","3968","3968","3968"
"39749","39.63410949707031","39.63410949707031","39.63410949707031","3974","3974","3974"
"39759","38.114768981933594","38.114768981933594","38.114768981933594","3975","3975","3975"
"39769","62.36812973022461","62.36812973022461","62.36812973022461","3976","3976","3976"
"39789","41.66791915893555","41.66791915893555","41.66791915893555","3978","3978","3978"
"39799","49.56739807128906","49.56739807128906","49.56739807128906","3979","3979","3979"
"39819","77.51778411865234","77.51778411865234","77.51778411865234","3981","3981","3981"
"39899","39.75032043457031","39.75032043457031","39.75032043457031","3989","3989","3989"
"39909","46.969947814941406","46.969947814941406","46.969947814941406","3990","3990","3990"
"39919","34.138572692871094","34.138572692871094","34.138572692871094","3991","3991","3991"
"39939","33.877105712890625","33.877105712890625","33.877105712890625","3993","3993","3993"
"39989","72.75960540771484","72.75960540771484","72.75960540771484","3998","3998","3998"
"40009","56.53068542480469","56.53068542480469","56.53068542480469","4000","4000","4000"
"40019","43.95991516113281","43.95991516113281","43.95991516113281","4001","4001","4001"
"40029","40.52378845214844","40.52378845214844","40.52378845214844","4002","4002","4002"
"40089","43.168209075927734","43.168209075927734","43.168209075927734","4008","4008","4008"
"40099","32.3501091003418","32.3501091003418","32.3501091003418","4009","4009","4009"
"40129","45.51310348510742","45.51310348510742","45.51310348510742","4012","4012","4012"
"40169","33.653411865234375","33.653411865234375","33.653411865234375","4016","4016","4016"
"40179","40.127586364746094","40.127586364746094","40.127586364746094","4017","4017","4017"
"40219","40.6613883972168","40.6613883972168","40.6613883972168","4021","4021","4021"
"40249","31.26773452758789","31.26773452758789","31.26773452758789","4024","4024","4024"
"40259","62.17971420288086","62.17971420288086","62.17971420288086","4025","4025","4025"
"40299","56.54372787475586","56.54372787475586","56.54372787475586","4029","4029","4029"
"40329","28.56612205505371","28.56612205505371","28.56612205505371","4032","4032","4032"
"40409","28.11940574645996","28.11940574645996","28.11940574645996","4040","4040","4040"
"40539","53.13915252685547","53.13915252685547","53.13915252685547","4053","4053","4053"
"40549","52.035072326660156","52.035072326660156","52.035072326660156","4054","4054","4054"
"40559","35.465511322021484","35.465511322021484","35.465511322021484","4055","4055","4055"
"40599","43.06285095214844","43.06285095214844","43.06285095214844","4059","4059","4059"
"40609","28.920379638671875","28.920379638671875","28.920379638671875","4060","4060","4060"
"40669","47.40266036987305","47.40266036987305","47.40266036987305","4066","4066","4066"
"40749","42.288822174072266","42.288822174072266","42.288822174072266","4074","4074","4074"
"40859","30.46689224243164","30.46689224243164","30.46689224243164","4085","4085","4085"
"40879","33.346435546875","33.346435546875","33.346435546875","4087","4087","4087"
"40899","50.374271392822266","50.374271392822266","50.374271392822266","4089","4089","4089"
"40909","49.293251037597656","49.293251037597656","49.293251037597656","4090","4090","4090"
"40919","49.45579147338867","49.45579147338867","49.45579147338867","4091","4091","4091"
"40929","28.193031311035156","28.193031311035156","28.193031311035156","4092","4092","4092"
"40969","61.97194290161133","61.97194290161133","61.97194290161133","4096","4096","4096"
"40979","42.00664520263672","42.00664520263672","42.00664520263672","4097","4097","4097"
"41009","79.61869812011719","79.61869812011719","79.61869812011719","4100","4100","4100"
"41019","52.45484924316406","52.45484924316406","52.45484924316406","4101","4101","4101"
"41029","38.59939956665039","38.59939956665039","38.59939956665039","4102","4102","4102"
"41049","37.413238525390625","37.413238525390625","37.413238525390625","4104","4104","4104"
"41059","28.578927993774414","28.578927993774414","28.578927993774414","4105","4105","4105"
"41139","52.45274353027344","52.45274353027344","52.45274353027344","4113","4113","4113"
"41149","61.41633605957031","61.41633605957031","61.41633605957031","4114","4114","4114"
"41159","66.03096771240234","66.03096771240234","66.03096771240234","4115","4115","4115"
"41179","52.023841857910156","52.023841857910156","52.023841857910156","4117","4117","4117"
"41199","34.47931671142578","34.47931671142578","34.47931671142578","4119","4119","4119"
"41269","29.575878143310547","29.575878143310547","29.575878143310547","4126","4126","4126"
"41319","41.30238342285156","41.30238342285156","41.30238342285156","4131","4131","4131"
"41409","46.1513786315918","46.1513786315918","46.1513786315918","4140","4140","4140"
"41419","58.43899154663086","58.43899154663086","58.43899154663086","4141","4141","4141"
"41429","76.38108825683594","76.38108825683594","76.38108825683594","4142","4142","4142"
"41439","51.730384826660156","51.730384826660156","51.730384826660156","4143","4143","4143"
"41449","28.185115814208984","28.185115814208984","28.185115814208984","4144","4144","4144"
"41459","48.784393310546875","48.784393310546875","48.784393310546875","4145","4145","4145"
"41479","61.72030258178711","61.72030258178711","61.72030258178711","4147","4147","4147"
"41489","39.68994903564453","39.68994903564453","39.68994903564453","4148","4148","4148"
"41499","36.47195816040039","36.47195816040039","36.47195816040039","4149","4149","4149"
"41509","36.34839630126953","36.34839630126953","36.34839630126953","4150","4150","4150"
"41519","50.94180679321289","50.94180679321289","50.94180679321289","4151","4151","4151"
"41529","43.294349670410156","43.294349670410156","43.294349670410156","4152","4152","4152"
"41629","51.334228515625","51.334228515625","51.334228515625","4162","4162","4162"
"41639","42.46159744262695","42.46159744262695","42.46159744262695","4163","4163","4163"
"41659","39.92334747314453","39.92334747314453","39.92334747314453","4165","4165","4165"
"41709","56.206912994384766","56.206912994384766","56.206912994384766","4170","4170","4170"
"41759","60.35785675048828","60.35785675048828","60.35785675048828","4175","4175","4175"
"41779","37.51017761230469","37.51017761230469","37.51017761230469","4177","4177","4177"
"41819","36.19868469238281","36.19868469238281","36.19868469238281","4181","4181","4181"
"41849","50.385772705078125","50.385772705078125","50.385772705078125","4184","4184","4184"
"41869","43.186927795410156","43.186927795410156","43.186927795410156","4186","4186","4186"
"41889","39.238128662109375","39.238128662109375","39.238128662109375","4188","4188","4188"
"41979","36.31924057006836","36.31924057006836","36.31924057006836","4197","4197","4197"
"41989","32.699031829833984","32.699031829833984","32.699031829833984","4198","4198","4198"
"41999","44.06509017944336","44.06509017944336","44.06509017944336","4199","4199","4199"
"42029","38.39053726196289","38.39053726196289","38.39053726196289","4202","4202","4202"
"42039","51.38496780395508","51.38496780395508","51.38496780395508","4203","4203","4203"
"42109","54.14726638793945","54.14726638793945","54.14726638793945","4210","4210","4210"
"42129","43.71707534790039","43.71707534790039","43.71707534790039","4212","4212","4212"
"42139","31.488298416137695","31.488298416137695","31.488298416137695","4213","4213","4213"
"42229","30.114953994750977","30.114953994750977","30.114953994750977","4222","4222","4222"
"42249","32.128868103027344","32.128868103027344","32.128868103027344","4224","4224","4224"
"42259","32.835594177246094","32.835594177246094","32.835594177246094","4225","4225","4225"
"42279","40.31399917602539","40.31399917602539","40.31399917602539","4227","4227","4227"
"42289","42.555641174316406","42.555641174316406","42.555641174316406","4228","4228","4228"
"42299","64.33138275146484","64.33138275146484","64.33138275146484","4229","4229","4229"
"42309","31.038978576660156","31.038978576660156","31.038978576660156","4230","4230","4230"
"42319","30.38007926940918","30.38007926940918","30.38007926940918","4231","4231","4231"
"42389","54.98165512084961","54.98165512084961","54.98165512084961","4238","4238","4238"
"42409","65.72284698486328","65.72284698486328","65.72284698486328","4240","4240","4240"
"42429","32.385276794433594","32.385276794433594","32.385276794433594","4242","4242","4242"
"42449","55.860511779785156","55.860511779785156","55.860511779785156","4244","4244","4244"
"42479","38.64771270751953","38.64771270751953","38.64771270751953","4247","4247","4247"
"42509","30.518518447875977","30.518518447875977","30.518518447875977","4250","4250","4250"
"42519","42.02880859375","42.02880859375","42.02880859375","4251","4251","4251"
"42579","40.331138610839844","40.331138610839844","40.331138610839844","4257","4257","4257"
"42629","38.07948303222656","38.07948303222656","38.07948303222656","4262","4262","4262"
"42689","31.9039249420166","31.9039249420166","31.9039249420166","4268","4268","4268"
"42699","56.55328369140625","56.55328369140625","56.55328369140625","4269","4269","4269"
"42709","36.068702697753906","36.068702697753906","36.068702697753906","4270","4270","4270"
"42729","45.049652099609375","45.049652099609375","45.049652099609375","4272","4272","4272"
"42749","81.17571258544922","81.17571258544922","81.17571258544922","4274","4274","4274"
"42759","42.26383972167969","42.26383972167969","42.26383972167969","4275","4275","4275"
"42779","51.672054290771484","51.672054290771484","51.672054290771484","4277","4277","4277"
"42819","34.05183792114258","34.05183792114258","34.05183792114258","4281","4281","4281"
"42889","33.49427795410156","33.49427795410156","33.49427795410156","4288","4288","4288"
"42959","54.325721740722656","54.325721740722656","54.325721740722656","4295","4295","4295"
"42979","37.07538604736328","37.07538604736328","37.07538604736328","4297","4297","4297"
"42989","60.283573150634766","60.283573150634766","60.283573150634766","4298","4298","4298"
"43049","45.34257888793945","45.34257888793945","45.34257888793945","4304","4304","4304"
"43089","59.42216491699219","59.42216491699219","59.42216491699219","4308","4308","4308"
"43129","36.70234680175781","36.70234680175781","36.70234680175781","4312","4312","4312"
"43149","46.954795837402344","46.954795837402344","46.954795837402344","4314","4314","4314"
"43189","51.789825439453125","51.789825439453125","51.789825439453125","4318","4318","4318"
"43199","41.94994354248047","41.94994354248047","41.94994354248047","4319","4319","4319"
"43219","56.69727325439453","56.69727325439453","56.69727325439453","4321","4321","4321"
"43269","39.53032684326172","39.53032684326172","39.53032684326172","4326","4326","4326"
"43289","27.44153594970703","27.44153594970703","27.44153594970703","4328","4328","4328"
"43299","58.26407241821289","58.26407241821289","58.26407241821289","4329","4329","4329"
"43359","43.87472152709961","43.87472152709961","43.87472152709961","4335","4335","4335"
"43379","47.27193832397461","47.27193832397461","47.27193832397461","4337","4337","4337"
"43389","49.704769134521484","49.704769134521484","49.704769134521484","4338","4338","4338"
"43409","44.57896423339844","44.57896423339844","44.57896423339844","4340","4340","4340"
"43419","34.13525390625","34.13525390625","34.13525390625","4341","4341","4341"
"43449","45.99237823486328","45.99237823486328","45.99237823486328","4344","4344","4344"
"43459","30.74396514892578","30.74396514892578","30.74396514892578","4345","4345","4345"
"43469","42.59560775756836","42.59560775756836","42.59560775756836","4346","4346","4346"
"43489","40.57200241088867","40.57200241088867","40.57200241088867","4348","4348","4348"
"43499","38.183189392089844","38.183189392089844","38.183189392089844","4349","4349","4349"
"43519","45.052757263183594","45.052757263183594","45.052757263183594","4351","4351","4351"
"43529","44.81114196777344","44.81114196777344","44.81114196777344","4352","4352","4352"
"43549","27.356285095214844","27.356285095214844","27.356285095214844","4354","4354","4354"
"43589","56.52147674560547","56.52147674560547","56.52147674560547","4358","4358","4358"
"43599","38.753719329833984","38.753719329833984","38.753719329833984","4359","4359","4359"
"43699","42.67549514770508","42.67549514770508","42.67549514770508","4369","4369","4369"
"43739","51.82100296020508","51.82100296020508","51.82100296020508","4373","4373","4373"
"43749","48.76737976074219","48.76737976074219","48.76737976074219","4374","4374","4374"
"43759","36.2994270324707","36.2994270324707","36.2994270324707","4375","4375","4375"
"43779","55.25212478637695","55.25212478637695","55.25212478637695","4377","4377","4377"
"43799","38.049102783203125","38.049102783203125","38.049102783203125","4379","4379","4379"
"43819","33.6561393737793","33.6561393737793","33.6561393737793","4381","4381","4381"
"43829","59.178428649902344","59.178428649902344","59.178428649902344","4382","4382","4382"
"43849","60.24652862548828","60.24652862548828","60.24652862548828","4384","4384","4384"
"43869","37.80988311767578","37.80988311767578","37.80988311767578","4386","4386","4386"
"43909","37.42019271850586","37.42019271850586","37.42019271850586","4390","4390","4390"
"43919","34.534019470214844","34.534019470214844","34.534019470214844","4391","4391","4391"
"43929","34.38499450683594","34.38499450683594","34.38499450683594","4392","4392","4392"
"44009","41.56885528564453","41.56885528564453","41.56885528564453","4400","4400","4400"
"44029","34.963294982910156","34.963294982910156","34.963294982910156","4402","4402","4402"
"44049","58.03025817871094","58.03025817871094","58.03025817871094","4404","4404","4404"
"44059","79.47611236572266","79.47611236572266","79.47611236572266","4405","4405","4405"
"44069","57.435791015625","57.435791015625","57.435791015625","4406","4406","4406"
"44089","44.743812561035156","44.743812561035156","44.743812561035156","4408","4408","4408"
"44109","42.887306213378906","42.887306213378906","42.887306213378906","4410","4410","4410"
"44119","38.29920196533203","38.29920196533203","38.29920196533203","4411","4411","4411"
"44129","36.81121826171875","36.81121826171875","36.81121826171875","4412","4412","4412"
"44139","37.94922637939453","37.94922637939453","37.94922637939453","4413","4413","4413"
"44159","34.965885162353516","34.965885162353516","34.965885162353516","4415","4415","4415"
"44199","40.35573196411133","40.35573196411133","40.35573196411133","4419","4419","4419"
"44209","35.149139404296875","35.149139404296875","35.149139404296875","4420","4420","4420"
"44249","37.16539001464844","37.16539001464844","37.16539001464844","4424","4424","4424"
"44259","42.546104431152344","42.546104431152344","42.546104431152344","4425","4425","4425"
"44299","40.838104248046875","40.838104248046875","40.838104248046875","4429","4429","4429"
"44329","37.76295471191406","37.76295471191406","37.76295471191406","4432","4432","4432"
"44379","50.608604431152344","50.608604431152344","50.608604431152344","4437","4437","4437"
"44399","49.6477165222168","49.6477165222168","49.6477165222168","4439","4439","4439"
"44439","43.781272888183594","43.781272888183594","43.781272888183594","4443","4443","4443"
"44459","48.93374252319336","48.93374252319336","48.93374252319336","4445","4445","4445"
"44479","44.766292572021484","44.766292572021484","44.766292572021484","4447","4447","4447"
"44489","32.00712585449219","32.00712585449219","32.00712585449219","4448","4448","4448"
"44539","32.4007453918457","32.4007453918457","32.4007453918457","4453","4453","4453"
"44589","33.53306198120117","33.53306198120117","33.53306198120117","4458","4458","4458"
"44659","28.93732452392578","28.93732452392578","28.93732452392578","4465","4465","4465"
"44689","33.22556686401367","33.22556686401367","33.22556686401367","4468","4468","4468"
"44709","34.2962646484375","34.2962646484375","34.2962646484375","4470","4470","4470"
"44719","35.87480926513672","35.87480926513672","35.87480926513672","4471","4471","4471"
"44789","42.7515869140625","42.7515869140625","42.7515869140625","4478","4478","4478"
"44819","73.56028747558594","73.56028747558594","73.56028747558594","4481","4481","4481"
"44869","78.13216400146484","78.13216400146484","78.13216400146484","4486","4486","4486"
"44879","33.994232177734375","33.994232177734375","33.994232177734375","4487","4487","4487"
"44899","41.051361083984375","41.051361083984375","41.051361083984375","4489","4489","4489"
"44919","55.78913879394531","55.78913879394531","55.78913879394531","4491","4491","4491"
"44939","46.395381927490234","46.395381927490234","46.395381927490234","4493","4493","4493"
"44949","32.20216369628906","32.20216369628906","32.20216369628906","4494","4494","4494"
"45029","38.93308639526367","38.93308639526367","38.93308639526367","4502","4502","4502"
"45039","50.95250701904297","50.95250701904297","50.95250701904297","4503","4503","4503"
"45059","34.492820739746094","34.492820739746094","34.492820739746094","4505","4505","4505"
"45109","27.786903381347656","27.786903381347656","27.786903381347656","4510","4510","4510"
"45129","77.87820434570312","77.87820434570312","77.87820434570312","4512","4512","4512"
"45209","50.87132263183594","50.87132263183594","50.87132263183594","4520","4520","4520"
"45219","44.36542892456055","44.36542892456055","44.36542892456055","4521","4521","4521"
"45229","31.23314666748047","31.23314666748047","31.23314666748047","4522","4522","4522"
"45239","104.2076644897461","104.2076644897461","104.2076644897461","4523","4523","4523"
"45269","29.27157211303711","29.27157211303711","29.27157211303711","4526","4526","4526"
"45279","53.66701126098633","53.66701126098633","53.66701126098633","4527","4527","4527"
"45329","40.13885498046875","40.13885498046875","40.13885498046875","4532","4532","4532"
"45349","49.47672653198242","49.47672653198242","49.47672653198242","4534","4534","4534"
"45399","25.468215942382812","25.468215942382812","25.468215942382812","4539","4539","4539"
"45429","36.87030029296875","36.87030029296875","36.87030029296875","4542","4542","4542"
"45439","46.741737365722656","46.741737365722656","46.741737365722656","4543","4543","4543"
"45479","51.240116119384766","51.240116119384766","51.240116119384766","4547","4547","4547"
"45499","57.84857940673828","57.84857940673828","57.84857940673828","4549","4549","4549"
"45539","56.9498405456543","56.9498405456543","56.9498405456543","4553","4553","4553"
"45559","34.33025360107422","34.33025360107422","34.33025360107422","4555","4555","4555"
"45589","37.34770965576172","37.34770965576172","37.34770965576172","4558","4558","4558"
"45599","44.47704315185547","44.47704315185547","44.47704315185547","4559","4559","4559"
"45609","45.335018157958984","45.335018157958984","45.335018157958984","4560","4560","4560"
"45639","32.290889739990234","32.290889739990234","32.290889739990234","4563","4563","4563"
"45649","64.16631317138672","64.16631317138672","64.16631317138672","4564","4564","4564"
"45659","29.23672103881836","29.23672103881836","29.23672103881836","4565","4565","4565"
"45669","36.738800048828125","36.738800048828125","36.738800048828125","4566","4566","4566"
"45679","62.129276275634766","62.129276275634766","62.129276275634766","4567","4567","4567"
"45709","42.00394058227539","42.00394058227539","42.00394058227539","4570","4570","4570"
"45739","41.662288665771484","41.662288665771484","41.662288665771484","4573","4573","4573"
"45779","35.89100646972656","35.89100646972656","35.89100646972656","4577","4577","4577"
"45789","27.68531608581543","27.68531608581543","27.68531608581543","4578","4578","4578"
"45799","38.432037353515625","38.432037353515625","38.432037353515625","4579","4579","4579"
"45819","52.06495666503906","52.06495666503906","52.06495666503906","4581","4581","4581"
"45829","41.182960510253906","41.182960510253906","41.182960510253906","4582","4582","4582"
"45869","41.24783706665039","41.24783706665039","41.24783706665039","4586","4586","4586"
"45879","61.20760726928711","61.20760726928711","61.20760726928711","4587","4587","4587"
"45919","49.77619552612305","49.77619552612305","49.77619552612305","4591","4591","4591"
"45959","38.91841125488281","38.91841125488281","38.91841125488281","4595","4595","4595"
"45969","33.6947021484375","33.6947021484375","33.6947021484375","4596","4596","4596"
"46049","71.83041381835938","71.83041381835938","71.83041381835938","4604","4604","4604"
"46069","36.66716384887695","36.66716384887695","36.66716384887695","4606","4606","4606"
"46079","33.106143951416016","33.106143951416016","33.106143951416016","4607","4607","4607"
"46089","47.30716323852539","47.30716323852539","47.30716323852539","4608","4608","4608"
"46099","43.59527587890625","43.59527587890625","43.59527587890625","4609","4609","4609"
"46169","53.184608459472656","53.184608459472656","53.184608459472656","4616","4616","4616"
"46189","43.723934173583984","43.723934173583984","43.723934173583984","4618","4618","4618"
"46199","34.156734466552734","34.156734466552734","34.156734466552734","4619","4619","4619"
"46219","86.02297973632812","86.02297973632812","86.02297973632812","4621","4621","4621"
"46259","46.15910339355469","46.15910339355469","46.15910339355469","4625","4625","4625"
"46279","28.185911178588867","28.185911178588867","28.185911178588867","4627","4627","4627"
"46309","40.00902557373047","40.00902557373047","40.00902557373047","4630","4630","4630"
"46319","25.59874725341797","25.59874725341797","25.59874725341797","4631","4631","4631"
"46339","66.48757934570312","66.48757934570312","66.48757934570312","4633","4633","4633"
"46359","38.38172149658203","38.38172149658203","38.38172149658203","4635","4635","4635"
"46379","42.04648971557617","42.04648971557617","42.04648971557617","4637","4637","4637"
"46399","54.398555755615234","54.398555755615234","54.398555755615234","4639","4639","4639"
"46429","41.37522888183594","41.37522888183594","41.37522888183594","4642","4642","4642"
"46449","41.52420425415039","41.52420425415039","41.52420425415039","4644","4644","4644"
"46479","66.49253845214844","66.49253845214844","66.49253845214844","4647","4647","4647"
"46489","32.471595764160156","32.471595764160156","32.471595764160156","4648","4648","4648"
"46509","32.65561294555664","32.65561294555664","32.65561294555664","4650","4650","4650"
"46519","32.4669189453125","32.4669189453125","32.4669189453125","4651","4651","4651"
"46539","45.59038543701172","45.59038543701172","45.59038543701172","4653","4653","4653"
"46559","38.89579772949219","38.89579772949219","38.89579772949219","4655","4655","4655"
"46589","45.49659729003906","45.49659729003906","45.49659729003906","4658","4658","4658"
"46599","35.74312210083008","35.74312210083008","35.74312210083008","4659","4659","4659"
"46619","44.756900787353516","44.756900787353516","44.756900787353516","4661","4661","4661"
"46659","59.326595306396484","59.326595306396484","59.326595306396484","4665","4665","4665"
"46669","41.1296501159668","41.1296501159668","41.1296501159668","4666","4666","4666"
"46709","42.35928726196289","42.35928726196289","42.35928726196289","4670","4670","4670"
"46729","57.39592742919922","57.39592742919922","57.39592742919922","4672","4672","4672"
"46739","46.84466552734375","46.84466552734375","46.84466552734375","4673","4673","4673"
"46749","39.62043762207031","39.62043762207031","39.62043762207031","4674","4674","4674"
"46769","34.5236930847168","34.5236930847168","34.5236930847168","4676","4676","4676"
"46779","44.32804489135742","44.32804489135742","44.32804489135742","4677","4677","4677"
"46809","32.49723815917969","32.49723815917969","32.49723815917969","4680","4680","4680"
"46899","36.581275939941406","36.581275939941406","36.581275939941406","4689","4689","4689"
"46949","29.03500747680664","29.03500747680664","29.03500747680664","4694","4694","4694"
"46969","40.713356018066406","40.713356018066406","40.713356018066406","4696","4696","4696"
"46989","51.89421844482422","51.89421844482422","51.89421844482422","4698","4698","4698"
"47049","73.59764862060547","73.59764862060547","73.59764862060547","4704","4704","4704"
"47059","31.042463302612305","31.042463302612305","31.042463302612305","4705","4705","4705"
"47089","37.4619140625","37.4619140625","37.4619140625","4708","4708","4708"
"47109","37.241676330566406","37.241676330566406","37.241676330566406","4710","4710","4710"
"47129","31.112028121948242","31.112028121948242","31.112028121948242","4712","4712","4712"
"47139","32.357337951660156","32.357337951660156","32.357337951660156","4713","4713","4713"
"47159","38.380516052246094","38.380516052246094","38.380516052246094","4715","4715","4715"
"47199","36.54266357421875","36.54266357421875","36.54266357421875","4719","4719","4719"
"47209","36.90292739868164","36.90292739868164","36.90292739868164","4720","4720","4720"
"47269","46.25971984863281","46.25971984863281","46.25971984863281","4726","4726","4726"
"47279","75.03870391845703","75.03870391845703","75.03870391845703","4727","4727","4727"
"47299","35.68101119995117","35.68101119995117","35.68101119995117","4729","4729","4729"
"47319","55.88629913330078","55.88629913330078","55.88629913330078","4731","4731","4731"
"47349","32.38831329345703","32.38831329345703","32.38831329345703","4734","4734","4734"
"47359","37.468292236328125","37.468292236328125","37.468292236328125","4735","4735","4735"
"47429","29.93724250793457","29.93724250793457","29.93724250793457","4742","4742","4742"
"47509","86.40408325195312","86.40408325195312","86.40408325195312","4750","4750","4750"
"47519","38.82947540283203","38.82947540283203","38.82947540283203","4751","4751","4751"
"47529","44.9705924987793","44.9705924987793","44.9705924987793","4752","4752","4752"
"47539","63.47031784057617","63.47031784057617","63.47031784057617","4753","4753","4753"
"47569","41.86248016357422","41.86248016357422","41.86248016357422","4756","4756","4756"
"47589","45.08198547363281","45.08198547363281","45.08198547363281","4758","4758","4758"
"47599","44.152164459228516","44.152164459228516","44.152164459228516","4759","4759","4759"
"47629","75.77426147460938","75.77426147460938","75.77426147460938","4762","4762","4762"
"47639","34.05467224121094","34.05467224121094","34.05467224121094","4763","4763","4763"
"47719","36.556495666503906","36.556495666503906","36.556495666503906","4771","4771","4771"
"47729","33.332237243652344","33.332237243652344","33.332237243652344","4772","4772","4772"
"47739","33.548561096191406","33.548561096191406","33.548561096191406","4773","4773","4773"
"47749","40.901058197021484","40.901058197021484","40.901058197021484","4774","4774","4774"
"47759","42.945159912109375","42.945159912109375","42.945159912109375","4775","4775","4775"
"47789","34.24784851074219","34.24784851074219","34.24784851074219","4778","4778","4778"
"47799","67.73384857177734","67.73384857177734","67.73384857177734","4779","4779","4779"
"47809","87.86695861816406","87.86695861816406","87.86695861816406","4780","4780","4780"
"47839","41.93616485595703","41.93616485595703","41.93616485595703","4783","4783","4783"
"47849","30.94281768798828","30.94281768798828","30.94281768798828","4784","4784","4784"
"47859","32.10516357421875","32.10516357421875","32.10516357421875","4785","4785","4785"
"47899","47.47576141357422","47.47576141357422","47.47576141357422","4789","4789","4789"
"47909","69.3824462890625","69.3824462890625","69.3824462890625","4790","4790","4790"
"47929","48.40586853027344","48.40586853027344","48.40586853027344","4792","4792","4792"
"47959","35.130619049072266","35.130619049072266","35.130619049072266","4795","4795","4795"
"47999","38.70166015625","38.70166015625","38.70166015625","4799","4799","4799"
"48009","35.64675521850586","35.64675521850586","35.64675521850586","4800","4800","4800"
"48049","46.410064697265625","46.410064697265625","46.410064697265625","4804","4804","4804"
"48069","37.463096618652344","37.463096618652344","37.463096618652344","4806","4806","4806"
"48129","36.99007797241211","36.99007797241211","36.99007797241211","4812","4812","4812"
"48169","32.455406188964844","32.455406188964844","32.455406188964844","4816","4816","4816"
"48189","38.343994140625","38.343994140625","38.343994140625","4818","4818","4818"
"48229","36.02348709106445","36.02348709106445","36.02348709106445","4822","4822","4822"
"48239","41.44865798950195","41.44865798950195","41.44865798950195","4823","4823","4823"
"48249","66.03781127929688","66.03781127929688","66.03781127929688","4824","4824","4824"
"48269","38.45771026611328","38.45771026611328","38.45771026611328","4826","4826","4826"
"48299","39.71058654785156","39.71058654785156","39.71058654785156","4829","4829","4829"
"48389","53.420440673828125","53.420440673828125","53.420440673828125","4838","4838","4838"
"48399","41.19588851928711","41.19588851928711","41.19588851928711","4839","4839","4839"
"48439","32.90147399902344","32.90147399902344","32.90147399902344","4843","4843","4843"
"48459","34.411354064941406","34.411354064941406","34.411354064941406","4845","4845","4845"
"48519","27.969318389892578","27.969318389892578","27.969318389892578","4851","4851","4851"
"48529","34.73081588745117","34.73081588745117","34.73081588745117","4852","4852","4852"
"48609","41.87891387939453","41.87891387939453","41.87891387939453","4860","4860","4860"
"48629","40.673683166503906","40.673683166503906","40.673683166503906","4862","4862","4862"
"48709","54.37104034423828","54.37104034423828","54.37104034423828","4870","4870","4870"
"48759","36.29530715942383","36.29530715942383","36.29530715942383","4875","4875","4875"
"48789","28.510784149169922","28.510784149169922","28.510784149169922","4878","4878","4878"
"48799","35.786102294921875","35.786102294921875","35.786102294921875","4879","4879","4879"
"48869","29.807588577270508","29.807588577270508","29.807588577270508","4886","4886","4886"
"48909","58.70887756347656","58.70887756347656","58.70887756347656","4890","4890","4890"
"48939","58.208091735839844","58.208091735839844","58.208091735839844","4893","4893","4893"
"48969","25.755718231201172","25.755718231201172","25.755718231201172","4896","4896","4896"
"49019","40.62180709838867","40.62180709838867","40.62180709838867","4901","4901","4901"
"49029","60.420223236083984","60.420223236083984","60.420223236083984","4902","4902","4902"
"49069","34.887611389160156","34.887611389160156","34.887611389160156","4906","4906","4906"
"49099","41.65312194824219","41.65312194824219","41.65312194824219","4909","4909","4909"
"49119","34.08253860473633","34.08253860473633","34.08253860473633","4911","4911","4911"
"49139","35.635536193847656","35.635536193847656","35.635536193847656","4913","4913","4913"
"49149","30.538227081298828","30.538227081298828","30.538227081298828","4914","4914","4914"
"49169","45.2183837890625","45.2183837890625","45.2183837890625","4916","4916","4916"
"49179","43.18486022949219","43.18486022949219","43.18486022949219","4917","4917","4917"
"49189","37.74958038330078","37.74958038330078","37.74958038330078","4918","4918","4918"
"49199","28.12481689453125","28.12481689453125","28.12481689453125","4919","4919","4919"
"49219","27.8282470703125","27.8282470703125","27.8282470703125","4921","4921","4921"
"49239","38.88029861450195","38.88029861450195","38.88029861450195","4923","4923","4923"
"49259","33.02456283569336","33.02456283569336","33.02456283569336","4925","4925","4925"
"49309","63.46182632446289","63.46182632446289","63.46182632446289","4930","4930","4930"
"49359","42.294105529785156","42.294105529785156","42.294105529785156","4935","4935","4935"
"49379","36.146400451660156","36.146400451660156","36.146400451660156","4937","4937","4937"
"49409","30.55291748046875","30.55291748046875","30.55291748046875","4940","4940","4940"
"49429","38.234519958496094","38.234519958496094","38.234519958496094","4942","4942","4942"
"49439","38.78440475463867","38.78440475463867","38.78440475463867","4943","4943","4943"
"49449","33.53733444213867","33.53733444213867","33.53733444213867","4944","4944","4944"
"49469","38.430667877197266","38.430667877197266","38.430667877197266","4946","4946","4946"
"49509","74.3163833618164","74.3163833618164","74.3163833618164","4950","4950","4950"
"49519","30.19465446472168","30.19465446472168","30.19465446472168","4951","4951","4951"
"49579","32.1514892578125","32.1514892578125","32.1514892578125","4957","4957","4957"
"49599","24.527332305908203","24.527332305908203","24.527332305908203","4959","4959","4959"
"49629","50.98729705810547","50.98729705810547","50.98729705810547","4962","4962","4962"
"49639","34.73755645751953","34.73755645751953","34.73755645751953","4963","4963","4963"
"49649","45.42310333251953","45.42310333251953","45.42310333251953","4964","4964","4964"
"49659","61.42766189575195","61.42766189575195","61.42766189575195","4965","4965","4965"
"49679","32.080299377441406","32.080299377441406","32.080299377441406","4967","4967","4967"
"49689","32.61365509033203","32.61365509033203","32.61365509033203","4968","4968","4968"
"49749","30.63726043701172","30.63726043701172","30.63726043701172","4974","4974","4974"
"49789","47.61977767944336","47.61977767944336","47.61977767944336","4978","4978","4978"
"49799","28.95182991027832","28.95182991027832","28.95182991027832","4979","4979","4979"
"49839","50.70207214355469","50.70207214355469","50.70207214355469","4983","4983","4983"
"49919","44.86820983886719","44.86820983886719","44.86820983886719","4991","4991","4991"
"49929","42.8791618347168","42.8791618347168","42.8791618347168","4992","4992","4992"
"49949","75.53994750976562","75.53994750976562","75.53994750976562","4994","4994","4994"
"49989","38.73709487915039","38.73709487915039","38.73709487915039","4998","4998","4998"
"49999","57.2198486328125","57.2198486328125","57.2198486328125","4999","4999","4999"
"50009","47.08586502075195","47.08586502075195","47.08586502075195","5000","5000","5000"
"50049","42.35714340209961","42.35714340209961","42.35714340209961","5004","5004","5004"
"50099","47.666908264160156","47.666908264160156","47.666908264160156","5009","5009","5009"
"50119","63.319732666015625","63.319732666015625","63.319732666015625","5011","5011","5011"
"50159","40.851539611816406","40.851539611816406","40.851539611816406","5015","5015","5015"
"50169","31.11326789855957","31.11326789855957","31.11326789855957","5016","5016","5016"
"50189","43.07203674316406","43.07203674316406","43.07203674316406","5018","5018","5018"
"50199","44.770999908447266","44.770999908447266","44.770999908447266","5019","5019","5019"
"50219","40.61430358886719","40.61430358886719","40.61430358886719","5021","5021","5021"
"50239","36.90248107910156","36.90248107910156","36.90248107910156","5023","5023","5023"
"50249","30.804515838623047","30.804515838623047","30.804515838623047","5024","5024","5024"
"50309","43.67732620239258","43.67732620239258","43.67732620239258","5030","5030","5030"
"50349","42.56330490112305","42.56330490112305","42.56330490112305","5034","5034","5034"
"50359","30.36435317993164","30.36435317993164","30.36435317993164","5035","5035","5035"
"50379","55.150638580322266","55.150638580322266","55.150638580322266","5037","5037","5037"
"50389","31.485610961914062","31.485610961914062","31.485610961914062","5038","5038","5038"
"50409","35.68013000488281","35.68013000488281","35.68013000488281","5040","5040","5040"
"50419","34.478240966796875","34.478240966796875","34.478240966796875","5041","5041","5041"
"50449","84.16661071777344","84.16661071777344","84.16661071777344","5044","5044","5044"
"50469","60.19691467285156","60.19691467285156","60.19691467285156","5046","5046","5046"
"50489","34.746360778808594","34.746360778808594","34.746360778808594","5048","5048","5048"
"50509","36.41114807128906","36.41114807128906","36.41114807128906","5050","5050","5050"
"50519","40.883941650390625","40.883941650390625","40.883941650390625","5051","5051","5051"
"50539","46.571533203125","46.571533203125","46.571533203125","5053","5053","5053"
"50549","33.21577835083008","33.21577835083008","33.21577835083008","5054","5054","5054"
"50569","42.37210464477539","42.37210464477539","42.37210464477539","5056","5056","5056"
"50589","67.35921478271484","67.35921478271484","67.35921478271484","5058","5058","5058"
"50609","30.420833587646484","30.420833587646484","30.420833587646484","5060","5060","5060"
"50619","43.59521484375","43.59521484375","43.59521484375","5061","5061","5061"
"50629","41.8828125","41.8828125","41.8828125","5062","5062","5062"
"50659","48.33123779296875","48.33123779296875","48.33123779296875","5065","5065","5065"
"50669","28.973445892333984","28.973445892333984","28.973445892333984","5066","5066","5066"
"50699","29.949100494384766","29.949100494384766","29.949100494384766","5069","5069","5069"
"50719","52.1853141784668","52.1853141784668","52.1853141784668","5071","5071","5071"
"50749","48.2919921875","48.2919921875","48.2919921875","5074","5074","5074"
"50769","39.18129348754883","39.18129348754883","39.18129348754883","5076","5076","5076"
"50789","39.1466178894043","39.1466178894043","39.1466178894043","5078","5078","5078"
"50869","114.42113494873047","114.42113494873047","114.42113494873047","5086","5086","5086"
"50899","49.229103088378906","49.229103088378906","49.229103088378906","5089","5089","5089"
"50919","69.25081634521484","69.25081634521484","69.25081634521484","5091","5091","5091"
"50939","41.33850860595703","41.33850860595703","41.33850860595703","5093","5093","5093"
"51019","47.657318115234375","47.657318115234375","47.657318115234375","5101","5101","5101"
"51049","39.42167663574219","39.42167663574219","39.42167663574219","5104","5104","5104"
"51059","37.06916809082031","37.06916809082031","37.06916809082031","5105","5105","5105"
"51109","38.399810791015625","38.399810791015625","38.399810791015625","5110","5110","5110"
"51139","40.339134216308594","40.339134216308594","40.339134216308594","5113","5113","5113"
"51179","37.374847412109375","37.374847412109375","37.374847412109375","5117","5117","5117"
"51199","30.754405975341797","30.754405975341797","30.754405975341797","5119","5119","5119"
"51239","39.123382568359375","39.123382568359375","39.123382568359375","5123","5123","5123"
"51259","37.5081901550293","37.5081901550293","37.5081901550293","5125","5125","5125"
"51289","48.377017974853516","48.377017974853516","48.377017974853516","5128","5128","5128"
"51309","42.03279113769531","42.03279113769531","42.03279113769531","5130","5130","5130"
"51319","33.73073959350586","33.73073959350586","33.73073959350586","5131","5131","5131"
"51349","31.630104064941406","31.630104064941406","31.630104064941406","5134","5134","5134"
"51369","41.7452507019043","41.7452507019043","41.7452507019043","5136","5136","5136"
"51409","30.464576721191406","30.464576721191406","30.464576721191406","5140","5140","5140"
"51429","39.858551025390625","39.858551025390625","39.858551025390625","5142","5142","5142"
"51439","86.51667785644531","86.51667785644531","86.51667785644531","5143","5143","5143"
"51459","40.35115432739258","40.35115432739258","40.35115432739258","5145","5145","5145"
"51489","48.62537384033203","48.62537384033203","48.62537384033203","5148","5148","5148"
"51509","31.77020263671875","31.77020263671875","31.77020263671875","5150","5150","5150"
"51589","39.60089111328125","39.60089111328125","39.60089111328125","5158","5158","5158"
"51649","29.419300079345703","29.419300079345703","29.419300079345703","5164","5164","5164"
"51659","26.8804931640625","26.8804931640625","26.8804931640625","5165","5165","5165"
"51679","50.77937316894531","50.77937316894531","50.77937316894531","5167","5167","5167"
"51689","58.404319763183594","58.404319763183594","58.404319763183594","5168","5168","5168"
"51709","51.198692321777344","51.198692321777344","51.198692321777344","5170","5170","5170"
"51729","35.954315185546875","35.954315185546875","35.954315185546875","5172","5172","5172"
"51739","158.208740234375","158.208740234375","158.208740234375","5173","5173","5173"
"51799","57.781803131103516","57.781803131103516","57.781803131103516","5179","5179","5179"
"51809","30.54750633239746","30.54750633239746","30.54750633239746","5180","5180","5180"
"51819","60.42679214477539","60.42679214477539","60.42679214477539","5181","5181","5181"
"51829","35.50202560424805","35.50202560424805","35.50202560424805","5182","5182","5182"
"51839","34.01005554199219","34.01005554199219","34.01005554199219","5183","5183","5183"
"51869","37.89263153076172","37.89263153076172","37.89263153076172","5186","5186","5186"
"51919","31.634803771972656","31.634803771972656","31.634803771972656","5191","5191","5191"
"51939","51.475040435791016","51.475040435791016","51.475040435791016","5193","5193","5193"
"51949","36.43187713623047","36.43187713623047","36.43187713623047","5194","5194","5194"
"51959","36.02530288696289","36.02530288696289","36.02530288696289","5195","5195","5195"
"51999","32.67359161376953","32.67359161376953","32.67359161376953","5199","5199","5199"
"52009","35.213619232177734","35.213619232177734","35.213619232177734","5200","5200","5200"
"52019","28.92508316040039","28.92508316040039","28.92508316040039","5201","5201","5201"
"52029","33.81388473510742","33.81388473510742","33.81388473510742","5202","5202","5202"
"52039","38.774295806884766","38.774295806884766","38.774295806884766","5203","5203","5203"
"52079","28.828781127929688","28.828781127929688","28.828781127929688","5207","5207","5207"
"52109","36.23704147338867","36.23704147338867","36.23704147338867","5210","5210","5210"
"52119","33.58884811401367","33.58884811401367","33.58884811401367","5211","5211","5211"
"52129","40.56372833251953","40.56372833251953","40.56372833251953","5212","5212","5212"
"52159","34.717132568359375","34.717132568359375","34.717132568359375","5215","5215","5215"
"52169","25.476131439208984","25.476131439208984","25.476131439208984","5216","5216","5216"
"52189","34.074485778808594","34.074485778808594","34.074485778808594","5218","5218","5218"
"52249","55.10986328125","55.10986328125","55.10986328125","5224","5224","5224"
"52269","33.36309051513672","33.36309051513672","33.36309051513672","5226","5226","5226"
"52279","41.84243392944336","41.84243392944336","41.84243392944336","5227","5227","5227"
"52319","35.59922409057617","35.59922409057617","35.59922409057617","5231","5231","5231"
"52339","35.18986511230469","35.18986511230469","35.18986511230469","5233","5233","5233"
"52349","35.925941467285156","35.925941467285156","35.925941467285156","5234","5234","5234"
"52399","40.799041748046875","40.799041748046875","40.799041748046875","5239","5239","5239"
"52409","46.3745231628418","46.3745231628418","46.3745231628418","5240","5240","5240"
"52429","46.69420623779297","46.69420623779297","46.69420623779297","5242","5242","5242"
"52489","32.34114074707031","32.34114074707031","32.34114074707031","5248","5248","5248"
"52509","51.31983947753906","51.31983947753906","51.31983947753906","5250","5250","5250"
"52559","44.19490051269531","44.19490051269531","44.19490051269531","5255","5255","5255"
"52599","41.23253631591797","41.23253631591797","41.23253631591797","5259","5259","5259"
"52609","34.63666915893555","34.63666915893555","34.63666915893555","5260","5260","5260"
"52619","33.144447326660156","33.144447326660156","33.144447326660156","5261","5261","5261"
"52669","60.73186111450195","60.73186111450195","60.73186111450195","5266","5266","5266"
"52679","45.57139205932617","45.57139205932617","45.57139205932617","5267","5267","5267"
"52689","33.96242904663086","33.96242904663086","33.96242904663086","5268","5268","5268"
"52729","31.99510383605957","31.99510383605957","31.99510383605957","5272","5272","5272"
"52739","38.326324462890625","38.326324462890625","38.326324462890625","5273","5273","5273"
"52749","43.39244079589844","43.39244079589844","43.39244079589844","5274","5274","5274"
"52779","65.902099609375","65.902099609375","65.902099609375","5277","5277","5277"
"52819","36.24862289428711","36.24862289428711","36.24862289428711","5281","5281","5281"
"52849","34.72754669189453","34.72754669189453","34.72754669189453","5284","5284","5284"
"52859","35.155479431152344","35.155479431152344","35.155479431152344","5285","5285","5285"
"52879","34.40711212158203","34.40711212158203","34.40711212158203","5287","5287","5287"
"52949","27.059837341308594","27.059837341308594","27.059837341308594","5294","5294","5294"
"52969","37.51278305053711","37.51278305053711","37.51278305053711","5296","5296","5296"
"52979","37.12651443481445","37.12651443481445","37.12651443481445","5297","5297","5297"
"52999","37.79844284057617","37.79844284057617","37.79844284057617","5299","5299","5299"
"53029","43.175086975097656","43.175086975097656","43.175086975097656","5302","5302","5302"
"53049","33.160396575927734","33.160396575927734","33.160396575927734","5304","5304","5304"
"53139","45.94313430786133","45.94313430786133","45.94313430786133","5313","5313","5313"
"53159","29.509136199951172","29.509136199951172","29.509136199951172","5315","5315","5315"
"53189","61.410587310791016","61.410587310791016","61.410587310791016","5318","5318","5318"
"53229","36.975379943847656","36.975379943847656","36.975379943847656","5322","5322","5322"
"53279","26.21719741821289","26.21719741821289","26.21719741821289","5327","5327","5327"
"53299","40.602840423583984","40.602840423583984","40.602840423583984","5329","5329","5329"
"53319","46.78279113769531","46.78279113769531","46.78279113769531","5331","5331","5331"
"53329","34.31047058105469","34.31047058105469","34.31047058105469","5332","5332","5332"
"53339","39.72043991088867","39.72043991088867","39.72043991088867","5333","5333","5333"
"53349","24.32137107849121","24.32137107849121","24.32137107849121","5334","5334","5334"
"53359","34.66408920288086","34.66408920288086","34.66408920288086","5335","5335","5335"
"53369","30.235748291015625","30.235748291015625","30.235748291015625","5336","5336","5336"
"53409","38.828147888183594","38.828147888183594","38.828147888183594","5340","5340","5340"
"53429","35.975746154785156","35.975746154785156","35.975746154785156","5342","5342","5342"
"53439","30.253755569458008","30.253755569458008","30.253755569458008","5343","5343","5343"
"53469","50.38755798339844","50.38755798339844","50.38755798339844","5346","5346","5346"
"53489","39.175559997558594","39.175559997558594","39.175559997558594","5348","5348","5348"
"53499","35.538536071777344","35.538536071777344","35.538536071777344","5349","5349","5349"
"53559","38.304473876953125","38.304473876953125","38.304473876953125","5355","5355","5355"
"53569","33.495758056640625","33.495758056640625","33.495758056640625","5356","5356","5356"
"53589","36.07210159301758","36.07210159301758","36.07210159301758","5358","5358","5358"
"53609","71.30779266357422","71.30779266357422","71.30779266357422","5360","5360","5360"
"53619","45.912288665771484","45.912288665771484","45.912288665771484","5361","5361","5361"
"53699","42.303070068359375","42.303070068359375","42.303070068359375","5369","5369","5369"
"53769","45.044742584228516","45.044742584228516","45.044742584228516","5376","5376","5376"
"53799","42.131011962890625","42.131011962890625","42.131011962890625","5379","5379","5379"
"53829","33.50743865966797","33.50743865966797","33.50743865966797","5382","5382","5382"
"53839","58.04205322265625","58.04205322265625","58.04205322265625","5383","5383","5383"
"53849","49.94260025024414","49.94260025024414","49.94260025024414","5384","5384","5384"
"53889","32.99238586425781","32.99238586425781","32.99238586425781","5388","5388","5388"
"53899","55.63981246948242","55.63981246948242","55.63981246948242","5389","5389","5389"
"53909","39.98636245727539","39.98636245727539","39.98636245727539","5390","5390","5390"
"53929","34.29031753540039","34.29031753540039","34.29031753540039","5392","5392","5392"
"53949","44.59603500366211","44.59603500366211","44.59603500366211","5394","5394","5394"
"53959","53.842620849609375","53.842620849609375","53.842620849609375","5395","5395","5395"
"53969","127.87625122070312","127.87625122070312","127.87625122070312","5396","5396","5396"
"53989","33.86701965332031","33.86701965332031","33.86701965332031","5398","5398","5398"
"53999","40.205101013183594","40.205101013183594","40.205101013183594","5399","5399","5399"
"54019","34.940277099609375","34.940277099609375","34.940277099609375","5401","5401","5401"
"54039","38.252262115478516","38.252262115478516","38.252262115478516","5403","5403","5403"
"54059","35.84859848022461","35.84859848022461","35.84859848022461","5405","5405","5405"
"54069","38.508453369140625","38.508453369140625","38.508453369140625","5406","5406","5406"
"54129","45.16272735595703","45.16272735595703","45.16272735595703","5412","5412","5412"
"54169","50.250240325927734","50.250240325927734","50.250240325927734","5416","5416","5416"
"54199","79.9443588256836","79.9443588256836","79.9443588256836","5419","5419","5419"
"54219","34.678443908691406","34.678443908691406","34.678443908691406","5421","5421","5421"
"54239","33.944854736328125","33.944854736328125","33.944854736328125","5423","5423","5423"
"54279","47.795894622802734","47.795894622802734","47.795894622802734","5427","5427","5427"
"54289","36.028076171875","36.028076171875","36.028076171875","5428","5428","5428"
"54319","39.89506912231445","39.89506912231445","39.89506912231445","5431","5431","5431"
"54349","49.188453674316406","49.188453674316406","49.188453674316406","5434","5434","5434"
"54359","30.79435157775879","30.79435157775879","30.79435157775879","5435","5435","5435"
"54379","41.03727340698242","41.03727340698242","41.03727340698242","5437","5437","5437"
"54389","62.56330490112305","62.56330490112305","62.56330490112305","5438","5438","5438"
"54399","39.02349853515625","39.02349853515625","39.02349853515625","5439","5439","5439"
"54439","33.792484283447266","33.792484283447266","33.792484283447266","5443","5443","5443"
"54449","39.054840087890625","39.054840087890625","39.054840087890625","5444","5444","5444"
"54459","40.21379852294922","40.21379852294922","40.21379852294922","5445","5445","5445"
"54469","26.83385467529297","26.83385467529297","26.83385467529297","5446","5446","5446"
"54489","81.56825256347656","81.56825256347656","81.56825256347656","5448","5448","5448"
"54499","44.2489013671875","44.2489013671875","44.2489013671875","5449","5449","5449"
"54549","38.976139068603516","38.976139068603516","38.976139068603516","5454","5454","5454"
"54569","37.93382263183594","37.93382263183594","37.93382263183594","5456","5456","5456"
"54589","30.915786743164062","30.915786743164062","30.915786743164062","5458","5458","5458"
"54599","32.5516357421875","32.5516357421875","32.5516357421875","5459","5459","5459"
"54629","38.246578216552734","38.246578216552734","38.246578216552734","5462","5462","5462"
"54639","41.05127716064453","41.05127716064453","41.05127716064453","5463","5463","5463"
"54659","31.63274383544922","31.63274383544922","31.63274383544922","5465","5465","5465"
"54689","31.956153869628906","31.956153869628906","31.956153869628906","5468","5468","5468"
"54699","30.329988479614258","30.329988479614258","30.329988479614258","5469","5469","5469"
"54739","36.024253845214844","36.024253845214844","36.024253845214844","5473","5473","5473"
"54819","27.692630767822266","27.692630767822266","27.692630767822266","5481","5481","5481"
"54839","51.42066192626953","51.42066192626953","51.42066192626953","5483","5483","5483"
"54859","28.803333282470703","28.803333282470703","28.803333282470703","5485","5485","5485"
"54869","41.47380065917969","41.47380065917969","41.47380065917969","5486","5486","5486"
"54939","33.98311233520508","33.98311233520508","33.98311233520508","5493","5493","5493"
"54949","22.338237762451172","22.338237762451172","22.338237762451172","5494","5494","5494"
"54979","38.30607223510742","38.30607223510742","38.30607223510742","5497","5497","5497"
"54989","43.48128890991211","43.48128890991211","43.48128890991211","5498","5498","5498"
"55009","40.36901092529297","40.36901092529297","40.36901092529297","5500","5500","5500"
"55109","95.61126708984375","95.61126708984375","95.61126708984375","5510","5510","5510"
"55149","43.28819274902344","43.28819274902344","43.28819274902344","5514","5514","5514"
"55169","39.49171829223633","39.49171829223633","39.49171829223633","5516","5516","5516"
"55179","51.630306243896484","51.630306243896484","51.630306243896484","5517","5517","5517"
"55209","75.67424774169922","75.67424774169922","75.67424774169922","5520","5520","5520"
"55239","60.653587341308594","60.653587341308594","60.653587341308594","5523","5523","5523"
"55259","32.38370895385742","32.38370895385742","32.38370895385742","5525","5525","5525"
"55339","64.12492370605469","64.12492370605469","64.12492370605469","5533","5533","5533"
"55359","61.23296356201172","61.23296356201172","61.23296356201172","5535","5535","5535"
"55449","33.025150299072266","33.025150299072266","33.025150299072266","5544","5544","5544"
"55459","41.93708801269531","41.93708801269531","41.93708801269531","5545","5545","5545"
"55479","50.641883850097656","50.641883850097656","50.641883850097656","5547","5547","5547"
"55489","34.95916748046875","34.95916748046875","34.95916748046875","5548","5548","5548"
"55519","33.16583251953125","33.16583251953125","33.16583251953125","5551","5551","5551"
"55579","32.98808288574219","32.98808288574219","32.98808288574219","5557","5557","5557"
"55599","30.805133819580078","30.805133819580078","30.805133819580078","5559","5559","5559"
"55619","33.48458480834961","33.48458480834961","33.48458480834961","5561","5561","5561"
"55659","38.06084442138672","38.06084442138672","38.06084442138672","5565","5565","5565"
"55709","38.3715934753418","38.3715934753418","38.3715934753418","5570","5570","5570"
"55739","43.404685974121094","43.404685974121094","43.404685974121094","5573","5573","5573"
"55819","48.18574905395508","48.18574905395508","48.18574905395508","5581","5581","5581"
"55839","51.56806945800781","51.56806945800781","51.56806945800781","5583","5583","5583"
"55879","36.29078674316406","36.29078674316406","36.29078674316406","5587","5587","5587"
"55889","30.789241790771484","30.789241790771484","30.789241790771484","5588","5588","5588"
"55929","55.300445556640625","55.300445556640625","55.300445556640625","5592","5592","5592"
"55939","31.74685287475586","31.74685287475586","31.74685287475586","5593","5593","5593"
"55969","33.96488952636719","33.96488952636719","33.96488952636719","5596","5596","5596"
"55989","22.603395462036133","22.603395462036133","22.603395462036133","5598","5598","5598"
"56029","44.73755645751953","44.73755645751953","44.73755645751953","5602","5602","5602"
"56049","53.72918701171875","53.72918701171875","53.72918701171875","5604","5604","5604"
"56089","26.615612030029297","26.615612030029297","26.615612030029297","5608","5608","5608"
"56109","36.434871673583984","36.434871673583984","36.434871673583984","5610","5610","5610"
"56139","41.53106689453125","41.53106689453125","41.53106689453125","5613","5613","5613"
"56149","41.951416015625","41.951416015625","41.951416015625","5614","5614","5614"
"56169","30.53445053100586","30.53445053100586","30.53445053100586","5616","5616","5616"
"56179","31.57415008544922","31.57415008544922","31.57415008544922","5617","5617","5617"
"56189","44.782012939453125","44.782012939453125","44.782012939453125","5618","5618","5618"
"56209","34.25838851928711","34.25838851928711","34.25838851928711","5620","5620","5620"
"56219","31.569068908691406","31.569068908691406","31.569068908691406","5621","5621","5621"
"56259","73.6810302734375","73.6810302734375","73.6810302734375","5625","5625","5625"
"56289","56.15692138671875","56.15692138671875","56.15692138671875","5628","5628","5628"
"56299","32.97765350341797","32.97765350341797","32.97765350341797","5629","5629","5629"
"56339","40.88248825073242","40.88248825073242","40.88248825073242","5633","5633","5633"
"56349","26.44231414794922","26.44231414794922","26.44231414794922","5634","5634","5634"
"56409","43.85820388793945","43.85820388793945","43.85820388793945","5640","5640","5640"
"56429","25.678600311279297","25.678600311279297","25.678600311279297","5642","5642","5642"
"56449","36.88874816894531","36.88874816894531","36.88874816894531","5644","5644","5644"
"56459","38.9839973449707","38.9839973449707","38.9839973449707","5645","5645","5645"
"56479","45.5326042175293","45.5326042175293","45.5326042175293","5647","5647","5647"
"56489","37.95713424682617","37.95713424682617","37.95713424682617","5648","5648","5648"
"56519","32.50969314575195","32.50969314575195","32.50969314575195","5651","5651","5651"
"56539","60.81572723388672","60.81572723388672","60.81572723388672","5653","5653","5653"
"56589","42.63964080810547","42.63964080810547","42.63964080810547","5658","5658","5658"
"56599","27.85905647277832","27.85905647277832","27.85905647277832","5659","5659","5659"
"56619","27.33997344970703","27.33997344970703","27.33997344970703","5661","5661","5661"
"56629","46.512847900390625","46.512847900390625","46.512847900390625","5662","5662","5662"
"56639","32.42913055419922","32.42913055419922","32.42913055419922","5663","5663","5663"
"56649","28.57845687866211","28.57845687866211","28.57845687866211","5664","5664","5664"
"56669","35.16421890258789","35.16421890258789","35.16421890258789","5666","5666","5666"
"56709","27.634992599487305","27.634992599487305","27.634992599487305","5670","5670","5670"
"56749","41.43069839477539","41.43069839477539","41.43069839477539","5674","5674","5674"
"56819","26.261444091796875","26.261444091796875","26.261444091796875","5681","5681","5681"
"56839","50.21763229370117","50.21763229370117","50.21763229370117","5683","5683","5683"
"56859","43.5662841796875","43.5662841796875","43.5662841796875","5685","5685","5685"
"56919","42.57905578613281","42.57905578613281","42.57905578613281","5691","5691","5691"
"56949","28.889863967895508","28.889863967895508","28.889863967895508","5694","5694","5694"
"57019","80.91533660888672","80.91533660888672","80.91533660888672","5701","5701","5701"
"57049","33.429962158203125","33.429962158203125","33.429962158203125","5704","5704","5704"
"57069","37.088199615478516","37.088199615478516","37.088199615478516","5706","5706","5706"
"57089","54.930152893066406","54.930152893066406","54.930152893066406","5708","5708","5708"
"57109","36.26423645019531","36.26423645019531","36.26423645019531","5710","5710","5710"
"57149","40.25244903564453","40.25244903564453","40.25244903564453","5714","5714","5714"
"57219","30.26287841796875","30.26287841796875","30.26287841796875","5721","5721","5721"
"57279","41.548553466796875","41.548553466796875","41.548553466796875","5727","5727","5727"
"57339","78.05309295654297","78.05309295654297","78.05309295654297","5733","5733","5733"
"57359","27.37507438659668","27.37507438659668","27.37507438659668","5735","5735","5735"
"57419","44.641632080078125","44.641632080078125","44.641632080078125","5741","5741","5741"
"57449","31.043533325195312","31.043533325195312","31.043533325195312","5744","5744","5744"
"57479","35.07451629638672","35.07451629638672","35.07451629638672","5747","5747","5747"
"57519","35.18537521362305","35.18537521362305","35.18537521362305","5751","5751","5751"
"57529","29.097270965576172","29.097270965576172","29.097270965576172","5752","5752","5752"
"57539","39.76006317138672","39.76006317138672","39.76006317138672","5753","5753","5753"
"57559","44.32964324951172","44.32964324951172","44.32964324951172","5755","5755","5755"
"57569","25.466989517211914","25.466989517211914","25.466989517211914","5756","5756","5756"
"57579","46.670082092285156","46.670082092285156","46.670082092285156","5757","5757","5757"
"57609","26.047761917114258","26.047761917114258","26.047761917114258","5760","5760","5760"
"57619","50.36135482788086","50.36135482788086","50.36135482788086","5761","5761","5761"
"57649","47.750816345214844","47.750816345214844","47.750816345214844","5764","5764","5764"
"57659","51.37083435058594","51.37083435058594","51.37083435058594","5765","5765","5765"
"57699","58.327232360839844","58.327232360839844","58.327232360839844","5769","5769","5769"
"57729","40.867713928222656","40.867713928222656","40.867713928222656","5772","5772","5772"
"57739","29.29677391052246","29.29677391052246","29.29677391052246","5773","5773","5773"
"57769","72.51202392578125","72.51202392578125","72.51202392578125","5776","5776","5776"
"57779","35.622650146484375","35.622650146484375","35.622650146484375","5777","5777","5777"
"57789","35.0350341796875","35.0350341796875","35.0350341796875","5778","5778","5778"
"57859","30.959232330322266","30.959232330322266","30.959232330322266","5785","5785","5785"
"57959","41.76213455200195","41.76213455200195","41.76213455200195","5795","5795","5795"
"57969","30.877756118774414","30.877756118774414","30.877756118774414","5796","5796","5796"
"57979","47.742618560791016","47.742618560791016","47.742618560791016","5797","5797","5797"
"58009","46.19474792480469","46.19474792480469","46.19474792480469","5800","5800","5800"
"58019","29.088790893554688","29.088790893554688","29.088790893554688","5801","5801","5801"
"58029","35.40732955932617","35.40732955932617","35.40732955932617","5802","5802","5802"
"58049","61.33039855957031","61.33039855957031","61.33039855957031","5804","5804","5804"
"58079","39.18273162841797","39.18273162841797","39.18273162841797","5807","5807","5807"
"58089","42.82305908203125","42.82305908203125","42.82305908203125","5808","5808","5808"
"58179","41.09288787841797","41.09288787841797","41.09288787841797","5817","5817","5817"
"58189","33.437843322753906","33.437843322753906","33.437843322753906","5818","5818","5818"
"58199","89.2386474609375","89.2386474609375","89.2386474609375","5819","5819","5819"
"58219","50.00042724609375","50.00042724609375","50.00042724609375","5821","5821","5821"
"58229","36.90896224975586","36.90896224975586","36.90896224975586","5822","5822","5822"
"58249","32.66595458984375","32.66595458984375","32.66595458984375","5824","5824","5824"
"58309","26.16278076171875","26.16278076171875","26.16278076171875","5830","5830","5830"
"58319","49.674903869628906","49.674903869628906","49.674903869628906","5831","5831","5831"
"58339","36.282379150390625","36.282379150390625","36.282379150390625","5833","5833","5833"
"58359","34.74444580078125","34.74444580078125","34.74444580078125","5835","5835","5835"
"58369","41.362327575683594","41.362327575683594","41.362327575683594","5836","5836","5836"
"58409","56.33464050292969","56.33464050292969","56.33464050292969","5840","5840","5840"
"58469","37.03110122680664","37.03110122680664","37.03110122680664","5846","5846","5846"
"58479","32.906639099121094","32.906639099121094","32.906639099121094","5847","5847","5847"
"58489","25.123132705688477","25.123132705688477","25.123132705688477","5848","5848","5848"
"58509","32.90756607055664","32.90756607055664","32.90756607055664","5850","5850","5850"
"58529","26.18124008178711","26.18124008178711","26.18124008178711","5852","5852","5852"
"58559","50.02412033081055","50.02412033081055","50.02412033081055","5855","5855","5855"
"58569","33.09980392456055","33.09980392456055","33.09980392456055","5856","5856","5856"
"58599","39.0046272277832","39.0046272277832","39.0046272277832","5859","5859","5859"
"58629","32.538936614990234","32.538936614990234","32.538936614990234","5862","5862","5862"
"58639","56.30160903930664","56.30160903930664","56.30160903930664","5863","5863","5863"
"58649","34.71537780761719","34.71537780761719","34.71537780761719","5864","5864","5864"
"58679","32.13919448852539","32.13919448852539","32.13919448852539","5867","5867","5867"
"58699","33.025535583496094","33.025535583496094","33.025535583496094","5869","5869","5869"
"58749","35.94831848144531","35.94831848144531","35.94831848144531","5874","5874","5874"
"58759","33.03089141845703","33.03089141845703","33.03089141845703","5875","5875","5875"
"58769","35.27477264404297","35.27477264404297","35.27477264404297","5876","5876","5876"
"58799","62.32848358154297","62.32848358154297","62.32848358154297","5879","5879","5879"
"58819","34.99891662597656","34.99891662597656","34.99891662597656","5881","5881","5881"
"58839","33.15100860595703","33.15100860595703","33.15100860595703","5883","5883","5883"
"58869","39.73905944824219","39.73905944824219","39.73905944824219","5886","5886","5886"
"58899","64.46561431884766","64.46561431884766","64.46561431884766","5889","5889","5889"
"58909","49.70063400268555","49.70063400268555","49.70063400268555","5890","5890","5890"
"58959","33.1205940246582","33.1205940246582","33.1205940246582","5895","5895","5895"
"59019","48.050655364990234","48.050655364990234","48.050655364990234","5901","5901","5901"
"59049","36.207557678222656","36.207557678222656","36.207557678222656","5904","5904","5904"
"59089","38.46989440917969","38.46989440917969","38.46989440917969","5908","5908","5908"
"59099","33.48625564575195","33.48625564575195","33.48625564575195","5909","5909","5909"
"59109","27.97274398803711","27.97274398803711","27.97274398803711","5910","5910","5910"
"59139","46.207374572753906","46.207374572753906","46.207374572753906","5913","5913","5913"
"59159","38.47172164916992","38.47172164916992","38.47172164916992","5915","5915","5915"
"59199","33.5394172668457","33.5394172668457","33.5394172668457","5919","5919","5919"
"59209","47.1693115234375","47.1693115234375","47.1693115234375","5920","5920","5920"
"59219","66.85245513916016","66.85245513916016","66.85245513916016","5921","5921","5921"
"59229","48.884830474853516","48.884830474853516","48.884830474853516","5922","5922","5922"
"59279","44.92478561401367","44.92478561401367","44.92478561401367","5927","5927","5927"
"59309","33.09336853027344","33.09336853027344","33.09336853027344","5930","5930","5930"
"59339","48.74449920654297","48.74449920654297","48.74449920654297","5933","5933","5933"
"59369","34.286094665527344","34.286094665527344","34.286094665527344","5936","5936","5936"
"59379","103.44348907470703","103.44348907470703","103.44348907470703","5937","5937","5937"
"59409","36.34144592285156","36.34144592285156","36.34144592285156","5940","5940","5940"
"59419","30.62570571899414","30.62570571899414","30.62570571899414","5941","5941","5941"
"59429","27.97798728942871","27.97798728942871","27.97798728942871","5942","5942","5942"
"59449","37.1770133972168","37.1770133972168","37.1770133972168","5944","5944","5944"
"59459","29.30125617980957","29.30125617980957","29.30125617980957","5945","5945","5945"
"59469","29.145946502685547","29.145946502685547","29.145946502685547","5946","5946","5946"
"59479","41.20050048828125","41.20050048828125","41.20050048828125","5947","5947","5947"
"59509","32.11993408203125","32.11993408203125","32.11993408203125","5950","5950","5950"
"59529","38.13668441772461","38.13668441772461","38.13668441772461","5952","5952","5952"
"59549","42.594539642333984","42.594539642333984","42.594539642333984","5954","5954","5954"
"59559","37.43516159057617","37.43516159057617","37.43516159057617","5955","5955","5955"
"59569","33.77290344238281","33.77290344238281","33.77290344238281","5956","5956","5956"
"59599","42.63787078857422","42.63787078857422","42.63787078857422","5959","5959","5959"
"59609","33.36616516113281","33.36616516113281","33.36616516113281","5960","5960","5960"
"59619","33.871524810791016","33.871524810791016","33.871524810791016","5961","5961","5961"
"59669","41.1525764465332","41.1525764465332","41.1525764465332","5966","5966","5966"
"59689","25.495037078857422","25.495037078857422","25.495037078857422","5968","5968","5968"
"59699","36.55936813354492","36.55936813354492","36.55936813354492","5969","5969","5969"
"59719","56.907020568847656","56.907020568847656","56.907020568847656","5971","5971","5971"
"59729","56.70145797729492","56.70145797729492","56.70145797729492","5972","5972","5972"
"59759","34.369720458984375","34.369720458984375","34.369720458984375","5975","5975","5975"
"59779","45.346771240234375","45.346771240234375","45.346771240234375","5977","5977","5977"
"59789","38.3266716003418","38.3266716003418","38.3266716003418","5978","5978","5978"
"59799","32.208499908447266","32.208499908447266","32.208499908447266","5979","5979","5979"
"59809","29.46449851989746","29.46449851989746","29.46449851989746","5980","5980","5980"
"59969","31.52475357055664","31.52475357055664","31.52475357055664","5996","5996","5996"
"59999","58.026878356933594","58.026878356933594","58.026878356933594","5999","5999","5999"
"60009","46.86066818237305","46.86066818237305","46.86066818237305","6000","6000","6000"
"60079","39.512630462646484","39.512630462646484","39.512630462646484","6007","6007","6007"
"60099","38.074222564697266","38.074222564697266","38.074222564697266","6009","6009","6009"
"60119","34.79066467285156","34.79066467285156","34.79066467285156","6011","6011","6011"
"60189","28.882164001464844","28.882164001464844","28.882164001464844","6018","6018","6018"
"60219","30.30457305908203","30.30457305908203","30.30457305908203","6021","6021","6021"
"60229","50.39955139160156","50.39955139160156","50.39955139160156","6022","6022","6022"
"60239","48.695037841796875","48.695037841796875","48.695037841796875","6023","6023","6023"
"60249","26.733768463134766","26.733768463134766","26.733768463134766","6024","6024","6024"
"60269","29.101539611816406","29.101539611816406","29.101539611816406","6026","6026","6026"
"60289","35.41426467895508","35.41426467895508","35.41426467895508","6028","6028","6028"
"60319","32.96782302856445","32.96782302856445","32.96782302856445","6031","6031","6031"
"60329","50.92087936401367","50.92087936401367","50.92087936401367","6032","6032","6032"
"60429","30.841304779052734","30.841304779052734","30.841304779052734","6042","6042","6042"
"60439","30.968351364135742","30.968351364135742","30.968351364135742","6043","6043","6043"
"60549","36.9216423034668","36.9216423034668","36.9216423034668","6054","6054","6054"
"60579","31.8630428314209","31.8630428314209","31.8630428314209","6057","6057","6057"
"60599","30.10773468017578","30.10773468017578","30.10773468017578","6059","6059","6059"
"60609","29.423006057739258","29.423006057739258","29.423006057739258","6060","6060","6060"
"60639","31.67372703552246","31.67372703552246","31.67372703552246","6063","6063","6063"
"60689","26.45842170715332","26.45842170715332","26.45842170715332","6068","6068","6068"
"60709","40.351463317871094","40.351463317871094","40.351463317871094","6070","6070","6070"
"60769","28.68421745300293","28.68421745300293","28.68421745300293","6076","6076","6076"
"60779","52.4017333984375","52.4017333984375","52.4017333984375","6077","6077","6077"
"60789","27.903305053710938","27.903305053710938","27.903305053710938","6078","6078","6078"
"60799","43.83814239501953","43.83814239501953","43.83814239501953","6079","6079","6079"
"60829","42.913055419921875","42.913055419921875","42.913055419921875","6082","6082","6082"
"60869","36.937904357910156","36.937904357910156","36.937904357910156","6086","6086","6086"
"60879","35.16462707519531","35.16462707519531","35.16462707519531","6087","6087","6087"
"60899","30.416595458984375","30.416595458984375","30.416595458984375","6089","6089","6089"
"60969","51.3568229675293","51.3568229675293","51.3568229675293","6096","6096","6096"
"61019","28.143901824951172","28.143901824951172","28.143901824951172","6101","6101","6101"
"61039","41.357242584228516","41.357242584228516","41.357242584228516","6103","6103","6103"
"61049","43.54536056518555","43.54536056518555","43.54536056518555","6104","6104","6104"
"61069","33.7681884765625","33.7681884765625","33.7681884765625","6106","6106","6106"
"61149","44.16389846801758","44.16389846801758","44.16389846801758","6114","6114","6114"
"61159","33.436988830566406","33.436988830566406","33.436988830566406","6115","6115","6115"
"61179","53.57632827758789","53.57632827758789","53.57632827758789","6117","6117","6117"
"61209","39.23103332519531","39.23103332519531","39.23103332519531","6120","6120","6120"
"61259","45.490196228027344","45.490196228027344","45.490196228027344","6125","6125","6125"
"61339","40.38335037231445","40.38335037231445","40.38335037231445","6133","6133","6133"
"61349","32.27076721191406","32.27076721191406","32.27076721191406","6134","6134","6134"
"61379","26.36058235168457","26.36058235168457","26.36058235168457","6137","6137","6137"
"61399","32.289649963378906","32.289649963378906","32.289649963378906","6139","6139","6139"
"61429","30.471359252929688","30.471359252929688","30.471359252929688","6142","6142","6142"
"61439","56.902618408203125","56.902618408203125","56.902618408203125","6143","6143","6143"
"61469","36.5797119140625","36.5797119140625","36.5797119140625","6146","6146","6146"
"61479","26.54517936706543","26.54517936706543","26.54517936706543","6147","6147","6147"
"61509","28.4449462890625","28.4449462890625","28.4449462890625","6150","6150","6150"
"61519","35.39786148071289","35.39786148071289","35.39786148071289","6151","6151","6151"
"61529","27.82720375061035","27.82720375061035","27.82720375061035","6152","6152","6152"
"61709","32.7833251953125","32.7833251953125","32.7833251953125","6170","6170","6170"
"61799","25.852170944213867","25.852170944213867","25.852170944213867","6179","6179","6179"
"61829","28.77857208251953","28.77857208251953","28.77857208251953","6182","6182","6182"
"61839","31.6519832611084","31.6519832611084","31.6519832611084","6183","6183","6183"
"61869","38.82103729248047","38.82103729248047","38.82103729248047","6186","6186","6186"
"61879","37.314823150634766","37.314823150634766","37.314823150634766","6187","6187","6187"
"61899","25.031890869140625","25.031890869140625","25.031890869140625","6189","6189","6189"
"61929","41.27288818359375","41.27288818359375","41.27288818359375","6192","6192","6192"
"61939","44.313926696777344","44.313926696777344","44.313926696777344","6193","6193","6193"
"61969","34.35364532470703","34.35364532470703","34.35364532470703","6196","6196","6196"
"62009","33.67148971557617","33.67148971557617","33.67148971557617","6200","6200","6200"
"62019","31.277036666870117","31.277036666870117","31.277036666870117","6201","6201","6201"
"62029","29.579198837280273","29.579198837280273","29.579198837280273","6202","6202","6202"
"62059","35.17914581298828","35.17914581298828","35.17914581298828","6205","6205","6205"
"62069","110.7040023803711","110.7040023803711","110.7040023803711","6206","6206","6206"
"62079","26.0493221282959","26.0493221282959","26.0493221282959","6207","6207","6207"
"62089","45.840553283691406","45.840553283691406","45.840553283691406","6208","6208","6208"
"62119","31.899425506591797","31.899425506591797","31.899425506591797","6211","6211","6211"
"62129","42.282894134521484","42.282894134521484","42.282894134521484","6212","6212","6212"
"62149","40.08338165283203","40.08338165283203","40.08338165283203","6214","6214","6214"
"62169","43.37007522583008","43.37007522583008","43.37007522583008","6216","6216","6216"
"62189","35.118553161621094","35.118553161621094","35.118553161621094","6218","6218","6218"
"62199","33.23719787597656","33.23719787597656","33.23719787597656","6219","6219","6219"
"62219","61.170562744140625","61.170562744140625","61.170562744140625","6221","6221","6221"
"62259","32.169918060302734","32.169918060302734","32.169918060302734","6225","6225","6225"
"62319","31.4038028717041","31.4038028717041","31.4038028717041","6231","6231","6231"
"62329","33.902488708496094","33.902488708496094","33.902488708496094","6232","6232","6232"
"62369","40.69865417480469","40.69865417480469","40.69865417480469","6236","6236","6236"
"62409","42.079681396484375","42.079681396484375","42.079681396484375","6240","6240","6240"
"62419","30.481218338012695","30.481218338012695","30.481218338012695","6241","6241","6241"
"62439","30.39105224609375","30.39105224609375","30.39105224609375","6243","6243","6243"
"62459","34.77335739135742","34.77335739135742","34.77335739135742","6245","6245","6245"
"62499","33.494300842285156","33.494300842285156","33.494300842285156","6249","6249","6249"
"62589","27.96339225769043","27.96339225769043","27.96339225769043","6258","6258","6258"
"62599","33.39202117919922","33.39202117919922","33.39202117919922","6259","6259","6259"
"62619","33.23371887207031","33.23371887207031","33.23371887207031","6261","6261","6261"
"62659","29.875240325927734","29.875240325927734","29.875240325927734","6265","6265","6265"
"62689","34.48589324951172","34.48589324951172","34.48589324951172","6268","6268","6268"
"62699","32.841636657714844","32.841636657714844","32.841636657714844","6269","6269","6269"
"62709","36.142391204833984","36.142391204833984","36.142391204833984","6270","6270","6270"
"62769","41.004295349121094","41.004295349121094","41.004295349121094","6276","6276","6276"
"62809","32.1522331237793","32.1522331237793","32.1522331237793","6280","6280","6280"
"62819","41.70469284057617","41.70469284057617","41.70469284057617","6281","6281","6281"
"62829","48.08606719970703","48.08606719970703","48.08606719970703","6282","6282","6282"
"62849","38.69938278198242","38.69938278198242","38.69938278198242","6284","6284","6284"
"62899","50.20756530761719","50.20756530761719","50.20756530761719","6289","6289","6289"
"62919","33.55177307128906","33.55177307128906","33.55177307128906","6291","6291","6291"
"62939","32.219661712646484","32.219661712646484","32.219661712646484","6293","6293","6293"
"62959","69.0518569946289","69.0518569946289","69.0518569946289","6295","6295","6295"
"62979","62.575748443603516","62.575748443603516","62.575748443603516","6297","6297","6297"
"63059","32.21998977661133","32.21998977661133","32.21998977661133","6305","6305","6305"
"63069","29.425209045410156","29.425209045410156","29.425209045410156","6306","6306","6306"
"63079","74.16850280761719","74.16850280761719","74.16850280761719","6307","6307","6307"
"63099","29.650264739990234","29.650264739990234","29.650264739990234","6309","6309","6309"
"63109","49.078155517578125","49.078155517578125","49.078155517578125","6310","6310","6310"
"63129","38.18301773071289","38.18301773071289","38.18301773071289","6312","6312","6312"
"63169","42.765106201171875","42.765106201171875","42.765106201171875","6316","6316","6316"
"63189","41.58442687988281","41.58442687988281","41.58442687988281","6318","6318","6318"
"63229","31.616016387939453","31.616016387939453","31.616016387939453","6322","6322","6322"
"63289","43.833980560302734","43.833980560302734","43.833980560302734","6328","6328","6328"
"63349","46.70945358276367","46.70945358276367","46.70945358276367","6334","6334","6334"
"63379","48.113304138183594","48.113304138183594","48.113304138183594","6337","6337","6337"
"63409","29.670066833496094","29.670066833496094","29.670066833496094","6340","6340","6340"
"63419","26.770347595214844","26.770347595214844","26.770347595214844","6341","6341","6341"
"63429","43.12858963012695","43.12858963012695","43.12858963012695","6342","6342","6342"
"63439","39.0601692199707","39.0601692199707","39.0601692199707","6343","6343","6343"
"63489","28.703754425048828","28.703754425048828","28.703754425048828","6348","6348","6348"
"63499","42.793251037597656","42.793251037597656","42.793251037597656","6349","6349","6349"
"63519","80.22854614257812","80.22854614257812","80.22854614257812","6351","6351","6351"
"63579","33.884517669677734","33.884517669677734","33.884517669677734","6357","6357","6357"
"63629","43.355655670166016","43.355655670166016","43.355655670166016","6362","6362","6362"
"63709","31.38589859008789","31.38589859008789","31.38589859008789","6370","6370","6370"
"63719","28.128019332885742","28.128019332885742","28.128019332885742","6371","6371","6371"
"63789","26.59237289428711","26.59237289428711","26.59237289428711","6378","6378","6378"
"63809","38.51633071899414","38.51633071899414","38.51633071899414","6380","6380","6380"
"63829","56.808677673339844","56.808677673339844","56.808677673339844","6382","6382","6382"
"63839","36.533817291259766","36.533817291259766","36.533817291259766","6383","6383","6383"
"63869","56.75756072998047","56.75756072998047","56.75756072998047","6386","6386","6386"
"63879","29.609954833984375","29.609954833984375","29.609954833984375","6387","6387","6387"
"63969","39.75687026977539","39.75687026977539","39.75687026977539","6396","6396","6396"
"64019","42.5152473449707","42.5152473449707","42.5152473449707","6401","6401","6401"
"64029","38.172630310058594","38.172630310058594","38.172630310058594","6402","6402","6402"
"64059","28.239761352539062","28.239761352539062","28.239761352539062","6405","6405","6405"
"64089","29.185012817382812","29.185012817382812","29.185012817382812","6408","6408","6408"
"64129","46.8717041015625","46.8717041015625","46.8717041015625","6412","6412","6412"
"64149","33.57291793823242","33.57291793823242","33.57291793823242","6414","6414","6414"
"64169","43.66865158081055","43.66865158081055","43.66865158081055","6416","6416","6416"
"64179","34.45940017700195","34.45940017700195","34.45940017700195","6417","6417","6417"
"64229","39.25181198120117","39.25181198120117","39.25181198120117","6422","6422","6422"
"64239","32.125186920166016","32.125186920166016","32.125186920166016","6423","6423","6423"
"64269","40.87354278564453","40.87354278564453","40.87354278564453","6426","6426","6426"
"64309","44.531768798828125","44.531768798828125","44.531768798828125","6430","6430","6430"
"64389","53.48524475097656","53.48524475097656","53.48524475097656","6438","6438","6438"
"64399","28.839435577392578","28.839435577392578","28.839435577392578","6439","6439","6439"
"64409","39.16879653930664","39.16879653930664","39.16879653930664","6440","6440","6440"
"64429","32.0956916809082","32.0956916809082","32.0956916809082","6442","6442","6442"
"64469","36.77824783325195","36.77824783325195","36.77824783325195","6446","6446","6446"
"64479","35.61611557006836","35.61611557006836","35.61611557006836","6447","6447","6447"
"64539","26.782196044921875","26.782196044921875","26.782196044921875","6453","6453","6453"
"64549","32.63529586791992","32.63529586791992","32.63529586791992","6454","6454","6454"
"64559","34.216148376464844","34.216148376464844","34.216148376464844","6455","6455","6455"
"64599","43.034324645996094","43.034324645996094","43.034324645996094","6459","6459","6459"
"64659","29.389732360839844","29.389732360839844","29.389732360839844","6465","6465","6465"
"64689","33.774749755859375","33.774749755859375","33.774749755859375","6468","6468","6468"
"64699","42.64636993408203","42.64636993408203","42.64636993408203","6469","6469","6469"
"64709","43.692771911621094","43.692771911621094","43.692771911621094","6470","6470","6470"
"64719","26.52726173400879","26.52726173400879","26.52726173400879","6471","6471","6471"
"64739","103.5820541381836","103.5820541381836","103.5820541381836","6473","6473","6473"
"64749","30.133907318115234","30.133907318115234","30.133907318115234","6474","6474","6474"
"64779","24.70808219909668","24.70808219909668","24.70808219909668","6477","6477","6477"
"64809","29.04937171936035","29.04937171936035","29.04937171936035","6480","6480","6480"
"64849","27.30356788635254","27.30356788635254","27.30356788635254","6484","6484","6484"
"64869","26.961408615112305","26.961408615112305","26.961408615112305","6486","6486","6486"
"64909","30.619081497192383","30.619081497192383","30.619081497192383","6490","6490","6490"
"64929","72.32786560058594","72.32786560058594","72.32786560058594","6492","6492","6492"
"64949","28.23291778564453","28.23291778564453","28.23291778564453","6494","6494","6494"
"64959","30.8873291015625","30.8873291015625","30.8873291015625","6495","6495","6495"
"64969","34.126766204833984","34.126766204833984","34.126766204833984","6496","6496","6496"
"65059","28.650081634521484","28.650081634521484","28.650081634521484","6505","6505","6505"
"65079","24.294145584106445","24.294145584106445","24.294145584106445","6507","6507","6507"
"65109","35.167686462402344","35.167686462402344","35.167686462402344","6510","6510","6510"
"65119","47.5230712890625","47.5230712890625","47.5230712890625","6511","6511","6511"
"65149","43.2868766784668","43.2868766784668","43.2868766784668","6514","6514","6514"
"65159","28.61673355102539","28.61673355102539","28.61673355102539","6515","6515","6515"
"65189","33.594017028808594","33.594017028808594","33.594017028808594","6518","6518","6518"
"65209","44.32781982421875","44.32781982421875","44.32781982421875","6520","6520","6520"
"65229","39.50559997558594","39.50559997558594","39.50559997558594","6522","6522","6522"
"65259","41.84599304199219","41.84599304199219","41.84599304199219","6525","6525","6525"
"65269","34.751808166503906","34.751808166503906","34.751808166503906","6526","6526","6526"
"65289","34.375816345214844","34.375816345214844","34.375816345214844","6528","6528","6528"
"65309","34.79807662963867","34.79807662963867","34.79807662963867","6530","6530","6530"
"65349","33.905601501464844","33.905601501464844","33.905601501464844","6534","6534","6534"
"65359","32.83671569824219","32.83671569824219","32.83671569824219","6535","6535","6535"
"65369","39.6411247253418","39.6411247253418","39.6411247253418","6536","6536","6536"
"65379","38.32843780517578","38.32843780517578","38.32843780517578","6537","6537","6537"
"65389","23.095325469970703","23.095325469970703","23.095325469970703","6538","6538","6538"
"65399","30.07513999938965","30.07513999938965","30.07513999938965","6539","6539","6539"
"65429","34.10011291503906","34.10011291503906","34.10011291503906","6542","6542","6542"
"65449","51.44183349609375","51.44183349609375","51.44183349609375","6544","6544","6544"
"65459","31.240032196044922","31.240032196044922","31.240032196044922","6545","6545","6545"
"65519","27.327632904052734","27.327632904052734","27.327632904052734","6551","6551","6551"
"65529","36.99656295776367","36.99656295776367","36.99656295776367","6552","6552","6552"
"65559","28.7044734954834","28.7044734954834","28.7044734954834","6555","6555","6555"
"65569","27.189977645874023","27.189977645874023","27.189977645874023","6556","6556","6556"
"65579","42.9007568359375","42.9007568359375","42.9007568359375","6557","6557","6557"
"65629","49.796791076660156","49.796791076660156","49.796791076660156","6562","6562","6562"
"65659","43.69573974609375","43.69573974609375","43.69573974609375","6565","6565","6565"
"65689","26.73977279663086","26.73977279663086","26.73977279663086","6568","6568","6568"
"65709","55.74177169799805","55.74177169799805","55.74177169799805","6570","6570","6570"
"65759","30.34536361694336","30.34536361694336","30.34536361694336","6575","6575","6575"
"65789","28.543773651123047","28.543773651123047","28.543773651123047","6578","6578","6578"
"65799","32.572654724121094","32.572654724121094","32.572654724121094","6579","6579","6579"
"65809","37.142738342285156","37.142738342285156","37.142738342285156","6580","6580","6580"
"65829","24.166976928710938","24.166976928710938","24.166976928710938","6582","6582","6582"
"65839","30.684663772583008","30.684663772583008","30.684663772583008","6583","6583","6583"
"65849","34.37555694580078","34.37555694580078","34.37555694580078","6584","6584","6584"
"65859","32.37856674194336","32.37856674194336","32.37856674194336","6585","6585","6585"
"65869","35.07731628417969","35.07731628417969","35.07731628417969","6586","6586","6586"
"65899","29.385114669799805","29.385114669799805","29.385114669799805","6589","6589","6589"
"65909","30.711502075195312","30.711502075195312","30.711502075195312","6590","6590","6590"
"65959","29.49365997314453","29.49365997314453","29.49365997314453","6595","6595","6595"
"65979","45.09501647949219","45.09501647949219","45.09501647949219","6597","6597","6597"
"66009","32.83180236816406","32.83180236816406","32.83180236816406","6600","6600","6600"
"66029","37.30502700805664","37.30502700805664","37.30502700805664","6602","6602","6602"
"66039","36.8572998046875","36.8572998046875","36.8572998046875","6603","6603","6603"
"66069","32.32905197143555","32.32905197143555","32.32905197143555","6606","6606","6606"
"66099","30.28717041015625","30.28717041015625","30.28717041015625","6609","6609","6609"
"66109","25.682979583740234","25.682979583740234","25.682979583740234","6610","6610","6610"
"66119","25.926006317138672","25.926006317138672","25.926006317138672","6611","6611","6611"
"66219","50.621849060058594","50.621849060058594","50.621849060058594","6621","6621","6621"
"66239","22.275602340698242","22.275602340698242","22.275602340698242","6623","6623","6623"
"66259","31.823230743408203","31.823230743408203","31.823230743408203","6625","6625","6625"
"66269","56.11030578613281","56.11030578613281","56.11030578613281","6626","6626","6626"
"66279","34.035926818847656","34.035926818847656","34.035926818847656","6627","6627","6627"
"66309","28.685556411743164","28.685556411743164","28.685556411743164","6630","6630","6630"
"66339","24.73059844970703","24.73059844970703","24.73059844970703","6633","6633","6633"
"66379","29.177032470703125","29.177032470703125","29.177032470703125","6637","6637","6637"
"66389","22.619733810424805","22.619733810424805","22.619733810424805","6638","6638","6638"
"66439","40.100337982177734","40.100337982177734","40.100337982177734","6643","6643","6643"
"66449","39.71927261352539","39.71927261352539","39.71927261352539","6644","6644","6644"
"66459","32.73265838623047","32.73265838623047","32.73265838623047","6645","6645","6645"
"66509","33.8398323059082","33.8398323059082","33.8398323059082","6650","6650","6650"
"66519","28.753448486328125","28.753448486328125","28.753448486328125","6651","6651","6651"
"66559","33.44587326049805","33.44587326049805","33.44587326049805","6655","6655","6655"
"66569","33.69969940185547","33.69969940185547","33.69969940185547","6656","6656","6656"
"66599","199.05064392089844","199.05064392089844","199.05064392089844","6659","6659","6659"
"66619","28.92606544494629","28.92606544494629","28.92606544494629","6661","6661","6661"
"66639","29.75540542602539","29.75540542602539","29.75540542602539","6663","6663","6663"
"66649","33.80134963989258","33.80134963989258","33.80134963989258","6664","6664","6664"
"66709","29.92070770263672","29.92070770263672","29.92070770263672","6670","6670","6670"
"66729","51.007911682128906","51.007911682128906","51.007911682128906","6672","6672","6672"
"66739","47.34848403930664","47.34848403930664","47.34848403930664","6673","6673","6673"
"66769","24.735776901245117","24.735776901245117","24.735776901245117","6676","6676","6676"
"66789","50.64680099487305","50.64680099487305","50.64680099487305","6678","6678","6678"
"66809","41.35514831542969","41.35514831542969","41.35514831542969","6680","6680","6680"
"66819","30.744169235229492","30.744169235229492","30.744169235229492","6681","6681","6681"
"66849","43.90795135498047","43.90795135498047","43.90795135498047","6684","6684","6684"
"66859","25.547557830810547","25.547557830810547","25.547557830810547","6685","6685","6685"
"66889","35.76155090332031","35.76155090332031","35.76155090332031","6688","6688","6688"
"66919","54.205406188964844","54.205406188964844","54.205406188964844","6691","6691","6691"
"66929","25.426162719726562","25.426162719726562","25.426162719726562","6692","6692","6692"
"66939","39.20969009399414","39.20969009399414","39.20969009399414","6693","6693","6693"
"66949","29.403120040893555","29.403120040893555","29.403120040893555","6694","6694","6694"
"66959","38.915000915527344","38.915000915527344","38.915000915527344","6695","6695","6695"
"67009","38.21197509765625","38.21197509765625","38.21197509765625","6700","6700","6700"
"67069","38.65431594848633","38.65431594848633","38.65431594848633","6706","6706","6706"
"67099","43.193519592285156","43.193519592285156","43.193519592285156","6709","6709","6709"
"67119","45.065467834472656","45.065467834472656","45.065467834472656","6711","6711","6711"
"67149","36.29165267944336","36.29165267944336","36.29165267944336","6714","6714","6714"
"67159","29.470645904541016","29.470645904541016","29.470645904541016","6715","6715","6715"
"67169","26.1856689453125","26.1856689453125","26.1856689453125","6716","6716","6716"
"67179","36.45016860961914","36.45016860961914","36.45016860961914","6717","6717","6717"
"67189","33.021034240722656","33.021034240722656","33.021034240722656","6718","6718","6718"
"67199","36.312904357910156","36.312904357910156","36.312904357910156","6719","6719","6719"
"67229","32.613712310791016","32.613712310791016","32.613712310791016","6722","6722","6722"
"67279","26.443302154541016","26.443302154541016","26.443302154541016","6727","6727","6727"
"67299","27.086944580078125","27.086944580078125","27.086944580078125","6729","6729","6729"
"67339","35.98684310913086","35.98684310913086","35.98684310913086","6733","6733","6733"
"67369","36.569400787353516","36.569400787353516","36.569400787353516","6736","6736","6736"
"67379","33.20072937011719","33.20072937011719","33.20072937011719","6737","6737","6737"
"67429","41.49382781982422","41.49382781982422","41.49382781982422","6742","6742","6742"
"67439","24.30583953857422","24.30583953857422","24.30583953857422","6743","6743","6743"
"67479","45.365840911865234","45.365840911865234","45.365840911865234","6747","6747","6747"
"67499","41.09038162231445","41.09038162231445","41.09038162231445","6749","6749","6749"
"67569","40.256629943847656","40.256629943847656","40.256629943847656","6756","6756","6756"
"67599","46.032649993896484","46.032649993896484","46.032649993896484","6759","6759","6759"
"67629","46.301429748535156","46.301429748535156","46.301429748535156","6762","6762","6762"
"67639","42.96498489379883","42.96498489379883","42.96498489379883","6763","6763","6763"
"67669","28.231243133544922","28.231243133544922","28.231243133544922","6766","6766","6766"
"67679","27.992700576782227","27.992700576782227","27.992700576782227","6767","6767","6767"
"67759","34.457183837890625","34.457183837890625","34.457183837890625","6775","6775","6775"
"67769","35.56757736206055","35.56757736206055","35.56757736206055","6776","6776","6776"
"67789","27.617019653320312","27.617019653320312","27.617019653320312","6778","6778","6778"
"67809","34.864227294921875","34.864227294921875","34.864227294921875","6780","6780","6780"
"67829","35.85989761352539","35.85989761352539","35.85989761352539","6782","6782","6782"
"67839","44.287113189697266","44.287113189697266","44.287113189697266","6783","6783","6783"
"67869","39.43981170654297","39.43981170654297","39.43981170654297","6786","6786","6786"
"67899","28.118431091308594","28.118431091308594","28.118431091308594","6789","6789","6789"
"67929","46.9346923828125","46.9346923828125","46.9346923828125","6792","6792","6792"
"67949","40.30644226074219","40.30644226074219","40.30644226074219","6794","6794","6794"
"67979","33.11677932739258","33.11677932739258","33.11677932739258","6797","6797","6797"
"68009","36.901634216308594","36.901634216308594","36.901634216308594","6800","6800","6800"
"68039","31.15104103088379","31.15104103088379","31.15104103088379","6803","6803","6803"
"68059","26.7642765045166","26.7642765045166","26.7642765045166","6805","6805","6805"
"68099","56.252906799316406","56.252906799316406","56.252906799316406","6809","6809","6809"
"68119","27.474605560302734","27.474605560302734","27.474605560302734","6811","6811","6811"
"68159","31.976173400878906","31.976173400878906","31.976173400878906","6815","6815","6815"
"68199","32.233802795410156","32.233802795410156","32.233802795410156","6819","6819","6819"
"68219","51.00724411010742","51.00724411010742","51.00724411010742","6821","6821","6821"
"68239","32.202945709228516","32.202945709228516","32.202945709228516","6823","6823","6823"
"68269","25.522605895996094","25.522605895996094","25.522605895996094","6826","6826","6826"
"68279","32.309417724609375","32.309417724609375","32.309417724609375","6827","6827","6827"
"68289","39.0492057800293","39.0492057800293","39.0492057800293","6828","6828","6828"
"68299","36.91441345214844","36.91441345214844","36.91441345214844","6829","6829","6829"
"68309","27.7177677154541","27.7177677154541","27.7177677154541","6830","6830","6830"
"68329","30.6621150970459","30.6621150970459","30.6621150970459","6832","6832","6832"
"68349","22.28582763671875","22.28582763671875","22.28582763671875","6834","6834","6834"
"68369","39.70027160644531","39.70027160644531","39.70027160644531","6836","6836","6836"
"68449","27.103036880493164","27.103036880493164","27.103036880493164","6844","6844","6844"
"68459","31.509857177734375","31.509857177734375","31.509857177734375","6845","6845","6845"
"68509","32.3012809753418","32.3012809753418","32.3012809753418","6850","6850","6850"
"68559","83.06062316894531","83.06062316894531","83.06062316894531","6855","6855","6855"
"68609","32.596214294433594","32.596214294433594","32.596214294433594","6860","6860","6860"
"68679","65.09075927734375","65.09075927734375","65.09075927734375","6867","6867","6867"
"68689","30.673307418823242","30.673307418823242","30.673307418823242","6868","6868","6868"
"68699","34.75767517089844","34.75767517089844","34.75767517089844","6869","6869","6869"
"68739","33.11625671386719","33.11625671386719","33.11625671386719","6873","6873","6873"
"68749","35.08732604980469","35.08732604980469","35.08732604980469","6874","6874","6874"
"68759","41.41706466674805","41.41706466674805","41.41706466674805","6875","6875","6875"
"68819","39.87179946899414","39.87179946899414","39.87179946899414","6881","6881","6881"
"68829","35.486480712890625","35.486480712890625","35.486480712890625","6882","6882","6882"
"68859","32.83720016479492","32.83720016479492","32.83720016479492","6885","6885","6885"
"68869","41.579261779785156","41.579261779785156","41.579261779785156","6886","6886","6886"
"68949","26.106048583984375","26.106048583984375","26.106048583984375","6894","6894","6894"
"68959","25.978683471679688","25.978683471679688","25.978683471679688","6895","6895","6895"
"68989","50.08554458618164","50.08554458618164","50.08554458618164","6898","6898","6898"
"68999","31.134851455688477","31.134851455688477","31.134851455688477","6899","6899","6899"
"69009","29.104209899902344","29.104209899902344","29.104209899902344","6900","6900","6900"
"69029","32.14501190185547","32.14501190185547","32.14501190185547","6902","6902","6902"
"69059","42.567787170410156","42.567787170410156","42.567787170410156","6905","6905","6905"
"69069","30.110023498535156","30.110023498535156","30.110023498535156","6906","6906","6906"
"69109","33.6241455078125","33.6241455078125","33.6241455078125","6910","6910","6910"
"69129","38.12278747558594","38.12278747558594","38.12278747558594","6912","6912","6912"
"69149","36.37948989868164","36.37948989868164","36.37948989868164","6914","6914","6914"
"69169","25.190584182739258","25.190584182739258","25.190584182739258","6916","6916","6916"
"69199","35.75300216674805","35.75300216674805","35.75300216674805","6919","6919","6919"
"69209","34.96584701538086","34.96584701538086","34.96584701538086","6920","6920","6920"
"69219","26.899337768554688","26.899337768554688","26.899337768554688","6921","6921","6921"
"69249","39.798377990722656","39.798377990722656","39.798377990722656","6924","6924","6924"
"69319","31.809751510620117","31.809751510620117","31.809751510620117","6931","6931","6931"
"69349","40.12177658081055","40.12177658081055","40.12177658081055","6934","6934","6934"
"69359","37.7921142578125","37.7921142578125","37.7921142578125","6935","6935","6935"
"69369","33.95053482055664","33.95053482055664","33.95053482055664","6936","6936","6936"
"69399","25.362520217895508","25.362520217895508","25.362520217895508","6939","6939","6939"
"69439","37.41749572753906","37.41749572753906","37.41749572753906","6943","6943","6943"
"69449","28.038055419921875","28.038055419921875","28.038055419921875","6944","6944","6944"
"69469","49.51465606689453","49.51465606689453","49.51465606689453","6946","6946","6946"
"69479","33.17938995361328","33.17938995361328","33.17938995361328","6947","6947","6947"
"69509","28.2962703704834","28.2962703704834","28.2962703704834","6950","6950","6950"
"69559","48.13209533691406","48.13209533691406","48.13209533691406","6955","6955","6955"
"69589","29.415931701660156","29.415931701660156","29.415931701660156","6958","6958","6958"
"69619","31.39969825744629","31.39969825744629","31.39969825744629","6961","6961","6961"
"69659","30.013683319091797","30.013683319091797","30.013683319091797","6965","6965","6965"
"69669","24.977691650390625","24.977691650390625","24.977691650390625","6966","6966","6966"
"69689","84.00528717041016","84.00528717041016","84.00528717041016","6968","6968","6968"
"69719","27.542964935302734","27.542964935302734","27.542964935302734","6971","6971","6971"
"69739","33.40679168701172","33.40679168701172","33.40679168701172","6973","6973","6973"
"69759","37.04991149902344","37.04991149902344","37.04991149902344","6975","6975","6975"
"69809","39.596649169921875","39.596649169921875","39.596649169921875","6980","6980","6980"
"69849","28.90183448791504","28.90183448791504","28.90183448791504","6984","6984","6984"
"69859","28.57921028137207","28.57921028137207","28.57921028137207","6985","6985","6985"
"69879","31.796327590942383","31.796327590942383","31.796327590942383","6987","6987","6987"
"69889","25.11414337158203","25.11414337158203","25.11414337158203","6988","6988","6988"
"69899","41.801578521728516","41.801578521728516","41.801578521728516","6989","6989","6989"
"69909","32.9876708984375","32.9876708984375","32.9876708984375","6990","6990","6990"
"69949","34.24764633178711","34.24764633178711","34.24764633178711","6994","6994","6994"
"70029","34.860504150390625","34.860504150390625","34.860504150390625","7002","7002","7002"
"70039","37.62977981567383","37.62977981567383","37.62977981567383","7003","7003","7003"
"70049","40.344322204589844","40.344322204589844","40.344322204589844","7004","7004","7004"
"70059","38.435302734375","38.435302734375","38.435302734375","7005","7005","7005"
"70079","39.67281723022461","39.67281723022461","39.67281723022461","7007","7007","7007"
"70109","31.59039306640625","31.59039306640625","31.59039306640625","7010","7010","7010"
"70119","34.26177978515625","34.26177978515625","34.26177978515625","7011","7011","7011"
"70179","36.802024841308594","36.802024841308594","36.802024841308594","7017","7017","7017"
"70189","32.841064453125","32.841064453125","32.841064453125","7018","7018","7018"
"70229","40.51008987426758","40.51008987426758","40.51008987426758","7022","7022","7022"
"70259","32.1102409362793","32.1102409362793","32.1102409362793","7025","7025","7025"
"70299","26.40850067138672","26.40850067138672","26.40850067138672","7029","7029","7029"
"70379","45.40691375732422","45.40691375732422","45.40691375732422","7037","7037","7037"
"70409","30.250518798828125","30.250518798828125","30.250518798828125","7040","7040","7040"
"70419","30.318464279174805","30.318464279174805","30.318464279174805","7041","7041","7041"
"70489","42.480072021484375","42.480072021484375","42.480072021484375","7048","7048","7048"
"70519","39.423011779785156","39.423011779785156","39.423011779785156","7051","7051","7051"
"70569","35.500118255615234","35.500118255615234","35.500118255615234","7056","7056","7056"
"70599","28.811595916748047","28.811595916748047","28.811595916748047","7059","7059","7059"
"70619","38.81201171875","38.81201171875","38.81201171875","7061","7061","7061"
"70629","26.000059127807617","26.000059127807617","26.000059127807617","7062","7062","7062"
"70649","38.801578521728516","38.801578521728516","38.801578521728516","7064","7064","7064"
"70669","31.560945510864258","31.560945510864258","31.560945510864258","7066","7066","7066"
"70709","40.71600341796875","40.71600341796875","40.71600341796875","7070","7070","7070"
"70739","28.935657501220703","28.935657501220703","28.935657501220703","7073","7073","7073"
"70779","38.74034118652344","38.74034118652344","38.74034118652344","7077","7077","7077"
"70819","37.934234619140625","37.934234619140625","37.934234619140625","7081","7081","7081"
"70829","26.492656707763672","26.492656707763672","26.492656707763672","7082","7082","7082"
"70839","33.50682067871094","33.50682067871094","33.50682067871094","7083","7083","7083"
"70879","30.953075408935547","30.953075408935547","30.953075408935547","7087","7087","7087"
"70899","29.929073333740234","29.929073333740234","29.929073333740234","7089","7089","7089"
"70909","40.05576705932617","40.05576705932617","40.05576705932617","7090","7090","7090"
"70919","27.05941390991211","27.05941390991211","27.05941390991211","7091","7091","7091"
"70949","22.378955841064453","22.378955841064453","22.378955841064453","7094","7094","7094"
"70979","28.185665130615234","28.185665130615234","28.185665130615234","7097","7097","7097"
"71129","30.351152420043945","30.351152420043945","30.351152420043945","7112","7112","7112"
"71149","29.802743911743164","29.802743911743164","29.802743911743164","7114","7114","7114"
"71199","35.10102081298828","35.10102081298828","35.10102081298828","7119","7119","7119"
"71219","33.33001708984375","33.33001708984375","33.33001708984375","7121","7121","7121"
"71259","27.240808486938477","27.240808486938477","27.240808486938477","7125","7125","7125"
"71289","27.071819305419922","27.071819305419922","27.071819305419922","7128","7128","7128"
"71319","24.071821212768555","24.071821212768555","24.071821212768555","7131","7131","7131"
"71329","26.973634719848633","26.973634719848633","26.973634719848633","7132","7132","7132"
"71369","26.748144149780273","26.748144149780273","26.748144149780273","7136","7136","7136"
"71379","22.38603401184082","22.38603401184082","22.38603401184082","7137","7137","7137"
"71409","61.15277862548828","61.15277862548828","61.15277862548828","7140","7140","7140"
"71449","28.830612182617188","28.830612182617188","28.830612182617188","7144","7144","7144"
"71499","41.31675720214844","41.31675720214844","41.31675720214844","7149","7149","7149"
"71519","26.361825942993164","26.361825942993164","26.361825942993164","7151","7151","7151"
"71549","41.274658203125","41.274658203125","41.274658203125","7154","7154","7154"
"71599","29.229822158813477","29.229822158813477","29.229822158813477","7159","7159","7159"
"71609","40.657470703125","40.657470703125","40.657470703125","7160","7160","7160"
"71629","53.91111755371094","53.91111755371094","53.91111755371094","7162","7162","7162"
"71649","31.26636505126953","31.26636505126953","31.26636505126953","7164","7164","7164"
"71669","47.19679641723633","47.19679641723633","47.19679641723633","7166","7166","7166"
"71689","24.118133544921875","24.118133544921875","24.118133544921875","7168","7168","7168"
"71739","30.287033081054688","30.287033081054688","30.287033081054688","7173","7173","7173"
"71749","49.461639404296875","49.461639404296875","49.461639404296875","7174","7174","7174"
"71769","32.24773025512695","32.24773025512695","32.24773025512695","7176","7176","7176"
"71869","52.06398010253906","52.06398010253906","52.06398010253906","7186","7186","7186"
"71889","41.56599426269531","41.56599426269531","41.56599426269531","7188","7188","7188"
"71909","32.74120330810547","32.74120330810547","32.74120330810547","7190","7190","7190"
"71939","49.5476188659668","49.5476188659668","49.5476188659668","7193","7193","7193"
"71949","31.603511810302734","31.603511810302734","31.603511810302734","7194","7194","7194"
"71969","22.430814743041992","22.430814743041992","22.430814743041992","7196","7196","7196"
"71989","32.38268280029297","32.38268280029297","32.38268280029297","7198","7198","7198"
"72009","40.71690368652344","40.71690368652344","40.71690368652344","7200","7200","7200"
"72059","36.8786735534668","36.8786735534668","36.8786735534668","7205","7205","7205"
"72069","34.450584411621094","34.450584411621094","34.450584411621094","7206","7206","7206"
"72079","35.34038543701172","35.34038543701172","35.34038543701172","7207","7207","7207"
"72089","36.79718780517578","36.79718780517578","36.79718780517578","7208","7208","7208"
"72109","25.851070404052734","25.851070404052734","25.851070404052734","7210","7210","7210"
"72129","29.04328155517578","29.04328155517578","29.04328155517578","7212","7212","7212"
"72139","34.37104034423828","34.37104034423828","34.37104034423828","7213","7213","7213"
"72149","38.15021514892578","38.15021514892578","38.15021514892578","7214","7214","7214"
"72209","34.859901428222656","34.859901428222656","34.859901428222656","7220","7220","7220"
"72269","25.420793533325195","25.420793533325195","25.420793533325195","7226","7226","7226"
"72299","23.01006317138672","23.01006317138672","23.01006317138672","7229","7229","7229"
"72349","43.818214416503906","43.818214416503906","43.818214416503906","7234","7234","7234"
"72359","44.09394836425781","44.09394836425781","44.09394836425781","7235","7235","7235"
"72369","32.03878402709961","32.03878402709961","32.03878402709961","7236","7236","7236"
"72389","56.248130798339844","56.248130798339844","56.248130798339844","7238","7238","7238"
"72399","30.714860916137695","30.714860916137695","30.714860916137695","7239","7239","7239"
"72409","27.501285552978516","27.501285552978516","27.501285552978516","7240","7240","7240"
"72419","29.643661499023438","29.643661499023438","29.643661499023438","7241","7241","7241"
"72429","29.57121467590332","29.57121467590332","29.57121467590332","7242","7242","7242"
"72449","22.378814697265625","22.378814697265625","22.378814697265625","7244","7244","7244"
"72459","33.233070373535156","33.233070373535156","33.233070373535156","7245","7245","7245"
"72469","34.10084915161133","34.10084915161133","34.10084915161133","7246","7246","7246"
"72479","33.139984130859375","33.139984130859375","33.139984130859375","7247","7247","7247"
"72489","47.69857406616211","47.69857406616211","47.69857406616211","7248","7248","7248"
"72499","32.26942443847656","32.26942443847656","32.26942443847656","7249","7249","7249"
"72519","36.85986328125","36.85986328125","36.85986328125","7251","7251","7251"
"72549","33.6265869140625","33.6265869140625","33.6265869140625","7254","7254","7254"
"72609","26.258930206298828","26.258930206298828","26.258930206298828","7260","7260","7260"
"72639","29.058128356933594","29.058128356933594","29.058128356933594","7263","7263","7263"
"72649","38.826534271240234","38.826534271240234","38.826534271240234","7264","7264","7264"
"72659","41.352203369140625","41.352203369140625","41.352203369140625","7265","7265","7265"
"72689","26.361602783203125","26.361602783203125","26.361602783203125","7268","7268","7268"
"72699","36.50139236450195","36.50139236450195","36.50139236450195","7269","7269","7269"
"72749","29.782920837402344","29.782920837402344","29.782920837402344","7274","7274","7274"
"72759","26.896106719970703","26.896106719970703","26.896106719970703","7275","7275","7275"
"72779","25.95669937133789","25.95669937133789","25.95669937133789","7277","7277","7277"
"72789","38.44358825683594","38.44358825683594","38.44358825683594","7278","7278","7278"
"72799","27.69837188720703","27.69837188720703","27.69837188720703","7279","7279","7279"
"72809","28.584270477294922","28.584270477294922","28.584270477294922","7280","7280","7280"
"72859","32.77156448364258","32.77156448364258","32.77156448364258","7285","7285","7285"
"72869","30.797988891601562","30.797988891601562","30.797988891601562","7286","7286","7286"
"72909","24.900291442871094","24.900291442871094","24.900291442871094","7290","7290","7290"
"72929","30.295289993286133","30.295289993286133","30.295289993286133","7292","7292","7292"
"72939","72.97968292236328","72.97968292236328","72.97968292236328","7293","7293","7293"
"72959","36.388267517089844","36.388267517089844","36.388267517089844","7295","7295","7295"
"72969","39.654884338378906","39.654884338378906","39.654884338378906","7296","7296","7296"
"72989","26.835153579711914","26.835153579711914","26.835153579711914","7298","7298","7298"
"72999","36.72150421142578","36.72150421142578","36.72150421142578","7299","7299","7299"
"73019","30.728675842285156","30.728675842285156","30.728675842285156","7301","7301","7301"
"73049","28.767375946044922","28.767375946044922","28.767375946044922","7304","7304","7304"
"73089","35.2823371887207","35.2823371887207","35.2823371887207","7308","7308","7308"
"73109","35.446109771728516","35.446109771728516","35.446109771728516","7310","7310","7310"
"73159","32.79975128173828","32.79975128173828","32.79975128173828","7315","7315","7315"
"73259","26.111608505249023","26.111608505249023","26.111608505249023","7325","7325","7325"
"73289","26.319950103759766","26.319950103759766","26.319950103759766","7328","7328","7328"
"73299","43.493595123291016","43.493595123291016","43.493595123291016","7329","7329","7329"
"73309","57.3778076171875","57.3778076171875","57.3778076171875","7330","7330","7330"
"73329","27.435882568359375","27.435882568359375","27.435882568359375","7332","7332","7332"
"73409","29.499576568603516","29.499576568603516","29.499576568603516","7340","7340","7340"
"73449","25.245214462280273","25.245214462280273","25.245214462280273","7344","7344","7344"
"73459","32.233951568603516","32.233951568603516","32.233951568603516","7345","7345","7345"
"73479","48.317745208740234","48.317745208740234","48.317745208740234","7347","7347","7347"
"73499","42.18927001953125","42.18927001953125","42.18927001953125","7349","7349","7349"
"73559","34.55533981323242","34.55533981323242","34.55533981323242","7355","7355","7355"
"73579","29.72109031677246","29.72109031677246","29.72109031677246","7357","7357","7357"
"73589","27.71918487548828","27.71918487548828","27.71918487548828","7358","7358","7358"
"73619","37.26765823364258","37.26765823364258","37.26765823364258","7361","7361","7361"
"73649","29.86429214477539","29.86429214477539","29.86429214477539","7364","7364","7364"
"73659","42.88972473144531","42.88972473144531","42.88972473144531","7365","7365","7365"
"73679","31.191377639770508","31.191377639770508","31.191377639770508","7367","7367","7367"
"73739","28.790462493896484","28.790462493896484","28.790462493896484","7373","7373","7373"
"73789","40.41788864135742","40.41788864135742","40.41788864135742","7378","7378","7378"
"73819","29.23604965209961","29.23604965209961","29.23604965209961","7381","7381","7381"
"73839","36.89116287231445","36.89116287231445","36.89116287231445","7383","7383","7383"
"73849","60.184593200683594","60.184593200683594","60.184593200683594","7384","7384","7384"
"73899","40.409461975097656","40.409461975097656","40.409461975097656","7389","7389","7389"
"73909","34.9962158203125","34.9962158203125","34.9962158203125","7390","7390","7390"
"73919","27.25612449645996","27.25612449645996","27.25612449645996","7391","7391","7391"
"73979","39.22296905517578","39.22296905517578","39.22296905517578","7397","7397","7397"
"73999","33.24739456176758","33.24739456176758","33.24739456176758","7399","7399","7399"
"74009","24.4683837890625","24.4683837890625","24.4683837890625","7400","7400","7400"
"74039","35.873809814453125","35.873809814453125","35.873809814453125","7403","7403","7403"
"74079","30.910287857055664","30.910287857055664","30.910287857055664","7407","7407","7407"
"74109","24.46293830871582","24.46293830871582","24.46293830871582","7410","7410","7410"
"74139","29.01715087890625","29.01715087890625","29.01715087890625","7413","7413","7413"
"74159","36.846275329589844","36.846275329589844","36.846275329589844","7415","7415","7415"
"74169","23.77721405029297","23.77721405029297","23.77721405029297","7416","7416","7416"
"74179","40.52655792236328","40.52655792236328","40.52655792236328","7417","7417","7417"
"74199","24.394813537597656","24.394813537597656","24.394813537597656","7419","7419","7419"
"74229","28.887996673583984","28.887996673583984","28.887996673583984","7422","7422","7422"
"74289","29.12088966369629","29.12088966369629","29.12088966369629","7428","7428","7428"
"74299","35.0244140625","35.0244140625","35.0244140625","7429","7429","7429"
"74309","37.82542419433594","37.82542419433594","37.82542419433594","7430","7430","7430"
"74319","32.69526672363281","32.69526672363281","32.69526672363281","7431","7431","7431"
"74339","44.0661506652832","44.0661506652832","44.0661506652832","7433","7433","7433"
"74349","48.35995101928711","48.35995101928711","48.35995101928711","7434","7434","7434"
"74359","29.649080276489258","29.649080276489258","29.649080276489258","7435","7435","7435"
"74379","51.906959533691406","51.906959533691406","51.906959533691406","7437","7437","7437"
"74409","33.49089050292969","33.49089050292969","33.49089050292969","7440","7440","7440"
"74419","31.890682220458984","31.890682220458984","31.890682220458984","7441","7441","7441"
"74449","27.62051010131836","27.62051010131836","27.62051010131836","7444","7444","7444"
"74459","29.070037841796875","29.070037841796875","29.070037841796875","7445","7445","7445"
"74519","32.53174591064453","32.53174591064453","32.53174591064453","7451","7451","7451"
"74549","25.27577781677246","25.27577781677246","25.27577781677246","7454","7454","7454"
"74579","28.301979064941406","28.301979064941406","28.301979064941406","7457","7457","7457"
"74589","24.826807022094727","24.826807022094727","24.826807022094727","7458","7458","7458"
"74599","49.98466491699219","49.98466491699219","49.98466491699219","7459","7459","7459"
"74649","45.186500549316406","45.186500549316406","45.186500549316406","7464","7464","7464"
"74709","32.309505462646484","32.309505462646484","32.309505462646484","7470","7470","7470"
"74729","36.88358688354492","36.88358688354492","36.88358688354492","7472","7472","7472"
"74789","25.11427116394043","25.11427116394043","25.11427116394043","7478","7478","7478"
"74819","34.14043426513672","34.14043426513672","34.14043426513672","7481","7481","7481"
"74829","31.884014129638672","31.884014129638672","31.884014129638672","7482","7482","7482"
"74839","33.46306228637695","33.46306228637695","33.46306228637695","7483","7483","7483"
"74889","28.560792922973633","28.560792922973633","28.560792922973633","7488","7488","7488"
"74969","46.002418518066406","46.002418518066406","46.002418518066406","7496","7496","7496"
"74989","37.64218521118164","37.64218521118164","37.64218521118164","7498","7498","7498"
"75019","42.153541564941406","42.153541564941406","42.153541564941406","7501","7501","7501"
"75069","37.592960357666016","37.592960357666016","37.592960357666016","7506","7506","7506"
"75099","41.4449577331543","41.4449577331543","41.4449577331543","7509","7509","7509"
"75109","50.64775848388672","50.64775848388672","50.64775848388672","7510","7510","7510"
"75129","60.63485336303711","60.63485336303711","60.63485336303711","7512","7512","7512"
"75149","32.69364547729492","32.69364547729492","32.69364547729492","7514","7514","7514"
"75159","42.124366760253906","42.124366760253906","42.124366760253906","7515","7515","7515"
"75169","27.75429344177246","27.75429344177246","27.75429344177246","7516","7516","7516"
"75189","40.31000518798828","40.31000518798828","40.31000518798828","7518","7518","7518"
"75209","59.49055480957031","59.49055480957031","59.49055480957031","7520","7520","7520"
"75229","36.287879943847656","36.287879943847656","36.287879943847656","7522","7522","7522"
"75239","35.49736404418945","35.49736404418945","35.49736404418945","7523","7523","7523"
"75269","29.548358917236328","29.548358917236328","29.548358917236328","7526","7526","7526"
"75289","38.61725616455078","38.61725616455078","38.61725616455078","7528","7528","7528"
"75359","52.76335144042969","52.76335144042969","52.76335144042969","7535","7535","7535"
"75369","36.13702392578125","36.13702392578125","36.13702392578125","7536","7536","7536"
"75389","41.704017639160156","41.704017639160156","41.704017639160156","7538","7538","7538"
"75399","43.75221252441406","43.75221252441406","43.75221252441406","7539","7539","7539"
"75479","31.43022346496582","31.43022346496582","31.43022346496582","7547","7547","7547"
"75509","38.80226516723633","38.80226516723633","38.80226516723633","7550","7550","7550"
"75539","33.047027587890625","33.047027587890625","33.047027587890625","7553","7553","7553"
"75569","27.572216033935547","27.572216033935547","27.572216033935547","7556","7556","7556"
"75589","35.564666748046875","35.564666748046875","35.564666748046875","7558","7558","7558"
"75599","26.54839324951172","26.54839324951172","26.54839324951172","7559","7559","7559"
"75609","28.088743209838867","28.088743209838867","28.088743209838867","7560","7560","7560"
"75639","32.652244567871094","32.652244567871094","32.652244567871094","7563","7563","7563"
"75669","26.264705657958984","26.264705657958984","26.264705657958984","7566","7566","7566"
"75679","35.612064361572266","35.612064361572266","35.612064361572266","7567","7567","7567"
"75709","37.31279754638672","37.31279754638672","37.31279754638672","7570","7570","7570"
"75729","27.209115982055664","27.209115982055664","27.209115982055664","7572","7572","7572"
"75749","29.55013656616211","29.55013656616211","29.55013656616211","7574","7574","7574"
"75759","29.090896606445312","29.090896606445312","29.090896606445312","7575","7575","7575"
"75789","28.683399200439453","28.683399200439453","28.683399200439453","7578","7578","7578"
"75849","38.583534240722656","38.583534240722656","38.583534240722656","7584","7584","7584"
"75879","29.881061553955078","29.881061553955078","29.881061553955078","7587","7587","7587"
"75899","41.365516662597656","41.365516662597656","41.365516662597656","7589","7589","7589"
"75919","28.346878051757812","28.346878051757812","28.346878051757812","7591","7591","7591"
"75929","40.48138427734375","40.48138427734375","40.48138427734375","7592","7592","7592"
"75959","36.873138427734375","36.873138427734375","36.873138427734375","7595","7595","7595"
"75999","28.14105796813965","28.14105796813965","28.14105796813965","7599","7599","7599"
"76009","24.222553253173828","24.222553253173828","24.222553253173828","7600","7600","7600"
"76029","33.95505905151367","33.95505905151367","33.95505905151367","7602","7602","7602"
"76069","30.056427001953125","30.056427001953125","30.056427001953125","7606","7606","7606"
"76089","34.974281311035156","34.974281311035156","34.974281311035156","7608","7608","7608"
"76129","29.021512985229492","29.021512985229492","29.021512985229492","7612","7612","7612"
"76139","27.603303909301758","27.603303909301758","27.603303909301758","7613","7613","7613"
"76149","41.70566940307617","41.70566940307617","41.70566940307617","7614","7614","7614"
"76159","35.10700607299805","35.10700607299805","35.10700607299805","7615","7615","7615"
"76179","85.8838882446289","85.8838882446289","85.8838882446289","7617","7617","7617"
"76199","22.09878921508789","22.09878921508789","22.09878921508789","7619","7619","7619"
"76209","48.00090408325195","48.00090408325195","48.00090408325195","7620","7620","7620"
"76219","24.038705825805664","24.038705825805664","24.038705825805664","7621","7621","7621"
"76269","27.114788055419922","27.114788055419922","27.114788055419922","7626","7626","7626"
"76279","63.4382438659668","63.4382438659668","63.4382438659668","7627","7627","7627"
"76299","38.99949264526367","38.99949264526367","38.99949264526367","7629","7629","7629"
"76319","33.736915588378906","33.736915588378906","33.736915588378906","7631","7631","7631"
"76349","35.94135665893555","35.94135665893555","35.94135665893555","7634","7634","7634"
"76379","42.343658447265625","42.343658447265625","42.343658447265625","7637","7637","7637"
"76389","32.13984298706055","32.13984298706055","32.13984298706055","7638","7638","7638"
"76399","23.918188095092773","23.918188095092773","23.918188095092773","7639","7639","7639"
"76419","29.873289108276367","29.873289108276367","29.873289108276367","7641","7641","7641"
"76449","28.977529525756836","28.977529525756836","28.977529525756836","7644","7644","7644"
"76469","38.01087951660156","38.01087951660156","38.01087951660156","7646","7646","7646"
"76479","31.108489990234375","31.108489990234375","31.108489990234375","7647","7647","7647"
"76499","24.191471099853516","24.191471099853516","24.191471099853516","7649","7649","7649"
"76509","29.042320251464844","29.042320251464844","29.042320251464844","7650","7650","7650"
"76529","31.388774871826172","31.388774871826172","31.388774871826172","7652","7652","7652"
"76549","33.250465393066406","33.250465393066406","33.250465393066406","7654","7654","7654"
"76569","56.646141052246094","56.646141052246094","56.646141052246094","7656","7656","7656"
"76599","31.628406524658203","31.628406524658203","31.628406524658203","7659","7659","7659"
"76619","39.636592864990234","39.636592864990234","39.636592864990234","7661","7661","7661"
"76629","29.95755386352539","29.95755386352539","29.95755386352539","7662","7662","7662"
"76679","46.77607727050781","46.77607727050781","46.77607727050781","7667","7667","7667"
"76699","33.75138854980469","33.75138854980469","33.75138854980469","7669","7669","7669"
"76709","34.69525909423828","34.69525909423828","34.69525909423828","7670","7670","7670"
"76719","22.831666946411133","22.831666946411133","22.831666946411133","7671","7671","7671"
"76729","29.670610427856445","29.670610427856445","29.670610427856445","7672","7672","7672"
"76749","46.607643127441406","46.607643127441406","46.607643127441406","7674","7674","7674"
"76759","46.60296630859375","46.60296630859375","46.60296630859375","7675","7675","7675"
"76769","36.12842559814453","36.12842559814453","36.12842559814453","7676","7676","7676"
"76819","30.773345947265625","30.773345947265625","30.773345947265625","7681","7681","7681"
"76849","36.637088775634766","36.637088775634766","36.637088775634766","7684","7684","7684"
"76869","40.704837799072266","40.704837799072266","40.704837799072266","7686","7686","7686"
"76899","25.86575698852539","25.86575698852539","25.86575698852539","7689","7689","7689"
"76909","26.366008758544922","26.366008758544922","26.366008758544922","7690","7690","7690"
"76969","27.031051635742188","27.031051635742188","27.031051635742188","7696","7696","7696"
"77029","37.77226638793945","37.77226638793945","37.77226638793945","7702","7702","7702"
"77039","29.300186157226562","29.300186157226562","29.300186157226562","7703","7703","7703"
"77059","31.046749114990234","31.046749114990234","31.046749114990234","7705","7705","7705"
"77089","28.383026123046875","28.383026123046875","28.383026123046875","7708","7708","7708"
"77109","32.69054412841797","32.69054412841797","32.69054412841797","7710","7710","7710"
"77139","34.26044464111328","34.26044464111328","34.26044464111328","7713","7713","7713"
"77179","35.35772705078125","35.35772705078125","35.35772705078125","7717","7717","7717"
"77209","47.54047393798828","47.54047393798828","47.54047393798828","7720","7720","7720"
"77229","24.34817123413086","24.34817123413086","24.34817123413086","7722","7722","7722"
"77269","36.12714767456055","36.12714767456055","36.12714767456055","7726","7726","7726"
"77279","35.03229904174805","35.03229904174805","35.03229904174805","7727","7727","7727"
"77319","28.249027252197266","28.249027252197266","28.249027252197266","7731","7731","7731"
"77349","38.217681884765625","38.217681884765625","38.217681884765625","7734","7734","7734"
"77379","35.49704360961914","35.49704360961914","35.49704360961914","7737","7737","7737"
"77399","44.974212646484375","44.974212646484375","44.974212646484375","7739","7739","7739"
"77409","27.984844207763672","27.984844207763672","27.984844207763672","7740","7740","7740"
"77519","24.583660125732422","24.583660125732422","24.583660125732422","7751","7751","7751"
"77559","50.43391418457031","50.43391418457031","50.43391418457031","7755","7755","7755"
"77609","30.318574905395508","30.318574905395508","30.318574905395508","7760","7760","7760"
"77619","32.71073913574219","32.71073913574219","32.71073913574219","7761","7761","7761"
"77629","54.502140045166016","54.502140045166016","54.502140045166016","7762","7762","7762"
"77639","36.863365173339844","36.863365173339844","36.863365173339844","7763","7763","7763"
"77649","36.60093688964844","36.60093688964844","36.60093688964844","7764","7764","7764"
"77659","30.901464462280273","30.901464462280273","30.901464462280273","7765","7765","7765"
"77719","41.00706100463867","41.00706100463867","41.00706100463867","7771","7771","7771"
"77769","50.15447235107422","50.15447235107422","50.15447235107422","7776","7776","7776"
"77779","32.78306198120117","32.78306198120117","32.78306198120117","7777","7777","7777"
"77789","44.359046936035156","44.359046936035156","44.359046936035156","7778","7778","7778"
"77799","41.229339599609375","41.229339599609375","41.229339599609375","7779","7779","7779"
"77849","43.267574310302734","43.267574310302734","43.267574310302734","7784","7784","7784"
"77899","38.14402389526367","38.14402389526367","38.14402389526367","7789","7789","7789"
"77929","31.079896926879883","31.079896926879883","31.079896926879883","7792","7792","7792"
"77939","40.356388092041016","40.356388092041016","40.356388092041016","7793","7793","7793"
"77949","31.713924407958984","31.713924407958984","31.713924407958984","7794","7794","7794"
"77959","27.941120147705078","27.941120147705078","27.941120147705078","7795","7795","7795"
"77979","38.127872467041016","38.127872467041016","38.127872467041016","7797","7797","7797"
"77999","28.21698760986328","28.21698760986328","28.21698760986328","7799","7799","7799"
"78009","36.92586898803711","36.92586898803711","36.92586898803711","7800","7800","7800"
"78029","28.84043312072754","28.84043312072754","28.84043312072754","7802","7802","7802"
"78069","33.52714920043945","33.52714920043945","33.52714920043945","7806","7806","7806"
"78079","33.958900451660156","33.958900451660156","33.958900451660156","7807","7807","7807"
"78099","27.446916580200195","27.446916580200195","27.446916580200195","7809","7809","7809"
"78109","32.35748291015625","32.35748291015625","32.35748291015625","7810","7810","7810"
"78149","38.26934814453125","38.26934814453125","38.26934814453125","7814","7814","7814"
"78169","46.600555419921875","46.600555419921875","46.600555419921875","7816","7816","7816"
"78239","28.344791412353516","28.344791412353516","28.344791412353516","7823","7823","7823"
"78249","43.8066291809082","43.8066291809082","43.8066291809082","7824","7824","7824"
"78329","31.621055603027344","31.621055603027344","31.621055603027344","7832","7832","7832"
"78339","30.466903686523438","30.466903686523438","30.466903686523438","7833","7833","7833"
"78359","32.12794494628906","32.12794494628906","32.12794494628906","7835","7835","7835"
"78379","59.939029693603516","59.939029693603516","59.939029693603516","7837","7837","7837"
"78389","31.25963592529297","31.25963592529297","31.25963592529297","7838","7838","7838"
"78419","29.569364547729492","29.569364547729492","29.569364547729492","7841","7841","7841"
"78439","30.262561798095703","30.262561798095703","30.262561798095703","7843","7843","7843"
"78449","30.779090881347656","30.779090881347656","30.779090881347656","7844","7844","7844"
"78489","34.28073501586914","34.28073501586914","34.28073501586914","7848","7848","7848"
"78509","36.212894439697266","36.212894439697266","36.212894439697266","7850","7850","7850"
"78519","40.2958984375","40.2958984375","40.2958984375","7851","7851","7851"
"78529","30.395082473754883","30.395082473754883","30.395082473754883","7852","7852","7852"
"78539","35.799190521240234","35.799190521240234","35.799190521240234","7853","7853","7853"
"78559","34.50947570800781","34.50947570800781","34.50947570800781","7855","7855","7855"
"78579","30.204082489013672","30.204082489013672","30.204082489013672","7857","7857","7857"
"78589","41.682979583740234","41.682979583740234","41.682979583740234","7858","7858","7858"
"78639","20.69559097290039","20.69559097290039","20.69559097290039","7863","7863","7863"
"78679","31.18985366821289","31.18985366821289","31.18985366821289","7867","7867","7867"
"78699","44.62836456298828","44.62836456298828","44.62836456298828","7869","7869","7869"
"78719","25.96101188659668","25.96101188659668","25.96101188659668","7871","7871","7871"
"78749","24.655521392822266","24.655521392822266","24.655521392822266","7874","7874","7874"
"78759","26.049196243286133","26.049196243286133","26.049196243286133","7875","7875","7875"
"78779","30.316543579101562","30.316543579101562","30.316543579101562","7877","7877","7877"
"78839","32.7836799621582","32.7836799621582","32.7836799621582","7883","7883","7883"
"78859","29.596830368041992","29.596830368041992","29.596830368041992","7885","7885","7885"
"78869","39.314002990722656","39.314002990722656","39.314002990722656","7886","7886","7886"
"78949","28.72418212890625","28.72418212890625","28.72418212890625","7894","7894","7894"
"78979","35.84248733520508","35.84248733520508","35.84248733520508","7897","7897","7897"
"78989","24.663068771362305","24.663068771362305","24.663068771362305","7898","7898","7898"
"79009","38.86543273925781","38.86543273925781","38.86543273925781","7900","7900","7900"
"79019","41.7567138671875","41.7567138671875","41.7567138671875","7901","7901","7901"
"79049","33.872886657714844","33.872886657714844","33.872886657714844","7904","7904","7904"
"79089","25.628948211669922","25.628948211669922","25.628948211669922","7908","7908","7908"
"79099","23.785255432128906","23.785255432128906","23.785255432128906","7909","7909","7909"
"79129","27.492935180664062","27.492935180664062","27.492935180664062","7912","7912","7912"
"79139","29.856895446777344","29.856895446777344","29.856895446777344","7913","7913","7913"
"79149","24.687496185302734","24.687496185302734","24.687496185302734","7914","7914","7914"
"79159","40.566715240478516","40.566715240478516","40.566715240478516","7915","7915","7915"
"79179","30.916044235229492","30.916044235229492","30.916044235229492","7917","7917","7917"
"79249","23.919897079467773","23.919897079467773","23.919897079467773","7924","7924","7924"
"79339","31.642147064208984","31.642147064208984","31.642147064208984","7933","7933","7933"
"79399","28.198097229003906","28.198097229003906","28.198097229003906","7939","7939","7939"
"79419","35.5776481628418","35.5776481628418","35.5776481628418","7941","7941","7941"
"79459","25.45794105529785","25.45794105529785","25.45794105529785","7945","7945","7945"
"79469","30.86783218383789","30.86783218383789","30.86783218383789","7946","7946","7946"
"79479","30.824447631835938","30.824447631835938","30.824447631835938","7947","7947","7947"
"79489","28.66071891784668","28.66071891784668","28.66071891784668","7948","7948","7948"
"79509","31.2823486328125","31.2823486328125","31.2823486328125","7950","7950","7950"
"79519","37.331764221191406","37.331764221191406","37.331764221191406","7951","7951","7951"
"79539","33.86338806152344","33.86338806152344","33.86338806152344","7953","7953","7953"
"79549","32.99981689453125","32.99981689453125","32.99981689453125","7954","7954","7954"
"79629","28.592329025268555","28.592329025268555","28.592329025268555","7962","7962","7962"
"79659","34.37052536010742","34.37052536010742","34.37052536010742","7965","7965","7965"
"79669","36.55982208251953","36.55982208251953","36.55982208251953","7966","7966","7966"
"79679","42.64265823364258","42.64265823364258","42.64265823364258","7967","7967","7967"
"79719","29.949031829833984","29.949031829833984","29.949031829833984","7971","7971","7971"
"79729","28.487686157226562","28.487686157226562","28.487686157226562","7972","7972","7972"
"79739","33.65206527709961","33.65206527709961","33.65206527709961","7973","7973","7973"
"79889","26.340106964111328","26.340106964111328","26.340106964111328","7988","7988","7988"
"79929","40.78459548950195","40.78459548950195","40.78459548950195","7992","7992","7992"
"79949","41.03608322143555","41.03608322143555","41.03608322143555","7994","7994","7994"
"79969","39.20313262939453","39.20313262939453","39.20313262939453","7996","7996","7996"
"79999","32.260650634765625","32.260650634765625","32.260650634765625","7999","7999","7999"
"80029","26.84425163269043","26.84425163269043","26.84425163269043","8002","8002","8002"
"80039","32.075679779052734","32.075679779052734","32.075679779052734","8003","8003","8003"
"80049","26.603492736816406","26.603492736816406","26.603492736816406","8004","8004","8004"
"80089","30.794851303100586","30.794851303100586","30.794851303100586","8008","8008","8008"
"80099","26.556665420532227","26.556665420532227","26.556665420532227","8009","8009","8009"
"80139","21.661399841308594","21.661399841308594","21.661399841308594","8013","8013","8013"
"80149","30.956157684326172","30.956157684326172","30.956157684326172","8014","8014","8014"
"80189","28.550209045410156","28.550209045410156","28.550209045410156","8018","8018","8018"
"80229","36.519683837890625","36.519683837890625","36.519683837890625","8022","8022","8022"
"80239","38.78313064575195","38.78313064575195","38.78313064575195","8023","8023","8023"
"80279","31.378347396850586","31.378347396850586","31.378347396850586","8027","8027","8027"
"80299","29.635412216186523","29.635412216186523","29.635412216186523","8029","8029","8029"
"80329","24.93353843688965","24.93353843688965","24.93353843688965","8032","8032","8032"
"80339","23.594362258911133","23.594362258911133","23.594362258911133","8033","8033","8033"
"80369","31.85515594482422","31.85515594482422","31.85515594482422","8036","8036","8036"
"80439","38.843955993652344","38.843955993652344","38.843955993652344","8043","8043","8043"
"80489","32.875267028808594","32.875267028808594","32.875267028808594","8048","8048","8048"
"80509","24.88804054260254","24.88804054260254","24.88804054260254","8050","8050","8050"
"80529","22.953372955322266","22.953372955322266","22.953372955322266","8052","8052","8052"
"80559","25.506996154785156","25.506996154785156","25.506996154785156","8055","8055","8055"
"80599","27.245332717895508","27.245332717895508","27.245332717895508","8059","8059","8059"
"80609","31.376094818115234","31.376094818115234","31.376094818115234","8060","8060","8060"
"80649","26.358871459960938","26.358871459960938","26.358871459960938","8064","8064","8064"
"80669","34.52836227416992","34.52836227416992","34.52836227416992","8066","8066","8066"
"80679","28.710479736328125","28.710479736328125","28.710479736328125","8067","8067","8067"
"80739","36.27210998535156","36.27210998535156","36.27210998535156","8073","8073","8073"
"80749","21.68275260925293","21.68275260925293","21.68275260925293","8074","8074","8074"
"80759","30.77127456665039","30.77127456665039","30.77127456665039","8075","8075","8075"
"80799","37.87422180175781","37.87422180175781","37.87422180175781","8079","8079","8079"
"80819","33.7240104675293","33.7240104675293","33.7240104675293","8081","8081","8081"
"80859","45.61835479736328","45.61835479736328","45.61835479736328","8085","8085","8085"
"80869","28.85411262512207","28.85411262512207","28.85411262512207","8086","8086","8086"
"80889","28.130002975463867","28.130002975463867","28.130002975463867","8088","8088","8088"
"80909","27.836856842041016","27.836856842041016","27.836856842041016","8090","8090","8090"
"80919","41.935611724853516","41.935611724853516","41.935611724853516","8091","8091","8091"
"80929","41.60516357421875","41.60516357421875","41.60516357421875","8092","8092","8092"
"80959","29.105228424072266","29.105228424072266","29.105228424072266","8095","8095","8095"
"80969","34.199954986572266","34.199954986572266","34.199954986572266","8096","8096","8096"
"81019","44.32469177246094","44.32469177246094","44.32469177246094","8101","8101","8101"
"81059","36.08319091796875","36.08319091796875","36.08319091796875","8105","8105","8105"
"81069","36.06460952758789","36.06460952758789","36.06460952758789","8106","8106","8106"
"81079","36.19168472290039","36.19168472290039","36.19168472290039","8107","8107","8107"
"81089","33.69368362426758","33.69368362426758","33.69368362426758","8108","8108","8108"
"81119","25.731842041015625","25.731842041015625","25.731842041015625","8111","8111","8111"
"81129","27.33110809326172","27.33110809326172","27.33110809326172","8112","8112","8112"
"81149","36.53508377075195","36.53508377075195","36.53508377075195","8114","8114","8114"
"81189","25.57981300354004","25.57981300354004","25.57981300354004","8118","8118","8118"
"81199","22.94246482849121","22.94246482849121","22.94246482849121","8119","8119","8119"
"81299","32.36616516113281","32.36616516113281","32.36616516113281","8129","8129","8129"
"81339","21.91339874267578","21.91339874267578","21.91339874267578","8133","8133","8133"
"81359","25.89312744140625","25.89312744140625","25.89312744140625","8135","8135","8135"
"81369","34.45124053955078","34.45124053955078","34.45124053955078","8136","8136","8136"
"81399","28.34855842590332","28.34855842590332","28.34855842590332","8139","8139","8139"
"81439","44.2603645324707","44.2603645324707","44.2603645324707","8143","8143","8143"
"81459","37.41770553588867","37.41770553588867","37.41770553588867","8145","8145","8145"
"81479","48.96520233154297","48.96520233154297","48.96520233154297","8147","8147","8147"
"81489","25.4421443939209","25.4421443939209","25.4421443939209","8148","8148","8148"
"81499","27.967878341674805","27.967878341674805","27.967878341674805","8149","8149","8149"
"81519","34.38389205932617","34.38389205932617","34.38389205932617","8151","8151","8151"
"81529","31.1804256439209","31.1804256439209","31.1804256439209","8152","8152","8152"
"81539","34.31538009643555","34.31538009643555","34.31538009643555","8153","8153","8153"
"81589","31.926815032958984","31.926815032958984","31.926815032958984","8158","8158","8158"
"81609","27.78662872314453","27.78662872314453","27.78662872314453","8160","8160","8160"
"81669","28.787973403930664","28.787973403930664","28.787973403930664","8166","8166","8166"
"81679","31.756357192993164","31.756357192993164","31.756357192993164","8167","8167","8167"
"81759","30.130462646484375","30.130462646484375","30.130462646484375","8175","8175","8175"
"81789","35.607601165771484","35.607601165771484","35.607601165771484","8178","8178","8178"
"81809","38.72480010986328","38.72480010986328","38.72480010986328","8180","8180","8180"
"81839","29.514217376708984","29.514217376708984","29.514217376708984","8183","8183","8183"
"81869","26.979061126708984","26.979061126708984","26.979061126708984","8186","8186","8186"
"81889","41.914398193359375","41.914398193359375","41.914398193359375","8188","8188","8188"
"81899","33.95942687988281","33.95942687988281","33.95942687988281","8189","8189","8189"
"81919","29.07953453063965","29.07953453063965","29.07953453063965","8191","8191","8191"
"81929","23.94708251953125","23.94708251953125","23.94708251953125","8192","8192","8192"
"81959","43.56193542480469","43.56193542480469","43.56193542480469","8195","8195","8195"
"81969","28.8603572845459","28.8603572845459","28.8603572845459","8196","8196","8196"
"81979","38.15107345581055","38.15107345581055","38.15107345581055","8197","8197","8197"
"81989","47.6389045715332","47.6389045715332","47.6389045715332","8198","8198","8198"
"82029","75.49347686767578","75.49347686767578","75.49347686767578","8202","8202","8202"
"82049","43.01594543457031","43.01594543457031","43.01594543457031","8204","8204","8204"
"82069","33.7210578918457","33.7210578918457","33.7210578918457","8206","8206","8206"
"82079","30.63431739807129","30.63431739807129","30.63431739807129","8207","8207","8207"
"82099","38.8858642578125","38.8858642578125","38.8858642578125","8209","8209","8209"
"82129","29.506633758544922","29.506633758544922","29.506633758544922","8212","8212","8212"
"82149","44.96619415283203","44.96619415283203","44.96619415283203","8214","8214","8214"
"82159","33.69908142089844","33.69908142089844","33.69908142089844","8215","8215","8215"
"82179","22.999536514282227","22.999536514282227","22.999536514282227","8217","8217","8217"
"82199","38.167236328125","38.167236328125","38.167236328125","8219","8219","8219"
"82209","66.76054382324219","66.76054382324219","66.76054382324219","8220","8220","8220"
"82239","30.98105239868164","30.98105239868164","30.98105239868164","8223","8223","8223"
"82259","24.865751266479492","24.865751266479492","24.865751266479492","8225","8225","8225"
"82289","30.164676666259766","30.164676666259766","30.164676666259766","8228","8228","8228"
"82309","46.40349197387695","46.40349197387695","46.40349197387695","8230","8230","8230"
"82319","33.25593566894531","33.25593566894531","33.25593566894531","8231","8231","8231"
"82359","37.561973571777344","37.561973571777344","37.561973571777344","8235","8235","8235"
"82389","41.304542541503906","41.304542541503906","41.304542541503906","8238","8238","8238"
"82409","29.85208511352539","29.85208511352539","29.85208511352539","8240","8240","8240"
"82469","30.318904876708984","30.318904876708984","30.318904876708984","8246","8246","8246"
"82519","32.296730041503906","32.296730041503906","32.296730041503906","8251","8251","8251"
"82559","32.7918815612793","32.7918815612793","32.7918815612793","8255","8255","8255"
"82569","42.51568603515625","42.51568603515625","42.51568603515625","8256","8256","8256"
"82599","26.558509826660156","26.558509826660156","26.558509826660156","8259","8259","8259"
"82609","31.65105628967285","31.65105628967285","31.65105628967285","8260","8260","8260"
"82639","26.540538787841797","26.540538787841797","26.540538787841797","8263","8263","8263"
"82649","22.638389587402344","22.638389587402344","22.638389587402344","8264","8264","8264"
"82669","29.66775894165039","29.66775894165039","29.66775894165039","8266","8266","8266"
"82679","29.100120544433594","29.100120544433594","29.100120544433594","8267","8267","8267"
"82699","37.286048889160156","37.286048889160156","37.286048889160156","8269","8269","8269"
"82709","26.442943572998047","26.442943572998047","26.442943572998047","8270","8270","8270"
"82719","45.485836029052734","45.485836029052734","45.485836029052734","8271","8271","8271"
"82759","31.647232055664062","31.647232055664062","31.647232055664062","8275","8275","8275"
"82769","29.01216697692871","29.01216697692871","29.01216697692871","8276","8276","8276"
"82799","38.47760772705078","38.47760772705078","38.47760772705078","8279","8279","8279"
"82829","41.24530029296875","41.24530029296875","41.24530029296875","8282","8282","8282"
"82849","26.86157989501953","26.86157989501953","26.86157989501953","8284","8284","8284"
"82879","32.39513397216797","32.39513397216797","32.39513397216797","8287","8287","8287"
"82899","22.6921443939209","22.6921443939209","22.6921443939209","8289","8289","8289"
"82949","23.49606704711914","23.49606704711914","23.49606704711914","8294","8294","8294"
"82959","23.369857788085938","23.369857788085938","23.369857788085938","8295","8295","8295"
"83079","30.8970890045166","30.8970890045166","30.8970890045166","8307","8307","8307"
"83119","43.94499588012695","43.94499588012695","43.94499588012695","8311","8311","8311"
"83159","28.74565887451172","28.74565887451172","28.74565887451172","8315","8315","8315"
"83189","35.134552001953125","35.134552001953125","35.134552001953125","8318","8318","8318"
"83219","27.580060958862305","27.580060958862305","27.580060958862305","8321","8321","8321"
"83229","33.39201354980469","33.39201354980469","33.39201354980469","8322","8322","8322"
"83279","35.23960494995117","35.23960494995117","35.23960494995117","8327","8327","8327"
"83289","25.27488136291504","25.27488136291504","25.27488136291504","8328","8328","8328"
"83309","28.410247802734375","28.410247802734375","28.410247802734375","8330","8330","8330"
"83319","38.77838897705078","38.77838897705078","38.77838897705078","8331","8331","8331"
"83329","36.30799865722656","36.30799865722656","36.30799865722656","8332","8332","8332"
"83349","23.408504486083984","23.408504486083984","23.408504486083984","8334","8334","8334"
"83359","23.4201717376709","23.4201717376709","23.4201717376709","8335","8335","8335"
"83369","21.960155487060547","21.960155487060547","21.960155487060547","8336","8336","8336"
"83399","29.08062744140625","29.08062744140625","29.08062744140625","8339","8339","8339"
"83439","33.621219635009766","33.621219635009766","33.621219635009766","8343","8343","8343"
"83469","27.3907527923584","27.3907527923584","27.3907527923584","8346","8346","8346"
"83479","34.89493942260742","34.89493942260742","34.89493942260742","8347","8347","8347"
"83499","29.907615661621094","29.907615661621094","29.907615661621094","8349","8349","8349"
"83529","28.93956184387207","28.93956184387207","28.93956184387207","8352","8352","8352"
"83539","25.335205078125","25.335205078125","25.335205078125","8353","8353","8353"
"83549","25.7426700592041","25.7426700592041","25.7426700592041","8354","8354","8354"
"83569","37.83331298828125","37.83331298828125","37.83331298828125","8356","8356","8356"
"83579","25.46142578125","25.46142578125","25.46142578125","8357","8357","8357"
"83599","32.33028030395508","32.33028030395508","32.33028030395508","8359","8359","8359"
"83629","26.657642364501953","26.657642364501953","26.657642364501953","8362","8362","8362"
"83709","31.458431243896484","31.458431243896484","31.458431243896484","8370","8370","8370"
"83719","42.28643798828125","42.28643798828125","42.28643798828125","8371","8371","8371"
"83729","29.71361541748047","29.71361541748047","29.71361541748047","8372","8372","8372"
"83739","28.366748809814453","28.366748809814453","28.366748809814453","8373","8373","8373"
"83779","37.40643310546875","37.40643310546875","37.40643310546875","8377","8377","8377"
"83889","28.90665054321289","28.90665054321289","28.90665054321289","8388","8388","8388"
"83899","31.157920837402344","31.157920837402344","31.157920837402344","8389","8389","8389"
"83909","32.269100189208984","32.269100189208984","32.269100189208984","8390","8390","8390"
"83919","29.393394470214844","29.393394470214844","29.393394470214844","8391","8391","8391"
"83939","40.65172576904297","40.65172576904297","40.65172576904297","8393","8393","8393"
"83989","37.04495620727539","37.04495620727539","37.04495620727539","8398","8398","8398"
"84049","43.87718963623047","43.87718963623047","43.87718963623047","8404","8404","8404"
"84139","24.70504379272461","24.70504379272461","24.70504379272461","8413","8413","8413"
"84169","45.65534210205078","45.65534210205078","45.65534210205078","8416","8416","8416"
"84189","28.819686889648438","28.819686889648438","28.819686889648438","8418","8418","8418"
"84209","32.91513442993164","32.91513442993164","32.91513442993164","8420","8420","8420"
"84219","27.591201782226562","27.591201782226562","27.591201782226562","8421","8421","8421"
"84229","32.60875701904297","32.60875701904297","32.60875701904297","8422","8422","8422"
"84239","37.77447509765625","37.77447509765625","37.77447509765625","8423","8423","8423"
"84249","33.93156051635742","33.93156051635742","33.93156051635742","8424","8424","8424"
"84259","28.40103530883789","28.40103530883789","28.40103530883789","8425","8425","8425"
"84279","33.34946823120117","33.34946823120117","33.34946823120117","8427","8427","8427"
"84309","24.10103988647461","24.10103988647461","24.10103988647461","8430","8430","8430"
"84329","35.59123611450195","35.59123611450195","35.59123611450195","8432","8432","8432"
"84339","33.949195861816406","33.949195861816406","33.949195861816406","8433","8433","8433"
"84349","25.72623634338379","25.72623634338379","25.72623634338379","8434","8434","8434"
"84359","31.798179626464844","31.798179626464844","31.798179626464844","8435","8435","8435"
"84399","23.583961486816406","23.583961486816406","23.583961486816406","8439","8439","8439"
"84409","24.984655380249023","24.984655380249023","24.984655380249023","8440","8440","8440"
"84479","35.15576171875","35.15576171875","35.15576171875","8447","8447","8447"
"84489","27.573945999145508","27.573945999145508","27.573945999145508","8448","8448","8448"
"84499","27.22161293029785","27.22161293029785","27.22161293029785","8449","8449","8449"
"84529","24.433380126953125","24.433380126953125","24.433380126953125","8452","8452","8452"
"84569","28.676044464111328","28.676044464111328","28.676044464111328","8456","8456","8456"
"84579","23.502696990966797","23.502696990966797","23.502696990966797","8457","8457","8457"
"84609","23.31475257873535","23.31475257873535","23.31475257873535","8460","8460","8460"
"84619","31.086551666259766","31.086551666259766","31.086551666259766","8461","8461","8461"
"84669","36.645267486572266","36.645267486572266","36.645267486572266","8466","8466","8466"
"84679","31.593421936035156","31.593421936035156","31.593421936035156","8467","8467","8467"
"84749","25.76018714904785","25.76018714904785","25.76018714904785","8474","8474","8474"
"84759","26.233463287353516","26.233463287353516","26.233463287353516","8475","8475","8475"
"84859","25.25618553161621","25.25618553161621","25.25618553161621","8485","8485","8485"
"84869","29.559152603149414","29.559152603149414","29.559152603149414","8486","8486","8486"
"84919","26.955108642578125","26.955108642578125","26.955108642578125","8491","8491","8491"
"84929","38.467979431152344","38.467979431152344","38.467979431152344","8492","8492","8492"
"84949","25.635343551635742","25.635343551635742","25.635343551635742","8494","8494","8494"
"85029","31.05218505859375","31.05218505859375","31.05218505859375","8502","8502","8502"
"85059","21.752408981323242","21.752408981323242","21.752408981323242","8505","8505","8505"
"85099","30.97325897216797","30.97325897216797","30.97325897216797","8509","8509","8509"
"85109","35.8049201965332","35.8049201965332","35.8049201965332","8510","8510","8510"
"85119","27.282766342163086","27.282766342163086","27.282766342163086","8511","8511","8511"
"85159","28.12860679626465","28.12860679626465","28.12860679626465","8515","8515","8515"
"85229","32.4338264465332","32.4338264465332","32.4338264465332","8522","8522","8522"
"85249","32.1087646484375","32.1087646484375","32.1087646484375","8524","8524","8524"
"85289","31.965038299560547","31.965038299560547","31.965038299560547","8528","8528","8528"
"85309","26.336706161499023","26.336706161499023","26.336706161499023","8530","8530","8530"
"85319","23.025264739990234","23.025264739990234","23.025264739990234","8531","8531","8531"
"85329","23.852493286132812","23.852493286132812","23.852493286132812","8532","8532","8532"
"85349","31.755020141601562","31.755020141601562","31.755020141601562","8534","8534","8534"
"85359","26.402698516845703","26.402698516845703","26.402698516845703","8535","8535","8535"
"85379","23.433597564697266","23.433597564697266","23.433597564697266","8537","8537","8537"
"85409","34.01485824584961","34.01485824584961","34.01485824584961","8540","8540","8540"
"85419","25.940326690673828","25.940326690673828","25.940326690673828","8541","8541","8541"
"85449","27.67850112915039","27.67850112915039","27.67850112915039","8544","8544","8544"
"85479","30.556642532348633","30.556642532348633","30.556642532348633","8547","8547","8547"
"85509","32.211734771728516","32.211734771728516","32.211734771728516","8550","8550","8550"
"85519","26.57654571533203","26.57654571533203","26.57654571533203","8551","8551","8551"
"85559","39.366111755371094","39.366111755371094","39.366111755371094","8555","8555","8555"
"85609","27.200847625732422","27.200847625732422","27.200847625732422","8560","8560","8560"
"85689","38.67182159423828","38.67182159423828","38.67182159423828","8568","8568","8568"
"85699","28.040889739990234","28.040889739990234","28.040889739990234","8569","8569","8569"
"85739","29.098041534423828","29.098041534423828","29.098041534423828","8573","8573","8573"
"85799","24.740880966186523","24.740880966186523","24.740880966186523","8579","8579","8579"
"85839","34.306549072265625","34.306549072265625","34.306549072265625","8583","8583","8583"
"85849","33.58853530883789","33.58853530883789","33.58853530883789","8584","8584","8584"
"85899","31.59475326538086","31.59475326538086","31.59475326538086","8589","8589","8589"
"85909","30.311100006103516","30.311100006103516","30.311100006103516","8590","8590","8590"
"85919","37.12339782714844","37.12339782714844","37.12339782714844","8591","8591","8591"
"85929","28.255573272705078","28.255573272705078","28.255573272705078","8592","8592","8592"
"85979","23.094345092773438","23.094345092773438","23.094345092773438","8597","8597","8597"
"86049","35.891910552978516","35.891910552978516","35.891910552978516","8604","8604","8604"
"86099","30.177814483642578","30.177814483642578","30.177814483642578","8609","8609","8609"
"86109","32.45724868774414","32.45724868774414","32.45724868774414","8610","8610","8610"
"86159","33.59478759765625","33.59478759765625","33.59478759765625","8615","8615","8615"
"86199","20.10374641418457","20.10374641418457","20.10374641418457","8619","8619","8619"
"86219","28.532455444335938","28.532455444335938","28.532455444335938","8621","8621","8621"
"86229","26.01364517211914","26.01364517211914","26.01364517211914","8622","8622","8622"
"86279","24.836925506591797","24.836925506591797","24.836925506591797","8627","8627","8627"
"86319","36.25314712524414","36.25314712524414","36.25314712524414","8631","8631","8631"
"86329","29.89071273803711","29.89071273803711","29.89071273803711","8632","8632","8632"
"86369","22.165822982788086","22.165822982788086","22.165822982788086","8636","8636","8636"
"86379","35.9658203125","35.9658203125","35.9658203125","8637","8637","8637"
"86409","47.805816650390625","47.805816650390625","47.805816650390625","8640","8640","8640"
"86439","27.084556579589844","27.084556579589844","27.084556579589844","8643","8643","8643"
"86459","38.08097839355469","38.08097839355469","38.08097839355469","8645","8645","8645"
"86469","22.144878387451172","22.144878387451172","22.144878387451172","8646","8646","8646"
"86499","24.085622787475586","24.085622787475586","24.085622787475586","8649","8649","8649"
"86579","24.89121437072754","24.89121437072754","24.89121437072754","8657","8657","8657"
"86609","31.04596710205078","31.04596710205078","31.04596710205078","8660","8660","8660"
"86619","29.359210968017578","29.359210968017578","29.359210968017578","8661","8661","8661"
"86629","26.085247039794922","26.085247039794922","26.085247039794922","8662","8662","8662"
"86639","25.048158645629883","25.048158645629883","25.048158645629883","8663","8663","8663"
"86669","33.372467041015625","33.372467041015625","33.372467041015625","8666","8666","8666"
"86699","29.15642738342285","29.15642738342285","29.15642738342285","8669","8669","8669"
"86709","32.02886199951172","32.02886199951172","32.02886199951172","8670","8670","8670"
"86769","32.86598205566406","32.86598205566406","32.86598205566406","8676","8676","8676"
"86779","32.746334075927734","32.746334075927734","32.746334075927734","8677","8677","8677"
"86829","33.3670539855957","33.3670539855957","33.3670539855957","8682","8682","8682"
"86839","33.036109924316406","33.036109924316406","33.036109924316406","8683","8683","8683"
"86849","21.725692749023438","21.725692749023438","21.725692749023438","8684","8684","8684"
"86879","47.1291618347168","47.1291618347168","47.1291618347168","8687","8687","8687"
"86919","26.09909439086914","26.09909439086914","26.09909439086914","8691","8691","8691"
"86929","42.732723236083984","42.732723236083984","42.732723236083984","8692","8692","8692"
"86969","35.44084167480469","35.44084167480469","35.44084167480469","8696","8696","8696"
"86989","24.018306732177734","24.018306732177734","24.018306732177734","8698","8698","8698"
"86999","20.917556762695312","20.917556762695312","20.917556762695312","8699","8699","8699"
"87009","29.381681442260742","29.381681442260742","29.381681442260742","8700","8700","8700"
"87099","28.088781356811523","28.088781356811523","28.088781356811523","8709","8709","8709"
"87149","32.65116882324219","32.65116882324219","32.65116882324219","8714","8714","8714"
"87209","40.919090270996094","40.919090270996094","40.919090270996094","8720","8720","8720"
"87229","22.46426010131836","22.46426010131836","22.46426010131836","8722","8722","8722"
"87239","32.046810150146484","32.046810150146484","32.046810150146484","8723","8723","8723"
"87249","24.3646240234375","24.3646240234375","24.3646240234375","8724","8724","8724"
"87279","29.258529663085938","29.258529663085938","29.258529663085938","8727","8727","8727"
"87289","21.336891174316406","21.336891174316406","21.336891174316406","8728","8728","8728"
"87359","28.729827880859375","28.729827880859375","28.729827880859375","8735","8735","8735"
"87369","34.031341552734375","34.031341552734375","34.031341552734375","8736","8736","8736"
"87379","30.12364959716797","30.12364959716797","30.12364959716797","8737","8737","8737"
"87509","36.439151763916016","36.439151763916016","36.439151763916016","8750","8750","8750"
"87529","28.237411499023438","28.237411499023438","28.237411499023438","8752","8752","8752"
"87549","44.81117248535156","44.81117248535156","44.81117248535156","8754","8754","8754"
"87559","29.883075714111328","29.883075714111328","29.883075714111328","8755","8755","8755"
"87639","35.28119659423828","35.28119659423828","35.28119659423828","8763","8763","8763"
"87649","24.989728927612305","24.989728927612305","24.989728927612305","8764","8764","8764"
"87739","32.1890983581543","32.1890983581543","32.1890983581543","8773","8773","8773"
"87749","33.11558532714844","33.11558532714844","33.11558532714844","8774","8774","8774"
"87779","39.56882858276367","39.56882858276367","39.56882858276367","8777","8777","8777"
"87789","25.037555694580078","25.037555694580078","25.037555694580078","8778","8778","8778"
"87819","27.653963088989258","27.653963088989258","27.653963088989258","8781","8781","8781"
"87839","39.83970260620117","39.83970260620117","39.83970260620117","8783","8783","8783"
"87849","42.26068115234375","42.26068115234375","42.26068115234375","8784","8784","8784"
"87879","45.3101921081543","45.3101921081543","45.3101921081543","8787","8787","8787"
"87889","28.548534393310547","28.548534393310547","28.548534393310547","8788","8788","8788"
"87919","24.674304962158203","24.674304962158203","24.674304962158203","8791","8791","8791"
"88009","36.552005767822266","36.552005767822266","36.552005767822266","8800","8800","8800"
"88029","34.98905944824219","34.98905944824219","34.98905944824219","8802","8802","8802"
"88039","34.681854248046875","34.681854248046875","34.681854248046875","8803","8803","8803"
"88059","31.07598304748535","31.07598304748535","31.07598304748535","8805","8805","8805"
"88149","26.326250076293945","26.326250076293945","26.326250076293945","8814","8814","8814"
"88159","33.700965881347656","33.700965881347656","33.700965881347656","8815","8815","8815"
"88169","37.48882293701172","37.48882293701172","37.48882293701172","8816","8816","8816"
"88229","32.163326263427734","32.163326263427734","32.163326263427734","8822","8822","8822"
"88249","25.914653778076172","25.914653778076172","25.914653778076172","8824","8824","8824"
"88259","30.096240997314453","30.096240997314453","30.096240997314453","8825","8825","8825"
"88279","33.07022476196289","33.07022476196289","33.07022476196289","8827","8827","8827"
"88309","23.31049156188965","23.31049156188965","23.31049156188965","8830","8830","8830"
"88349","27.981298446655273","27.981298446655273","27.981298446655273","8834","8834","8834"
"88369","25.457792282104492","25.457792282104492","25.457792282104492","8836","8836","8836"
"88399","29.784770965576172","29.784770965576172","29.784770965576172","8839","8839","8839"
"88439","26.053810119628906","26.053810119628906","26.053810119628906","8843","8843","8843"
"88459","38.16790771484375","38.16790771484375","38.16790771484375","8845","8845","8845"
"88469","29.84716796875","29.84716796875","29.84716796875","8846","8846","8846"
"88499","23.771541595458984","23.771541595458984","23.771541595458984","8849","8849","8849"
"88519","33.052406311035156","33.052406311035156","33.052406311035156","8851","8851","8851"
"88559","26.868907928466797","26.868907928466797","26.868907928466797","8855","8855","8855"
"88569","41.59634017944336","41.59634017944336","41.59634017944336","8856","8856","8856"
"88609","26.83635711669922","26.83635711669922","26.83635711669922","8860","8860","8860"
"88619","28.591320037841797","28.591320037841797","28.591320037841797","8861","8861","8861"
"88639","32.771217346191406","32.771217346191406","32.771217346191406","8863","8863","8863"
"88659","35.41162872314453","35.41162872314453","35.41162872314453","8865","8865","8865"
"88699","20.397552490234375","20.397552490234375","20.397552490234375","8869","8869","8869"
"88709","27.109375","27.109375","27.109375","8870","8870","8870"
"88719","24.76107406616211","24.76107406616211","24.76107406616211","8871","8871","8871"
"88729","31.3011474609375","31.3011474609375","31.3011474609375","8872","8872","8872"
"88739","30.150524139404297","30.150524139404297","30.150524139404297","8873","8873","8873"
"88789","29.565685272216797","29.565685272216797","29.565685272216797","8878","8878","8878"
"88819","26.517967224121094","26.517967224121094","26.517967224121094","8881","8881","8881"
"88849","19.31348419189453","19.31348419189453","19.31348419189453","8884","8884","8884"
"88869","33.313629150390625","33.313629150390625","33.313629150390625","8886","8886","8886"
"88959","35.702484130859375","35.702484130859375","35.702484130859375","8895","8895","8895"
"88979","28.049205780029297","28.049205780029297","28.049205780029297","8897","8897","8897"
"89009","30.000198364257812","30.000198364257812","30.000198364257812","8900","8900","8900"
"89029","31.364986419677734","31.364986419677734","31.364986419677734","8902","8902","8902"
"89049","32.62910461425781","32.62910461425781","32.62910461425781","8904","8904","8904"
"89059","53.16746139526367","53.16746139526367","53.16746139526367","8905","8905","8905"
"89069","25.343582153320312","25.343582153320312","25.343582153320312","8906","8906","8906"
"89149","22.619831085205078","22.619831085205078","22.619831085205078","8914","8914","8914"
"89169","37.96458435058594","37.96458435058594","37.96458435058594","8916","8916","8916"
"89199","23.188190460205078","23.188190460205078","23.188190460205078","8919","8919","8919"
"89209","22.465539932250977","22.465539932250977","22.465539932250977","8920","8920","8920"
"89239","63.045894622802734","63.045894622802734","63.045894622802734","8923","8923","8923"
"89269","36.1739616394043","36.1739616394043","36.1739616394043","8926","8926","8926"
"89279","35.29270553588867","35.29270553588867","35.29270553588867","8927","8927","8927"
"89289","27.38936996459961","27.38936996459961","27.38936996459961","8928","8928","8928"
"89399","30.299545288085938","30.299545288085938","30.299545288085938","8939","8939","8939"
"89439","30.225236892700195","30.225236892700195","30.225236892700195","8943","8943","8943"
"89459","32.65345001220703","32.65345001220703","32.65345001220703","8945","8945","8945"
"89469","29.148395538330078","29.148395538330078","29.148395538330078","8946","8946","8946"
"89479","40.59126281738281","40.59126281738281","40.59126281738281","8947","8947","8947"
"89509","34.50265121459961","34.50265121459961","34.50265121459961","8950","8950","8950"
"89539","23.93235969543457","23.93235969543457","23.93235969543457","8953","8953","8953"
"89569","30.565963745117188","30.565963745117188","30.565963745117188","8956","8956","8956"
"89599","41.272422790527344","41.272422790527344","41.272422790527344","8959","8959","8959"
"89629","35.46226119995117","35.46226119995117","35.46226119995117","8962","8962","8962"
"89639","25.33199691772461","25.33199691772461","25.33199691772461","8963","8963","8963"
"89669","23.942161560058594","23.942161560058594","23.942161560058594","8966","8966","8966"
"89679","39.64701843261719","39.64701843261719","39.64701843261719","8967","8967","8967"
"89699","31.250747680664062","31.250747680664062","31.250747680664062","8969","8969","8969"
"89719","27.124916076660156","27.124916076660156","27.124916076660156","8971","8971","8971"
"89749","29.187397003173828","29.187397003173828","29.187397003173828","8974","8974","8974"
"89759","48.62489700317383","48.62489700317383","48.62489700317383","8975","8975","8975"
"89769","25.702404022216797","25.702404022216797","25.702404022216797","8976","8976","8976"
"89779","33.19953918457031","33.19953918457031","33.19953918457031","8977","8977","8977"
"89789","29.080245971679688","29.080245971679688","29.080245971679688","8978","8978","8978"
"89799","27.88971710205078","27.88971710205078","27.88971710205078","8979","8979","8979"
"89819","28.163246154785156","28.163246154785156","28.163246154785156","8981","8981","8981"
"89829","27.007911682128906","27.007911682128906","27.007911682128906","8982","8982","8982"
"89839","27.383188247680664","27.383188247680664","27.383188247680664","8983","8983","8983"
"89889","25.346033096313477","25.346033096313477","25.346033096313477","8988","8988","8988"
"89979","26.38393783569336","26.38393783569336","26.38393783569336","8997","8997","8997"
"89999","22.886211395263672","22.886211395263672","22.886211395263672","8999","8999","8999"
"90029","30.248910903930664","30.248910903930664","30.248910903930664","9002","9002","9002"
"90079","24.231626510620117","24.231626510620117","24.231626510620117","9007","9007","9007"
"90089","39.07219696044922","39.07219696044922","39.07219696044922","9008","9008","9008"
"90099","33.15992736816406","33.15992736816406","33.15992736816406","9009","9009","9009"
"90119","23.83828353881836","23.83828353881836","23.83828353881836","9011","9011","9011"
"90169","35.987464904785156","35.987464904785156","35.987464904785156","9016","9016","9016"
"90179","44.709068298339844","44.709068298339844","44.709068298339844","9017","9017","9017"
"90189","38.87436294555664","38.87436294555664","38.87436294555664","9018","9018","9018"
"90199","23.984413146972656","23.984413146972656","23.984413146972656","9019","9019","9019"
"90209","23.705381393432617","23.705381393432617","23.705381393432617","9020","9020","9020"
"90229","23.709182739257812","23.709182739257812","23.709182739257812","9022","9022","9022"
"90239","36.55939865112305","36.55939865112305","36.55939865112305","9023","9023","9023"
"90259","26.46487045288086","26.46487045288086","26.46487045288086","9025","9025","9025"
"90269","24.193103790283203","24.193103790283203","24.193103790283203","9026","9026","9026"
"90279","25.83354949951172","25.83354949951172","25.83354949951172","9027","9027","9027"
"90309","29.97173309326172","29.97173309326172","29.97173309326172","9030","9030","9030"
"90319","25.767948150634766","25.767948150634766","25.767948150634766","9031","9031","9031"
"90349","24.28408432006836","24.28408432006836","24.28408432006836","9034","9034","9034"
"90379","27.90894889831543","27.90894889831543","27.90894889831543","9037","9037","9037"
"90419","24.942012786865234","24.942012786865234","24.942012786865234","9041","9041","9041"
"90439","37.169342041015625","37.169342041015625","37.169342041015625","9043","9043","9043"
"90469","27.83151626586914","27.83151626586914","27.83151626586914","9046","9046","9046"
"90549","20.413930892944336","20.413930892944336","20.413930892944336","9054","9054","9054"
"90599","29.758686065673828","29.758686065673828","29.758686065673828","9059","9059","9059"
"90619","32.98737335205078","32.98737335205078","32.98737335205078","9061","9061","9061"
"90649","47.43975067138672","47.43975067138672","47.43975067138672","9064","9064","9064"
"90659","24.506046295166016","24.506046295166016","24.506046295166016","9065","9065","9065"
"90679","39.017032623291016","39.017032623291016","39.017032623291016","9067","9067","9067"
"90689","37.4188232421875","37.4188232421875","37.4188232421875","9068","9068","9068"
"90709","26.27018928527832","26.27018928527832","26.27018928527832","9070","9070","9070"
"90739","25.40595245361328","25.40595245361328","25.40595245361328","9073","9073","9073"
"90859","25.06329345703125","25.06329345703125","25.06329345703125","9085","9085","9085"
"90889","32.40609359741211","32.40609359741211","32.40609359741211","9088","9088","9088"
"90919","30.78812026977539","30.78812026977539","30.78812026977539","9091","9091","9091"
"90939","21.454408645629883","21.454408645629883","21.454408645629883","9093","9093","9093"
"90959","38.21851348876953","38.21851348876953","38.21851348876953","9095","9095","9095"
"90969","20.131649017333984","20.131649017333984","20.131649017333984","9096","9096","9096"
"91029","28.04286003112793","28.04286003112793","28.04286003112793","9102","9102","9102"
"91039","20.686233520507812","20.686233520507812","20.686233520507812","9103","9103","9103"
"91049","27.061071395874023","27.061071395874023","27.061071395874023","9104","9104","9104"
"91069","28.53333854675293","28.53333854675293","28.53333854675293","9106","9106","9106"
"91089","34.35539245605469","34.35539245605469","34.35539245605469","9108","9108","9108"
"91099","34.2058219909668","34.2058219909668","34.2058219909668","9109","9109","9109"
"91119","35.71065139770508","35.71065139770508","35.71065139770508","9111","9111","9111"
"91139","34.07929229736328","34.07929229736328","34.07929229736328","9113","9113","9113"
"91169","46.978492736816406","46.978492736816406","46.978492736816406","9116","9116","9116"
"91199","35.601768493652344","35.601768493652344","35.601768493652344","9119","9119","9119"
"91229","29.326068878173828","29.326068878173828","29.326068878173828","9122","9122","9122"
"91339","27.269485473632812","27.269485473632812","27.269485473632812","9133","9133","9133"
"91349","44.202335357666016","44.202335357666016","44.202335357666016","9134","9134","9134"
"91419","27.438852310180664","27.438852310180664","27.438852310180664","9141","9141","9141"
"91429","20.389549255371094","20.389549255371094","20.389549255371094","9142","9142","9142"
"91439","25.157569885253906","25.157569885253906","25.157569885253906","9143","9143","9143"
"91459","23.08306884765625","23.08306884765625","23.08306884765625","9145","9145","9145"
"91469","28.874664306640625","28.874664306640625","28.874664306640625","9146","9146","9146"
"91539","32.9265251159668","32.9265251159668","32.9265251159668","9153","9153","9153"
"91559","31.055416107177734","31.055416107177734","31.055416107177734","9155","9155","9155"
"91589","27.55245590209961","27.55245590209961","27.55245590209961","9158","9158","9158"
"91629","36.87820816040039","36.87820816040039","36.87820816040039","9162","9162","9162"
"91639","43.48365020751953","43.48365020751953","43.48365020751953","9163","9163","9163"
"91659","25.26784896850586","25.26784896850586","25.26784896850586","9165","9165","9165"
"91669","36.76950454711914","36.76950454711914","36.76950454711914","9166","9166","9166"
"91679","24.242433547973633","24.242433547973633","24.242433547973633","9167","9167","9167"
"91689","31.45406723022461","31.45406723022461","31.45406723022461","9168","9168","9168"
"91709","48.18583297729492","48.18583297729492","48.18583297729492","9170","9170","9170"
"91739","24.38189697265625","24.38189697265625","24.38189697265625","9173","9173","9173"
"91749","36.93535614013672","36.93535614013672","36.93535614013672","9174","9174","9174"
"91769","20.796072006225586","20.796072006225586","20.796072006225586","9176","9176","9176"
"91779","27.574277877807617","27.574277877807617","27.574277877807617","9177","9177","9177"
"91799","28.925857543945312","28.925857543945312","28.925857543945312","9179","9179","9179"
"91829","38.13042449951172","38.13042449951172","38.13042449951172","9182","9182","9182"
"91839","25.976985931396484","25.976985931396484","25.976985931396484","9183","9183","9183"
"91889","35.017059326171875","35.017059326171875","35.017059326171875","9188","9188","9188"
"91899","33.341705322265625","33.341705322265625","33.341705322265625","9189","9189","9189"
"91909","47.166290283203125","47.166290283203125","47.166290283203125","9190","9190","9190"
"91939","33.94822692871094","33.94822692871094","33.94822692871094","9193","9193","9193"
"91969","25.411834716796875","25.411834716796875","25.411834716796875","9196","9196","9196"
"91979","51.18285369873047","51.18285369873047","51.18285369873047","9197","9197","9197"
"91989","28.102252960205078","28.102252960205078","28.102252960205078","9198","9198","9198"
"92089","19.457881927490234","19.457881927490234","19.457881927490234","9208","9208","9208"
"92109","30.251510620117188","30.251510620117188","30.251510620117188","9210","9210","9210"
"92119","25.191001892089844","25.191001892089844","25.191001892089844","9211","9211","9211"
"92139","25.737415313720703","25.737415313720703","25.737415313720703","9213","9213","9213"
"92149","45.200592041015625","45.200592041015625","45.200592041015625","9214","9214","9214"
"92159","28.355541229248047","28.355541229248047","28.355541229248047","9215","9215","9215"
"92169","47.29846954345703","47.29846954345703","47.29846954345703","9216","9216","9216"
"92209","57.90442657470703","57.90442657470703","57.90442657470703","9220","9220","9220"
"92229","26.264402389526367","26.264402389526367","26.264402389526367","9222","9222","9222"
"92369","28.321414947509766","28.321414947509766","28.321414947509766","9236","9236","9236"
"92429","28.980501174926758","28.980501174926758","28.980501174926758","9242","9242","9242"
"92439","22.986331939697266","22.986331939697266","22.986331939697266","9243","9243","9243"
"92459","27.32033920288086","27.32033920288086","27.32033920288086","9245","9245","9245"
"92479","41.22882080078125","41.22882080078125","41.22882080078125","9247","9247","9247"
"92539","58.26979064941406","58.26979064941406","58.26979064941406","9253","9253","9253"
"92549","23.24894142150879","23.24894142150879","23.24894142150879","9254","9254","9254"
"92559","19.98303985595703","19.98303985595703","19.98303985595703","9255","9255","9255"
"92619","27.72768211364746","27.72768211364746","27.72768211364746","9261","9261","9261"
"92669","26.568408966064453","26.568408966064453","26.568408966064453","9266","9266","9266"
"92689","22.995532989501953","22.995532989501953","22.995532989501953","9268","9268","9268"
"92709","28.579086303710938","28.579086303710938","28.579086303710938","9270","9270","9270"
"92769","42.16504669189453","42.16504669189453","42.16504669189453","9276","9276","9276"
"92799","21.784433364868164","21.784433364868164","21.784433364868164","9279","9279","9279"
"92849","26.858272552490234","26.858272552490234","26.858272552490234","9284","9284","9284"
"92859","28.750629425048828","28.750629425048828","28.750629425048828","9285","9285","9285"
"92899","23.191438674926758","23.191438674926758","23.191438674926758","9289","9289","9289"
"92909","30.32718276977539","30.32718276977539","30.32718276977539","9290","9290","9290"
"92989","23.36631965637207","23.36631965637207","23.36631965637207","9298","9298","9298"
"92999","26.679014205932617","26.679014205932617","26.679014205932617","9299","9299","9299"
"93039","22.938013076782227","22.938013076782227","22.938013076782227","9303","9303","9303"
"93049","21.867443084716797","21.867443084716797","21.867443084716797","9304","9304","9304"
"93089","20.945117950439453","20.945117950439453","20.945117950439453","9308","9308","9308"
"93099","20.347373962402344","20.347373962402344","20.347373962402344","9309","9309","9309"
"93159","24.296672821044922","24.296672821044922","24.296672821044922","9315","9315","9315"
"93219","44.07405471801758","44.07405471801758","44.07405471801758","9321","9321","9321"
"93239","25.518861770629883","25.518861770629883","25.518861770629883","9323","9323","9323"
"93249","40.86145782470703","40.86145782470703","40.86145782470703","9324","9324","9324"
"93309","20.691322326660156","20.691322326660156","20.691322326660156","9330","9330","9330"
"93319","25.395671844482422","25.395671844482422","25.395671844482422","9331","9331","9331"
"93329","32.278682708740234","32.278682708740234","32.278682708740234","9332","9332","9332"
"93339","25.0721435546875","25.0721435546875","25.0721435546875","9333","9333","9333"
"93369","24.16039276123047","24.16039276123047","24.16039276123047","9336","9336","9336"
"93379","33.8577880859375","33.8577880859375","33.8577880859375","9337","9337","9337"
"93389","24.47357177734375","24.47357177734375","24.47357177734375","9338","9338","9338"
"93399","24.432695388793945","24.432695388793945","24.432695388793945","9339","9339","9339"
"93409","38.12877655029297","38.12877655029297","38.12877655029297","9340","9340","9340"
"93429","22.41759490966797","22.41759490966797","22.41759490966797","9342","9342","9342"
"93439","20.285429000854492","20.285429000854492","20.285429000854492","9343","9343","9343"
"93469","30.09429359436035","30.09429359436035","30.09429359436035","9346","9346","9346"
"93479","27.253684997558594","27.253684997558594","27.253684997558594","9347","9347","9347"
"93489","34.416893005371094","34.416893005371094","34.416893005371094","9348","9348","9348"
"93509","40.02384567260742","40.02384567260742","40.02384567260742","9350","9350","9350"
"93529","26.6404972076416","26.6404972076416","26.6404972076416","9352","9352","9352"
"93559","31.40134620666504","31.40134620666504","31.40134620666504","9355","9355","9355"
"93609","28.220794677734375","28.220794677734375","28.220794677734375","9360","9360","9360"
"93639","28.331375122070312","28.331375122070312","28.331375122070312","9363","9363","9363"
"93669","29.766521453857422","29.766521453857422","29.766521453857422","9366","9366","9366"
"93709","32.82903289794922","32.82903289794922","32.82903289794922","9370","9370","9370"
"93719","23.94550323486328","23.94550323486328","23.94550323486328","9371","9371","9371"
"93749","25.485107421875","25.485107421875","25.485107421875","9374","9374","9374"
"93759","31.144283294677734","31.144283294677734","31.144283294677734","9375","9375","9375"
"93799","26.049476623535156","26.049476623535156","26.049476623535156","9379","9379","9379"
"93819","38.80192947387695","38.80192947387695","38.80192947387695","9381","9381","9381"
"93829","44.23185729980469","44.23185729980469","44.23185729980469","9382","9382","9382"
"93839","27.23054313659668","27.23054313659668","27.23054313659668","9383","9383","9383"
"93849","23.636404037475586","23.636404037475586","23.636404037475586","9384","9384","9384"
"93859","37.79194641113281","37.79194641113281","37.79194641113281","9385","9385","9385"
"93909","27.936016082763672","27.936016082763672","27.936016082763672","9390","9390","9390"
"93949","30.63942527770996","30.63942527770996","30.63942527770996","9394","9394","9394"
"93979","40.08388137817383","40.08388137817383","40.08388137817383","9397","9397","9397"
"93989","25.190576553344727","25.190576553344727","25.190576553344727","9398","9398","9398"
"93999","39.13246154785156","39.13246154785156","39.13246154785156","9399","9399","9399"
"94009","23.46793556213379","23.46793556213379","23.46793556213379","9400","9400","9400"
"94029","27.108034133911133","27.108034133911133","27.108034133911133","9402","9402","9402"
"94239","22.61585807800293","22.61585807800293","22.61585807800293","9423","9423","9423"
"94249","30.306507110595703","30.306507110595703","30.306507110595703","9424","9424","9424"
"94279","24.914064407348633","24.914064407348633","24.914064407348633","9427","9427","9427"
"94299","27.52756118774414","27.52756118774414","27.52756118774414","9429","9429","9429"
"94309","22.87555694580078","22.87555694580078","22.87555694580078","9430","9430","9430"
"94319","23.905288696289062","23.905288696289062","23.905288696289062","9431","9431","9431"
"94339","27.649673461914062","27.649673461914062","27.649673461914062","9433","9433","9433"
"94349","35.89028549194336","35.89028549194336","35.89028549194336","9434","9434","9434"
"94359","34.17863464355469","34.17863464355469","34.17863464355469","9435","9435","9435"
"94369","23.73989486694336","23.73989486694336","23.73989486694336","9436","9436","9436"
"94379","42.80643844604492","42.80643844604492","42.80643844604492","9437","9437","9437"
"94389","30.310626983642578","30.310626983642578","30.310626983642578","9438","9438","9438"
"94409","30.701980590820312","30.701980590820312","30.701980590820312","9440","9440","9440"
"94429","25.329010009765625","25.329010009765625","25.329010009765625","9442","9442","9442"
"94449","32.69507598876953","32.69507598876953","32.69507598876953","9444","9444","9444"
"94459","25.079769134521484","25.079769134521484","25.079769134521484","9445","9445","9445"
"94469","20.567001342773438","20.567001342773438","20.567001342773438","9446","9446","9446"
"94479","23.43405532836914","23.43405532836914","23.43405532836914","9447","9447","9447"
"94489","21.119369506835938","21.119369506835938","21.119369506835938","9448","9448","9448"
"94499","30.09539031982422","30.09539031982422","30.09539031982422","9449","9449","9449"
"94559","42.819305419921875","42.819305419921875","42.819305419921875","9455","9455","9455"
"94569","33.29130935668945","33.29130935668945","33.29130935668945","9456","9456","9456"
"94589","25.823013305664062","25.823013305664062","25.823013305664062","9458","9458","9458"
"94649","22.92474365234375","22.92474365234375","22.92474365234375","9464","9464","9464"
"94659","24.260250091552734","24.260250091552734","24.260250091552734","9465","9465","9465"
"94679","28.199546813964844","28.199546813964844","28.199546813964844","9467","9467","9467"
"94709","43.50282287597656","43.50282287597656","43.50282287597656","9470","9470","9470"
"94719","24.138702392578125","24.138702392578125","24.138702392578125","9471","9471","9471"
"94729","21.355405807495117","21.355405807495117","21.355405807495117","9472","9472","9472"
"94739","20.65835952758789","20.65835952758789","20.65835952758789","9473","9473","9473"
"94849","24.86014175415039","24.86014175415039","24.86014175415039","9484","9484","9484"
"94859","33.37846755981445","33.37846755981445","33.37846755981445","9485","9485","9485"
"94869","29.034488677978516","29.034488677978516","29.034488677978516","9486","9486","9486"
"94879","29.30194664001465","29.30194664001465","29.30194664001465","9487","9487","9487"
"94899","22.916879653930664","22.916879653930664","22.916879653930664","9489","9489","9489"
"94909","20.227571487426758","20.227571487426758","20.227571487426758","9490","9490","9490"
"94939","39.84229278564453","39.84229278564453","39.84229278564453","9493","9493","9493"
"94959","31.085596084594727","31.085596084594727","31.085596084594727","9495","9495","9495"
"94999","38.84566116333008","38.84566116333008","38.84566116333008","9499","9499","9499"
"95029","28.375659942626953","28.375659942626953","28.375659942626953","9502","9502","9502"
"95089","37.46154022216797","37.46154022216797","37.46154022216797","9508","9508","9508"
"95109","27.276737213134766","27.276737213134766","27.276737213134766","9510","9510","9510"
"95119","23.016578674316406","23.016578674316406","23.016578674316406","9511","9511","9511"
"95129","26.407859802246094","26.407859802246094","26.407859802246094","9512","9512","9512"
"95139","25.695148468017578","25.695148468017578","25.695148468017578","9513","9513","9513"
"95189","40.83971405029297","40.83971405029297","40.83971405029297","9518","9518","9518"
"95209","27.64108657836914","27.64108657836914","27.64108657836914","9520","9520","9520"
"95229","22.760173797607422","22.760173797607422","22.760173797607422","9522","9522","9522"
"95289","28.36532211303711","28.36532211303711","28.36532211303711","9528","9528","9528"
"95309","31.96811866760254","31.96811866760254","31.96811866760254","9530","9530","9530"
"95319","22.32592010498047","22.32592010498047","22.32592010498047","9531","9531","9531"
"95329","29.5947322845459","29.5947322845459","29.5947322845459","9532","9532","9532"
"95339","27.17311668395996","27.17311668395996","27.17311668395996","9533","9533","9533"
"95359","25.03011131286621","25.03011131286621","25.03011131286621","9535","9535","9535"
"95429","30.80219268798828","30.80219268798828","30.80219268798828","9542","9542","9542"
"95449","20.476730346679688","20.476730346679688","20.476730346679688","9544","9544","9544"
"95479","25.6752872467041","25.6752872467041","25.6752872467041","9547","9547","9547"
"95489","30.54794692993164","30.54794692993164","30.54794692993164","9548","9548","9548"
"95549","35.91518783569336","35.91518783569336","35.91518783569336","9554","9554","9554"
"95569","38.51973342895508","38.51973342895508","38.51973342895508","9556","9556","9556"
"95589","23.76702880859375","23.76702880859375","23.76702880859375","9558","9558","9558"
"95599","26.812070846557617","26.812070846557617","26.812070846557617","9559","9559","9559"
"95619","31.807212829589844","31.807212829589844","31.807212829589844","9561","9561","9561"
"95699","24.95299530029297","24.95299530029297","24.95299530029297","9569","9569","9569"
"95719","23.830636978149414","23.830636978149414","23.830636978149414","9571","9571","9571"
"95729","38.89382553100586","38.89382553100586","38.89382553100586","9572","9572","9572"
"95869","25.1605224609375","25.1605224609375","25.1605224609375","9586","9586","9586"
"95899","33.36476516723633","33.36476516723633","33.36476516723633","9589","9589","9589"
"95909","31.123920440673828","31.123920440673828","31.123920440673828","9590","9590","9590"
"95989","33.200279235839844","33.200279235839844","33.200279235839844","9598","9598","9598"
"95999","31.639253616333008","31.639253616333008","31.639253616333008","9599","9599","9599"
"96009","21.164588928222656","21.164588928222656","21.164588928222656","9600","9600","9600"
"96059","29.908437728881836","29.908437728881836","29.908437728881836","9605","9605","9605"
"96069","20.272111892700195","20.272111892700195","20.272111892700195","9606","9606","9606"
"96079","27.884315490722656","27.884315490722656","27.884315490722656","9607","9607","9607"
"96129","33.00893020629883","33.00893020629883","33.00893020629883","9612","9612","9612"
"96169","40.26237106323242","40.26237106323242","40.26237106323242","9616","9616","9616"
"96199","24.439159393310547","24.439159393310547","24.439159393310547","9619","9619","9619"
"96219","35.67783737182617","35.67783737182617","35.67783737182617","9621","9621","9621"
"96229","34.08383560180664","34.08383560180664","34.08383560180664","9622","9622","9622"
"96269","26.584732055664062","26.584732055664062","26.584732055664062","9626","9626","9626"
"96289","28.313440322875977","28.313440322875977","28.313440322875977","9628","9628","9628"
"96299","25.901538848876953","25.901538848876953","25.901538848876953","9629","9629","9629"
"96309","29.775184631347656","29.775184631347656","29.775184631347656","9630","9630","9630"
"96339","20.550294876098633","20.550294876098633","20.550294876098633","9633","9633","9633"
"96349","31.434017181396484","31.434017181396484","31.434017181396484","9634","9634","9634"
"96359","21.752460479736328","21.752460479736328","21.752460479736328","9635","9635","9635"
"96379","21.558107376098633","21.558107376098633","21.558107376098633","9637","9637","9637"
"96389","24.705265045166016","24.705265045166016","24.705265045166016","9638","9638","9638"
"96419","33.15973663330078","33.15973663330078","33.15973663330078","9641","9641","9641"
"96459","28.489797592163086","28.489797592163086","28.489797592163086","9645","9645","9645"
"96489","21.781166076660156","21.781166076660156","21.781166076660156","9648","9648","9648"
"96499","22.592926025390625","22.592926025390625","22.592926025390625","9649","9649","9649"
"96509","33.91583251953125","33.91583251953125","33.91583251953125","9650","9650","9650"
"96519","30.353778839111328","30.353778839111328","30.353778839111328","9651","9651","9651"
"96529","28.285743713378906","28.285743713378906","28.285743713378906","9652","9652","9652"
"96549","42.22768783569336","42.22768783569336","42.22768783569336","9654","9654","9654"
"96599","24.433210372924805","24.433210372924805","24.433210372924805","9659","9659","9659"
"96609","26.52584457397461","26.52584457397461","26.52584457397461","9660","9660","9660"
"96619","30.6134033203125","30.6134033203125","30.6134033203125","9661","9661","9661"
"96629","22.9415340423584","22.9415340423584","22.9415340423584","9662","9662","9662"
"96689","20.27353286743164","20.27353286743164","20.27353286743164","9668","9668","9668"
"96709","22.069198608398438","22.069198608398438","22.069198608398438","9670","9670","9670"
"96729","29.680309295654297","29.680309295654297","29.680309295654297","9672","9672","9672"
"96749","30.124645233154297","30.124645233154297","30.124645233154297","9674","9674","9674"
"96779","26.061729431152344","26.061729431152344","26.061729431152344","9677","9677","9677"
"96819","29.953838348388672","29.953838348388672","29.953838348388672","9681","9681","9681"
"96839","25.148929595947266","25.148929595947266","25.148929595947266","9683","9683","9683"
"96849","29.831817626953125","29.831817626953125","29.831817626953125","9684","9684","9684"
"96889","32.16095733642578","32.16095733642578","32.16095733642578","9688","9688","9688"
"96929","23.964740753173828","23.964740753173828","23.964740753173828","9692","9692","9692"
"96939","23.46205711364746","23.46205711364746","23.46205711364746","9693","9693","9693"
"96949","21.60390853881836","21.60390853881836","21.60390853881836","9694","9694","9694"
"96969","39.001407623291016","39.001407623291016","39.001407623291016","9696","9696","9696"
"96989","28.98974609375","28.98974609375","28.98974609375","9698","9698","9698"
"97009","33.173805236816406","33.173805236816406","33.173805236816406","9700","9700","9700"
"97019","28.530139923095703","28.530139923095703","28.530139923095703","9701","9701","9701"
"97039","25.73811912536621","25.73811912536621","25.73811912536621","9703","9703","9703"
"97059","27.00623321533203","27.00623321533203","27.00623321533203","9705","9705","9705"
"97069","35.55271530151367","35.55271530151367","35.55271530151367","9706","9706","9706"
"97119","26.399690628051758","26.399690628051758","26.399690628051758","9711","9711","9711"
"97139","19.943553924560547","19.943553924560547","19.943553924560547","9713","9713","9713"
"97179","42.3133659362793","42.3133659362793","42.3133659362793","9717","9717","9717"
"97199","30.58434295654297","30.58434295654297","30.58434295654297","9719","9719","9719"
"97209","23.58293914794922","23.58293914794922","23.58293914794922","9720","9720","9720"
"97259","28.132064819335938","28.132064819335938","28.132064819335938","9725","9725","9725"
"97319","23.32611656188965","23.32611656188965","23.32611656188965","9731","9731","9731"
"97349","27.87850570678711","27.87850570678711","27.87850570678711","9734","9734","9734"
"97369","26.055051803588867","26.055051803588867","26.055051803588867","9736","9736","9736"
"97409","26.107547760009766","26.107547760009766","26.107547760009766","9740","9740","9740"
"97439","33.380210876464844","33.380210876464844","33.380210876464844","9743","9743","9743"
"97489","21.604825973510742","21.604825973510742","21.604825973510742","9748","9748","9748"
"97499","21.82105255126953","21.82105255126953","21.82105255126953","9749","9749","9749"
"97519","31.25967025756836","31.25967025756836","31.25967025756836","9751","9751","9751"
"97529","22.168899536132812","22.168899536132812","22.168899536132812","9752","9752","9752"
"97549","30.25265884399414","30.25265884399414","30.25265884399414","9754","9754","9754"
"97609","24.4105224609375","24.4105224609375","24.4105224609375","9760","9760","9760"
"97629","27.416282653808594","27.416282653808594","27.416282653808594","9762","9762","9762"
"97649","20.316587448120117","20.316587448120117","20.316587448120117","9764","9764","9764"
"97669","26.98754119873047","26.98754119873047","26.98754119873047","9766","9766","9766"
"97709","26.632837295532227","26.632837295532227","26.632837295532227","9770","9770","9770"
"97719","24.455623626708984","24.455623626708984","24.455623626708984","9771","9771","9771"
"97729","24.43807601928711","24.43807601928711","24.43807601928711","9772","9772","9772"
"97839","27.591825485229492","27.591825485229492","27.591825485229492","9783","9783","9783"
"97869","22.428138732910156","22.428138732910156","22.428138732910156","9786","9786","9786"
"97889","22.195648193359375","22.195648193359375","22.195648193359375","9788","9788","9788"
"97899","22.32565689086914","22.32565689086914","22.32565689086914","9789","9789","9789"
"97919","24.888965606689453","24.888965606689453","24.888965606689453","9791","9791","9791"
"97929","23.670461654663086","23.670461654663086","23.670461654663086","9792","9792","9792"
"97949","28.84825897216797","28.84825897216797","28.84825897216797","9794","9794","9794"
"98009","26.24925422668457","26.24925422668457","26.24925422668457","9800","9800","9800"
"98049","24.792831420898438","24.792831420898438","24.792831420898438","9804","9804","9804"
"98189","29.906814575195312","29.906814575195312","29.906814575195312","9818","9818","9818"
"98209","23.40380859375","23.40380859375","23.40380859375","9820","9820","9820"
"98219","29.83363151550293","29.83363151550293","29.83363151550293","9821","9821","9821"
"98259","25.57181167602539","25.57181167602539","25.57181167602539","9825","9825","9825"
"98269","20.002622604370117","20.002622604370117","20.002622604370117","9826","9826","9826"
"98369","23.31808853149414","23.31808853149414","23.31808853149414","9836","9836","9836"
"98409","26.569547653198242","26.569547653198242","26.569547653198242","9840","9840","9840"
"98449","26.836692810058594","26.836692810058594","26.836692810058594","9844","9844","9844"
"98479","28.2757568359375","28.2757568359375","28.2757568359375","9847","9847","9847"
"98499","25.224720001220703","25.224720001220703","25.224720001220703","9849","9849","9849"
"98529","24.121618270874023","24.121618270874023","24.121618270874023","9852","9852","9852"
"98549","20.424842834472656","20.424842834472656","20.424842834472656","9854","9854","9854"
"98559","30.824182510375977","30.824182510375977","30.824182510375977","9855","9855","9855"
"98589","46.69627380371094","46.69627380371094","46.69627380371094","9858","9858","9858"
"98629","42.243011474609375","42.243011474609375","42.243011474609375","9862","9862","9862"
"98689","29.92007064819336","29.92007064819336","29.92007064819336","9868","9868","9868"
"98699","26.85108757019043","26.85108757019043","26.85108757019043","9869","9869","9869"
"98719","32.870601654052734","32.870601654052734","32.870601654052734","9871","9871","9871"
"98739","36.00288772583008","36.00288772583008","36.00288772583008","9873","9873","9873"
"98779","23.02617645263672","23.02617645263672","23.02617645263672","9877","9877","9877"
"98799","29.434696197509766","29.434696197509766","29.434696197509766","9879","9879","9879"
"98809","28.824726104736328","28.824726104736328","28.824726104736328","9880","9880","9880"
"98819","27.292619705200195","27.292619705200195","27.292619705200195","9881","9881","9881"
"98839","45.54889678955078","45.54889678955078","45.54889678955078","9883","9883","9883"
"98849","28.334138870239258","28.334138870239258","28.334138870239258","9884","9884","9884"
"98879","25.978046417236328","25.978046417236328","25.978046417236328","9887","9887","9887"
"98949","28.062116622924805","28.062116622924805","28.062116622924805","9894","9894","9894"
"98959","24.252643585205078","24.252643585205078","24.252643585205078","9895","9895","9895"
"99009","23.548851013183594","23.548851013183594","23.548851013183594","9900","9900","9900"
"99019","25.537111282348633","25.537111282348633","25.537111282348633","9901","9901","9901"
"99039","23.174091339111328","23.174091339111328","23.174091339111328","9903","9903","9903"
"99049","31.20160675048828","31.20160675048828","31.20160675048828","9904","9904","9904"
"99059","33.39672088623047","33.39672088623047","33.39672088623047","9905","9905","9905"
"99069","28.51650047302246","28.51650047302246","28.51650047302246","9906","9906","9906"
"99079","31.393959045410156","31.393959045410156","31.393959045410156","9907","9907","9907"
"99099","20.51847267150879","20.51847267150879","20.51847267150879","9909","9909","9909"
"99109","23.203426361083984","23.203426361083984","23.203426361083984","9910","9910","9910"
"99159","29.695459365844727","29.695459365844727","29.695459365844727","9915","9915","9915"
"99179","26.159706115722656","26.159706115722656","26.159706115722656","9917","9917","9917"
"99189","30.957353591918945","30.957353591918945","30.957353591918945","9918","9918","9918"
"99199","40.763099670410156","40.763099670410156","40.763099670410156","9919","9919","9919"
"99209","21.277469635009766","21.277469635009766","21.277469635009766","9920","9920","9920"
"99239","24.82021713256836","24.82021713256836","24.82021713256836","9923","9923","9923"
"99249","24.033626556396484","24.033626556396484","24.033626556396484","9924","9924","9924"
"99309","33.93955993652344","33.93955993652344","33.93955993652344","9930","9930","9930"
"99339","22.008832931518555","22.008832931518555","22.008832931518555","9933","9933","9933"
"99349","40.37222671508789","40.37222671508789","40.37222671508789","9934","9934","9934"
"99359","24.93405532836914","24.93405532836914","24.93405532836914","9935","9935","9935"
"99419","31.92874526977539","31.92874526977539","31.92874526977539","9941","9941","9941"
"99529","24.160343170166016","24.160343170166016","24.160343170166016","9952","9952","9952"
"99549","25.919052124023438","25.919052124023438","25.919052124023438","9954","9954","9954"
"99589","39.61774826049805","39.61774826049805","39.61774826049805","9958","9958","9958"
"99599","24.11094856262207","24.11094856262207","24.11094856262207","9959","9959","9959"
"99659","23.30681037902832","23.30681037902832","23.30681037902832","9965","9965","9965"
"99669","45.50650405883789","45.50650405883789","45.50650405883789","9966","9966","9966"
"99679","32.49101257324219","32.49101257324219","32.49101257324219","9967","9967","9967"
"99689","24.998750686645508","24.998750686645508","24.998750686645508","9968","9968","9968"
"99699","24.54681396484375","24.54681396484375","24.54681396484375","9969","9969","9969"
"99709","40.82673645019531","40.82673645019531","40.82673645019531","9970","9970","9970"
"99719","23.05342674255371","23.05342674255371","23.05342674255371","9971","9971","9971"
"99739","19.51384735107422","19.51384735107422","19.51384735107422","9973","9973","9973"
"99799","22.266036987304688","22.266036987304688","22.266036987304688","9979","9979","9979"
"99819","27.452529907226562","27.452529907226562","27.452529907226562","9981","9981","9981"
"99839","23.080677032470703","23.080677032470703","23.080677032470703","9983","9983","9983"
"99919","24.34971809387207","24.34971809387207","24.34971809387207","9991","9991","9991"
"99929","26.499927520751953","26.499927520751953","26.499927520751953","9992","9992","9992"
"99939","26.131534576416016","26.131534576416016","26.131534576416016","9993","9993","9993"
"99959","27.49979019165039","27.49979019165039","27.49979019165039","9995","9995","9995"
"100039","21.42224884033203","21.42224884033203","21.42224884033203","10003","10003","10003"
"100049","31.847152709960938","31.847152709960938","31.847152709960938","10004","10004","10004"
"100079","39.06963348388672","39.06963348388672","39.06963348388672","10007","10007","10007"
"100089","23.493547439575195","23.493547439575195","23.493547439575195","10008","10008","10008"
"100099","30.893402099609375","30.893402099609375","30.893402099609375","10009","10009","10009"
"100149","20.66860008239746","20.66860008239746","20.66860008239746","10014","10014","10014"
"100159","30.55154800415039","30.55154800415039","30.55154800415039","10015","10015","10015"
"100179","22.235193252563477","22.235193252563477","22.235193252563477","10017","10017","10017"
"100209","42.00537872314453","42.00537872314453","42.00537872314453","10020","10020","10020"
"100239","23.580846786499023","23.580846786499023","23.580846786499023","10023","10023","10023"
"100269","27.31519317626953","27.31519317626953","27.31519317626953","10026","10026","10026"
"100299","35.73935317993164","35.73935317993164","35.73935317993164","10029","10029","10029"
"100309","19.56162452697754","19.56162452697754","19.56162452697754","10030","10030","10030"
"100329","24.869701385498047","24.869701385498047","24.869701385498047","10032","10032","10032"
"100339","20.396472930908203","20.396472930908203","20.396472930908203","10033","10033","10033"
"100359","23.491905212402344","23.491905212402344","23.491905212402344","10035","10035","10035"
"100389","27.767160415649414","27.767160415649414","27.767160415649414","10038","10038","10038"
"100429","23.596359252929688","23.596359252929688","23.596359252929688","10042","10042","10042"
"100439","21.76702880859375","21.76702880859375","21.76702880859375","10043","10043","10043"
"100449","28.876361846923828","28.876361846923828","28.876361846923828","10044","10044","10044"
"100459","25.066936492919922","25.066936492919922","25.066936492919922","10045","10045","10045"
"100479","34.486083984375","34.486083984375","34.486083984375","10047","10047","10047"
"100489","22.69108009338379","22.69108009338379","22.69108009338379","10048","10048","10048"
"100519","26.52724838256836","26.52724838256836","26.52724838256836","10051","10051","10051"
"100529","19.77852439880371","19.77852439880371","19.77852439880371","10052","10052","10052"
"100539","29.92325210571289","29.92325210571289","29.92325210571289","10053","10053","10053"
"100549","29.896591186523438","29.896591186523438","29.896591186523438","10054","10054","10054"
"100559","33.21231460571289","33.21231460571289","33.21231460571289","10055","10055","10055"
"100569","26.16683006286621","26.16683006286621","26.16683006286621","10056","10056","10056"
"100579","23.683204650878906","23.683204650878906","23.683204650878906","10057","10057","10057"
"100589","21.406639099121094","21.406639099121094","21.406639099121094","10058","10058","10058"
"100609","23.639699935913086","23.639699935913086","23.639699935913086","10060","10060","10060"
"100679","44.81218338012695","44.81218338012695","44.81218338012695","10067","10067","10067"
"100699","27.659637451171875","27.659637451171875","27.659637451171875","10069","10069","10069"
"100719","21.09790802001953","21.09790802001953","21.09790802001953","10071","10071","10071"
"100729","27.355396270751953","27.355396270751953","27.355396270751953","10072","10072","10072"
"100759","23.430570602416992","23.430570602416992","23.430570602416992","10075","10075","10075"
"100769","29.120891571044922","29.120891571044922","29.120891571044922","10076","10076","10076"
"100779","30.71150016784668","30.71150016784668","30.71150016784668","10077","10077","10077"
"100829","23.27975845336914","23.27975845336914","23.27975845336914","10082","10082","10082"
"100849","25.179349899291992","25.179349899291992","25.179349899291992","10084","10084","10084"
"100869","31.20601463317871","31.20601463317871","31.20601463317871","10086","10086","10086"
"100879","28.427181243896484","28.427181243896484","28.427181243896484","10087","10087","10087"
"100899","23.290010452270508","23.290010452270508","23.290010452270508","10089","10089","10089"
"100909","22.996292114257812","22.996292114257812","22.996292114257812","10090","10090","10090"
"100919","25.013248443603516","25.013248443603516","25.013248443603516","10091","10091","10091"
"100979","26.017215728759766","26.017215728759766","26.017215728759766","10097","10097","10097"
"100989","34.900211334228516","34.900211334228516","34.900211334228516","10098","10098","10098"
"101049","23.946937561035156","23.946937561035156","23.946937561035156","10104","10104","10104"
"101059","25.081539154052734","25.081539154052734","25.081539154052734","10105","10105","10105"
"101069","30.20059585571289","30.20059585571289","30.20059585571289","10106","10106","10106"
"101079","22.911754608154297","22.911754608154297","22.911754608154297","10107","10107","10107"
"101099","19.48491096496582","19.48491096496582","19.48491096496582","10109","10109","10109"
"101109","35.58386993408203","35.58386993408203","35.58386993408203","10110","10110","10110"
"101119","38.11399459838867","38.11399459838867","38.11399459838867","10111","10111","10111"
"101129","28.696041107177734","28.696041107177734","28.696041107177734","10112","10112","10112"
"101149","27.839309692382812","27.839309692382812","27.839309692382812","10114","10114","10114"
"101219","22.370525360107422","22.370525360107422","22.370525360107422","10121","10121","10121"
"101269","27.27639389038086","27.27639389038086","27.27639389038086","10126","10126","10126"
"101299","27.01337432861328","27.01337432861328","27.01337432861328","10129","10129","10129"
"101409","27.061481475830078","27.061481475830078","27.061481475830078","10140","10140","10140"
"101429","29.096113204956055","29.096113204956055","29.096113204956055","10142","10142","10142"
"101499","35.920509338378906","35.920509338378906","35.920509338378906","10149","10149","10149"
"101509","28.791244506835938","28.791244506835938","28.791244506835938","10150","10150","10150"
"101529","31.178916931152344","31.178916931152344","31.178916931152344","10152","10152","10152"
"101539","23.043664932250977","23.043664932250977","23.043664932250977","10153","10153","10153"
"101569","22.85631561279297","22.85631561279297","22.85631561279297","10156","10156","10156"
"101579","20.653053283691406","20.653053283691406","20.653053283691406","10157","10157","10157"
"101589","29.876497268676758","29.876497268676758","29.876497268676758","10158","10158","10158"
"101599","27.373046875","27.373046875","27.373046875","10159","10159","10159"
"101639","23.37985610961914","23.37985610961914","23.37985610961914","10163","10163","10163"
"101649","18.610517501831055","18.610517501831055","18.610517501831055","10164","10164","10164"
"101659","27.220539093017578","27.220539093017578","27.220539093017578","10165","10165","10165"
"101669","21.744953155517578","21.744953155517578","21.744953155517578","10166","10166","10166"
"101709","23.648582458496094","23.648582458496094","23.648582458496094","10170","10170","10170"
"101759","29.718551635742188","29.718551635742188","29.718551635742188","10175","10175","10175"
"101779","31.077529907226562","31.077529907226562","31.077529907226562","10177","10177","10177"
"101809","26.869022369384766","26.869022369384766","26.869022369384766","10180","10180","10180"
"101839","25.875154495239258","25.875154495239258","25.875154495239258","10183","10183","10183"
"101849","53.54098892211914","53.54098892211914","53.54098892211914","10184","10184","10184"
"101859","23.271379470825195","23.271379470825195","23.271379470825195","10185","10185","10185"
"101919","26.217815399169922","26.217815399169922","26.217815399169922","10191","10191","10191"
"101929","28.448631286621094","28.448631286621094","28.448631286621094","10192","10192","10192"
"101959","24.624046325683594","24.624046325683594","24.624046325683594","10195","10195","10195"
"101969","25.72161865234375","25.72161865234375","25.72161865234375","10196","10196","10196"
"101979","25.733285903930664","25.733285903930664","25.733285903930664","10197","10197","10197"
"101999","21.560401916503906","21.560401916503906","21.560401916503906","10199","10199","10199"
"102009","23.959026336669922","23.959026336669922","23.959026336669922","10200","10200","10200"
"102049","22.58526611328125","22.58526611328125","22.58526611328125","10204","10204","10204"
"102069","20.60651206970215","20.60651206970215","20.60651206970215","10206","10206","10206"
"102089","36.725502014160156","36.725502014160156","36.725502014160156","10208","10208","10208"
"102099","27.65697479248047","27.65697479248047","27.65697479248047","10209","10209","10209"
"102129","33.051143646240234","33.051143646240234","33.051143646240234","10212","10212","10212"
"102189","36.77964782714844","36.77964782714844","36.77964782714844","10218","10218","10218"
"102199","28.27019500732422","28.27019500732422","28.27019500732422","10219","10219","10219"
"102229","36.994850158691406","36.994850158691406","36.994850158691406","10222","10222","10222"
"102259","20.725322723388672","20.725322723388672","20.725322723388672","10225","10225","10225"
"102269","36.38290023803711","36.38290023803711","36.38290023803711","10226","10226","10226"
"102289","26.104572296142578","26.104572296142578","26.104572296142578","10228","10228","10228"
"102329","22.215009689331055","22.215009689331055","22.215009689331055","10232","10232","10232"
"102349","56.04952621459961","56.04952621459961","56.04952621459961","10234","10234","10234"
"102369","22.106388092041016","22.106388092041016","22.106388092041016","10236","10236","10236"
"102379","24.064289093017578","24.064289093017578","24.064289093017578","10237","10237","10237"
"102429","33.56879425048828","33.56879425048828","33.56879425048828","10242","10242","10242"
"102449","20.498165130615234","20.498165130615234","20.498165130615234","10244","10244","10244"
"102469","22.60070037841797","22.60070037841797","22.60070037841797","10246","10246","10246"
"102479","23.600669860839844","23.600669860839844","23.600669860839844","10247","10247","10247"
"102489","21.856889724731445","21.856889724731445","21.856889724731445","10248","10248","10248"
"102529","23.942401885986328","23.942401885986328","23.942401885986328","10252","10252","10252"
"102539","62.49444580078125","62.49444580078125","62.49444580078125","10253","10253","10253"
"102589","23.447643280029297","23.447643280029297","23.447643280029297","10258","10258","10258"
"102639","21.284812927246094","21.284812927246094","21.284812927246094","10263","10263","10263"
"102649","27.93997573852539","27.93997573852539","27.93997573852539","10264","10264","10264"
"102669","57.7684326171875","57.7684326171875","57.7684326171875","10266","10266","10266"
"102689","23.470706939697266","23.470706939697266","23.470706939697266","10268","10268","10268"
"102699","23.189739227294922","23.189739227294922","23.189739227294922","10269","10269","10269"
"102709","25.55626678466797","25.55626678466797","25.55626678466797","10270","10270","10270"
"102729","28.199359893798828","28.199359893798828","28.199359893798828","10272","10272","10272"
"102749","23.47857666015625","23.47857666015625","23.47857666015625","10274","10274","10274"
"102769","24.497203826904297","24.497203826904297","24.497203826904297","10276","10276","10276"
"102809","33.443931579589844","33.443931579589844","33.443931579589844","10280","10280","10280"
"102849","26.431272506713867","26.431272506713867","26.431272506713867","10284","10284","10284"
"102859","23.197315216064453","23.197315216064453","23.197315216064453","10285","10285","10285"
"102899","31.613800048828125","31.613800048828125","31.613800048828125","10289","10289","10289"
"102909","20.06904411315918","20.06904411315918","20.06904411315918","10290","10290","10290"
"102959","29.459182739257812","29.459182739257812","29.459182739257812","10295","10295","10295"
"102969","31.882606506347656","31.882606506347656","31.882606506347656","10296","10296","10296"
"103009","22.498729705810547","22.498729705810547","22.498729705810547","10300","10300","10300"
"103029","24.05678367614746","24.05678367614746","24.05678367614746","10302","10302","10302"
"103039","26.161128997802734","26.161128997802734","26.161128997802734","10303","10303","10303"
"103059","29.809946060180664","29.809946060180664","29.809946060180664","10305","10305","10305"
"103069","24.465091705322266","24.465091705322266","24.465091705322266","10306","10306","10306"
"103179","27.05122184753418","27.05122184753418","27.05122184753418","10317","10317","10317"
"103199","22.25824546813965","22.25824546813965","22.25824546813965","10319","10319","10319"
"103229","27.671688079833984","27.671688079833984","27.671688079833984","10322","10322","10322"
"103259","27.04119300842285","27.04119300842285","27.04119300842285","10325","10325","10325"
"103289","20.044641494750977","20.044641494750977","20.044641494750977","10328","10328","10328"
"103299","23.80550193786621","23.80550193786621","23.80550193786621","10329","10329","10329"
"103309","23.81732940673828","23.81732940673828","23.81732940673828","10330","10330","10330"
"103329","24.605026245117188","24.605026245117188","24.605026245117188","10332","10332","10332"
"103349","26.11687660217285","26.11687660217285","26.11687660217285","10334","10334","10334"
"103359","29.935434341430664","29.935434341430664","29.935434341430664","10335","10335","10335"
"103369","25.62008285522461","25.62008285522461","25.62008285522461","10336","10336","10336"
"103389","28.236454010009766","28.236454010009766","28.236454010009766","10338","10338","10338"
"103429","32.73193359375","32.73193359375","32.73193359375","10342","10342","10342"
"103499","35.61383056640625","35.61383056640625","35.61383056640625","10349","10349","10349"
"103519","35.03030014038086","35.03030014038086","35.03030014038086","10351","10351","10351"
"103529","25.618003845214844","25.618003845214844","25.618003845214844","10352","10352","10352"
"103539","28.047691345214844","28.047691345214844","28.047691345214844","10353","10353","10353"
"103559","24.254718780517578","24.254718780517578","24.254718780517578","10355","10355","10355"
"103579","31.431095123291016","31.431095123291016","31.431095123291016","10357","10357","10357"
"103599","22.677024841308594","22.677024841308594","22.677024841308594","10359","10359","10359"
"103619","39.904693603515625","39.904693603515625","39.904693603515625","10361","10361","10361"
"103649","25.10165786743164","25.10165786743164","25.10165786743164","10364","10364","10364"
"103689","24.511390686035156","24.511390686035156","24.511390686035156","10368","10368","10368"
"103729","36.29262161254883","36.29262161254883","36.29262161254883","10372","10372","10372"
"103759","31.590953826904297","31.590953826904297","31.590953826904297","10375","10375","10375"
"103769","26.347763061523438","26.347763061523438","26.347763061523438","10376","10376","10376"
"103809","20.49573516845703","20.49573516845703","20.49573516845703","10380","10380","10380"
"103829","42.99082946777344","42.99082946777344","42.99082946777344","10382","10382","10382"
"103849","19.600055694580078","19.600055694580078","19.600055694580078","10384","10384","10384"
"103899","39.542945861816406","39.542945861816406","39.542945861816406","10389","10389","10389"
"103919","27.42416763305664","27.42416763305664","27.42416763305664","10391","10391","10391"
"103949","24.77383804321289","24.77383804321289","24.77383804321289","10394","10394","10394"
"103959","22.572555541992188","22.572555541992188","22.572555541992188","10395","10395","10395"
"103989","24.93878173828125","24.93878173828125","24.93878173828125","10398","10398","10398"
"104009","26.540258407592773","26.540258407592773","26.540258407592773","10400","10400","10400"
"104019","19.213462829589844","19.213462829589844","19.213462829589844","10401","10401","10401"
"104029","23.05811309814453","23.05811309814453","23.05811309814453","10402","10402","10402"
"104039","24.354740142822266","24.354740142822266","24.354740142822266","10403","10403","10403"
"104049","28.874971389770508","28.874971389770508","28.874971389770508","10404","10404","10404"
"104069","32.04011917114258","32.04011917114258","32.04011917114258","10406","10406","10406"
"104109","23.301000595092773","23.301000595092773","23.301000595092773","10410","10410","10410"
"104129","26.481319427490234","26.481319427490234","26.481319427490234","10412","10412","10412"
"104139","37.37033462524414","37.37033462524414","37.37033462524414","10413","10413","10413"
"104229","20.17965316772461","20.17965316772461","20.17965316772461","10422","10422","10422"
"104279","29.73087501525879","29.73087501525879","29.73087501525879","10427","10427","10427"
"104319","19.78316879272461","19.78316879272461","19.78316879272461","10431","10431","10431"
"104329","23.047161102294922","23.047161102294922","23.047161102294922","10432","10432","10432"
"104339","25.215383529663086","25.215383529663086","25.215383529663086","10433","10433","10433"
"104359","20.47675132751465","20.47675132751465","20.47675132751465","10435","10435","10435"
"104369","32.74147033691406","32.74147033691406","32.74147033691406","10436","10436","10436"
"104399","25.897789001464844","25.897789001464844","25.897789001464844","10439","10439","10439"
"104429","18.637956619262695","18.637956619262695","18.637956619262695","10442","10442","10442"
"104439","25.364803314208984","25.364803314208984","25.364803314208984","10443","10443","10443"
"104449","21.65949249267578","21.65949249267578","21.65949249267578","10444","10444","10444"
"104459","25.164112091064453","25.164112091064453","25.164112091064453","10445","10445","10445"
"104499","23.881669998168945","23.881669998168945","23.881669998168945","10449","10449","10449"
"104509","29.319217681884766","29.319217681884766","29.319217681884766","10450","10450","10450"
"104539","35.91996383666992","35.91996383666992","35.91996383666992","10453","10453","10453"
"104559","27.894481658935547","27.894481658935547","27.894481658935547","10455","10455","10455"
"104589","26.121570587158203","26.121570587158203","26.121570587158203","10458","10458","10458"
"104599","20.453937530517578","20.453937530517578","20.453937530517578","10459","10459","10459"
"104629","23.844240188598633","23.844240188598633","23.844240188598633","10462","10462","10462"
"104649","31.80706024169922","31.80706024169922","31.80706024169922","10464","10464","10464"
"104679","23.795467376708984","23.795467376708984","23.795467376708984","10467","10467","10467"
"104689","25.9991512298584","25.9991512298584","25.9991512298584","10468","10468","10468"
"104699","19.72859001159668","19.72859001159668","19.72859001159668","10469","10469","10469"
"104709","25.773509979248047","25.773509979248047","25.773509979248047","10470","10470","10470"
"104729","31.261730194091797","31.261730194091797","31.261730194091797","10472","10472","10472"
"104739","29.67961883544922","29.67961883544922","29.67961883544922","10473","10473","10473"
"104749","25.29213523864746","25.29213523864746","25.29213523864746","10474","10474","10474"
"104759","28.980403900146484","28.980403900146484","28.980403900146484","10475","10475","10475"
"104809","27.707611083984375","27.707611083984375","27.707611083984375","10480","10480","10480"
"104859","29.386154174804688","29.386154174804688","29.386154174804688","10485","10485","10485"
"104889","29.256595611572266","29.256595611572266","29.256595611572266","10488","10488","10488"
"104919","25.95008087158203","25.95008087158203","25.95008087158203","10491","10491","10491"
"105019","23.114660263061523","23.114660263061523","23.114660263061523","10501","10501","10501"
"105039","23.007652282714844","23.007652282714844","23.007652282714844","10503","10503","10503"
"105049","27.519535064697266","27.519535064697266","27.519535064697266","10504","10504","10504"
"105069","26.13966178894043","26.13966178894043","26.13966178894043","10506","10506","10506"
"105099","25.443492889404297","25.443492889404297","25.443492889404297","10509","10509","10509"
"105109","27.21029281616211","27.21029281616211","27.21029281616211","10510","10510","10510"
"105129","20.376007080078125","20.376007080078125","20.376007080078125","10512","10512","10512"
"105149","21.707550048828125","21.707550048828125","21.707550048828125","10514","10514","10514"
"105179","23.68552017211914","23.68552017211914","23.68552017211914","10517","10517","10517"
"105189","35.52593994140625","35.52593994140625","35.52593994140625","10518","10518","10518"
"105229","25.51213836669922","25.51213836669922","25.51213836669922","10522","10522","10522"
"105249","30.397220611572266","30.397220611572266","30.397220611572266","10524","10524","10524"
"105259","24.831462860107422","24.831462860107422","24.831462860107422","10525","10525","10525"
"105279","21.21232795715332","21.21232795715332","21.21232795715332","10527","10527","10527"
"105319","30.597476959228516","30.597476959228516","30.597476959228516","10531","10531","10531"
"105339","21.804128646850586","21.804128646850586","21.804128646850586","10533","10533","10533"
"105349","33.30125427246094","33.30125427246094","33.30125427246094","10534","10534","10534"
"105379","32.708526611328125","32.708526611328125","32.708526611328125","10537","10537","10537"
"105409","25.439722061157227","25.439722061157227","25.439722061157227","10540","10540","10540"
"105419","22.037288665771484","22.037288665771484","22.037288665771484","10541","10541","10541"
"105429","29.011856079101562","29.011856079101562","29.011856079101562","10542","10542","10542"
"105509","27.50565528869629","27.50565528869629","27.50565528869629","10550","10550","10550"
"105529","35.30612564086914","35.30612564086914","35.30612564086914","10552","10552","10552"
"105549","27.818281173706055","27.818281173706055","27.818281173706055","10554","10554","10554"
"105559","33.17139434814453","33.17139434814453","33.17139434814453","10555","10555","10555"
"105599","24.785728454589844","24.785728454589844","24.785728454589844","10559","10559","10559"
"105639","36.48423385620117","36.48423385620117","36.48423385620117","10563","10563","10563"
"105649","23.78787612915039","23.78787612915039","23.78787612915039","10564","10564","10564"
"105689","34.440372467041016","34.440372467041016","34.440372467041016","10568","10568","10568"
"105709","26.361427307128906","26.361427307128906","26.361427307128906","10570","10570","10570"
"105719","30.220111846923828","30.220111846923828","30.220111846923828","10571","10571","10571"
"105729","27.987438201904297","27.987438201904297","27.987438201904297","10572","10572","10572"
"105779","25.833114624023438","25.833114624023438","25.833114624023438","10577","10577","10577"
"105819","31.419342041015625","31.419342041015625","31.419342041015625","10581","10581","10581"
"105889","32.80537796020508","32.80537796020508","32.80537796020508","10588","10588","10588"
"105899","24.188264846801758","24.188264846801758","24.188264846801758","10589","10589","10589"
"105909","28.11001205444336","28.11001205444336","28.11001205444336","10590","10590","10590"
"105929","39.785865783691406","39.785865783691406","39.785865783691406","10592","10592","10592"
"105979","26.72927474975586","26.72927474975586","26.72927474975586","10597","10597","10597"
"106059","25.948246002197266","25.948246002197266","25.948246002197266","10605","10605","10605"
"106069","27.025054931640625","27.025054931640625","27.025054931640625","10606","10606","10606"
"106149","28.797775268554688","28.797775268554688","28.797775268554688","10614","10614","10614"
"106169","29.858253479003906","29.858253479003906","29.858253479003906","10616","10616","10616"
"106189","27.795970916748047","27.795970916748047","27.795970916748047","10618","10618","10618"
"106199","28.78485107421875","28.78485107421875","28.78485107421875","10619","10619","10619"
"106259","30.085481643676758","30.085481643676758","30.085481643676758","10625","10625","10625"
"106279","23.304296493530273","23.304296493530273","23.304296493530273","10627","10627","10627"
"106289","21.36741828918457","21.36741828918457","21.36741828918457","10628","10628","10628"
"106329","21.31976318359375","21.31976318359375","21.31976318359375","10632","10632","10632"
"106359","22.87225914001465","22.87225914001465","22.87225914001465","10635","10635","10635"
"106369","22.210533142089844","22.210533142089844","22.210533142089844","10636","10636","10636"
"106379","26.97308349609375","26.97308349609375","26.97308349609375","10637","10637","10637"
"106399","20.40172004699707","20.40172004699707","20.40172004699707","10639","10639","10639"
"106409","19.886550903320312","19.886550903320312","19.886550903320312","10640","10640","10640"
"106439","25.405729293823242","25.405729293823242","25.405729293823242","10643","10643","10643"
"106619","39.28854751586914","39.28854751586914","39.28854751586914","10661","10661","10661"
"106629","29.336610794067383","29.336610794067383","29.336610794067383","10662","10662","10662"
"106669","24.840866088867188","24.840866088867188","24.840866088867188","10666","10666","10666"
"106689","26.897327423095703","26.897327423095703","26.897327423095703","10668","10668","10668"
"106699","27.945980072021484","27.945980072021484","27.945980072021484","10669","10669","10669"
"106739","29.26690673828125","29.26690673828125","29.26690673828125","10673","10673","10673"
"106759","23.079097747802734","23.079097747802734","23.079097747802734","10675","10675","10675"
"106779","35.00559997558594","35.00559997558594","35.00559997558594","10677","10677","10677"
"106789","24.419536590576172","24.419536590576172","24.419536590576172","10678","10678","10678"
"106819","30.20360565185547","30.20360565185547","30.20360565185547","10681","10681","10681"
"106859","23.81529998779297","23.81529998779297","23.81529998779297","10685","10685","10685"
"106889","23.123979568481445","23.123979568481445","23.123979568481445","10688","10688","10688"
"106899","22.036354064941406","22.036354064941406","22.036354064941406","10689","10689","10689"
"106929","41.77008056640625","41.77008056640625","41.77008056640625","10692","10692","10692"
"106959","33.10819625854492","33.10819625854492","33.10819625854492","10695","10695","10695"
"106979","20.889968872070312","20.889968872070312","20.889968872070312","10697","10697","10697"
"107009","22.6092472076416","22.6092472076416","22.6092472076416","10700","10700","10700"
"107059","23.071033477783203","23.071033477783203","23.071033477783203","10705","10705","10705"
"107079","23.982763290405273","23.982763290405273","23.982763290405273","10707","10707","10707"
"107089","24.346906661987305","24.346906661987305","24.346906661987305","10708","10708","10708"
"107109","26.091928482055664","26.091928482055664","26.091928482055664","10710","10710","10710"
"107179","22.700746536254883","22.700746536254883","22.700746536254883","10717","10717","10717"
"107199","59.30038070678711","59.30038070678711","59.30038070678711","10719","10719","10719"
"107229","29.087081909179688","29.087081909179688","29.087081909179688","10722","10722","10722"
"107259","23.149293899536133","23.149293899536133","23.149293899536133","10725","10725","10725"
"107269","19.596702575683594","19.596702575683594","19.596702575683594","10726","10726","10726"
"107279","21.778501510620117","21.778501510620117","21.778501510620117","10727","10727","10727"
"107309","29.393043518066406","29.393043518066406","29.393043518066406","10730","10730","10730"
"107319","24.65810203552246","24.65810203552246","24.65810203552246","10731","10731","10731"
"107329","24.183902740478516","24.183902740478516","24.183902740478516","10732","10732","10732"
"107349","32.96014404296875","32.96014404296875","32.96014404296875","10734","10734","10734"
"107399","33.31184768676758","33.31184768676758","33.31184768676758","10739","10739","10739"
"107429","30.8677978515625","30.8677978515625","30.8677978515625","10742","10742","10742"
"107439","21.738704681396484","21.738704681396484","21.738704681396484","10743","10743","10743"
"107499","31.193647384643555","31.193647384643555","31.193647384643555","10749","10749","10749"
"107519","22.972719192504883","22.972719192504883","22.972719192504883","10751","10751","10751"
"107549","30.754295349121094","30.754295349121094","30.754295349121094","10754","10754","10754"
"107579","28.011417388916016","28.011417388916016","28.011417388916016","10757","10757","10757"
"107589","21.735023498535156","21.735023498535156","21.735023498535156","10758","10758","10758"
"107599","25.210460662841797","25.210460662841797","25.210460662841797","10759","10759","10759"
"107639","27.844032287597656","27.844032287597656","27.844032287597656","10763","10763","10763"
"107649","19.487905502319336","19.487905502319336","19.487905502319336","10764","10764","10764"
"107709","22.880661010742188","22.880661010742188","22.880661010742188","10770","10770","10770"
"107739","26.146459579467773","26.146459579467773","26.146459579467773","10773","10773","10773"
"107749","20.42939567565918","20.42939567565918","20.42939567565918","10774","10774","10774"
"107769","27.56228256225586","27.56228256225586","27.56228256225586","10776","10776","10776"
"107779","25.070186614990234","25.070186614990234","25.070186614990234","10777","10777","10777"
"107799","32.643699645996094","32.643699645996094","32.643699645996094","10779","10779","10779"
"107839","27.792604446411133","27.792604446411133","27.792604446411133","10783","10783","10783"
"107849","21.977394104003906","21.977394104003906","21.977394104003906","10784","10784","10784"
"107859","30.368452072143555","30.368452072143555","30.368452072143555","10785","10785","10785"
"107919","22.108604431152344","22.108604431152344","22.108604431152344","10791","10791","10791"
"107989","34.53850555419922","34.53850555419922","34.53850555419922","10798","10798","10798"
"108009","27.59693717956543","27.59693717956543","27.59693717956543","10800","10800","10800"
"108079","19.29353141784668","19.29353141784668","19.29353141784668","10807","10807","10807"
"108129","25.363601684570312","25.363601684570312","25.363601684570312","10812","10812","10812"
"108139","21.302982330322266","21.302982330322266","21.302982330322266","10813","10813","10813"
"108149","24.51093864440918","24.51093864440918","24.51093864440918","10814","10814","10814"
"108179","24.620473861694336","24.620473861694336","24.620473861694336","10817","10817","10817"
"108209","23.72858428955078","23.72858428955078","23.72858428955078","10820","10820","10820"
"108229","21.21332359313965","21.21332359313965","21.21332359313965","10822","10822","10822"
"108239","26.61212730407715","26.61212730407715","26.61212730407715","10823","10823","10823"
"108249","21.366296768188477","21.366296768188477","21.366296768188477","10824","10824","10824"
"108279","22.039396286010742","22.039396286010742","22.039396286010742","10827","10827","10827"
"108289","35.184165954589844","35.184165954589844","35.184165954589844","10828","10828","10828"
"108299","24.091144561767578","24.091144561767578","24.091144561767578","10829","10829","10829"
"108309","33.07881164550781","33.07881164550781","33.07881164550781","10830","10830","10830"
"108339","20.77123260498047","20.77123260498047","20.77123260498047","10833","10833","10833"
"108349","31.174951553344727","31.174951553344727","31.174951553344727","10834","10834","10834"
"108389","23.215234756469727","23.215234756469727","23.215234756469727","10838","10838","10838"
"108399","24.533729553222656","24.533729553222656","24.533729553222656","10839","10839","10839"
"108429","25.867435455322266","25.867435455322266","25.867435455322266","10842","10842","10842"
"108479","25.309724807739258","25.309724807739258","25.309724807739258","10847","10847","10847"
"108529","21.974666595458984","21.974666595458984","21.974666595458984","10852","10852","10852"
"108539","24.956249237060547","24.956249237060547","24.956249237060547","10853","10853","10853"
"108649","21.345542907714844","21.345542907714844","21.345542907714844","10864","10864","10864"
"108679","26.360326766967773","26.360326766967773","26.360326766967773","10867","10867","10867"
"108729","24.990257263183594","24.990257263183594","24.990257263183594","10872","10872","10872"
"108749","23.869152069091797","23.869152069091797","23.869152069091797","10874","10874","10874"
"108779","23.72944450378418","23.72944450378418","23.72944450378418","10877","10877","10877"
"108789","25.263608932495117","25.263608932495117","25.263608932495117","10878","10878","10878"
"108819","30.767736434936523","30.767736434936523","30.767736434936523","10881","10881","10881"
"108829","35.557743072509766","35.557743072509766","35.557743072509766","10882","10882","10882"
"108839","31.4019718170166","31.4019718170166","31.4019718170166","10883","10883","10883"
"108859","20.092336654663086","20.092336654663086","20.092336654663086","10885","10885","10885"
"108869","28.82574462890625","28.82574462890625","28.82574462890625","10886","10886","10886"
"108879","20.659914016723633","20.659914016723633","20.659914016723633","10887","10887","10887"
"108929","25.64824676513672","25.64824676513672","25.64824676513672","10892","10892","10892"
"108939","26.824934005737305","26.824934005737305","26.824934005737305","10893","10893","10893"
"108949","29.31320571899414","29.31320571899414","29.31320571899414","10894","10894","10894"
"108959","25.09107208251953","25.09107208251953","25.09107208251953","10895","10895","10895"
"108969","30.164756774902344","30.164756774902344","30.164756774902344","10896","10896","10896"
"108999","22.499013900756836","22.499013900756836","22.499013900756836","10899","10899","10899"
"109039","27.375469207763672","27.375469207763672","27.375469207763672","10903","10903","10903"
"109059","22.39788818359375","22.39788818359375","22.39788818359375","10905","10905","10905"
"109089","20.13291358947754","20.13291358947754","20.13291358947754","10908","10908","10908"
"109129","24.90784454345703","24.90784454345703","24.90784454345703","10912","10912","10912"
"109159","22.92212677001953","22.92212677001953","22.92212677001953","10915","10915","10915"
"109169","31.25971221923828","31.25971221923828","31.25971221923828","10916","10916","10916"
"109209","29.457469940185547","29.457469940185547","29.457469940185547","10920","10920","10920"
"109229","27.609542846679688","27.609542846679688","27.609542846679688","10922","10922","10922"
"109239","28.865385055541992","28.865385055541992","28.865385055541992","10923","10923","10923"
"109249","25.88066864013672","25.88066864013672","25.88066864013672","10924","10924","10924"
"109259","23.169906616210938","23.169906616210938","23.169906616210938","10925","10925","10925"
"109289","30.352481842041016","30.352481842041016","30.352481842041016","10928","10928","10928"
"109309","23.98358154296875","23.98358154296875","23.98358154296875","10930","10930","10930"
"109319","25.587806701660156","25.587806701660156","25.587806701660156","10931","10931","10931"
"109349","19.50043296813965","19.50043296813965","19.50043296813965","10934","10934","10934"
"109369","22.11484718322754","22.11484718322754","22.11484718322754","10936","10936","10936"
"109379","31.110698699951172","31.110698699951172","31.110698699951172","10937","10937","10937"
"109399","19.187267303466797","19.187267303466797","19.187267303466797","10939","10939","10939"
"109419","23.032989501953125","23.032989501953125","23.032989501953125","10941","10941","10941"
"109469","23.60751724243164","23.60751724243164","23.60751724243164","10946","10946","10946"
"109479","52.12440490722656","52.12440490722656","52.12440490722656","10947","10947","10947"
"109489","30.30123519897461","30.30123519897461","30.30123519897461","10948","10948","10948"
"109499","24.390727996826172","24.390727996826172","24.390727996826172","10949","10949","10949"
"109529","27.007572174072266","27.007572174072266","27.007572174072266","10952","10952","10952"
"109539","24.08830451965332","24.08830451965332","24.08830451965332","10953","10953","10953"
"109549","26.222503662109375","26.222503662109375","26.222503662109375","10954","10954","10954"
"109579","19.16281509399414","19.16281509399414","19.16281509399414","10957","10957","10957"
"109589","24.163105010986328","24.163105010986328","24.163105010986328","10958","10958","10958"
"109599","20.761568069458008","20.761568069458008","20.761568069458008","10959","10959","10959"
"109629","24.425539016723633","24.425539016723633","24.425539016723633","10962","10962","10962"
"109669","21.6380558013916","21.6380558013916","21.6380558013916","10966","10966","10966"
"109719","18.764110565185547","18.764110565185547","18.764110565185547","10971","10971","10971"
"109749","24.78363037109375","24.78363037109375","24.78363037109375","10974","10974","10974"
"109799","24.98405647277832","24.98405647277832","24.98405647277832","10979","10979","10979"
"109819","23.529823303222656","23.529823303222656","23.529823303222656","10981","10981","10981"
"109829","25.103504180908203","25.103504180908203","25.103504180908203","10982","10982","10982"
"109839","19.228639602661133","19.228639602661133","19.228639602661133","10983","10983","10983"
"109849","34.00450134277344","34.00450134277344","34.00450134277344","10984","10984","10984"
"109859","20.337862014770508","20.337862014770508","20.337862014770508","10985","10985","10985"
"109919","18.050128936767578","18.050128936767578","18.050128936767578","10991","10991","10991"
"109939","34.56356430053711","34.56356430053711","34.56356430053711","10993","10993","10993"
"109979","21.90951919555664","21.90951919555664","21.90951919555664","10997","10997","10997"
"110039","21.701431274414062","21.701431274414062","21.701431274414062","11003","11003","11003"
"110069","29.098918914794922","29.098918914794922","29.098918914794922","11006","11006","11006"
"110089","20.982221603393555","20.982221603393555","20.982221603393555","11008","11008","11008"
"110129","26.966205596923828","26.966205596923828","26.966205596923828","11012","11012","11012"
"110139","27.388843536376953","27.388843536376953","27.388843536376953","11013","11013","11013"
"110149","24.23806381225586","24.23806381225586","24.23806381225586","11014","11014","11014"
"110159","24.209959030151367","24.209959030151367","24.209959030151367","11015","11015","11015"
"110169","20.471323013305664","20.471323013305664","20.471323013305664","11016","11016","11016"
"110189","36.06352996826172","36.06352996826172","36.06352996826172","11018","11018","11018"
"110239","33.86799621582031","33.86799621582031","33.86799621582031","11023","11023","11023"
"110279","29.3142032623291","29.3142032623291","29.3142032623291","11027","11027","11027"
"110289","23.82056427001953","23.82056427001953","23.82056427001953","11028","11028","11028"
"110309","21.96890640258789","21.96890640258789","21.96890640258789","11030","11030","11030"
"110349","18.612594604492188","18.612594604492188","18.612594604492188","11034","11034","11034"
"110359","29.66075897216797","29.66075897216797","29.66075897216797","11035","11035","11035"
"110389","18.70458221435547","18.70458221435547","18.70458221435547","11038","11038","11038"
"110399","24.799053192138672","24.799053192138672","24.799053192138672","11039","11039","11039"
"110459","26.851716995239258","26.851716995239258","26.851716995239258","11045","11045","11045"
"110469","23.86553382873535","23.86553382873535","23.86553382873535","11046","11046","11046"
"110499","31.11270523071289","31.11270523071289","31.11270523071289","11049","11049","11049"
"110509","26.874488830566406","26.874488830566406","26.874488830566406","11050","11050","11050"
"110519","30.154260635375977","30.154260635375977","30.154260635375977","11051","11051","11051"
"110529","24.55494499206543","24.55494499206543","24.55494499206543","11052","11052","11052"
"110559","24.368764877319336","24.368764877319336","24.368764877319336","11055","11055","11055"
"110579","67.1899642944336","67.1899642944336","67.1899642944336","11057","11057","11057"
"110589","25.699840545654297","25.699840545654297","25.699840545654297","11058","11058","11058"
"110619","29.642663955688477","29.642663955688477","29.642663955688477","11061","11061","11061"
"110669","29.445959091186523","29.445959091186523","29.445959091186523","11066","11066","11066"
"110719","22.286151885986328","22.286151885986328","22.286151885986328","11071","11071","11071"
"110749","24.711872100830078","24.711872100830078","24.711872100830078","11074","11074","11074"
"110759","24.579065322875977","24.579065322875977","24.579065322875977","11075","11075","11075"
"110809","30.35207748413086","30.35207748413086","30.35207748413086","11080","11080","11080"
"110859","28.005878448486328","28.005878448486328","28.005878448486328","11085","11085","11085"
"110879","27.600894927978516","27.600894927978516","27.600894927978516","11087","11087","11087"
"110889","23.408187866210938","23.408187866210938","23.408187866210938","11088","11088","11088"
"110909","26.651979446411133","26.651979446411133","26.651979446411133","11090","11090","11090"
"110939","36.53468322753906","36.53468322753906","36.53468322753906","11093","11093","11093"
"110949","21.892641067504883","21.892641067504883","21.892641067504883","11094","11094","11094"
"110979","31.22595977783203","31.22595977783203","31.22595977783203","11097","11097","11097"
"111009","23.741615295410156","23.741615295410156","23.741615295410156","11100","11100","11100"
"111049","21.565061569213867","21.565061569213867","21.565061569213867","11104","11104","11104"
"111089","25.810108184814453","25.810108184814453","25.810108184814453","11108","11108","11108"
"111119","28.76093292236328","28.76093292236328","28.76093292236328","11111","11111","11111"
"111139","27.307817459106445","27.307817459106445","27.307817459106445","11113","11113","11113"
"111149","24.555927276611328","24.555927276611328","24.555927276611328","11114","11114","11114"
"111169","29.396949768066406","29.396949768066406","29.396949768066406","11116","11116","11116"
"111179","30.453615188598633","30.453615188598633","30.453615188598633","11117","11117","11117"
"111239","23.384775161743164","23.384775161743164","23.384775161743164","11123","11123","11123"
"111259","25.619766235351562","25.619766235351562","25.619766235351562","11125","11125","11125"
"111269","24.901325225830078","24.901325225830078","24.901325225830078","11126","11126","11126"
"111329","26.986595153808594","26.986595153808594","26.986595153808594","11132","11132","11132"
"111339","24.419221878051758","24.419221878051758","24.419221878051758","11133","11133","11133"
"111359","24.652196884155273","24.652196884155273","24.652196884155273","11135","11135","11135"
"111369","22.612991333007812","22.612991333007812","22.612991333007812","11136","11136","11136"
"111379","21.179534912109375","21.179534912109375","21.179534912109375","11137","11137","11137"
"111409","26.13271141052246","26.13271141052246","26.13271141052246","11140","11140","11140"
"111449","32.00388717651367","32.00388717651367","32.00388717651367","11144","11144","11144"
"111459","21.473251342773438","21.473251342773438","21.473251342773438","11145","11145","11145"
"111469","27.94761085510254","27.94761085510254","27.94761085510254","11146","11146","11146"
"111509","22.80405044555664","22.80405044555664","22.80405044555664","11150","11150","11150"
"111539","22.485816955566406","22.485816955566406","22.485816955566406","11153","11153","11153"
"111589","27.388126373291016","27.388126373291016","27.388126373291016","11158","11158","11158"
"111599","19.34075927734375","19.34075927734375","19.34075927734375","11159","11159","11159"
"111609","22.45981216430664","22.45981216430664","22.45981216430664","11160","11160","11160"
"111619","21.29216957092285","21.29216957092285","21.29216957092285","11161","11161","11161"
"111649","20.210683822631836","20.210683822631836","20.210683822631836","11164","11164","11164"
"111659","31.654340744018555","31.654340744018555","31.654340744018555","11165","11165","11165"
"111749","23.449888229370117","23.449888229370117","23.449888229370117","11174","11174","11174"
"111759","31.453706741333008","31.453706741333008","31.453706741333008","11175","11175","11175"
"111789","29.217082977294922","29.217082977294922","29.217082977294922","11178","11178","11178"
"111799","29.888935089111328","29.888935089111328","29.888935089111328","11179","11179","11179"
"111829","22.90566635131836","22.90566635131836","22.90566635131836","11182","11182","11182"
"111889","28.359725952148438","28.359725952148438","28.359725952148438","11188","11188","11188"
"111909","21.040637969970703","21.040637969970703","21.040637969970703","11190","11190","11190"
"111919","25.67908477783203","25.67908477783203","25.67908477783203","11191","11191","11191"
"111939","24.79676055908203","24.79676055908203","24.79676055908203","11193","11193","11193"
"111949","23.012649536132812","23.012649536132812","23.012649536132812","11194","11194","11194"
"111969","28.37102508544922","28.37102508544922","28.37102508544922","11196","11196","11196"
"112039","20.73143196105957","20.73143196105957","20.73143196105957","11203","11203","11203"
"112069","41.430015563964844","41.430015563964844","41.430015563964844","11206","11206","11206"
"112099","41.72419738769531","41.72419738769531","41.72419738769531","11209","11209","11209"
"112139","27.557985305786133","27.557985305786133","27.557985305786133","11213","11213","11213"
"112149","27.69014549255371","27.69014549255371","27.69014549255371","11214","11214","11214"
"112159","26.30278778076172","26.30278778076172","26.30278778076172","11215","11215","11215"
"112169","28.974910736083984","28.974910736083984","28.974910736083984","11216","11216","11216"
"112189","27.45363998413086","27.45363998413086","27.45363998413086","11218","11218","11218"
"112239","25.773448944091797","25.773448944091797","25.773448944091797","11223","11223","11223"
"112279","25.36900520324707","25.36900520324707","25.36900520324707","11227","11227","11227"
"112299","31.332698822021484","31.332698822021484","31.332698822021484","11229","11229","11229"
"112319","32.86937713623047","32.86937713623047","32.86937713623047","11231","11231","11231"
"112329","25.992380142211914","25.992380142211914","25.992380142211914","11232","11232","11232"
"112349","24.896270751953125","24.896270751953125","24.896270751953125","11234","11234","11234"
"112389","26.724281311035156","26.724281311035156","26.724281311035156","11238","11238","11238"
"112399","30.88446044921875","30.88446044921875","30.88446044921875","11239","11239","11239"
"112409","18.450767517089844","18.450767517089844","18.450767517089844","11240","11240","11240"
"112489","20.101402282714844","20.101402282714844","20.101402282714844","11248","11248","11248"
"112559","27.030094146728516","27.030094146728516","27.030094146728516","11255","11255","11255"
"112579","28.640871047973633","28.640871047973633","28.640871047973633","11257","11257","11257"
"112589","47.73426055908203","47.73426055908203","47.73426055908203","11258","11258","11258"
"112609","26.350025177001953","26.350025177001953","26.350025177001953","11260","11260","11260"
"112619","26.274091720581055","26.274091720581055","26.274091720581055","11261","11261","11261"
"112629","23.332244873046875","23.332244873046875","23.332244873046875","11262","11262","11262"
"112659","26.310543060302734","26.310543060302734","26.310543060302734","11265","11265","11265"
"112689","23.914371490478516","23.914371490478516","23.914371490478516","11268","11268","11268"
"112719","24.669910430908203","24.669910430908203","24.669910430908203","11271","11271","11271"
"112729","27.423568725585938","27.423568725585938","27.423568725585938","11272","11272","11272"
"112769","24.511768341064453","24.511768341064453","24.511768341064453","11276","11276","11276"
"112779","22.38335418701172","22.38335418701172","22.38335418701172","11277","11277","11277"
"112799","20.990041732788086","20.990041732788086","20.990041732788086","11279","11279","11279"
"112809","19.678747177124023","19.678747177124023","19.678747177124023","11280","11280","11280"
"112909","20.456321716308594","20.456321716308594","20.456321716308594","11290","11290","11290"
"112929","24.625425338745117","24.625425338745117","24.625425338745117","11292","11292","11292"
"112939","31.475955963134766","31.475955963134766","31.475955963134766","11293","11293","11293"
"112959","40.698280334472656","40.698280334472656","40.698280334472656","11295","11295","11295"
"112989","25.524826049804688","25.524826049804688","25.524826049804688","11298","11298","11298"
"113009","25.627426147460938","25.627426147460938","25.627426147460938","11300","11300","11300"
"113049","34.56255340576172","34.56255340576172","34.56255340576172","11304","11304","11304"
"113059","24.796039581298828","24.796039581298828","24.796039581298828","11305","11305","11305"
"113089","24.373863220214844","24.373863220214844","24.373863220214844","11308","11308","11308"
"113099","31.95404052734375","31.95404052734375","31.95404052734375","11309","11309","11309"
"113119","22.488601684570312","22.488601684570312","22.488601684570312","11311","11311","11311"
"113129","21.889863967895508","21.889863967895508","21.889863967895508","11312","11312","11312"
"113139","26.9448184967041","26.9448184967041","26.9448184967041","11313","11313","11313"
"113149","22.391948699951172","22.391948699951172","22.391948699951172","11314","11314","11314"
"113159","29.612144470214844","29.612144470214844","29.612144470214844","11315","11315","11315"
"113189","25.914331436157227","25.914331436157227","25.914331436157227","11318","11318","11318"
"113209","19.75310707092285","19.75310707092285","19.75310707092285","11320","11320","11320"
"113229","22.981714248657227","22.981714248657227","22.981714248657227","11322","11322","11322"
"113249","23.410009384155273","23.410009384155273","23.410009384155273","11324","11324","11324"
"113279","24.019969940185547","24.019969940185547","24.019969940185547","11327","11327","11327"
"113289","57.79642105102539","57.79642105102539","57.79642105102539","11328","11328","11328"
"113299","29.492015838623047","29.492015838623047","29.492015838623047","11329","11329","11329"
"113349","29.054258346557617","29.054258346557617","29.054258346557617","11334","11334","11334"
"113379","22.455398559570312","22.455398559570312","22.455398559570312","11337","11337","11337"
"113399","23.3519287109375","23.3519287109375","23.3519287109375","11339","11339","11339"
"113459","19.785001754760742","19.785001754760742","19.785001754760742","11345","11345","11345"
"113469","20.019224166870117","20.019224166870117","20.019224166870117","11346","11346","11346"
"113479","24.40234375","24.40234375","24.40234375","11347","11347","11347"
"113499","27.734174728393555","27.734174728393555","27.734174728393555","11349","11349","11349"
"113539","38.034332275390625","38.034332275390625","38.034332275390625","11353","11353","11353"
"113549","30.179668426513672","30.179668426513672","30.179668426513672","11354","11354","11354"
"113589","23.09649658203125","23.09649658203125","23.09649658203125","11358","11358","11358"
"113639","28.667930603027344","28.667930603027344","28.667930603027344","11363","11363","11363"
"113649","21.874147415161133","21.874147415161133","21.874147415161133","11364","11364","11364"
"113659","22.596736907958984","22.596736907958984","22.596736907958984","11365","11365","11365"
"113669","25.92487907409668","25.92487907409668","25.92487907409668","11366","11366","11366"
"113679","22.515602111816406","22.515602111816406","22.515602111816406","11367","11367","11367"
"113699","21.597204208374023","21.597204208374023","21.597204208374023","11369","11369","11369"
"113739","25.44427490234375","25.44427490234375","25.44427490234375","11373","11373","11373"
"113749","37.993656158447266","37.993656158447266","37.993656158447266","11374","11374","11374"
"113779","23.862831115722656","23.862831115722656","23.862831115722656","11377","11377","11377"
"113809","26.52617645263672","26.52617645263672","26.52617645263672","11380","11380","11380"
"113819","20.144866943359375","20.144866943359375","20.144866943359375","11381","11381","11381"
"113849","23.812334060668945","23.812334060668945","23.812334060668945","11384","11384","11384"
"113859","27.62884521484375","27.62884521484375","27.62884521484375","11385","11385","11385"
"113919","22.950851440429688","22.950851440429688","22.950851440429688","11391","11391","11391"
"113969","26.622474670410156","26.622474670410156","26.622474670410156","11396","11396","11396"
"114059","23.401918411254883","23.401918411254883","23.401918411254883","11405","11405","11405"
"114089","24.767498016357422","24.767498016357422","24.767498016357422","11408","11408","11408"
"114099","32.411094665527344","32.411094665527344","32.411094665527344","11409","11409","11409"
"114129","33.883338928222656","33.883338928222656","33.883338928222656","11412","11412","11412"
"114139","24.271224975585938","24.271224975585938","24.271224975585938","11413","11413","11413"
"114159","23.098514556884766","23.098514556884766","23.098514556884766","11415","11415","11415"
"114169","22.8880615234375","22.8880615234375","22.8880615234375","11416","11416","11416"
"114229","21.75677490234375","21.75677490234375","21.75677490234375","11422","11422","11422"
"114239","22.390594482421875","22.390594482421875","22.390594482421875","11423","11423","11423"
"114269","26.841758728027344","26.841758728027344","26.841758728027344","11426","11426","11426"
"114309","22.115522384643555","22.115522384643555","22.115522384643555","11430","11430","11430"
"114329","26.462505340576172","26.462505340576172","26.462505340576172","11432","11432","11432"
"114339","33.56673812866211","33.56673812866211","33.56673812866211","11433","11433","11433"
"114369","21.294116973876953","21.294116973876953","21.294116973876953","11436","11436","11436"
"114429","27.68924331665039","27.68924331665039","27.68924331665039","11442","11442","11442"
"114439","24.04388427734375","24.04388427734375","24.04388427734375","11443","11443","11443"
"114469","25.453088760375977","25.453088760375977","25.453088760375977","11446","11446","11446"
"114479","19.550399780273438","19.550399780273438","19.550399780273438","11447","11447","11447"
"114489","23.491382598876953","23.491382598876953","23.491382598876953","11448","11448","11448"
"114509","26.195270538330078","26.195270538330078","26.195270538330078","11450","11450","11450"
"114589","20.464900970458984","20.464900970458984","20.464900970458984","11458","11458","11458"
"114599","28.962181091308594","28.962181091308594","28.962181091308594","11459","11459","11459"
"114619","23.065444946289062","23.065444946289062","23.065444946289062","11461","11461","11461"
"114629","24.912151336669922","24.912151336669922","24.912151336669922","11462","11462","11462"
"114659","26.475341796875","26.475341796875","26.475341796875","11465","11465","11465"
"114689","27.565580368041992","27.565580368041992","27.565580368041992","11468","11468","11468"
"114709","25.86983299255371","25.86983299255371","25.86983299255371","11470","11470","11470"
"114759","23.973012924194336","23.973012924194336","23.973012924194336","11475","11475","11475"
"114769","27.18950653076172","27.18950653076172","27.18950653076172","11476","11476","11476"
"114779","17.76083755493164","17.76083755493164","17.76083755493164","11477","11477","11477"
"114789","25.886783599853516","25.886783599853516","25.886783599853516","11478","11478","11478"
"114809","20.099950790405273","20.099950790405273","20.099950790405273","11480","11480","11480"
"114819","25.419719696044922","25.419719696044922","25.419719696044922","11481","11481","11481"
"114859","33.34716796875","33.34716796875","33.34716796875","11485","11485","11485"
"114909","23.088027954101562","23.088027954101562","23.088027954101562","11490","11490","11490"
"114939","23.581653594970703","23.581653594970703","23.581653594970703","11493","11493","11493"
"114969","20.671661376953125","20.671661376953125","20.671661376953125","11496","11496","11496"
"115009","25.645095825195312","25.645095825195312","25.645095825195312","11500","11500","11500"
"115019","24.005992889404297","24.005992889404297","24.005992889404297","11501","11501","11501"
"115079","29.26224136352539","29.26224136352539","29.26224136352539","11507","11507","11507"
"115129","31.071094512939453","31.071094512939453","31.071094512939453","11512","11512","11512"
"115149","23.448476791381836","23.448476791381836","23.448476791381836","11514","11514","11514"
"115189","45.62478256225586","45.62478256225586","45.62478256225586","11518","11518","11518"
"115219","23.99359893798828","23.99359893798828","23.99359893798828","11521","11521","11521"
"115249","22.66398048400879","22.66398048400879","22.66398048400879","11524","11524","11524"
"115299","28.39441680908203","28.39441680908203","28.39441680908203","11529","11529","11529"
"115319","29.906156539916992","29.906156539916992","29.906156539916992","11531","11531","11531"
"115349","27.560665130615234","27.560665130615234","27.560665130615234","11534","11534","11534"
"115359","24.53264617919922","24.53264617919922","24.53264617919922","11535","11535","11535"
"115379","28.21649169921875","28.21649169921875","28.21649169921875","11537","11537","11537"
"115389","28.66883087158203","28.66883087158203","28.66883087158203","11538","11538","11538"
"115399","21.719621658325195","21.719621658325195","21.719621658325195","11539","11539","11539"
"115429","24.236080169677734","24.236080169677734","24.236080169677734","11542","11542","11542"
"115439","28.699068069458008","28.699068069458008","28.699068069458008","11543","11543","11543"
"115449","21.08636474609375","21.08636474609375","21.08636474609375","11544","11544","11544"
"115499","22.351234436035156","22.351234436035156","22.351234436035156","11549","11549","11549"
"115509","23.930845260620117","23.930845260620117","23.930845260620117","11550","11550","11550"
"115519","25.8056640625","25.8056640625","25.8056640625","11551","11551","11551"
"115569","19.072832107543945","19.072832107543945","19.072832107543945","11556","11556","11556"
"115589","23.788625717163086","23.788625717163086","23.788625717163086","11558","11558","11558"
"115599","26.495182037353516","26.495182037353516","26.495182037353516","11559","11559","11559"
"115619","28.448989868164062","28.448989868164062","28.448989868164062","11561","11561","11561"
"115649","24.360349655151367","24.360349655151367","24.360349655151367","11564","11564","11564"
"115659","26.476285934448242","26.476285934448242","26.476285934448242","11565","11565","11565"
"115679","24.82306480407715","24.82306480407715","24.82306480407715","11567","11567","11567"
"115699","23.70600700378418","23.70600700378418","23.70600700378418","11569","11569","11569"
"115739","19.383960723876953","19.383960723876953","19.383960723876953","11573","11573","11573"
"115759","22.50585174560547","22.50585174560547","22.50585174560547","11575","11575","11575"
"115819","28.04879379272461","28.04879379272461","28.04879379272461","11581","11581","11581"
"115829","22.070724487304688","22.070724487304688","22.070724487304688","11582","11582","11582"
"115839","23.160076141357422","23.160076141357422","23.160076141357422","11583","11583","11583"
"115859","17.829374313354492","17.829374313354492","17.829374313354492","11585","11585","11585"
"115869","25.75621795654297","25.75621795654297","25.75621795654297","11586","11586","11586"
"115879","25.017730712890625","25.017730712890625","25.017730712890625","11587","11587","11587"
"115909","23.46795654296875","23.46795654296875","23.46795654296875","11590","11590","11590"
"115939","20.918087005615234","20.918087005615234","20.918087005615234","11593","11593","11593"
"115949","18.71059226989746","18.71059226989746","18.71059226989746","11594","11594","11594"
"115969","21.477802276611328","21.477802276611328","21.477802276611328","11596","11596","11596"
"116059","22.761579513549805","22.761579513549805","22.761579513549805","11605","11605","11605"
"116069","19.118534088134766","19.118534088134766","19.118534088134766","11606","11606","11606"
"116079","19.533607482910156","19.533607482910156","19.533607482910156","11607","11607","11607"
"116089","27.261585235595703","27.261585235595703","27.261585235595703","11608","11608","11608"
"116099","25.0589656829834","25.0589656829834","25.0589656829834","11609","11609","11609"
"116129","28.039886474609375","28.039886474609375","28.039886474609375","11612","11612","11612"
"116149","23.725425720214844","23.725425720214844","23.725425720214844","11614","11614","11614"
"116159","29.595203399658203","29.595203399658203","29.595203399658203","11615","11615","11615"
"116169","27.198020935058594","27.198020935058594","27.198020935058594","11616","11616","11616"
"116179","33.974483489990234","33.974483489990234","33.974483489990234","11617","11617","11617"
"116189","30.04920196533203","30.04920196533203","30.04920196533203","11618","11618","11618"
"116199","20.555007934570312","20.555007934570312","20.555007934570312","11619","11619","11619"
"116219","29.67612075805664","29.67612075805664","29.67612075805664","11621","11621","11621"
"116239","24.845998764038086","24.845998764038086","24.845998764038086","11623","11623","11623"
"116259","26.307111740112305","26.307111740112305","26.307111740112305","11625","11625","11625"
"116279","24.39704132080078","24.39704132080078","24.39704132080078","11627","11627","11627"
"116299","28.248729705810547","28.248729705810547","28.248729705810547","11629","11629","11629"
"116329","22.016597747802734","22.016597747802734","22.016597747802734","11632","11632","11632"
"116349","22.957910537719727","22.957910537719727","22.957910537719727","11634","11634","11634"
"116379","29.055591583251953","29.055591583251953","29.055591583251953","11637","11637","11637"
"116389","22.31871795654297","22.31871795654297","22.31871795654297","11638","11638","11638"
"116409","23.686182022094727","23.686182022094727","23.686182022094727","11640","11640","11640"
"116419","21.77007484436035","21.77007484436035","21.77007484436035","11641","11641","11641"
"116429","20.60993766784668","20.60993766784668","20.60993766784668","11642","11642","11642"
"116479","20.127017974853516","20.127017974853516","20.127017974853516","11647","11647","11647"
"116509","24.89907455444336","24.89907455444336","24.89907455444336","11650","11650","11650"
"116519","21.508342742919922","21.508342742919922","21.508342742919922","11651","11651","11651"
"116569","23.888540267944336","23.888540267944336","23.888540267944336","11656","11656","11656"
"116599","24.137805938720703","24.137805938720703","24.137805938720703","11659","11659","11659"
"116609","40.282447814941406","40.282447814941406","40.282447814941406","11660","11660","11660"
"116619","24.396310806274414","24.396310806274414","24.396310806274414","11661","11661","11661"
"116639","21.332319259643555","21.332319259643555","21.332319259643555","11663","11663","11663"
"116659","23.27374267578125","23.27374267578125","23.27374267578125","11665","11665","11665"
"116669","22.5699405670166","22.5699405670166","22.5699405670166","11666","11666","11666"
"116679","21.51227569580078","21.51227569580078","21.51227569580078","11667","11667","11667"
"116699","21.158504486083984","21.158504486083984","21.158504486083984","11669","11669","11669"
"116719","27.39313316345215","27.39313316345215","27.39313316345215","11671","11671","11671"
"116729","23.12822723388672","23.12822723388672","23.12822723388672","11672","11672","11672"
"116759","28.446426391601562","28.446426391601562","28.446426391601562","11675","11675","11675"
"116889","27.612911224365234","27.612911224365234","27.612911224365234","11688","11688","11688"
"116939","23.215961456298828","23.215961456298828","23.215961456298828","11693","11693","11693"
"117059","20.600082397460938","20.600082397460938","20.600082397460938","11705","11705","11705"
"117129","19.313735961914062","19.313735961914062","19.313735961914062","11712","11712","11712"
"117179","24.37386131286621","24.37386131286621","24.37386131286621","11717","11717","11717"
"117189","21.604663848876953","21.604663848876953","21.604663848876953","11718","11718","11718"
"117199","24.471817016601562","24.471817016601562","24.471817016601562","11719","11719","11719"
"117219","18.289020538330078","18.289020538330078","18.289020538330078","11721","11721","11721"
"117249","21.565034866333008","21.565034866333008","21.565034866333008","11724","11724","11724"
"117279","22.41495704650879","22.41495704650879","22.41495704650879","11727","11727","11727"
"117329","20.200550079345703","20.200550079345703","20.200550079345703","11732","11732","11732"
"117369","22.37799072265625","22.37799072265625","22.37799072265625","11736","11736","11736"
"117389","26.09026336669922","26.09026336669922","26.09026336669922","11738","11738","11738"
"117399","21.32626724243164","21.32626724243164","21.32626724243164","11739","11739","11739"
"117429","24.696191787719727","24.696191787719727","24.696191787719727","11742","11742","11742"
"117449","22.296714782714844","22.296714782714844","22.296714782714844","11744","11744","11744"
"117459","29.121688842773438","29.121688842773438","29.121688842773438","11745","11745","11745"
"117479","27.730409622192383","27.730409622192383","27.730409622192383","11747","11747","11747"
"117539","24.010311126708984","24.010311126708984","24.010311126708984","11753","11753","11753"
"117569","25.791080474853516","25.791080474853516","25.791080474853516","11756","11756","11756"
"117589","19.60874366760254","19.60874366760254","19.60874366760254","11758","11758","11758"
"117659","18.6524715423584","18.6524715423584","18.6524715423584","11765","11765","11765"
"117679","28.236595153808594","28.236595153808594","28.236595153808594","11767","11767","11767"
"117719","26.02667236328125","26.02667236328125","26.02667236328125","11771","11771","11771"
"117729","23.2181396484375","23.2181396484375","23.2181396484375","11772","11772","11772"
"117779","18.024133682250977","18.024133682250977","18.024133682250977","11777","11777","11777"
"117829","32.90948486328125","32.90948486328125","32.90948486328125","11782","11782","11782"
"117889","24.117090225219727","24.117090225219727","24.117090225219727","11788","11788","11788"
"117899","25.077606201171875","25.077606201171875","25.077606201171875","11789","11789","11789"
"117929","25.541988372802734","25.541988372802734","25.541988372802734","11792","11792","11792"
"117949","20.667959213256836","20.667959213256836","20.667959213256836","11794","11794","11794"
"117979","25.540786743164062","25.540786743164062","25.540786743164062","11797","11797","11797"
"117989","29.259443283081055","29.259443283081055","29.259443283081055","11798","11798","11798"
"117999","22.057537078857422","22.057537078857422","22.057537078857422","11799","11799","11799"
"118009","20.978347778320312","20.978347778320312","20.978347778320312","11800","11800","11800"
"118059","24.147733688354492","24.147733688354492","24.147733688354492","11805","11805","11805"
"118079","19.40140724182129","19.40140724182129","19.40140724182129","11807","11807","11807"
"118099","24.383636474609375","24.383636474609375","24.383636474609375","11809","11809","11809"
"118109","26.187992095947266","26.187992095947266","26.187992095947266","11810","11810","11810"
"118129","22.331867218017578","22.331867218017578","22.331867218017578","11812","11812","11812"
"118139","25.704845428466797","25.704845428466797","25.704845428466797","11813","11813","11813"
"118149","28.87015151977539","28.87015151977539","28.87015151977539","11814","11814","11814"
"118159","20.631210327148438","20.631210327148438","20.631210327148438","11815","11815","11815"
"118169","16.816566467285156","16.816566467285156","16.816566467285156","11816","11816","11816"
"118259","19.001726150512695","19.001726150512695","19.001726150512695","11825","11825","11825"
"118269","21.029481887817383","21.029481887817383","21.029481887817383","11826","11826","11826"
"118279","28.7254638671875","28.7254638671875","28.7254638671875","11827","11827","11827"
"118289","27.43836212158203","27.43836212158203","27.43836212158203","11828","11828","11828"
"118349","24.305438995361328","24.305438995361328","24.305438995361328","11834","11834","11834"
"118389","28.53316307067871","28.53316307067871","28.53316307067871","11838","11838","11838"
"118489","26.287349700927734","26.287349700927734","26.287349700927734","11848","11848","11848"
"118499","20.90633773803711","20.90633773803711","20.90633773803711","11849","11849","11849"
"118569","19.933862686157227","19.933862686157227","19.933862686157227","11856","11856","11856"
"118579","20.923580169677734","20.923580169677734","20.923580169677734","11857","11857","11857"
"118599","19.184776306152344","19.184776306152344","19.184776306152344","11859","11859","11859"
"118619","20.572338104248047","20.572338104248047","20.572338104248047","11861","11861","11861"
"118629","20.10279655456543","20.10279655456543","20.10279655456543","11862","11862","11862"
"118639","24.54159927368164","24.54159927368164","24.54159927368164","11863","11863","11863"
"118649","27.196033477783203","27.196033477783203","27.196033477783203","11864","11864","11864"
"118659","26.101099014282227","26.101099014282227","26.101099014282227","11865","11865","11865"
"118669","26.367637634277344","26.367637634277344","26.367637634277344","11866","11866","11866"
"118689","22.41699981689453","22.41699981689453","22.41699981689453","11868","11868","11868"
"118709","26.71196746826172","26.71196746826172","26.71196746826172","11870","11870","11870"
"118729","22.514463424682617","22.514463424682617","22.514463424682617","11872","11872","11872"
"118739","24.340917587280273","24.340917587280273","24.340917587280273","11873","11873","11873"
"118749","24.737642288208008","24.737642288208008","24.737642288208008","11874","11874","11874"
"118769","25.061450958251953","25.061450958251953","25.061450958251953","11876","11876","11876"
"118799","22.28852081298828","22.28852081298828","22.28852081298828","11879","11879","11879"
"118899","24.772846221923828","24.772846221923828","24.772846221923828","11889","11889","11889"
"118909","23.960704803466797","23.960704803466797","23.960704803466797","11890","11890","11890"
"118959","23.552133560180664","23.552133560180664","23.552133560180664","11895","11895","11895"
"118969","23.670040130615234","23.670040130615234","23.670040130615234","11896","11896","11896"
"118999","28.23227882385254","28.23227882385254","28.23227882385254","11899","11899","11899"
"119049","22.84823226928711","22.84823226928711","22.84823226928711","11904","11904","11904"
"119059","27.94643211364746","27.94643211364746","27.94643211364746","11905","11905","11905"
"119089","20.737028121948242","20.737028121948242","20.737028121948242","11908","11908","11908"
"119109","36.279964447021484","36.279964447021484","36.279964447021484","11910","11910","11910"
"119149","25.005130767822266","25.005130767822266","25.005130767822266","11914","11914","11914"
"119179","22.988759994506836","22.988759994506836","22.988759994506836","11917","11917","11917"
"119199","23.661880493164062","23.661880493164062","23.661880493164062","11919","11919","11919"
"119209","23.88386344909668","23.88386344909668","23.88386344909668","11920","11920","11920"
"119239","22.80333137512207","22.80333137512207","22.80333137512207","11923","11923","11923"
"119299","31.1774845123291","31.1774845123291","31.1774845123291","11929","11929","11929"
"119329","25.8237247467041","25.8237247467041","25.8237247467041","11932","11932","11932"
"119339","22.539152145385742","22.539152145385742","22.539152145385742","11933","11933","11933"
"119359","33.272300720214844","33.272300720214844","33.272300720214844","11935","11935","11935"
"119389","26.347549438476562","26.347549438476562","26.347549438476562","11938","11938","11938"
"119399","28.97818374633789","28.97818374633789","28.97818374633789","11939","11939","11939"
"119419","21.732698440551758","21.732698440551758","21.732698440551758","11941","11941","11941"
"119429","22.68626594543457","22.68626594543457","22.68626594543457","11942","11942","11942"
"119439","29.962154388427734","29.962154388427734","29.962154388427734","11943","11943","11943"
"119509","21.70975112915039","21.70975112915039","21.70975112915039","11950","11950","11950"
"119529","25.233369827270508","25.233369827270508","25.233369827270508","11952","11952","11952"
"119539","22.065507888793945","22.065507888793945","22.065507888793945","11953","11953","11953"
"119559","24.351577758789062","24.351577758789062","24.351577758789062","11955","11955","11955"
"119569","24.87133026123047","24.87133026123047","24.87133026123047","11956","11956","11956"
"119609","31.396373748779297","31.396373748779297","31.396373748779297","11960","11960","11960"
"119689","29.90738296508789","29.90738296508789","29.90738296508789","11968","11968","11968"
"119709","29.098081588745117","29.098081588745117","29.098081588745117","11970","11970","11970"
"119749","24.157806396484375","24.157806396484375","24.157806396484375","11974","11974","11974"
"119799","27.590892791748047","27.590892791748047","27.590892791748047","11979","11979","11979"
"119829","22.23968505859375","22.23968505859375","22.23968505859375","11982","11982","11982"
"119859","18.13899040222168","18.13899040222168","18.13899040222168","11985","11985","11985"
"119889","27.612695693969727","27.612695693969727","27.612695693969727","11988","11988","11988"
"119899","29.02084732055664","29.02084732055664","29.02084732055664","11989","11989","11989"
"119909","27.899642944335938","27.899642944335938","27.899642944335938","11990","11990","11990"
"119919","22.165531158447266","22.165531158447266","22.165531158447266","11991","11991","11991"
"119929","22.900497436523438","22.900497436523438","22.900497436523438","11992","11992","11992"
"119949","33.53937911987305","33.53937911987305","33.53937911987305","11994","11994","11994"
"119959","23.772586822509766","23.772586822509766","23.772586822509766","11995","11995","11995"
"119969","22.43068504333496","22.43068504333496","22.43068504333496","11996","11996","11996"
"119979","20.76882553100586","20.76882553100586","20.76882553100586","11997","11997","11997"
"120029","37.49688720703125","37.49688720703125","37.49688720703125","12002","12002","12002"
"120129","30.13478660583496","30.13478660583496","30.13478660583496","12012","12012","12012"
"120179","26.17558479309082","26.17558479309082","26.17558479309082","12017","12017","12017"
"120189","22.524309158325195","22.524309158325195","22.524309158325195","12018","12018","12018"
"120199","20.777408599853516","20.777408599853516","20.777408599853516","12019","12019","12019"
"120229","26.392026901245117","26.392026901245117","26.392026901245117","12022","12022","12022"
"120249","32.01931381225586","32.01931381225586","32.01931381225586","12024","12024","12024"
"120389","29.50143051147461","29.50143051147461","29.50143051147461","12038","12038","12038"
"120439","27.891862869262695","27.891862869262695","27.891862869262695","12043","12043","12043"
"120469","24.297636032104492","24.297636032104492","24.297636032104492","12046","12046","12046"
"120479","22.974811553955078","22.974811553955078","22.974811553955078","12047","12047","12047"
"120489","20.24261474609375","20.24261474609375","20.24261474609375","12048","12048","12048"
"120539","27.845888137817383","27.845888137817383","27.845888137817383","12053","12053","12053"
"120569","28.2442626953125","28.2442626953125","28.2442626953125","12056","12056","12056"
"120589","21.886728286743164","21.886728286743164","21.886728286743164","12058","12058","12058"
"120609","24.24575424194336","24.24575424194336","24.24575424194336","12060","12060","12060"
"120639","17.630481719970703","17.630481719970703","17.630481719970703","12063","12063","12063"
"120649","26.60675621032715","26.60675621032715","26.60675621032715","12064","12064","12064"
"120699","27.46349334716797","27.46349334716797","27.46349334716797","12069","12069","12069"
"120759","18.250181198120117","18.250181198120117","18.250181198120117","12075","12075","12075"
"120789","40.00053787231445","40.00053787231445","40.00053787231445","12078","12078","12078"
"120829","26.178993225097656","26.178993225097656","26.178993225097656","12082","12082","12082"
"120839","22.84264373779297","22.84264373779297","22.84264373779297","12083","12083","12083"
"120849","16.639982223510742","16.639982223510742","16.639982223510742","12084","12084","12084"
"120859","21.413177490234375","21.413177490234375","21.413177490234375","12085","12085","12085"
"120869","27.449909210205078","27.449909210205078","27.449909210205078","12086","12086","12086"
"120909","26.299354553222656","26.299354553222656","26.299354553222656","12090","12090","12090"
"120959","23.631114959716797","23.631114959716797","23.631114959716797","12095","12095","12095"
"120989","22.84918212890625","22.84918212890625","22.84918212890625","12098","12098","12098"
"121019","24.2027587890625","24.2027587890625","24.2027587890625","12101","12101","12101"
"121029","20.835430145263672","20.835430145263672","20.835430145263672","12102","12102","12102"
"121079","21.628517150878906","21.628517150878906","21.628517150878906","12107","12107","12107"
"121089","22.35125160217285","22.35125160217285","22.35125160217285","12108","12108","12108"
"121109","21.373226165771484","21.373226165771484","21.373226165771484","12110","12110","12110"
"121119","25.294588088989258","25.294588088989258","25.294588088989258","12111","12111","12111"
"121129","21.513395309448242","21.513395309448242","21.513395309448242","12112","12112","12112"
"121149","19.981704711914062","19.981704711914062","19.981704711914062","12114","12114","12114"
"121159","25.270029067993164","25.270029067993164","25.270029067993164","12115","12115","12115"
"121189","22.509096145629883","22.509096145629883","22.509096145629883","12118","12118","12118"
"121199","23.87884521484375","23.87884521484375","23.87884521484375","12119","12119","12119"
"121229","25.63213348388672","25.63213348388672","25.63213348388672","12122","12122","12122"
"121239","27.05364990234375","27.05364990234375","27.05364990234375","12123","12123","12123"
"121249","30.69597625732422","30.69597625732422","30.69597625732422","12124","12124","12124"
"121259","25.368907928466797","25.368907928466797","25.368907928466797","12125","12125","12125"
"121279","22.462440490722656","22.462440490722656","22.462440490722656","12127","12127","12127"
"121289","22.158037185668945","22.158037185668945","22.158037185668945","12128","12128","12128"
"121319","27.278425216674805","27.278425216674805","27.278425216674805","12131","12131","12131"
"121329","23.04095458984375","23.04095458984375","23.04095458984375","12132","12132","12132"
"121399","21.66889762878418","21.66889762878418","21.66889762878418","12139","12139","12139"
"121409","28.39151382446289","28.39151382446289","28.39151382446289","12140","12140","12140"
"121439","21.147064208984375","21.147064208984375","21.147064208984375","12143","12143","12143"
"121449","23.63441276550293","23.63441276550293","23.63441276550293","12144","12144","12144"
"121519","21.39139175415039","21.39139175415039","21.39139175415039","12151","12151","12151"
"121539","18.247522354125977","18.247522354125977","18.247522354125977","12153","12153","12153"
"121549","35.79876708984375","35.79876708984375","35.79876708984375","12154","12154","12154"
"121569","28.83772850036621","28.83772850036621","28.83772850036621","12156","12156","12156"
"121609","24.98832130432129","24.98832130432129","24.98832130432129","12160","12160","12160"
"121709","22.303016662597656","22.303016662597656","22.303016662597656","12170","12170","12170"
"121719","28.861194610595703","28.861194610595703","28.861194610595703","12171","12171","12171"
"121729","26.57084846496582","26.57084846496582","26.57084846496582","12172","12172","12172"
"121769","24.736770629882812","24.736770629882812","24.736770629882812","12176","12176","12176"
"121869","21.731143951416016","21.731143951416016","21.731143951416016","12186","12186","12186"
"121889","20.26531410217285","20.26531410217285","20.26531410217285","12188","12188","12188"
"121899","21.930479049682617","21.930479049682617","21.930479049682617","12189","12189","12189"
"121909","20.782899856567383","20.782899856567383","20.782899856567383","12190","12190","12190"
"121929","21.981689453125","21.981689453125","21.981689453125","12192","12192","12192"
"121949","25.303028106689453","25.303028106689453","25.303028106689453","12194","12194","12194"
"121969","25.843490600585938","25.843490600585938","25.843490600585938","12196","12196","12196"
"121989","23.43111801147461","23.43111801147461","23.43111801147461","12198","12198","12198"
"122019","29.514297485351562","29.514297485351562","29.514297485351562","12201","12201","12201"
"122029","19.251455307006836","19.251455307006836","19.251455307006836","12202","12202","12202"
"122039","21.983184814453125","21.983184814453125","21.983184814453125","12203","12203","12203"
"122049","22.383480072021484","22.383480072021484","22.383480072021484","12204","12204","12204"
"122099","24.51528549194336","24.51528549194336","24.51528549194336","12209","12209","12209"
"122109","20.463848114013672","20.463848114013672","20.463848114013672","12210","12210","12210"
"122149","21.07003402709961","21.07003402709961","21.07003402709961","12214","12214","12214"
"122199","22.62232208251953","22.62232208251953","22.62232208251953","12219","12219","12219"
"122259","24.646484375","24.646484375","24.646484375","12225","12225","12225"
"122269","24.836544036865234","24.836544036865234","24.836544036865234","12226","12226","12226"
"122279","20.688018798828125","20.688018798828125","20.688018798828125","12227","12227","12227"
"122289","26.53621482849121","26.53621482849121","26.53621482849121","12228","12228","12228"
"122299","22.916061401367188","22.916061401367188","22.916061401367188","12229","12229","12229"
"122349","18.281679153442383","18.281679153442383","18.281679153442383","12234","12234","12234"
"122389","19.84823989868164","19.84823989868164","19.84823989868164","12238","12238","12238"
"122399","25.573925018310547","25.573925018310547","25.573925018310547","12239","12239","12239"
"122409","20.806659698486328","20.806659698486328","20.806659698486328","12240","12240","12240"
"122429","20.781408309936523","20.781408309936523","20.781408309936523","12242","12242","12242"
"122439","20.603012084960938","20.603012084960938","20.603012084960938","12243","12243","12243"
"122449","26.968616485595703","26.968616485595703","26.968616485595703","12244","12244","12244"
"122469","21.629371643066406","21.629371643066406","21.629371643066406","12246","12246","12246"
"122569","25.43832778930664","25.43832778930664","25.43832778930664","12256","12256","12256"
"122609","33.18600845336914","33.18600845336914","33.18600845336914","12260","12260","12260"
"122629","22.02809715270996","22.02809715270996","22.02809715270996","12262","12262","12262"
"122679","25.73920249938965","25.73920249938965","25.73920249938965","12267","12267","12267"
"122709","19.692167282104492","19.692167282104492","19.692167282104492","12270","12270","12270"
"122739","20.555925369262695","20.555925369262695","20.555925369262695","12273","12273","12273"
"122749","16.409469604492188","16.409469604492188","16.409469604492188","12274","12274","12274"
"122769","22.783172607421875","22.783172607421875","22.783172607421875","12276","12276","12276"
"122789","22.623687744140625","22.623687744140625","22.623687744140625","12278","12278","12278"
"122799","22.830615997314453","22.830615997314453","22.830615997314453","12279","12279","12279"
"122869","21.91250228881836","21.91250228881836","21.91250228881836","12286","12286","12286"
"122929","26.066577911376953","26.066577911376953","26.066577911376953","12292","12292","12292"
"122949","36.210655212402344","36.210655212402344","36.210655212402344","12294","12294","12294"
"122969","30.203556060791016","30.203556060791016","30.203556060791016","12296","12296","12296"
"122979","32.414920806884766","32.414920806884766","32.414920806884766","12297","12297","12297"
"123019","21.007596969604492","21.007596969604492","21.007596969604492","12301","12301","12301"
"123049","24.585914611816406","24.585914611816406","24.585914611816406","12304","12304","12304"
"123059","27.44015121459961","27.44015121459961","27.44015121459961","12305","12305","12305"
"123119","19.800020217895508","19.800020217895508","19.800020217895508","12311","12311","12311"
"123129","25.401535034179688","25.401535034179688","25.401535034179688","12312","12312","12312"
"123149","22.940467834472656","22.940467834472656","22.940467834472656","12314","12314","12314"
"123169","24.933799743652344","24.933799743652344","24.933799743652344","12316","12316","12316"
"123189","17.94338607788086","17.94338607788086","17.94338607788086","12318","12318","12318"
"123209","26.437511444091797","26.437511444091797","26.437511444091797","12320","12320","12320"
"123249","27.82994842529297","27.82994842529297","27.82994842529297","12324","12324","12324"
"123289","21.323131561279297","21.323131561279297","21.323131561279297","12328","12328","12328"
"123299","23.57329750061035","23.57329750061035","23.57329750061035","12329","12329","12329"
"123309","28.16419219970703","28.16419219970703","28.16419219970703","12330","12330","12330"
"123319","24.65570640563965","24.65570640563965","24.65570640563965","12331","12331","12331"
"123369","22.430679321289062","22.430679321289062","22.430679321289062","12336","12336","12336"
"123399","20.912296295166016","20.912296295166016","20.912296295166016","12339","12339","12339"
"123419","23.81844711303711","23.81844711303711","23.81844711303711","12341","12341","12341"
"123429","22.370014190673828","22.370014190673828","22.370014190673828","12342","12342","12342"
"123439","22.044185638427734","22.044185638427734","22.044185638427734","12343","12343","12343"
"123449","21.68859100341797","21.68859100341797","21.68859100341797","12344","12344","12344"
"123459","29.404064178466797","29.404064178466797","29.404064178466797","12345","12345","12345"
"123479","21.30925750732422","21.30925750732422","21.30925750732422","12347","12347","12347"
"123489","27.76941680908203","27.76941680908203","27.76941680908203","12348","12348","12348"
"123529","30.827777862548828","30.827777862548828","30.827777862548828","12352","12352","12352"
"123559","24.576162338256836","24.576162338256836","24.576162338256836","12355","12355","12355"
"123589","25.793853759765625","25.793853759765625","25.793853759765625","12358","12358","12358"
"123609","23.36200523376465","23.36200523376465","23.36200523376465","12360","12360","12360"
"123619","27.07474136352539","27.07474136352539","27.07474136352539","12361","12361","12361"
"123629","28.710718154907227","28.710718154907227","28.710718154907227","12362","12362","12362"
"123669","30.678470611572266","30.678470611572266","30.678470611572266","12366","12366","12366"
"123709","21.553415298461914","21.553415298461914","21.553415298461914","12370","12370","12370"
"123729","23.755409240722656","23.755409240722656","23.755409240722656","12372","12372","12372"
"123759","23.162019729614258","23.162019729614258","23.162019729614258","12375","12375","12375"
"123779","26.891948699951172","26.891948699951172","26.891948699951172","12377","12377","12377"
"123799","37.43248748779297","37.43248748779297","37.43248748779297","12379","12379","12379"
"123889","22.614944458007812","22.614944458007812","22.614944458007812","12388","12388","12388"
"123909","22.64299964904785","22.64299964904785","22.64299964904785","12390","12390","12390"
"123919","22.866230010986328","22.866230010986328","22.866230010986328","12391","12391","12391"
"123949","19.794788360595703","19.794788360595703","19.794788360595703","12394","12394","12394"
"123969","25.425743103027344","25.425743103027344","25.425743103027344","12396","12396","12396"
"123999","23.646434783935547","23.646434783935547","23.646434783935547","12399","12399","12399"
"124019","26.663999557495117","26.663999557495117","26.663999557495117","12401","12401","12401"
"124109","23.525096893310547","23.525096893310547","23.525096893310547","12410","12410","12410"
"124149","20.22716522216797","20.22716522216797","20.22716522216797","12414","12414","12414"
"124169","22.885967254638672","22.885967254638672","22.885967254638672","12416","12416","12416"
"124189","21.10363006591797","21.10363006591797","21.10363006591797","12418","12418","12418"
"124219","21.62607192993164","21.62607192993164","21.62607192993164","12421","12421","12421"
"124279","22.302026748657227","22.302026748657227","22.302026748657227","12427","12427","12427"
"124289","27.682565689086914","27.682565689086914","27.682565689086914","12428","12428","12428"
"124299","24.013504028320312","24.013504028320312","24.013504028320312","12429","12429","12429"
"124329","19.368865966796875","19.368865966796875","19.368865966796875","12432","12432","12432"
"124349","19.505016326904297","19.505016326904297","19.505016326904297","12434","12434","12434"
"124369","22.047195434570312","22.047195434570312","22.047195434570312","12436","12436","12436"
"124469","19.070341110229492","19.070341110229492","19.070341110229492","12446","12446","12446"
"124479","22.602888107299805","22.602888107299805","22.602888107299805","12447","12447","12447"
"124499","20.772537231445312","20.772537231445312","20.772537231445312","12449","12449","12449"
"124509","20.286630630493164","20.286630630493164","20.286630630493164","12450","12450","12450"
"124519","19.713916778564453","19.713916778564453","19.713916778564453","12451","12451","12451"
"124529","18.50284194946289","18.50284194946289","18.50284194946289","12452","12452","12452"
"124539","23.541044235229492","23.541044235229492","23.541044235229492","12453","12453","12453"
"124559","20.8612060546875","20.8612060546875","20.8612060546875","12455","12455","12455"
"124659","24.130874633789062","24.130874633789062","24.130874633789062","12465","12465","12465"
"124669","24.84501075744629","24.84501075744629","24.84501075744629","12466","12466","12466"
"124699","24.035762786865234","24.035762786865234","24.035762786865234","12469","12469","12469"
"124709","20.45257568359375","20.45257568359375","20.45257568359375","12470","12470","12470"
"124719","20.29707145690918","20.29707145690918","20.29707145690918","12471","12471","12471"
"124749","23.644065856933594","23.644065856933594","23.644065856933594","12474","12474","12474"
"124769","25.000761032104492","25.000761032104492","25.000761032104492","12476","12476","12476"
"124789","23.872798919677734","23.872798919677734","23.872798919677734","12478","12478","12478"
"124819","22.65359878540039","22.65359878540039","22.65359878540039","12481","12481","12481"
"124839","26.864139556884766","26.864139556884766","26.864139556884766","12483","12483","12483"
"124849","29.001222610473633","29.001222610473633","29.001222610473633","12484","12484","12484"
"124869","25.005401611328125","25.005401611328125","25.005401611328125","12486","12486","12486"
"124889","24.556726455688477","24.556726455688477","24.556726455688477","12488","12488","12488"
"124979","20.150714874267578","20.150714874267578","20.150714874267578","12497","12497","12497"
"124989","26.181428909301758","26.181428909301758","26.181428909301758","12498","12498","12498"
"125019","25.525894165039062","25.525894165039062","25.525894165039062","12501","12501","12501"
"125029","24.462905883789062","24.462905883789062","24.462905883789062","12502","12502","12502"
"125089","19.680389404296875","19.680389404296875","19.680389404296875","12508","12508","12508"
"125119","25.243532180786133","25.243532180786133","25.243532180786133","12511","12511","12511"
"125139","32.08439254760742","32.08439254760742","32.08439254760742","12513","12513","12513"
"125169","27.71100425720215","27.71100425720215","27.71100425720215","12516","12516","12516"
"125239","24.694561004638672","24.694561004638672","24.694561004638672","12523","12523","12523"
"125259","19.29389190673828","19.29389190673828","19.29389190673828","12525","12525","12525"
"125269","22.065507888793945","22.065507888793945","22.065507888793945","12526","12526","12526"
"125329","23.91227912902832","23.91227912902832","23.91227912902832","12532","12532","12532"
"125349","20.653749465942383","20.653749465942383","20.653749465942383","12534","12534","12534"
"125399","29.570974349975586","29.570974349975586","29.570974349975586","12539","12539","12539"
"125429","21.216222763061523","21.216222763061523","21.216222763061523","12542","12542","12542"
"125469","23.931915283203125","23.931915283203125","23.931915283203125","12546","12546","12546"
"125489","22.997047424316406","22.997047424316406","22.997047424316406","12548","12548","12548"
"125499","22.457307815551758","22.457307815551758","22.457307815551758","12549","12549","12549"
"125599","26.92215919494629","26.92215919494629","26.92215919494629","12559","12559","12559"
"125609","24.059513092041016","24.059513092041016","24.059513092041016","12560","12560","12560"
"125649","19.113643646240234","19.113643646240234","19.113643646240234","12564","12564","12564"
"125669","24.93882942199707","24.93882942199707","24.93882942199707","12566","12566","12566"
"125699","20.31190299987793","20.31190299987793","20.31190299987793","12569","12569","12569"
"125729","18.309762954711914","18.309762954711914","18.309762954711914","12572","12572","12572"
"125739","34.79015350341797","34.79015350341797","34.79015350341797","12573","12573","12573"
"125749","24.85662269592285","24.85662269592285","24.85662269592285","12574","12574","12574"
"125759","27.29513168334961","27.29513168334961","27.29513168334961","12575","12575","12575"
"125799","25.287519454956055","25.287519454956055","25.287519454956055","12579","12579","12579"
"125819","28.0583438873291","28.0583438873291","28.0583438873291","12581","12581","12581"
"125849","22.363515853881836","22.363515853881836","22.363515853881836","12584","12584","12584"
"125869","25.70098876953125","25.70098876953125","25.70098876953125","12586","12586","12586"
"125929","26.818077087402344","26.818077087402344","26.818077087402344","12592","12592","12592"
"125949","31.764034271240234","31.764034271240234","31.764034271240234","12594","12594","12594"
"125989","20.365257263183594","20.365257263183594","20.365257263183594","12598","12598","12598"
"126009","24.912012100219727","24.912012100219727","24.912012100219727","12600","12600","12600"
"126019","24.256040573120117","24.256040573120117","24.256040573120117","12601","12601","12601"
"126059","25.766605377197266","25.766605377197266","25.766605377197266","12605","12605","12605"
"126069","26.470623016357422","26.470623016357422","26.470623016357422","12606","12606","12606"
"126089","23.098114013671875","23.098114013671875","23.098114013671875","12608","12608","12608"
"126099","24.879112243652344","24.879112243652344","24.879112243652344","12609","12609","12609"
"126169","23.202716827392578","23.202716827392578","23.202716827392578","12616","12616","12616"
"126199","22.862064361572266","22.862064361572266","22.862064361572266","12619","12619","12619"
"126279","21.51536750793457","21.51536750793457","21.51536750793457","12627","12627","12627"
"126309","32.039398193359375","32.039398193359375","32.039398193359375","12630","12630","12630"
"126319","25.751815795898438","25.751815795898438","25.751815795898438","12631","12631","12631"
"126329","34.18903350830078","34.18903350830078","34.18903350830078","12632","12632","12632"
"126349","20.19947624206543","20.19947624206543","20.19947624206543","12634","12634","12634"
"126389","23.1446475982666","23.1446475982666","23.1446475982666","12638","12638","12638"
"126399","21.35135269165039","21.35135269165039","21.35135269165039","12639","12639","12639"
"126419","25.738046646118164","25.738046646118164","25.738046646118164","12641","12641","12641"
"126429","20.93939208984375","20.93939208984375","20.93939208984375","12642","12642","12642"
"126439","20.523414611816406","20.523414611816406","20.523414611816406","12643","12643","12643"
"126489","21.101137161254883","21.101137161254883","21.101137161254883","12648","12648","12648"
"126529","21.21443748474121","21.21443748474121","21.21443748474121","12652","12652","12652"
"126549","22.727458953857422","22.727458953857422","22.727458953857422","12654","12654","12654"
"126559","19.333744049072266","19.333744049072266","19.333744049072266","12655","12655","12655"
"126569","19.394123077392578","19.394123077392578","19.394123077392578","12656","12656","12656"
"126599","20.462858200073242","20.462858200073242","20.462858200073242","12659","12659","12659"
"126609","17.381284713745117","17.381284713745117","17.381284713745117","12660","12660","12660"
"126629","25.440988540649414","25.440988540649414","25.440988540649414","12662","12662","12662"
"126669","19.050743103027344","19.050743103027344","19.050743103027344","12666","12666","12666"
"126689","20.4451961517334","20.4451961517334","20.4451961517334","12668","12668","12668"
"126699","23.581336975097656","23.581336975097656","23.581336975097656","12669","12669","12669"
"126719","23.07306671142578","23.07306671142578","23.07306671142578","12671","12671","12671"
"126759","26.889205932617188","26.889205932617188","26.889205932617188","12675","12675","12675"
"126899","32.82645797729492","32.82645797729492","32.82645797729492","12689","12689","12689"
"126999","25.20356559753418","25.20356559753418","25.20356559753418","12699","12699","12699"
"127029","24.609466552734375","24.609466552734375","24.609466552734375","12702","12702","12702"
"127049","20.19466781616211","20.19466781616211","20.19466781616211","12704","12704","12704"
"127079","22.15478515625","22.15478515625","22.15478515625","12707","12707","12707"
"127129","17.505592346191406","17.505592346191406","17.505592346191406","12712","12712","12712"
"127139","27.591846466064453","27.591846466064453","27.591846466064453","12713","12713","12713"
"127189","26.50240707397461","26.50240707397461","26.50240707397461","12718","12718","12718"
"127209","21.000024795532227","21.000024795532227","21.000024795532227","12720","12720","12720"
"127229","21.249759674072266","21.249759674072266","21.249759674072266","12722","12722","12722"
"127249","25.02243423461914","25.02243423461914","25.02243423461914","12724","12724","12724"
"127279","22.243982315063477","22.243982315063477","22.243982315063477","12727","12727","12727"
"127309","29.024620056152344","29.024620056152344","29.024620056152344","12730","12730","12730"
"127319","19.11465072631836","19.11465072631836","19.11465072631836","12731","12731","12731"
"127339","21.825450897216797","21.825450897216797","21.825450897216797","12733","12733","12733"
"127349","25.093486785888672","25.093486785888672","25.093486785888672","12734","12734","12734"
"127359","23.662487030029297","23.662487030029297","23.662487030029297","12735","12735","12735"
"127369","23.848907470703125","23.848907470703125","23.848907470703125","12736","12736","12736"
"127389","20.414993286132812","20.414993286132812","20.414993286132812","12738","12738","12738"
"127429","22.929771423339844","22.929771423339844","22.929771423339844","12742","12742","12742"
"127439","18.015899658203125","18.015899658203125","18.015899658203125","12743","12743","12743"
"127469","23.26809310913086","23.26809310913086","23.26809310913086","12746","12746","12746"
"127489","22.65050506591797","22.65050506591797","22.65050506591797","12748","12748","12748"
"127499","30.15469741821289","30.15469741821289","30.15469741821289","12749","12749","12749"
"127529","33.97113800048828","33.97113800048828","33.97113800048828","12752","12752","12752"
"127559","23.13770866394043","23.13770866394043","23.13770866394043","12755","12755","12755"
"127579","20.2100887298584","20.2100887298584","20.2100887298584","12757","12757","12757"
"127589","24.850727081298828","24.850727081298828","24.850727081298828","12758","12758","12758"
"127659","23.574880599975586","23.574880599975586","23.574880599975586","12765","12765","12765"
"127669","19.524063110351562","19.524063110351562","19.524063110351562","12766","12766","12766"
"127679","30.439224243164062","30.439224243164062","30.439224243164062","12767","12767","12767"
"127699","20.613548278808594","20.613548278808594","20.613548278808594","12769","12769","12769"
"127719","19.26910972595215","19.26910972595215","19.26910972595215","12771","12771","12771"
"127729","26.925493240356445","26.925493240356445","26.925493240356445","12772","12772","12772"
"127779","19.8955078125","19.8955078125","19.8955078125","12777","12777","12777"
"127799","24.864383697509766","24.864383697509766","24.864383697509766","12779","12779","12779"
"127859","18.657978057861328","18.657978057861328","18.657978057861328","12785","12785","12785"
"127899","19.118648529052734","19.118648529052734","19.118648529052734","12789","12789","12789"
"127909","21.229379653930664","21.229379653930664","21.229379653930664","12790","12790","12790"
"127929","21.71326446533203","21.71326446533203","21.71326446533203","12792","12792","12792"
"127939","22.8330078125","22.8330078125","22.8330078125","12793","12793","12793"
"127979","18.753469467163086","18.753469467163086","18.753469467163086","12797","12797","12797"
"127999","21.077545166015625","21.077545166015625","21.077545166015625","12799","12799","12799"
"128029","22.667964935302734","22.667964935302734","22.667964935302734","12802","12802","12802"
"128059","19.47816276550293","19.47816276550293","19.47816276550293","12805","12805","12805"
"128069","23.952354431152344","23.952354431152344","23.952354431152344","12806","12806","12806"
"128089","24.12533950805664","24.12533950805664","24.12533950805664","12808","12808","12808"
"128149","21.549177169799805","21.549177169799805","21.549177169799805","12814","12814","12814"
"128159","21.704391479492188","21.704391479492188","21.704391479492188","12815","12815","12815"
"128189","23.155412673950195","23.155412673950195","23.155412673950195","12818","12818","12818"
"128199","20.191707611083984","20.191707611083984","20.191707611083984","12819","12819","12819"
"128209","30.408571243286133","30.408571243286133","30.408571243286133","12820","12820","12820"
"128259","21.28591537475586","21.28591537475586","21.28591537475586","12825","12825","12825"
"128289","20.994047164916992","20.994047164916992","20.994047164916992","12828","12828","12828"
"128309","21.795150756835938","21.795150756835938","21.795150756835938","12830","12830","12830"
"128329","33.170475006103516","33.170475006103516","33.170475006103516","12832","12832","12832"
"128339","24.910205841064453","24.910205841064453","24.910205841064453","12833","12833","12833"
"128379","23.077138900756836","23.077138900756836","23.077138900756836","12837","12837","12837"
"128419","20.81121826171875","20.81121826171875","20.81121826171875","12841","12841","12841"
"128439","16.95513916015625","16.95513916015625","16.95513916015625","12843","12843","12843"
"128479","18.360671997070312","18.360671997070312","18.360671997070312","12847","12847","12847"
"128489","22.69106101989746","22.69106101989746","22.69106101989746","12848","12848","12848"
"128499","25.431093215942383","25.431093215942383","25.431093215942383","12849","12849","12849"
"128509","20.020618438720703","20.020618438720703","20.020618438720703","12850","12850","12850"
"128579","20.482891082763672","20.482891082763672","20.482891082763672","12857","12857","12857"
"128629","20.438323974609375","20.438323974609375","20.438323974609375","12862","12862","12862"
"128649","21.06846809387207","21.06846809387207","21.06846809387207","12864","12864","12864"
"128669","27.517301559448242","27.517301559448242","27.517301559448242","12866","12866","12866"
"128709","29.376440048217773","29.376440048217773","29.376440048217773","12870","12870","12870"
"128769","23.635276794433594","23.635276794433594","23.635276794433594","12876","12876","12876"
"128799","32.15740203857422","32.15740203857422","32.15740203857422","12879","12879","12879"
"128809","21.691465377807617","21.691465377807617","21.691465377807617","12880","12880","12880"
"128819","19.69585418701172","19.69585418701172","19.69585418701172","12881","12881","12881"
"128829","22.088340759277344","22.088340759277344","22.088340759277344","12882","12882","12882"
"128849","26.426898956298828","26.426898956298828","26.426898956298828","12884","12884","12884"
"128859","20.99315643310547","20.99315643310547","20.99315643310547","12885","12885","12885"
"128879","22.169008255004883","22.169008255004883","22.169008255004883","12887","12887","12887"
"128889","24.018869400024414","24.018869400024414","24.018869400024414","12888","12888","12888"
"128939","24.908666610717773","24.908666610717773","24.908666610717773","12893","12893","12893"
"128979","22.33930206298828","22.33930206298828","22.33930206298828","12897","12897","12897"
"129039","23.75735092163086","23.75735092163086","23.75735092163086","12903","12903","12903"
"129079","18.890193939208984","18.890193939208984","18.890193939208984","12907","12907","12907"
"129179","19.657011032104492","19.657011032104492","19.657011032104492","12917","12917","12917"
"129209","26.422290802001953","26.422290802001953","26.422290802001953","12920","12920","12920"
"129229","21.627681732177734","21.627681732177734","21.627681732177734","12922","12922","12922"
"129239","23.69106101989746","23.69106101989746","23.69106101989746","12923","12923","12923"
"129249","21.522090911865234","21.522090911865234","21.522090911865234","12924","12924","12924"
"129289","22.499740600585938","22.499740600585938","22.499740600585938","12928","12928","12928"
"129299","19.7489070892334","19.7489070892334","19.7489070892334","12929","12929","12929"
"129309","34.39688491821289","34.39688491821289","34.39688491821289","12930","12930","12930"
"129319","37.5573616027832","37.5573616027832","37.5573616027832","12931","12931","12931"
"129339","26.124746322631836","26.124746322631836","26.124746322631836","12933","12933","12933"
"129349","84.45624542236328","84.45624542236328","84.45624542236328","12934","12934","12934"
"129409","17.830081939697266","17.830081939697266","17.830081939697266","12940","12940","12940"
"129419","19.85057830810547","19.85057830810547","19.85057830810547","12941","12941","12941"
"129449","20.192562103271484","20.192562103271484","20.192562103271484","12944","12944","12944"
"129489","24.575775146484375","24.575775146484375","24.575775146484375","12948","12948","12948"
"129499","23.301267623901367","23.301267623901367","23.301267623901367","12949","12949","12949"
"129539","22.60721206665039","22.60721206665039","22.60721206665039","12953","12953","12953"
"129559","22.285367965698242","22.285367965698242","22.285367965698242","12955","12955","12955"
"129569","24.273303985595703","24.273303985595703","24.273303985595703","12956","12956","12956"
"129579","29.754404067993164","29.754404067993164","29.754404067993164","12957","12957","12957"
"129599","20.769786834716797","20.769786834716797","20.769786834716797","12959","12959","12959"
"129659","31.089523315429688","31.089523315429688","31.089523315429688","12965","12965","12965"
"129669","20.616518020629883","20.616518020629883","20.616518020629883","12966","12966","12966"
"129679","21.995384216308594","21.995384216308594","21.995384216308594","12967","12967","12967"
"129709","21.624004364013672","21.624004364013672","21.624004364013672","12970","12970","12970"
"129719","22.381061553955078","22.381061553955078","22.381061553955078","12971","12971","12971"
"129729","21.380569458007812","21.380569458007812","21.380569458007812","12972","12972","12972"
"129759","19.318790435791016","19.318790435791016","19.318790435791016","12975","12975","12975"
"129819","26.182226181030273","26.182226181030273","26.182226181030273","12981","12981","12981"
"129849","18.58646011352539","18.58646011352539","18.58646011352539","12984","12984","12984"
"129899","22.176284790039062","22.176284790039062","22.176284790039062","12989","12989","12989"
"129909","21.073184967041016","21.073184967041016","21.073184967041016","12990","12990","12990"
"129929","20.574981689453125","20.574981689453125","20.574981689453125","12992","12992","12992"
"129939","21.02851676940918","21.02851676940918","21.02851676940918","12993","12993","12993"
"129969","20.212947845458984","20.212947845458984","20.212947845458984","12996","12996","12996"
"129979","22.060871124267578","22.060871124267578","22.060871124267578","12997","12997","12997"
"129989","21.198152542114258","21.198152542114258","21.198152542114258","12998","12998","12998"
"130019","25.538734436035156","25.538734436035156","25.538734436035156","13001","13001","13001"
"130039","23.049020767211914","23.049020767211914","23.049020767211914","13003","13003","13003"
"130049","24.350631713867188","24.350631713867188","24.350631713867188","13004","13004","13004"
"130099","22.699546813964844","22.699546813964844","22.699546813964844","13009","13009","13009"
"130119","25.940216064453125","25.940216064453125","25.940216064453125","13011","13011","13011"
"130129","18.627653121948242","18.627653121948242","18.627653121948242","13012","13012","13012"
"130159","21.867839813232422","21.867839813232422","21.867839813232422","13015","13015","13015"
"130189","28.683252334594727","28.683252334594727","28.683252334594727","13018","13018","13018"
"130199","23.385807037353516","23.385807037353516","23.385807037353516","13019","13019","13019"
"130209","28.260265350341797","28.260265350341797","28.260265350341797","13020","13020","13020"
"130259","19.22450828552246","19.22450828552246","19.22450828552246","13025","13025","13025"
"130279","24.765689849853516","24.765689849853516","24.765689849853516","13027","13027","13027"
"130289","22.18805694580078","22.18805694580078","22.18805694580078","13028","13028","13028"
"130309","23.06817626953125","23.06817626953125","23.06817626953125","13030","13030","13030"
"130319","22.655540466308594","22.655540466308594","22.655540466308594","13031","13031","13031"
"130349","20.990671157836914","20.990671157836914","20.990671157836914","13034","13034","13034"
"130359","27.018949508666992","27.018949508666992","27.018949508666992","13035","13035","13035"
"130389","21.67380714416504","21.67380714416504","21.67380714416504","13038","13038","13038"
"130399","21.022315979003906","21.022315979003906","21.022315979003906","13039","13039","13039"
"130419","27.580429077148438","27.580429077148438","27.580429077148438","13041","13041","13041"
"130429","25.029348373413086","25.029348373413086","25.029348373413086","13042","13042","13042"
"130449","20.049779891967773","20.049779891967773","20.049779891967773","13044","13044","13044"
"130469","24.197877883911133","24.197877883911133","24.197877883911133","13046","13046","13046"
"130499","20.214134216308594","20.214134216308594","20.214134216308594","13049","13049","13049"
"130509","18.092498779296875","18.092498779296875","18.092498779296875","13050","13050","13050"
"130519","23.70488929748535","23.70488929748535","23.70488929748535","13051","13051","13051"
"130529","21.921306610107422","21.921306610107422","21.921306610107422","13052","13052","13052"
"130539","22.169815063476562","22.169815063476562","22.169815063476562","13053","13053","13053"
"130569","24.7117919921875","24.7117919921875","24.7117919921875","13056","13056","13056"
"130619","26.519010543823242","26.519010543823242","26.519010543823242","13061","13061","13061"
"130659","19.707260131835938","19.707260131835938","19.707260131835938","13065","13065","13065"
"130679","19.2873592376709","19.2873592376709","19.2873592376709","13067","13067","13067"
"130729","22.22567367553711","22.22567367553711","22.22567367553711","13072","13072","13072"
"130739","25.255094528198242","25.255094528198242","25.255094528198242","13073","13073","13073"
"130779","24.529767990112305","24.529767990112305","24.529767990112305","13077","13077","13077"
"130819","23.027528762817383","23.027528762817383","23.027528762817383","13081","13081","13081"
"130839","25.609586715698242","25.609586715698242","25.609586715698242","13083","13083","13083"
"130849","19.545028686523438","19.545028686523438","19.545028686523438","13084","13084","13084"
"130899","23.638826370239258","23.638826370239258","23.638826370239258","13089","13089","13089"
"130909","22.796300888061523","22.796300888061523","22.796300888061523","13090","13090","13090"
"130919","24.102062225341797","24.102062225341797","24.102062225341797","13091","13091","13091"
"130969","20.751094818115234","20.751094818115234","20.751094818115234","13096","13096","13096"
"130979","21.123077392578125","21.123077392578125","21.123077392578125","13097","13097","13097"
"131009","26.197223663330078","26.197223663330078","26.197223663330078","13100","13100","13100"
"131019","25.913414001464844","25.913414001464844","25.913414001464844","13101","13101","13101"
"131049","29.26901626586914","29.26901626586914","29.26901626586914","13104","13104","13104"
"131069","25.67317008972168","25.67317008972168","25.67317008972168","13106","13106","13106"
"131099","21.212709426879883","21.212709426879883","21.212709426879883","13109","13109","13109"
"131109","28.26849365234375","28.26849365234375","28.26849365234375","13110","13110","13110"
"131119","16.31570053100586","16.31570053100586","16.31570053100586","13111","13111","13111"
"131139","28.512828826904297","28.512828826904297","28.512828826904297","13113","13113","13113"
"131159","20.133480072021484","20.133480072021484","20.133480072021484","13115","13115","13115"
"131169","26.685850143432617","26.685850143432617","26.685850143432617","13116","13116","13116"
"131209","23.988622665405273","23.988622665405273","23.988622665405273","13120","13120","13120"
"131289","25.169748306274414","25.169748306274414","25.169748306274414","13128","13128","13128"
"131299","20.999797821044922","20.999797821044922","20.999797821044922","13129","13129","13129"
"131319","21.334497451782227","21.334497451782227","21.334497451782227","13131","13131","13131"
"131349","23.52451515197754","23.52451515197754","23.52451515197754","13134","13134","13134"
"131369","25.048582077026367","25.048582077026367","25.048582077026367","13136","13136","13136"
"131389","20.686168670654297","20.686168670654297","20.686168670654297","13138","13138","13138"
"131429","17.642784118652344","17.642784118652344","17.642784118652344","13142","13142","13142"
"131449","24.67642593383789","24.67642593383789","24.67642593383789","13144","13144","13144"
"131499","22.22606658935547","22.22606658935547","22.22606658935547","13149","13149","13149"
"131509","20.295848846435547","20.295848846435547","20.295848846435547","13150","13150","13150"
"131519","20.146730422973633","20.146730422973633","20.146730422973633","13151","13151","13151"
"131559","22.103078842163086","22.103078842163086","22.103078842163086","13155","13155","13155"
"131569","23.316749572753906","23.316749572753906","23.316749572753906","13156","13156","13156"
"131579","22.30450439453125","22.30450439453125","22.30450439453125","13157","13157","13157"
"131589","17.59939193725586","17.59939193725586","17.59939193725586","13158","13158","13158"
"131609","25.50312614440918","25.50312614440918","25.50312614440918","13160","13160","13160"
"131619","32.01445007324219","32.01445007324219","32.01445007324219","13161","13161","13161"
"131629","26.91069984436035","26.91069984436035","26.91069984436035","13162","13162","13162"
"131639","21.402799606323242","21.402799606323242","21.402799606323242","13163","13163","13163"
"131669","23.345569610595703","23.345569610595703","23.345569610595703","13166","13166","13166"
"131729","19.614831924438477","19.614831924438477","19.614831924438477","13172","13172","13172"
"131739","22.7877254486084","22.7877254486084","22.7877254486084","13173","13173","13173"
"131749","21.529144287109375","21.529144287109375","21.529144287109375","13174","13174","13174"
"131769","19.799055099487305","19.799055099487305","19.799055099487305","13176","13176","13176"
"131779","20.48443603515625","20.48443603515625","20.48443603515625","13177","13177","13177"
"131799","23.395967483520508","23.395967483520508","23.395967483520508","13179","13179","13179"
"131819","23.85173225402832","23.85173225402832","23.85173225402832","13181","13181","13181"
"131829","23.45009994506836","23.45009994506836","23.45009994506836","13182","13182","13182"
"131859","19.700044631958008","19.700044631958008","19.700044631958008","13185","13185","13185"
"131909","23.054035186767578","23.054035186767578","23.054035186767578","13190","13190","13190"
"131929","25.87810516357422","25.87810516357422","25.87810516357422","13192","13192","13192"
"131989","20.964733123779297","20.964733123779297","20.964733123779297","13198","13198","13198"
"131999","26.80865478515625","26.80865478515625","26.80865478515625","13199","13199","13199"
"132009","21.91051483154297","21.91051483154297","21.91051483154297","13200","13200","13200"
"132019","18.086450576782227","18.086450576782227","18.086450576782227","13201","13201","13201"
"132029","32.33258056640625","32.33258056640625","32.33258056640625","13202","13202","13202"
"132049","21.63026237487793","21.63026237487793","21.63026237487793","13204","13204","13204"
"132089","21.214784622192383","21.214784622192383","21.214784622192383","13208","13208","13208"
"132099","28.89552116394043","28.89552116394043","28.89552116394043","13209","13209","13209"
"132119","20.15363311767578","20.15363311767578","20.15363311767578","13211","13211","13211"
"132229","23.23781967163086","23.23781967163086","23.23781967163086","13222","13222","13222"
"132239","19.286300659179688","19.286300659179688","19.286300659179688","13223","13223","13223"
"132249","27.110122680664062","27.110122680664062","27.110122680664062","13224","13224","13224"
"132299","25.55436134338379","25.55436134338379","25.55436134338379","13229","13229","13229"
"132319","22.677268981933594","22.677268981933594","22.677268981933594","13231","13231","13231"
"132329","30.135883331298828","30.135883331298828","30.135883331298828","13232","13232","13232"
"132369","24.855342864990234","24.855342864990234","24.855342864990234","13236","13236","13236"
"132379","24.3748722076416","24.3748722076416","24.3748722076416","13237","13237","13237"
"132389","24.676639556884766","24.676639556884766","24.676639556884766","13238","13238","13238"
"132419","30.50322151184082","30.50322151184082","30.50322151184082","13241","13241","13241"
"132449","27.35543441772461","27.35543441772461","27.35543441772461","13244","13244","13244"
"132479","21.472091674804688","21.472091674804688","21.472091674804688","13247","13247","13247"
"132509","16.704395294189453","16.704395294189453","16.704395294189453","13250","13250","13250"
"132529","28.997188568115234","28.997188568115234","28.997188568115234","13252","13252","13252"
"132539","18.234025955200195","18.234025955200195","18.234025955200195","13253","13253","13253"
"132579","22.095121383666992","22.095121383666992","22.095121383666992","13257","13257","13257"
"132589","26.302120208740234","26.302120208740234","26.302120208740234","13258","13258","13258"
"132609","24.072811126708984","24.072811126708984","24.072811126708984","13260","13260","13260"
"132619","21.120960235595703","21.120960235595703","21.120960235595703","13261","13261","13261"
"132649","24.081146240234375","24.081146240234375","24.081146240234375","13264","13264","13264"
"132659","25.099441528320312","25.099441528320312","25.099441528320312","13265","13265","13265"
"132679","27.678159713745117","27.678159713745117","27.678159713745117","13267","13267","13267"
"132739","21.66048812866211","21.66048812866211","21.66048812866211","13273","13273","13273"
"132779","21.055652618408203","21.055652618408203","21.055652618408203","13277","13277","13277"
"132789","22.668445587158203","22.668445587158203","22.668445587158203","13278","13278","13278"
"132809","26.006351470947266","26.006351470947266","26.006351470947266","13280","13280","13280"
"132839","21.610551834106445","21.610551834106445","21.610551834106445","13283","13283","13283"
"132889","24.858078002929688","24.858078002929688","24.858078002929688","13288","13288","13288"
"132899","30.65180206298828","30.65180206298828","30.65180206298828","13289","13289","13289"
"132909","16.966655731201172","16.966655731201172","16.966655731201172","13290","13290","13290"
"132919","20.380617141723633","20.380617141723633","20.380617141723633","13291","13291","13291"
"132939","25.996767044067383","25.996767044067383","25.996767044067383","13293","13293","13293"
"132959","25.049345016479492","25.049345016479492","25.049345016479492","13295","13295","13295"
"132979","21.04290771484375","21.04290771484375","21.04290771484375","13297","13297","13297"
"132989","19.557302474975586","19.557302474975586","19.557302474975586","13298","13298","13298"
"132999","23.620309829711914","23.620309829711914","23.620309829711914","13299","13299","13299"
"133029","28.15355682373047","28.15355682373047","28.15355682373047","13302","13302","13302"
"133039","21.391510009765625","21.391510009765625","21.391510009765625","13303","13303","13303"
"133049","24.734107971191406","24.734107971191406","24.734107971191406","13304","13304","13304"
"133069","20.454627990722656","20.454627990722656","20.454627990722656","13306","13306","13306"
"133079","23.758346557617188","23.758346557617188","23.758346557617188","13307","13307","13307"
"133099","18.89890480041504","18.89890480041504","18.89890480041504","13309","13309","13309"
"133109","30.502620697021484","30.502620697021484","30.502620697021484","13310","13310","13310"
"133119","21.20534324645996","21.20534324645996","21.20534324645996","13311","13311","13311"
"133159","23.802793502807617","23.802793502807617","23.802793502807617","13315","13315","13315"
"133179","27.87978172302246","27.87978172302246","27.87978172302246","13317","13317","13317"
"133189","26.241506576538086","26.241506576538086","26.241506576538086","13318","13318","13318"
"133209","21.830224990844727","21.830224990844727","21.830224990844727","13320","13320","13320"
"133219","31.874340057373047","31.874340057373047","31.874340057373047","13321","13321","13321"
"133239","28.330970764160156","28.330970764160156","28.330970764160156","13323","13323","13323"
"133249","19.34127426147461","19.34127426147461","19.34127426147461","13324","13324","13324"
"133289","21.580141067504883","21.580141067504883","21.580141067504883","13328","13328","13328"
"133309","25.45294761657715","25.45294761657715","25.45294761657715","13330","13330","13330"
"133329","24.46939468383789","24.46939468383789","24.46939468383789","13332","13332","13332"
"133359","19.281652450561523","19.281652450561523","19.281652450561523","13335","13335","13335"
"133369","19.000337600708008","19.000337600708008","19.000337600708008","13336","13336","13336"
"133379","21.37847328186035","21.37847328186035","21.37847328186035","13337","13337","13337"
"133389","19.770484924316406","19.770484924316406","19.770484924316406","13338","13338","13338"
"133409","22.98015594482422","22.98015594482422","22.98015594482422","13340","13340","13340"
"133419","22.701065063476562","22.701065063476562","22.701065063476562","13341","13341","13341"
"133479","19.798336029052734","19.798336029052734","19.798336029052734","13347","13347","13347"
"133489","26.706796646118164","26.706796646118164","26.706796646118164","13348","13348","13348"
"133499","27.380517959594727","27.380517959594727","27.380517959594727","13349","13349","13349"
"133529","28.980087280273438","28.980087280273438","28.980087280273438","13352","13352","13352"
"133549","22.65812873840332","22.65812873840332","22.65812873840332","13354","13354","13354"
"133579","21.588041305541992","21.588041305541992","21.588041305541992","13357","13357","13357"
"133599","19.00734519958496","19.00734519958496","19.00734519958496","13359","13359","13359"
"133659","31.16282081604004","31.16282081604004","31.16282081604004","13365","13365","13365"
"133679","21.122608184814453","21.122608184814453","21.122608184814453","13367","13367","13367"
"133689","23.279247283935547","23.279247283935547","23.279247283935547","13368","13368","13368"
"133699","26.47905158996582","26.47905158996582","26.47905158996582","13369","13369","13369"
"133709","23.883731842041016","23.883731842041016","23.883731842041016","13370","13370","13370"
"133719","23.477130889892578","23.477130889892578","23.477130889892578","13371","13371","13371"
"133759","20.872438430786133","20.872438430786133","20.872438430786133","13375","13375","13375"
"133769","20.354190826416016","20.354190826416016","20.354190826416016","13376","13376","13376"
"133799","23.303260803222656","23.303260803222656","23.303260803222656","13379","13379","13379"
"133819","26.23139190673828","26.23139190673828","26.23139190673828","13381","13381","13381"
"133849","17.19474220275879","17.19474220275879","17.19474220275879","13384","13384","13384"
"133889","18.183359146118164","18.183359146118164","18.183359146118164","13388","13388","13388"
"133939","23.62299156188965","23.62299156188965","23.62299156188965","13393","13393","13393"
"133949","18.893352508544922","18.893352508544922","18.893352508544922","13394","13394","13394"
"133989","22.005901336669922","22.005901336669922","22.005901336669922","13398","13398","13398"
"133999","22.363391876220703","22.363391876220703","22.363391876220703","13399","13399","13399"
"134009","33.72260665893555","33.72260665893555","33.72260665893555","13400","13400","13400"
"134029","18.64352798461914","18.64352798461914","18.64352798461914","13402","13402","13402"
"134059","43.83625411987305","43.83625411987305","43.83625411987305","13405","13405","13405"
"134109","24.764291763305664","24.764291763305664","24.764291763305664","13410","13410","13410"
"134179","28.81583023071289","28.81583023071289","28.81583023071289","13417","13417","13417"
"134229","20.509201049804688","20.509201049804688","20.509201049804688","13422","13422","13422"
"134259","24.686500549316406","24.686500549316406","24.686500549316406","13425","13425","13425"
"134299","22.359745025634766","22.359745025634766","22.359745025634766","13429","13429","13429"
"134339","24.114303588867188","24.114303588867188","24.114303588867188","13433","13433","13433"
"134379","18.10053253173828","18.10053253173828","18.10053253173828","13437","13437","13437"
"134389","21.269508361816406","21.269508361816406","21.269508361816406","13438","13438","13438"
"134399","22.817398071289062","22.817398071289062","22.817398071289062","13439","13439","13439"
"134409","19.185489654541016","19.185489654541016","19.185489654541016","13440","13440","13440"
"134439","24.870079040527344","24.870079040527344","24.870079040527344","13443","13443","13443"
"134449","21.27720832824707","21.27720832824707","21.27720832824707","13444","13444","13444"
"134469","21.672283172607422","21.672283172607422","21.672283172607422","13446","13446","13446"
"134529","19.79732322692871","19.79732322692871","19.79732322692871","13452","13452","13452"
"134539","20.063949584960938","20.063949584960938","20.063949584960938","13453","13453","13453"
"134559","25.07046127319336","25.07046127319336","25.07046127319336","13455","13455","13455"
"134569","17.999849319458008","17.999849319458008","17.999849319458008","13456","13456","13456"
"134589","32.8114013671875","32.8114013671875","32.8114013671875","13458","13458","13458"
"134599","23.872730255126953","23.872730255126953","23.872730255126953","13459","13459","13459"
"134619","28.43143081665039","28.43143081665039","28.43143081665039","13461","13461","13461"
"134639","23.934551239013672","23.934551239013672","23.934551239013672","13463","13463","13463"
"134659","19.938508987426758","19.938508987426758","19.938508987426758","13465","13465","13465"
"134679","20.621414184570312","20.621414184570312","20.621414184570312","13467","13467","13467"
"134689","24.829347610473633","24.829347610473633","24.829347610473633","13468","13468","13468"
"134699","17.742351531982422","17.742351531982422","17.742351531982422","13469","13469","13469"
"134729","20.68791961669922","20.68791961669922","20.68791961669922","13472","13472","13472"
"134739","19.33167266845703","19.33167266845703","19.33167266845703","13473","13473","13473"
"134759","22.733869552612305","22.733869552612305","22.733869552612305","13475","13475","13475"
"134769","20.825178146362305","20.825178146362305","20.825178146362305","13476","13476","13476"
"134779","25.725252151489258","25.725252151489258","25.725252151489258","13477","13477","13477"
"134799","22.038896560668945","22.038896560668945","22.038896560668945","13479","13479","13479"
"134809","20.050371170043945","20.050371170043945","20.050371170043945","13480","13480","13480"
"134819","17.380603790283203","17.380603790283203","17.380603790283203","13481","13481","13481"
"134879","25.786226272583008","25.786226272583008","25.786226272583008","13487","13487","13487"
"134889","20.173686981201172","20.173686981201172","20.173686981201172","13488","13488","13488"
"134899","28.006017684936523","28.006017684936523","28.006017684936523","13489","13489","13489"
"134909","21.462783813476562","21.462783813476562","21.462783813476562","13490","13490","13490"
"134939","25.03919792175293","25.03919792175293","25.03919792175293","13493","13493","13493"
"134969","18.699180603027344","18.699180603027344","18.699180603027344","13496","13496","13496"
"134989","20.839221954345703","20.839221954345703","20.839221954345703","13498","13498","13498"
"135009","18.780664443969727","18.780664443969727","18.780664443969727","13500","13500","13500"
"135019","20.26573944091797","20.26573944091797","20.26573944091797","13501","13501","13501"
"135049","23.239421844482422","23.239421844482422","23.239421844482422","13504","13504","13504"
"135069","24.569778442382812","24.569778442382812","24.569778442382812","13506","13506","13506"
"135079","18.05841064453125","18.05841064453125","18.05841064453125","13507","13507","13507"
"135119","23.60552978515625","23.60552978515625","23.60552978515625","13511","13511","13511"
"135129","23.405858993530273","23.405858993530273","23.405858993530273","13512","13512","13512"
"135139","22.696733474731445","22.696733474731445","22.696733474731445","13513","13513","13513"
"135149","17.88835906982422","17.88835906982422","17.88835906982422","13514","13514","13514"
"135179","22.564044952392578","22.564044952392578","22.564044952392578","13517","13517","13517"
"135189","20.079227447509766","20.079227447509766","20.079227447509766","13518","13518","13518"
"135199","26.559825897216797","26.559825897216797","26.559825897216797","13519","13519","13519"
"135229","28.635936737060547","28.635936737060547","28.635936737060547","13522","13522","13522"
"135259","23.044410705566406","23.044410705566406","23.044410705566406","13525","13525","13525"
"135269","26.184757232666016","26.184757232666016","26.184757232666016","13526","13526","13526"
"135289","21.67206573486328","21.67206573486328","21.67206573486328","13528","13528","13528"
"135329","22.24357795715332","22.24357795715332","22.24357795715332","13532","13532","13532"
"135369","23.717723846435547","23.717723846435547","23.717723846435547","13536","13536","13536"
"135379","22.454204559326172","22.454204559326172","22.454204559326172","13537","13537","13537"
"135389","18.19951820373535","18.19951820373535","18.19951820373535","13538","13538","13538"
"135399","20.09370994567871","20.09370994567871","20.09370994567871","13539","13539","13539"
"135429","22.147506713867188","22.147506713867188","22.147506713867188","13542","13542","13542"
"135449","20.918106079101562","20.918106079101562","20.918106079101562","13544","13544","13544"
"135469","23.178979873657227","23.178979873657227","23.178979873657227","13546","13546","13546"
"135479","23.240440368652344","23.240440368652344","23.240440368652344","13547","13547","13547"
"135509","23.098400115966797","23.098400115966797","23.098400115966797","13550","13550","13550"
"135519","19.42698860168457","19.42698860168457","19.42698860168457","13551","13551","13551"
"135529","27.003740310668945","27.003740310668945","27.003740310668945","13552","13552","13552"
"135539","26.254859924316406","26.254859924316406","26.254859924316406","13553","13553","13553"
"135569","21.606319427490234","21.606319427490234","21.606319427490234","13556","13556","13556"
"135579","26.895626068115234","26.895626068115234","26.895626068115234","13557","13557","13557"
"135599","20.635114669799805","20.635114669799805","20.635114669799805","13559","13559","13559"
"135609","23.857643127441406","23.857643127441406","23.857643127441406","13560","13560","13560"
"135629","18.762893676757812","18.762893676757812","18.762893676757812","13562","13562","13562"
"135639","21.185596466064453","21.185596466064453","21.185596466064453","13563","13563","13563"
"135649","25.93073272705078","25.93073272705078","25.93073272705078","13564","13564","13564"
"135669","20.054542541503906","20.054542541503906","20.054542541503906","13566","13566","13566"
"135689","19.70750617980957","19.70750617980957","19.70750617980957","13568","13568","13568"
"135699","24.609529495239258","24.609529495239258","24.609529495239258","13569","13569","13569"
"135739","21.001420974731445","21.001420974731445","21.001420974731445","13573","13573","13573"
"135749","21.53972816467285","21.53972816467285","21.53972816467285","13574","13574","13574"
"135759","23.83139419555664","23.83139419555664","23.83139419555664","13575","13575","13575"
"135769","22.322879791259766","22.322879791259766","22.322879791259766","13576","13576","13576"
"135779","25.870153427124023","25.870153427124023","25.870153427124023","13577","13577","13577"
"135819","19.203655242919922","19.203655242919922","19.203655242919922","13581","13581","13581"
"135869","17.90196418762207","17.90196418762207","17.90196418762207","13586","13586","13586"
"135879","18.874338150024414","18.874338150024414","18.874338150024414","13587","13587","13587"
"135889","30.156429290771484","30.156429290771484","30.156429290771484","13588","13588","13588"
"135909","23.52704620361328","23.52704620361328","23.52704620361328","13590","13590","13590"
"135939","20.180362701416016","20.180362701416016","20.180362701416016","13593","13593","13593"
"135969","19.476224899291992","19.476224899291992","19.476224899291992","13596","13596","13596"
"135979","19.301809310913086","19.301809310913086","19.301809310913086","13597","13597","13597"
"135999","22.88776206970215","22.88776206970215","22.88776206970215","13599","13599","13599"
"136039","27.73967933654785","27.73967933654785","27.73967933654785","13603","13603","13603"
"136049","21.841739654541016","21.841739654541016","21.841739654541016","13604","13604","13604"
"136069","18.594600677490234","18.594600677490234","18.594600677490234","13606","13606","13606"
"136109","26.462379455566406","26.462379455566406","26.462379455566406","13610","13610","13610"
"136149","18.031404495239258","18.031404495239258","18.031404495239258","13614","13614","13614"
"136169","26.273387908935547","26.273387908935547","26.273387908935547","13616","13616","13616"
"136179","21.312992095947266","21.312992095947266","21.312992095947266","13617","13617","13617"
"136189","23.5140380859375","23.5140380859375","23.5140380859375","13618","13618","13618"
"136209","24.369075775146484","24.369075775146484","24.369075775146484","13620","13620","13620"
"136249","18.71126365661621","18.71126365661621","18.71126365661621","13624","13624","13624"
"136269","20.04609489440918","20.04609489440918","20.04609489440918","13626","13626","13626"
"136279","20.82748794555664","20.82748794555664","20.82748794555664","13627","13627","13627"
"136289","20.80614471435547","20.80614471435547","20.80614471435547","13628","13628","13628"
"136309","19.103479385375977","19.103479385375977","19.103479385375977","13630","13630","13630"
"136319","17.56123161315918","17.56123161315918","17.56123161315918","13631","13631","13631"
"136369","18.27777671813965","18.27777671813965","18.27777671813965","13636","13636","13636"
"136379","18.521879196166992","18.521879196166992","18.521879196166992","13637","13637","13637"
"136399","31.487667083740234","31.487667083740234","31.487667083740234","13639","13639","13639"
"136439","28.24262809753418","28.24262809753418","28.24262809753418","13643","13643","13643"
"136479","18.72186279296875","18.72186279296875","18.72186279296875","13647","13647","13647"
"136509","25.728801727294922","25.728801727294922","25.728801727294922","13650","13650","13650"
"136519","19.701955795288086","19.701955795288086","19.701955795288086","13651","13651","13651"
"136589","20.960594177246094","20.960594177246094","20.960594177246094","13658","13658","13658"
"136599","28.452220916748047","28.452220916748047","28.452220916748047","13659","13659","13659"
"136619","22.104293823242188","22.104293823242188","22.104293823242188","13661","13661","13661"
"136629","25.18438720703125","25.18438720703125","25.18438720703125","13662","13662","13662"
"136639","21.714597702026367","21.714597702026367","21.714597702026367","13663","13663","13663"
"136659","24.036808013916016","24.036808013916016","24.036808013916016","13665","13665","13665"
"136669","24.73971176147461","24.73971176147461","24.73971176147461","13666","13666","13666"
"136679","22.232879638671875","22.232879638671875","22.232879638671875","13667","13667","13667"
"136699","20.965255737304688","20.965255737304688","20.965255737304688","13669","13669","13669"
"136729","22.508350372314453","22.508350372314453","22.508350372314453","13672","13672","13672"
"136749","19.14312171936035","19.14312171936035","19.14312171936035","13674","13674","13674"
"136809","21.171667098999023","21.171667098999023","21.171667098999023","13680","13680","13680"
"136839","31.88471031188965","31.88471031188965","31.88471031188965","13683","13683","13683"
"136889","22.718170166015625","22.718170166015625","22.718170166015625","13688","13688","13688"
"136929","21.477062225341797","21.477062225341797","21.477062225341797","13692","13692","13692"
"136959","19.982614517211914","19.982614517211914","19.982614517211914","13695","13695","13695"
"136979","19.483257293701172","19.483257293701172","19.483257293701172","13697","13697","13697"
"136989","36.447811126708984","36.447811126708984","36.447811126708984","13698","13698","13698"
"137029","30.251056671142578","30.251056671142578","30.251056671142578","13702","13702","13702"
"137039","25.78420639038086","25.78420639038086","25.78420639038086","13703","13703","13703"
"137069","34.22613525390625","34.22613525390625","34.22613525390625","13706","13706","13706"
"137089","24.093460083007812","24.093460083007812","24.093460083007812","13708","13708","13708"
"137149","19.85745620727539","19.85745620727539","19.85745620727539","13714","13714","13714"
"137159","22.083080291748047","22.083080291748047","22.083080291748047","13715","13715","13715"
"137189","22.895891189575195","22.895891189575195","22.895891189575195","13718","13718","13718"
"137269","22.481348037719727","22.481348037719727","22.481348037719727","13726","13726","13726"
"137279","20.265037536621094","20.265037536621094","20.265037536621094","13727","13727","13727"
"137289","21.918781280517578","21.918781280517578","21.918781280517578","13728","13728","13728"
"137319","21.10178565979004","21.10178565979004","21.10178565979004","13731","13731","13731"
"137329","20.980045318603516","20.980045318603516","20.980045318603516","13732","13732","13732"
"137379","27.742935180664062","27.742935180664062","27.742935180664062","13737","13737","13737"
"137389","24.199159622192383","24.199159622192383","24.199159622192383","13738","13738","13738"
"137419","21.738933563232422","21.738933563232422","21.738933563232422","13741","13741","13741"
"137429","26.057430267333984","26.057430267333984","26.057430267333984","13742","13742","13742"
"137469","21.183382034301758","21.183382034301758","21.183382034301758","13746","13746","13746"
"137489","20.525489807128906","20.525489807128906","20.525489807128906","13748","13748","13748"
"137549","19.06609535217285","19.06609535217285","19.06609535217285","13754","13754","13754"
"137559","19.90182876586914","19.90182876586914","19.90182876586914","13755","13755","13755"
"137569","23.527124404907227","23.527124404907227","23.527124404907227","13756","13756","13756"
"137609","19.50642967224121","19.50642967224121","19.50642967224121","13760","13760","13760"
"137679","18.260108947753906","18.260108947753906","18.260108947753906","13767","13767","13767"
"137759","24.241708755493164","24.241708755493164","24.241708755493164","13775","13775","13775"
"137769","20.76337432861328","20.76337432861328","20.76337432861328","13776","13776","13776"
"137829","18.310832977294922","18.310832977294922","18.310832977294922","13782","13782","13782"
"137859","21.555505752563477","21.555505752563477","21.555505752563477","13785","13785","13785"
"137899","23.87726593017578","23.87726593017578","23.87726593017578","13789","13789","13789"
"138009","26.765727996826172","26.765727996826172","26.765727996826172","13800","13800","13800"
"138019","21.731964111328125","21.731964111328125","21.731964111328125","13801","13801","13801"
"138029","19.236526489257812","19.236526489257812","19.236526489257812","13802","13802","13802"
"138049","20.665605545043945","20.665605545043945","20.665605545043945","13804","13804","13804"
"138059","26.929330825805664","26.929330825805664","26.929330825805664","13805","13805","13805"
"138129","22.706846237182617","22.706846237182617","22.706846237182617","13812","13812","13812"
"138139","29.510536193847656","29.510536193847656","29.510536193847656","13813","13813","13813"
"138169","22.46805191040039","22.46805191040039","22.46805191040039","13816","13816","13816"
"138219","23.0072021484375","23.0072021484375","23.0072021484375","13821","13821","13821"
"138229","19.276824951171875","19.276824951171875","19.276824951171875","13822","13822","13822"
"138249","22.016977310180664","22.016977310180664","22.016977310180664","13824","13824","13824"
"138299","19.889564514160156","19.889564514160156","19.889564514160156","13829","13829","13829"
"138329","20.954200744628906","20.954200744628906","20.954200744628906","13832","13832","13832"
"138349","25.273269653320312","25.273269653320312","25.273269653320312","13834","13834","13834"
"138359","21.213701248168945","21.213701248168945","21.213701248168945","13835","13835","13835"
"138409","18.74090576171875","18.74090576171875","18.74090576171875","13840","13840","13840"
"138419","22.71584129333496","22.71584129333496","22.71584129333496","13841","13841","13841"
"138429","19.5639705657959","19.5639705657959","19.5639705657959","13842","13842","13842"
"138449","21.953004837036133","21.953004837036133","21.953004837036133","13844","13844","13844"
"138459","22.83626937866211","22.83626937866211","22.83626937866211","13845","13845","13845"
"138469","20.39228630065918","20.39228630065918","20.39228630065918","13846","13846","13846"
"138489","19.448286056518555","19.448286056518555","19.448286056518555","13848","13848","13848"
"138499","31.22811508178711","31.22811508178711","31.22811508178711","13849","13849","13849"
"138539","25.089521408081055","25.089521408081055","25.089521408081055","13853","13853","13853"
"138559","19.54075050354004","19.54075050354004","19.54075050354004","13855","13855","13855"
"138609","21.85708999633789","21.85708999633789","21.85708999633789","13860","13860","13860"
"138619","22.92685890197754","22.92685890197754","22.92685890197754","13861","13861","13861"
"138659","22.304622650146484","22.304622650146484","22.304622650146484","13865","13865","13865"
"138669","21.73859214782715","21.73859214782715","21.73859214782715","13866","13866","13866"
"138689","27.596031188964844","27.596031188964844","27.596031188964844","13868","13868","13868"
"138749","24.75649642944336","24.75649642944336","24.75649642944336","13874","13874","13874"
"138779","20.54436492919922","20.54436492919922","20.54436492919922","13877","13877","13877"
"138819","19.23748779296875","19.23748779296875","19.23748779296875","13881","13881","13881"
"138879","19.375152587890625","19.375152587890625","19.375152587890625","13887","13887","13887"
"138889","22.309173583984375","22.309173583984375","22.309173583984375","13888","13888","13888"
"138909","23.935104370117188","23.935104370117188","23.935104370117188","13890","13890","13890"
"138989","22.216073989868164","22.216073989868164","22.216073989868164","13898","13898","13898"
"139009","21.691631317138672","21.691631317138672","21.691631317138672","13900","13900","13900"
"139019","20.757652282714844","20.757652282714844","20.757652282714844","13901","13901","13901"
"139089","23.813522338867188","23.813522338867188","23.813522338867188","13908","13908","13908"
"139159","24.654254913330078","24.654254913330078","24.654254913330078","13915","13915","13915"
"139219","21.290637969970703","21.290637969970703","21.290637969970703","13921","13921","13921"
"139229","25.31711769104004","25.31711769104004","25.31711769104004","13922","13922","13922"
"139279","19.798967361450195","19.798967361450195","19.798967361450195","13927","13927","13927"
"139329","22.028493881225586","22.028493881225586","22.028493881225586","13932","13932","13932"
"139349","22.850833892822266","22.850833892822266","22.850833892822266","13934","13934","13934"
"139369","24.335895538330078","24.335895538330078","24.335895538330078","13936","13936","13936"
"139399","20.831741333007812","20.831741333007812","20.831741333007812","13939","13939","13939"
"139439","20.508726119995117","20.508726119995117","20.508726119995117","13943","13943","13943"
"139459","21.6317195892334","21.6317195892334","21.6317195892334","13945","13945","13945"
"139479","25.572309494018555","25.572309494018555","25.572309494018555","13947","13947","13947"
"139489","21.18024444580078","21.18024444580078","21.18024444580078","13948","13948","13948"
"139519","28.474443435668945","28.474443435668945","28.474443435668945","13951","13951","13951"
"139579","22.033843994140625","22.033843994140625","22.033843994140625","13957","13957","13957"
"139599","26.68948745727539","26.68948745727539","26.68948745727539","13959","13959","13959"
"139619","19.00658416748047","19.00658416748047","19.00658416748047","13961","13961","13961"
"139629","21.51618003845215","21.51618003845215","21.51618003845215","13962","13962","13962"
"139689","23.217798233032227","23.217798233032227","23.217798233032227","13968","13968","13968"
"139719","24.626445770263672","24.626445770263672","24.626445770263672","13971","13971","13971"
"139729","19.712533950805664","19.712533950805664","19.712533950805664","13972","13972","13972"
"139749","26.471031188964844","26.471031188964844","26.471031188964844","13974","13974","13974"
"139769","21.77141571044922","21.77141571044922","21.77141571044922","13976","13976","13976"
"139779","27.990196228027344","27.990196228027344","27.990196228027344","13977","13977","13977"
"139799","24.698152542114258","24.698152542114258","24.698152542114258","13979","13979","13979"
"139839","17.924320220947266","17.924320220947266","17.924320220947266","13983","13983","13983"
"139849","21.034072875976562","21.034072875976562","21.034072875976562","13984","13984","13984"
"139859","23.317888259887695","23.317888259887695","23.317888259887695","13985","13985","13985"
"139939","20.889352798461914","20.889352798461914","20.889352798461914","13993","13993","13993"
"139959","21.008682250976562","21.008682250976562","21.008682250976562","13995","13995","13995"
"139989","26.6533260345459","26.6533260345459","26.6533260345459","13998","13998","13998"
"139999","19.01503562927246","19.01503562927246","19.01503562927246","13999","13999","13999"
"140009","21.08135223388672","21.08135223388672","21.08135223388672","14000","14000","14000"
"140019","20.646530151367188","20.646530151367188","20.646530151367188","14001","14001","14001"
"140069","24.966930389404297","24.966930389404297","24.966930389404297","14006","14006","14006"
"140079","22.133481979370117","22.133481979370117","22.133481979370117","14007","14007","14007"
"140089","19.314937591552734","19.314937591552734","19.314937591552734","14008","14008","14008"
"140099","23.039194107055664","23.039194107055664","23.039194107055664","14009","14009","14009"
"140169","28.906112670898438","28.906112670898438","28.906112670898438","14016","14016","14016"
"140179","17.868099212646484","17.868099212646484","17.868099212646484","14017","14017","14017"
"140189","31.63001251220703","31.63001251220703","31.63001251220703","14018","14018","14018"
"140259","20.095584869384766","20.095584869384766","20.095584869384766","14025","14025","14025"
"140269","18.359487533569336","18.359487533569336","18.359487533569336","14026","14026","14026"
"140289","25.97624969482422","25.97624969482422","25.97624969482422","14028","14028","14028"
"140299","28.584087371826172","28.584087371826172","28.584087371826172","14029","14029","14029"
"140339","20.90203285217285","20.90203285217285","20.90203285217285","14033","14033","14033"
"140369","24.046222686767578","24.046222686767578","24.046222686767578","14036","14036","14036"
"140419","25.23006248474121","25.23006248474121","25.23006248474121","14041","14041","14041"
"140439","21.27532958984375","21.27532958984375","21.27532958984375","14043","14043","14043"
"140479","24.789424896240234","24.789424896240234","24.789424896240234","14047","14047","14047"
"140499","23.83498191833496","23.83498191833496","23.83498191833496","14049","14049","14049"
"140509","21.125444412231445","21.125444412231445","21.125444412231445","14050","14050","14050"
"140529","22.662933349609375","22.662933349609375","22.662933349609375","14052","14052","14052"
"140549","20.662124633789062","20.662124633789062","20.662124633789062","14054","14054","14054"
"140589","22.781795501708984","22.781795501708984","22.781795501708984","14058","14058","14058"
"140629","28.126605987548828","28.126605987548828","28.126605987548828","14062","14062","14062"
"140649","26.195220947265625","26.195220947265625","26.195220947265625","14064","14064","14064"
"140659","24.327985763549805","24.327985763549805","24.327985763549805","14065","14065","14065"
"140669","25.267292022705078","25.267292022705078","25.267292022705078","14066","14066","14066"
"140679","18.75995635986328","18.75995635986328","18.75995635986328","14067","14067","14067"
"140689","24.989883422851562","24.989883422851562","24.989883422851562","14068","14068","14068"
"140749","20.09905242919922","20.09905242919922","20.09905242919922","14074","14074","14074"
"140779","19.599964141845703","19.599964141845703","19.599964141845703","14077","14077","14077"
"140789","19.96837043762207","19.96837043762207","19.96837043762207","14078","14078","14078"
"140799","21.633583068847656","21.633583068847656","21.633583068847656","14079","14079","14079"
"140809","24.81778907775879","24.81778907775879","24.81778907775879","14080","14080","14080"
"140829","24.68602752685547","24.68602752685547","24.68602752685547","14082","14082","14082"
"140859","22.46887969970703","22.46887969970703","22.46887969970703","14085","14085","14085"
"140869","24.994272232055664","24.994272232055664","24.994272232055664","14086","14086","14086"
"140879","25.969741821289062","25.969741821289062","25.969741821289062","14087","14087","14087"
"140909","22.714439392089844","22.714439392089844","22.714439392089844","14090","14090","14090"
"140919","23.31181526184082","23.31181526184082","23.31181526184082","14091","14091","14091"
"140929","22.958003997802734","22.958003997802734","22.958003997802734","14092","14092","14092"
"140939","25.27092742919922","25.27092742919922","25.27092742919922","14093","14093","14093"
"140949","19.987791061401367","19.987791061401367","19.987791061401367","14094","14094","14094"
"140969","19.98463249206543","19.98463249206543","19.98463249206543","14096","14096","14096"
"140999","20.447988510131836","20.447988510131836","20.447988510131836","14099","14099","14099"
"141019","25.591079711914062","25.591079711914062","25.591079711914062","14101","14101","14101"
"141059","28.019073486328125","28.019073486328125","28.019073486328125","14105","14105","14105"
"141119","23.125205993652344","23.125205993652344","23.125205993652344","14111","14111","14111"
"141129","26.45140838623047","26.45140838623047","26.45140838623047","14112","14112","14112"
"141139","25.326478958129883","25.326478958129883","25.326478958129883","14113","14113","14113"
"141149","23.534469604492188","23.534469604492188","23.534469604492188","14114","14114","14114"
"141159","21.818517684936523","21.818517684936523","21.818517684936523","14115","14115","14115"
"141169","36.74168395996094","36.74168395996094","36.74168395996094","14116","14116","14116"
"141199","23.80392074584961","23.80392074584961","23.80392074584961","14119","14119","14119"
"141219","21.337099075317383","21.337099075317383","21.337099075317383","14121","14121","14121"
"141249","20.02742576599121","20.02742576599121","20.02742576599121","14124","14124","14124"
"141299","18.44255256652832","18.44255256652832","18.44255256652832","14129","14129","14129"
"141309","19.663476943969727","19.663476943969727","19.663476943969727","14130","14130","14130"
"141339","23.16595458984375","23.16595458984375","23.16595458984375","14133","14133","14133"
"141369","22.361156463623047","22.361156463623047","22.361156463623047","14136","14136","14136"
"141379","25.947885513305664","25.947885513305664","25.947885513305664","14137","14137","14137"
"141389","22.134489059448242","22.134489059448242","22.134489059448242","14138","14138","14138"
"141409","25.473434448242188","25.473434448242188","25.473434448242188","14140","14140","14140"
"141419","27.086158752441406","27.086158752441406","27.086158752441406","14141","14141","14141"
"141439","18.43549919128418","18.43549919128418","18.43549919128418","14143","14143","14143"
"141459","25.5361328125","25.5361328125","25.5361328125","14145","14145","14145"
"141489","21.704179763793945","21.704179763793945","21.704179763793945","14148","14148","14148"
"141509","22.66562271118164","22.66562271118164","22.66562271118164","14150","14150","14150"
"141529","17.785654067993164","17.785654067993164","17.785654067993164","14152","14152","14152"
"141539","23.480796813964844","23.480796813964844","23.480796813964844","14153","14153","14153"
"141579","21.11126136779785","21.11126136779785","21.11126136779785","14157","14157","14157"
"141619","24.727460861206055","24.727460861206055","24.727460861206055","14161","14161","14161"
"141679","20.87256622314453","20.87256622314453","20.87256622314453","14167","14167","14167"
"141699","24.011703491210938","24.011703491210938","24.011703491210938","14169","14169","14169"
"141709","24.53972625732422","24.53972625732422","24.53972625732422","14170","14170","14170"
"141749","30.425640106201172","30.425640106201172","30.425640106201172","14174","14174","14174"
"141759","17.635671615600586","17.635671615600586","17.635671615600586","14175","14175","14175"
"141779","25.152921676635742","25.152921676635742","25.152921676635742","14177","14177","14177"
"141819","22.623397827148438","22.623397827148438","22.623397827148438","14181","14181","14181"
"141829","22.60781478881836","22.60781478881836","22.60781478881836","14182","14182","14182"
"141859","20.723896026611328","20.723896026611328","20.723896026611328","14185","14185","14185"
"141869","28.797279357910156","28.797279357910156","28.797279357910156","14186","14186","14186"
"141919","24.5916805267334","24.5916805267334","24.5916805267334","14191","14191","14191"
"141929","19.292495727539062","19.292495727539062","19.292495727539062","14192","14192","14192"
"141939","19.57953643798828","19.57953643798828","19.57953643798828","14193","14193","14193"
"141949","22.88170051574707","22.88170051574707","22.88170051574707","14194","14194","14194"
"142059","22.165189743041992","22.165189743041992","22.165189743041992","14205","14205","14205"
"142069","22.716093063354492","22.716093063354492","22.716093063354492","14206","14206","14206"
"142079","21.534435272216797","21.534435272216797","21.534435272216797","14207","14207","14207"
"142139","21.6033935546875","21.6033935546875","21.6033935546875","14213","14213","14213"
"142149","21.68785858154297","21.68785858154297","21.68785858154297","14214","14214","14214"
"142169","20.334651947021484","20.334651947021484","20.334651947021484","14216","14216","14216"
"142199","28.855409622192383","28.855409622192383","28.855409622192383","14219","14219","14219"
"142229","23.683603286743164","23.683603286743164","23.683603286743164","14222","14222","14222"
"142259","23.683717727661133","23.683717727661133","23.683717727661133","14225","14225","14225"
"142279","22.608657836914062","22.608657836914062","22.608657836914062","14227","14227","14227"
"142299","20.341529846191406","20.341529846191406","20.341529846191406","14229","14229","14229"
"142319","27.494964599609375","27.494964599609375","27.494964599609375","14231","14231","14231"
"142329","19.162296295166016","19.162296295166016","19.162296295166016","14232","14232","14232"
"142439","22.064367294311523","22.064367294311523","22.064367294311523","14243","14243","14243"
"142459","26.401643753051758","26.401643753051758","26.401643753051758","14245","14245","14245"
"142469","18.46880531311035","18.46880531311035","18.46880531311035","14246","14246","14246"
"142509","24.431909561157227","24.431909561157227","24.431909561157227","14250","14250","14250"
"142529","18.462112426757812","18.462112426757812","18.462112426757812","14252","14252","14252"
"142539","20.05087661743164","20.05087661743164","20.05087661743164","14253","14253","14253"
"142559","21.953933715820312","21.953933715820312","21.953933715820312","14255","14255","14255"
"142609","25.233692169189453","25.233692169189453","25.233692169189453","14260","14260","14260"
"142629","21.660362243652344","21.660362243652344","21.660362243652344","14262","14262","14262"
"142659","20.310863494873047","20.310863494873047","20.310863494873047","14265","14265","14265"
"142669","26.754087448120117","26.754087448120117","26.754087448120117","14266","14266","14266"
"142759","22.188400268554688","22.188400268554688","22.188400268554688","14275","14275","14275"
"142769","20.826122283935547","20.826122283935547","20.826122283935547","14276","14276","14276"
"142779","22.7887020111084","22.7887020111084","22.7887020111084","14277","14277","14277"
"142789","22.754735946655273","22.754735946655273","22.754735946655273","14278","14278","14278"
"142799","25.425262451171875","25.425262451171875","25.425262451171875","14279","14279","14279"
"142809","22.068227767944336","22.068227767944336","22.068227767944336","14280","14280","14280"
"142819","19.786333084106445","19.786333084106445","19.786333084106445","14281","14281","14281"
"142829","33.98515701293945","33.98515701293945","33.98515701293945","14282","14282","14282"
"142869","20.83436393737793","20.83436393737793","20.83436393737793","14286","14286","14286"
"142919","28.555866241455078","28.555866241455078","28.555866241455078","14291","14291","14291"
"142929","20.715877532958984","20.715877532958984","20.715877532958984","14292","14292","14292"
"142949","27.732105255126953","27.732105255126953","27.732105255126953","14294","14294","14294"
"142969","19.65013885498047","19.65013885498047","19.65013885498047","14296","14296","14296"
"142979","21.548171997070312","21.548171997070312","21.548171997070312","14297","14297","14297"
"142989","21.235057830810547","21.235057830810547","21.235057830810547","14298","14298","14298"
"143009","23.120708465576172","23.120708465576172","23.120708465576172","14300","14300","14300"
"143029","20.092403411865234","20.092403411865234","20.092403411865234","14302","14302","14302"
"143049","28.39333152770996","28.39333152770996","28.39333152770996","14304","14304","14304"
"143059","28.103836059570312","28.103836059570312","28.103836059570312","14305","14305","14305"
"143069","21.705753326416016","21.705753326416016","21.705753326416016","14306","14306","14306"
"143099","24.112316131591797","24.112316131591797","24.112316131591797","14309","14309","14309"
"143189","21.0686092376709","21.0686092376709","21.0686092376709","14318","14318","14318"
"143199","22.665523529052734","22.665523529052734","22.665523529052734","14319","14319","14319"
"143219","20.022933959960938","20.022933959960938","20.022933959960938","14321","14321","14321"
"143269","21.721593856811523","21.721593856811523","21.721593856811523","14326","14326","14326"
"143309","24.984495162963867","24.984495162963867","24.984495162963867","14330","14330","14330"
"143319","20.030881881713867","20.030881881713867","20.030881881713867","14331","14331","14331"
"143369","17.5974063873291","17.5974063873291","17.5974063873291","14336","14336","14336"
"143379","20.91925048828125","20.91925048828125","20.91925048828125","14337","14337","14337"
"143399","16.75771141052246","16.75771141052246","16.75771141052246","14339","14339","14339"
"143419","25.795700073242188","25.795700073242188","25.795700073242188","14341","14341","14341"
"143429","18.972423553466797","18.972423553466797","18.972423553466797","14342","14342","14342"
"143439","22.704139709472656","22.704139709472656","22.704139709472656","14343","14343","14343"
"143449","23.2832088470459","23.2832088470459","23.2832088470459","14344","14344","14344"
"143469","22.655290603637695","22.655290603637695","22.655290603637695","14346","14346","14346"
"143489","20.930362701416016","20.930362701416016","20.930362701416016","14348","14348","14348"
"143589","21.741695404052734","21.741695404052734","21.741695404052734","14358","14358","14358"
"143599","21.498088836669922","21.498088836669922","21.498088836669922","14359","14359","14359"
"143669","19.54865074157715","19.54865074157715","19.54865074157715","14366","14366","14366"
"143699","23.28342628479004","23.28342628479004","23.28342628479004","14369","14369","14369"
"143709","24.26150131225586","24.26150131225586","24.26150131225586","14370","14370","14370"
"143749","21.567529678344727","21.567529678344727","21.567529678344727","14374","14374","14374"
"143779","18.36215591430664","18.36215591430664","18.36215591430664","14377","14377","14377"
"143799","23.936777114868164","23.936777114868164","23.936777114868164","14379","14379","14379"
"143809","24.28204345703125","24.28204345703125","24.28204345703125","14380","14380","14380"
"143829","19.902738571166992","19.902738571166992","19.902738571166992","14382","14382","14382"
"143849","19.320037841796875","19.320037841796875","19.320037841796875","14384","14384","14384"
"143879","21.280420303344727","21.280420303344727","21.280420303344727","14387","14387","14387"
"143899","15.199663162231445","15.199663162231445","15.199663162231445","14389","14389","14389"
"143919","29.190216064453125","29.190216064453125","29.190216064453125","14391","14391","14391"
"143949","29.958290100097656","29.958290100097656","29.958290100097656","14394","14394","14394"
"143989","23.430654525756836","23.430654525756836","23.430654525756836","14398","14398","14398"
"143999","22.548654556274414","22.548654556274414","22.548654556274414","14399","14399","14399"
"144029","25.532386779785156","25.532386779785156","25.532386779785156","14402","14402","14402"
"144049","24.413864135742188","24.413864135742188","24.413864135742188","14404","14404","14404"
"144059","22.33734130859375","22.33734130859375","22.33734130859375","14405","14405","14405"
"144149","21.258068084716797","21.258068084716797","21.258068084716797","14414","14414","14414"
"144189","24.25119400024414","24.25119400024414","24.25119400024414","14418","14418","14418"
"144229","18.449907302856445","18.449907302856445","18.449907302856445","14422","14422","14422"
"144249","19.590717315673828","19.590717315673828","19.590717315673828","14424","14424","14424"
"144299","25.94412612915039","25.94412612915039","25.94412612915039","14429","14429","14429"
"144369","20.602767944335938","20.602767944335938","20.602767944335938","14436","14436","14436"
"144379","22.86952781677246","22.86952781677246","22.86952781677246","14437","14437","14437"
"144399","20.237590789794922","20.237590789794922","20.237590789794922","14439","14439","14439"
"144419","25.79018211364746","25.79018211364746","25.79018211364746","14441","14441","14441"
"144429","20.04135513305664","20.04135513305664","20.04135513305664","14442","14442","14442"
"144469","23.898895263671875","23.898895263671875","23.898895263671875","14446","14446","14446"
"144489","18.99658966064453","18.99658966064453","18.99658966064453","14448","14448","14448"
"144499","21.45682144165039","21.45682144165039","21.45682144165039","14449","14449","14449"
"144519","31.519670486450195","31.519670486450195","31.519670486450195","14451","14451","14451"
"144549","22.832019805908203","22.832019805908203","22.832019805908203","14454","14454","14454"
"144569","21.188610076904297","21.188610076904297","21.188610076904297","14456","14456","14456"
"144579","21.517227172851562","21.517227172851562","21.517227172851562","14457","14457","14457"
"144619","18.21418571472168","18.21418571472168","18.21418571472168","14461","14461","14461"
"144639","28.924304962158203","28.924304962158203","28.924304962158203","14463","14463","14463"
"144709","19.974550247192383","19.974550247192383","19.974550247192383","14470","14470","14470"
"144719","20.615528106689453","20.615528106689453","20.615528106689453","14471","14471","14471"
"144739","20.036434173583984","20.036434173583984","20.036434173583984","14473","14473","14473"
"144779","23.039688110351562","23.039688110351562","23.039688110351562","14477","14477","14477"
"144789","24.91215705871582","24.91215705871582","24.91215705871582","14478","14478","14478"
"144799","21.37651824951172","21.37651824951172","21.37651824951172","14479","14479","14479"
"144819","22.255281448364258","22.255281448364258","22.255281448364258","14481","14481","14481"
"144829","23.68626594543457","23.68626594543457","23.68626594543457","14482","14482","14482"
"144839","35.405269622802734","35.405269622802734","35.405269622802734","14483","14483","14483"
"144849","19.78287696838379","19.78287696838379","19.78287696838379","14484","14484","14484"
"144859","18.35281753540039","18.35281753540039","18.35281753540039","14485","14485","14485"
"144869","22.886951446533203","22.886951446533203","22.886951446533203","14486","14486","14486"
"144889","22.7791690826416","22.7791690826416","22.7791690826416","14488","14488","14488"
"144949","22.232465744018555","22.232465744018555","22.232465744018555","14494","14494","14494"
"144979","21.916454315185547","21.916454315185547","21.916454315185547","14497","14497","14497"
"145029","22.02154541015625","22.02154541015625","22.02154541015625","14502","14502","14502"
"145059","20.211429595947266","20.211429595947266","20.211429595947266","14505","14505","14505"
"145079","19.862417221069336","19.862417221069336","19.862417221069336","14507","14507","14507"
"145099","18.428855895996094","18.428855895996094","18.428855895996094","14509","14509","14509"
"145119","20.66693115234375","20.66693115234375","20.66693115234375","14511","14511","14511"
"145129","24.843305587768555","24.843305587768555","24.843305587768555","14512","14512","14512"
"145159","28.772689819335938","28.772689819335938","28.772689819335938","14515","14515","14515"
"145179","22.557933807373047","22.557933807373047","22.557933807373047","14517","14517","14517"
"145199","23.36139678955078","23.36139678955078","23.36139678955078","14519","14519","14519"
"145209","23.15555191040039","23.15555191040039","23.15555191040039","14520","14520","14520"
"145269","20.85141372680664","20.85141372680664","20.85141372680664","14526","14526","14526"
"145279","20.94330596923828","20.94330596923828","20.94330596923828","14527","14527","14527"
"145299","22.44741439819336","22.44741439819336","22.44741439819336","14529","14529","14529"
"145379","18.57941436767578","18.57941436767578","18.57941436767578","14537","14537","14537"
"145399","19.810897827148438","19.810897827148438","19.810897827148438","14539","14539","14539"
"145409","21.224445343017578","21.224445343017578","21.224445343017578","14540","14540","14540"
"145469","23.959867477416992","23.959867477416992","23.959867477416992","14546","14546","14546"
"145479","20.99654769897461","20.99654769897461","20.99654769897461","14547","14547","14547"
"145519","24.022188186645508","24.022188186645508","24.022188186645508","14551","14551","14551"
"145529","18.759666442871094","18.759666442871094","18.759666442871094","14552","14552","14552"
"145559","21.76882553100586","21.76882553100586","21.76882553100586","14555","14555","14555"
"145569","22.298004150390625","22.298004150390625","22.298004150390625","14556","14556","14556"
"145589","23.080177307128906","23.080177307128906","23.080177307128906","14558","14558","14558"
"145629","19.651554107666016","19.651554107666016","19.651554107666016","14562","14562","14562"
"145659","22.901927947998047","22.901927947998047","22.901927947998047","14565","14565","14565"
"145669","20.367427825927734","20.367427825927734","20.367427825927734","14566","14566","14566"
"145679","20.32474136352539","20.32474136352539","20.32474136352539","14567","14567","14567"
"145709","23.82509994506836","23.82509994506836","23.82509994506836","14570","14570","14570"
"145739","19.78670883178711","19.78670883178711","19.78670883178711","14573","14573","14573"
"145759","24.08025550842285","24.08025550842285","24.08025550842285","14575","14575","14575"
"145769","20.687578201293945","20.687578201293945","20.687578201293945","14576","14576","14576"
"145799","22.029598236083984","22.029598236083984","22.029598236083984","14579","14579","14579"
"145809","22.31924819946289","22.31924819946289","22.31924819946289","14580","14580","14580"
"145869","19.966876983642578","19.966876983642578","19.966876983642578","14586","14586","14586"
"145899","20.108705520629883","20.108705520629883","20.108705520629883","14589","14589","14589"
"145939","22.90473747253418","22.90473747253418","22.90473747253418","14593","14593","14593"
"145959","20.935216903686523","20.935216903686523","20.935216903686523","14595","14595","14595"
"145999","21.9447021484375","21.9447021484375","21.9447021484375","14599","14599","14599"
"146069","19.328611373901367","19.328611373901367","19.328611373901367","14606","14606","14606"
"146109","17.44234275817871","17.44234275817871","17.44234275817871","14610","14610","14610"
"146119","23.288013458251953","23.288013458251953","23.288013458251953","14611","14611","14611"
"146129","22.751667022705078","22.751667022705078","22.751667022705078","14612","14612","14612"
"146159","21.63721466064453","21.63721466064453","21.63721466064453","14615","14615","14615"
"146239","19.393714904785156","19.393714904785156","19.393714904785156","14623","14623","14623"
"146269","22.00790023803711","22.00790023803711","22.00790023803711","14626","14626","14626"
"146299","18.06312370300293","18.06312370300293","18.06312370300293","14629","14629","14629"
"146309","25.572772979736328","25.572772979736328","25.572772979736328","14630","14630","14630"
"146319","18.99053192138672","18.99053192138672","18.99053192138672","14631","14631","14631"
"146349","22.484848022460938","22.484848022460938","22.484848022460938","14634","14634","14634"
"146369","19.802501678466797","19.802501678466797","19.802501678466797","14636","14636","14636"
"146389","25.786216735839844","25.786216735839844","25.786216735839844","14638","14638","14638"
"146399","24.346220016479492","24.346220016479492","24.346220016479492","14639","14639","14639"
"146409","21.355030059814453","21.355030059814453","21.355030059814453","14640","14640","14640"
"146429","24.987777709960938","24.987777709960938","24.987777709960938","14642","14642","14642"
"146459","19.710845947265625","19.710845947265625","19.710845947265625","14645","14645","14645"
"146469","20.415802001953125","20.415802001953125","20.415802001953125","14646","14646","14646"
"146529","20.9970645904541","20.9970645904541","20.9970645904541","14652","14652","14652"
"146539","19.841062545776367","19.841062545776367","19.841062545776367","14653","14653","14653"
"146549","24.015213012695312","24.015213012695312","24.015213012695312","14654","14654","14654"
"146559","18.608551025390625","18.608551025390625","18.608551025390625","14655","14655","14655"
"146609","18.006324768066406","18.006324768066406","18.006324768066406","14660","14660","14660"
"146639","19.950092315673828","19.950092315673828","19.950092315673828","14663","14663","14663"
"146659","22.965408325195312","22.965408325195312","22.965408325195312","14665","14665","14665"
"146679","20.9719295501709","20.9719295501709","20.9719295501709","14667","14667","14667"
"146719","23.191722869873047","23.191722869873047","23.191722869873047","14671","14671","14671"
"146729","22.4361515045166","22.4361515045166","22.4361515045166","14672","14672","14672"
"146759","26.096282958984375","26.096282958984375","26.096282958984375","14675","14675","14675"
"146779","21.201370239257812","21.201370239257812","21.201370239257812","14677","14677","14677"
"146789","25.785400390625","25.785400390625","25.785400390625","14678","14678","14678"
"146809","21.648622512817383","21.648622512817383","21.648622512817383","14680","14680","14680"
"146829","26.310810089111328","26.310810089111328","26.310810089111328","14682","14682","14682"
"146849","24.44394302368164","24.44394302368164","24.44394302368164","14684","14684","14684"
"146859","19.14331817626953","19.14331817626953","19.14331817626953","14685","14685","14685"
"146879","21.371559143066406","21.371559143066406","21.371559143066406","14687","14687","14687"
"146889","20.658363342285156","20.658363342285156","20.658363342285156","14688","14688","14688"
"146899","25.610820770263672","25.610820770263672","25.610820770263672","14689","14689","14689"
"146909","17.823286056518555","17.823286056518555","17.823286056518555","14690","14690","14690"
"146929","18.92231559753418","18.92231559753418","18.92231559753418","14692","14692","14692"
"146939","20.93086814880371","20.93086814880371","20.93086814880371","14693","14693","14693"
"146959","24.442337036132812","24.442337036132812","24.442337036132812","14695","14695","14695"
"146979","19.7412166595459","19.7412166595459","19.7412166595459","14697","14697","14697"
"146989","21.155921936035156","21.155921936035156","21.155921936035156","14698","14698","14698"
"146999","20.399005889892578","20.399005889892578","20.399005889892578","14699","14699","14699"
"147059","25.130395889282227","25.130395889282227","25.130395889282227","14705","14705","14705"
"147089","19.78762435913086","19.78762435913086","19.78762435913086","14708","14708","14708"
"147099","25.91019630432129","25.91019630432129","25.91019630432129","14709","14709","14709"
"147109","19.42102813720703","19.42102813720703","19.42102813720703","14710","14710","14710"
"147139","14.183151245117188","14.183151245117188","14.183151245117188","14713","14713","14713"
"147159","22.133407592773438","22.133407592773438","22.133407592773438","14715","14715","14715"
"147179","27.618972778320312","27.618972778320312","27.618972778320312","14717","14717","14717"
"147189","20.32978057861328","20.32978057861328","20.32978057861328","14718","14718","14718"
"147219","26.834453582763672","26.834453582763672","26.834453582763672","14721","14721","14721"
"147229","20.37549591064453","20.37549591064453","20.37549591064453","14722","14722","14722"
"147239","24.305278778076172","24.305278778076172","24.305278778076172","14723","14723","14723"
"147249","19.418663024902344","19.418663024902344","19.418663024902344","14724","14724","14724"
"147269","22.867237091064453","22.867237091064453","22.867237091064453","14726","14726","14726"
"147339","22.02532386779785","22.02532386779785","22.02532386779785","14733","14733","14733"
"147359","22.2552490234375","22.2552490234375","22.2552490234375","14735","14735","14735"
"147369","19.133502960205078","19.133502960205078","19.133502960205078","14736","14736","14736"
"147379","22.865232467651367","22.865232467651367","22.865232467651367","14737","14737","14737"
"147409","18.100238800048828","18.100238800048828","18.100238800048828","14740","14740","14740"
"147429","22.25152587890625","22.25152587890625","22.25152587890625","14742","14742","14742"
"147439","20.514673233032227","20.514673233032227","20.514673233032227","14743","14743","14743"
"147469","22.96343994140625","22.96343994140625","22.96343994140625","14746","14746","14746"
"147479","26.688587188720703","26.688587188720703","26.688587188720703","14747","14747","14747"
"147499","22.356306076049805","22.356306076049805","22.356306076049805","14749","14749","14749"
"147529","23.171897888183594","23.171897888183594","23.171897888183594","14752","14752","14752"
"147539","21.15947151184082","21.15947151184082","21.15947151184082","14753","14753","14753"
"147569","18.63782501220703","18.63782501220703","18.63782501220703","14756","14756","14756"
"147579","31.55535888671875","31.55535888671875","31.55535888671875","14757","14757","14757"
"147629","17.506059646606445","17.506059646606445","17.506059646606445","14762","14762","14762"
"147639","22.978519439697266","22.978519439697266","22.978519439697266","14763","14763","14763"
"147719","17.506816864013672","17.506816864013672","17.506816864013672","14771","14771","14771"
"147769","24.133365631103516","24.133365631103516","24.133365631103516","14776","14776","14776"
"147779","23.26215934753418","23.26215934753418","23.26215934753418","14777","14777","14777"
"147789","24.08934211730957","24.08934211730957","24.08934211730957","14778","14778","14778"
"147809","20.53510284423828","20.53510284423828","20.53510284423828","14780","14780","14780"
"147819","22.4058895111084","22.4058895111084","22.4058895111084","14781","14781","14781"
"147829","20.27505111694336","20.27505111694336","20.27505111694336","14782","14782","14782"
"147849","20.670177459716797","20.670177459716797","20.670177459716797","14784","14784","14784"
"147869","22.491092681884766","22.491092681884766","22.491092681884766","14786","14786","14786"
"147879","24.247285842895508","24.247285842895508","24.247285842895508","14787","14787","14787"
"147889","22.677024841308594","22.677024841308594","22.677024841308594","14788","14788","14788"
"147929","23.391138076782227","23.391138076782227","23.391138076782227","14792","14792","14792"
"147979","23.485946655273438","23.485946655273438","23.485946655273438","14797","14797","14797"
"147989","28.516437530517578","28.516437530517578","28.516437530517578","14798","14798","14798"
"148009","19.166065216064453","19.166065216064453","19.166065216064453","14800","14800","14800"
"148049","18.842254638671875","18.842254638671875","18.842254638671875","14804","14804","14804"
"148059","20.055545806884766","20.055545806884766","20.055545806884766","14805","14805","14805"
"148099","21.865554809570312","21.865554809570312","21.865554809570312","14809","14809","14809"
"148149","22.408157348632812","22.408157348632812","22.408157348632812","14814","14814","14814"
"148169","24.033905029296875","24.033905029296875","24.033905029296875","14816","14816","14816"
"148259","20.94491958618164","20.94491958618164","20.94491958618164","14825","14825","14825"
"148269","17.899702072143555","17.899702072143555","17.899702072143555","14826","14826","14826"
"148279","22.314159393310547","22.314159393310547","22.314159393310547","14827","14827","14827"
"148309","19.920886993408203","19.920886993408203","19.920886993408203","14830","14830","14830"
"148409","23.79030418395996","23.79030418395996","23.79030418395996","14840","14840","14840"
"148419","20.547204971313477","20.547204971313477","20.547204971313477","14841","14841","14841"
"148429","20.948951721191406","20.948951721191406","20.948951721191406","14842","14842","14842"
"148439","22.512208938598633","22.512208938598633","22.512208938598633","14843","14843","14843"
"148489","20.522441864013672","20.522441864013672","20.522441864013672","14848","14848","14848"
"148499","20.374629974365234","20.374629974365234","20.374629974365234","14849","14849","14849"
"148519","22.49937629699707","22.49937629699707","22.49937629699707","14851","14851","14851"
"148619","21.791629791259766","21.791629791259766","21.791629791259766","14861","14861","14861"
"148639","24.139404296875","24.139404296875","24.139404296875","14863","14863","14863"
"148669","21.04290199279785","21.04290199279785","21.04290199279785","14866","14866","14866"
"148679","19.599220275878906","19.599220275878906","19.599220275878906","14867","14867","14867"
"148699","24.551095962524414","24.551095962524414","24.551095962524414","14869","14869","14869"
"148709","23.784650802612305","23.784650802612305","23.784650802612305","14870","14870","14870"
"148719","26.905723571777344","26.905723571777344","26.905723571777344","14871","14871","14871"
"148729","19.26633071899414","19.26633071899414","19.26633071899414","14872","14872","14872"
"148749","16.822620391845703","16.822620391845703","16.822620391845703","14874","14874","14874"
"148759","20.890546798706055","20.890546798706055","20.890546798706055","14875","14875","14875"
"148769","19.215221405029297","19.215221405029297","19.215221405029297","14876","14876","14876"
"148789","19.01310920715332","19.01310920715332","19.01310920715332","14878","14878","14878"
"148809","21.10661506652832","21.10661506652832","21.10661506652832","14880","14880","14880"
"148839","19.946630477905273","19.946630477905273","19.946630477905273","14883","14883","14883"
"148849","29.75518798828125","29.75518798828125","29.75518798828125","14884","14884","14884"
"148869","21.873035430908203","21.873035430908203","21.873035430908203","14886","14886","14886"
"148889","25.01392364501953","25.01392364501953","25.01392364501953","14888","14888","14888"
"148919","19.69593048095703","19.69593048095703","19.69593048095703","14891","14891","14891"
"148949","19.81564712524414","19.81564712524414","19.81564712524414","14894","14894","14894"
"148959","20.51348114013672","20.51348114013672","20.51348114013672","14895","14895","14895"
"148979","21.43172264099121","21.43172264099121","21.43172264099121","14897","14897","14897"
"148989","19.669069290161133","19.669069290161133","19.669069290161133","14898","14898","14898"
"148999","20.91547393798828","20.91547393798828","20.91547393798828","14899","14899","14899"
"149029","24.59309959411621","24.59309959411621","24.59309959411621","14902","14902","14902"
"149049","21.625568389892578","21.625568389892578","21.625568389892578","14904","14904","14904"
"149059","17.96509552001953","17.96509552001953","17.96509552001953","14905","14905","14905"
"149069","20.606042861938477","20.606042861938477","20.606042861938477","14906","14906","14906"
"149079","28.84428596496582","28.84428596496582","28.84428596496582","14907","14907","14907"
"149089","21.487937927246094","21.487937927246094","21.487937927246094","14908","14908","14908"
"149099","22.57131576538086","22.57131576538086","22.57131576538086","14909","14909","14909"
"149119","22.261362075805664","22.261362075805664","22.261362075805664","14911","14911","14911"
"149149","21.477210998535156","21.477210998535156","21.477210998535156","14914","14914","14914"
"149169","18.643436431884766","18.643436431884766","18.643436431884766","14916","14916","14916"
"149189","18.926551818847656","18.926551818847656","18.926551818847656","14918","14918","14918"
"149219","21.712364196777344","21.712364196777344","21.712364196777344","14921","14921","14921"
"149249","22.41699981689453","22.41699981689453","22.41699981689453","14924","14924","14924"
"149289","22.35344886779785","22.35344886779785","22.35344886779785","14928","14928","14928"
"149319","24.249656677246094","24.249656677246094","24.249656677246094","14931","14931","14931"
"149329","25.348976135253906","25.348976135253906","25.348976135253906","14932","14932","14932"
"149349","22.728919982910156","22.728919982910156","22.728919982910156","14934","14934","14934"
"149379","17.953655242919922","17.953655242919922","17.953655242919922","14937","14937","14937"
"149399","22.609468460083008","22.609468460083008","22.609468460083008","14939","14939","14939"
"149419","19.399677276611328","19.399677276611328","19.399677276611328","14941","14941","14941"
"149449","29.964126586914062","29.964126586914062","29.964126586914062","14944","14944","14944"
"149489","24.0109806060791","24.0109806060791","24.0109806060791","14948","14948","14948"
"149549","20.74169158935547","20.74169158935547","20.74169158935547","14954","14954","14954"
"149559","23.932945251464844","23.932945251464844","23.932945251464844","14955","14955","14955"
"149569","19.551067352294922","19.551067352294922","19.551067352294922","14956","14956","14956"
"149599","23.043682098388672","23.043682098388672","23.043682098388672","14959","14959","14959"
"149629","24.435760498046875","24.435760498046875","24.435760498046875","14962","14962","14962"
"149679","20.216859817504883","20.216859817504883","20.216859817504883","14967","14967","14967"
"149759","23.8638916015625","23.8638916015625","23.8638916015625","14975","14975","14975"
"149779","21.603111267089844","21.603111267089844","21.603111267089844","14977","14977","14977"
"149809","19.831897735595703","19.831897735595703","19.831897735595703","14980","14980","14980"
"149829","23.193525314331055","23.193525314331055","23.193525314331055","14982","14982","14982"
"149839","25.147716522216797","25.147716522216797","25.147716522216797","14983","14983","14983"
"149849","18.749855041503906","18.749855041503906","18.749855041503906","14984","14984","14984"
"149859","19.820138931274414","19.820138931274414","19.820138931274414","14985","14985","14985"
"149869","21.151084899902344","21.151084899902344","21.151084899902344","14986","14986","14986"
"149889","22.36864471435547","22.36864471435547","22.36864471435547","14988","14988","14988"
"149909","38.26966857910156","38.26966857910156","38.26966857910156","14990","14990","14990"
"149919","25.05665397644043","25.05665397644043","25.05665397644043","14991","14991","14991"
"149959","22.405033111572266","22.405033111572266","22.405033111572266","14995","14995","14995"
"150029","18.860088348388672","18.860088348388672","18.860088348388672","15002","15002","15002"
"150039","16.907228469848633","16.907228469848633","16.907228469848633","15003","15003","15003"
"150049","23.43994903564453","23.43994903564453","23.43994903564453","15004","15004","15004"
"150069","23.32373046875","23.32373046875","23.32373046875","15006","15006","15006"
"150079","20.40254020690918","20.40254020690918","20.40254020690918","15007","15007","15007"
"150119","18.683914184570312","18.683914184570312","18.683914184570312","15011","15011","15011"
"150139","26.557586669921875","26.557586669921875","26.557586669921875","15013","15013","15013"
"150169","19.577932357788086","19.577932357788086","19.577932357788086","15016","15016","15016"
"150199","26.187824249267578","26.187824249267578","26.187824249267578","15019","15019","15019"
"150209","21.80589485168457","21.80589485168457","21.80589485168457","15020","15020","15020"
"150269","23.759876251220703","23.759876251220703","23.759876251220703","15026","15026","15026"
"150279","20.61455726623535","20.61455726623535","20.61455726623535","15027","15027","15027"
"150299","25.98120880126953","25.98120880126953","25.98120880126953","15029","15029","15029"
"150329","21.319622039794922","21.319622039794922","21.319622039794922","15032","15032","15032"
"150339","23.62631607055664","23.62631607055664","23.62631607055664","15033","15033","15033"
"150369","25.984619140625","25.984619140625","25.984619140625","15036","15036","15036"
"150409","20.655000686645508","20.655000686645508","20.655000686645508","15040","15040","15040"
"150419","24.931915283203125","24.931915283203125","24.931915283203125","15041","15041","15041"
"150429","17.897293090820312","17.897293090820312","17.897293090820312","15042","15042","15042"
"150439","23.49938201904297","23.49938201904297","23.49938201904297","15043","15043","15043"
"150479","24.830957412719727","24.830957412719727","24.830957412719727","15047","15047","15047"
"150509","23.322582244873047","23.322582244873047","23.322582244873047","15050","15050","15050"
"150549","24.730838775634766","24.730838775634766","24.730838775634766","15054","15054","15054"
"150559","18.76945686340332","18.76945686340332","18.76945686340332","15055","15055","15055"
"150599","21.38985252380371","21.38985252380371","21.38985252380371","15059","15059","15059"
"150639","18.60803985595703","18.60803985595703","18.60803985595703","15063","15063","15063"
"150659","16.86959457397461","16.86959457397461","16.86959457397461","15065","15065","15065"
"150709","23.056503295898438","23.056503295898438","23.056503295898438","15070","15070","15070"
"150769","19.060989379882812","19.060989379882812","19.060989379882812","15076","15076","15076"
"150779","23.61957359313965","23.61957359313965","23.61957359313965","15077","15077","15077"
"150839","25.031213760375977","25.031213760375977","25.031213760375977","15083","15083","15083"
"150859","22.19095802307129","22.19095802307129","22.19095802307129","15085","15085","15085"
"150879","15.735237121582031","15.735237121582031","15.735237121582031","15087","15087","15087"
"150889","19.46295166015625","19.46295166015625","19.46295166015625","15088","15088","15088"
"150909","29.407337188720703","29.407337188720703","29.407337188720703","15090","15090","15090"
"150919","18.303735733032227","18.303735733032227","18.303735733032227","15091","15091","15091"
"150969","23.395788192749023","23.395788192749023","23.395788192749023","15096","15096","15096"
"150989","21.76978302001953","21.76978302001953","21.76978302001953","15098","15098","15098"
"150999","19.318727493286133","19.318727493286133","19.318727493286133","15099","15099","15099"
"151009","23.160198211669922","23.160198211669922","23.160198211669922","15100","15100","15100"
"151079","19.37692642211914","19.37692642211914","19.37692642211914","15107","15107","15107"
"151099","21.10884666442871","21.10884666442871","21.10884666442871","15109","15109","15109"
"151109","21.98619270324707","21.98619270324707","21.98619270324707","15110","15110","15110"
"151139","22.848426818847656","22.848426818847656","22.848426818847656","15113","15113","15113"
"151179","22.44152069091797","22.44152069091797","22.44152069091797","15117","15117","15117"
"151229","21.39842987060547","21.39842987060547","21.39842987060547","15122","15122","15122"
"151239","24.524585723876953","24.524585723876953","24.524585723876953","15123","15123","15123"
"151299","23.40444564819336","23.40444564819336","23.40444564819336","15129","15129","15129"
"151319","28.55535125732422","28.55535125732422","28.55535125732422","15131","15131","15131"
"151369","22.668386459350586","22.668386459350586","22.668386459350586","15136","15136","15136"
"151379","24.21329116821289","24.21329116821289","24.21329116821289","15137","15137","15137"
"151399","23.007761001586914","23.007761001586914","23.007761001586914","15139","15139","15139"
"151419","19.69980812072754","19.69980812072754","19.69980812072754","15141","15141","15141"
"151459","19.18701934814453","19.18701934814453","19.18701934814453","15145","15145","15145"
"151469","22.82171630859375","22.82171630859375","22.82171630859375","15146","15146","15146"
"151489","20.089513778686523","20.089513778686523","20.089513778686523","15148","15148","15148"
"151499","22.578733444213867","22.578733444213867","22.578733444213867","15149","15149","15149"
"151509","19.79984474182129","19.79984474182129","19.79984474182129","15150","15150","15150"
"151519","21.446269989013672","21.446269989013672","21.446269989013672","15151","15151","15151"
"151539","19.59613037109375","19.59613037109375","19.59613037109375","15153","15153","15153"
"151549","18.5948486328125","18.5948486328125","18.5948486328125","15154","15154","15154"
"151569","19.82676124572754","19.82676124572754","19.82676124572754","15156","15156","15156"
"151579","23.05607032775879","23.05607032775879","23.05607032775879","15157","15157","15157"
"151589","24.776857376098633","24.776857376098633","24.776857376098633","15158","15158","15158"
"151619","22.552715301513672","22.552715301513672","22.552715301513672","15161","15161","15161"
"151649","22.72551727294922","22.72551727294922","22.72551727294922","15164","15164","15164"
"151689","19.612281799316406","19.612281799316406","19.612281799316406","15168","15168","15168"
"151729","19.879117965698242","19.879117965698242","19.879117965698242","15172","15172","15172"
"151749","20.321420669555664","20.321420669555664","20.321420669555664","15174","15174","15174"
"151769","23.638275146484375","23.638275146484375","23.638275146484375","15176","15176","15176"
"151789","19.8992977142334","19.8992977142334","19.8992977142334","15178","15178","15178"
"151819","19.705596923828125","19.705596923828125","19.705596923828125","15181","15181","15181"
"151829","21.19376564025879","21.19376564025879","21.19376564025879","15182","15182","15182"
"151839","22.55978775024414","22.55978775024414","22.55978775024414","15183","15183","15183"
"151859","22.942035675048828","22.942035675048828","22.942035675048828","15185","15185","15185"
"151869","22.01812744140625","22.01812744140625","22.01812744140625","15186","15186","15186"
"151899","17.341747283935547","17.341747283935547","17.341747283935547","15189","15189","15189"
"151919","22.644977569580078","22.644977569580078","22.644977569580078","15191","15191","15191"
"151949","20.362716674804688","20.362716674804688","20.362716674804688","15194","15194","15194"
"151979","18.62915802001953","18.62915802001953","18.62915802001953","15197","15197","15197"
"152059","19.839576721191406","19.839576721191406","19.839576721191406","15205","15205","15205"
"152069","20.920625686645508","20.920625686645508","20.920625686645508","15206","15206","15206"
"152079","22.533496856689453","22.533496856689453","22.533496856689453","15207","15207","15207"
"152189","22.530550003051758","22.530550003051758","22.530550003051758","15218","15218","15218"
"152229","24.621294021606445","24.621294021606445","24.621294021606445","15222","15222","15222"
"152259","24.332992553710938","24.332992553710938","24.332992553710938","15225","15225","15225"
"152269","24.048030853271484","24.048030853271484","24.048030853271484","15226","15226","15226"
"152279","22.296859741210938","22.296859741210938","22.296859741210938","15227","15227","15227"
"152299","25.68255615234375","25.68255615234375","25.68255615234375","15229","15229","15229"
"152329","16.738142013549805","16.738142013549805","16.738142013549805","15232","15232","15232"
"152339","20.041210174560547","20.041210174560547","20.041210174560547","15233","15233","15233"
"152349","21.057201385498047","21.057201385498047","21.057201385498047","15234","15234","15234"
"152359","21.322837829589844","21.322837829589844","21.322837829589844","15235","15235","15235"
"152389","20.040462493896484","20.040462493896484","20.040462493896484","15238","15238","15238"
"152399","24.637786865234375","24.637786865234375","24.637786865234375","15239","15239","15239"
"152409","19.611967086791992","19.611967086791992","19.611967086791992","15240","15240","15240"
"152429","19.664899826049805","19.664899826049805","19.664899826049805","15242","15242","15242"
"152449","25.1356201171875","25.1356201171875","25.1356201171875","15244","15244","15244"
"152489","24.54308319091797","24.54308319091797","24.54308319091797","15248","15248","15248"
"152529","23.017744064331055","23.017744064331055","23.017744064331055","15252","15252","15252"
"152609","31.082029342651367","31.082029342651367","31.082029342651367","15260","15260","15260"
"152679","23.917415618896484","23.917415618896484","23.917415618896484","15267","15267","15267"
"152829","20.051359176635742","20.051359176635742","20.051359176635742","15282","15282","15282"
"152849","22.241363525390625","22.241363525390625","22.241363525390625","15284","15284","15284"
"152859","24.746341705322266","24.746341705322266","24.746341705322266","15285","15285","15285"
"152899","24.556060791015625","24.556060791015625","24.556060791015625","15289","15289","15289"
"152939","21.846954345703125","21.846954345703125","21.846954345703125","15293","15293","15293"
"152959","18.8143253326416","18.8143253326416","18.8143253326416","15295","15295","15295"
"152979","18.499937057495117","18.499937057495117","18.499937057495117","15297","15297","15297"
"153029","22.480243682861328","22.480243682861328","22.480243682861328","15302","15302","15302"
"153039","22.409730911254883","22.409730911254883","22.409730911254883","15303","15303","15303"
"153069","19.831645965576172","19.831645965576172","19.831645965576172","15306","15306","15306"
"153079","19.82478904724121","19.82478904724121","19.82478904724121","15307","15307","15307"
"153099","23.064878463745117","23.064878463745117","23.064878463745117","15309","15309","15309"
"153109","19.455913543701172","19.455913543701172","19.455913543701172","15310","15310","15310"
"153139","24.001874923706055","24.001874923706055","24.001874923706055","15313","15313","15313"
"153159","20.023324966430664","20.023324966430664","20.023324966430664","15315","15315","15315"
"153179","19.49734878540039","19.49734878540039","19.49734878540039","15317","15317","15317"
"153199","23.26266098022461","23.26266098022461","23.26266098022461","15319","15319","15319"
"153229","24.37095832824707","24.37095832824707","24.37095832824707","15322","15322","15322"
"153239","20.83106231689453","20.83106231689453","20.83106231689453","15323","15323","15323"
"153259","24.909507751464844","24.909507751464844","24.909507751464844","15325","15325","15325"
"153269","22.620773315429688","22.620773315429688","22.620773315429688","15326","15326","15326"
"153279","23.038288116455078","23.038288116455078","23.038288116455078","15327","15327","15327"
"153299","20.684019088745117","20.684019088745117","20.684019088745117","15329","15329","15329"
"153329","22.677141189575195","22.677141189575195","22.677141189575195","15332","15332","15332"
"153359","23.082273483276367","23.082273483276367","23.082273483276367","15335","15335","15335"
"153389","20.2210750579834","20.2210750579834","20.2210750579834","15338","15338","15338"
"153419","25.78021240234375","25.78021240234375","25.78021240234375","15341","15341","15341"
"153469","24.82146453857422","24.82146453857422","24.82146453857422","15346","15346","15346"
"153499","21.93903350830078","21.93903350830078","21.93903350830078","15349","15349","15349"
"153509","25.263275146484375","25.263275146484375","25.263275146484375","15350","15350","15350"
"153539","23.972890853881836","23.972890853881836","23.972890853881836","15353","15353","15353"
"153549","19.068790435791016","19.068790435791016","19.068790435791016","15354","15354","15354"
"153629","23.462833404541016","23.462833404541016","23.462833404541016","15362","15362","15362"
"153659","26.38905906677246","26.38905906677246","26.38905906677246","15365","15365","15365"
"153669","25.43572998046875","25.43572998046875","25.43572998046875","15366","15366","15366"
"153699","21.344396591186523","21.344396591186523","21.344396591186523","15369","15369","15369"
"153739","21.82537078857422","21.82537078857422","21.82537078857422","15373","15373","15373"
"153759","19.21186065673828","19.21186065673828","19.21186065673828","15375","15375","15375"
"153819","21.96710777282715","21.96710777282715","21.96710777282715","15381","15381","15381"
"153839","21.731754302978516","21.731754302978516","21.731754302978516","15383","15383","15383"
"153849","20.4285888671875","20.4285888671875","20.4285888671875","15384","15384","15384"
"153859","24.96713638305664","24.96713638305664","24.96713638305664","15385","15385","15385"
"153899","40.77568054199219","40.77568054199219","40.77568054199219","15389","15389","15389"
"154009","22.045352935791016","22.045352935791016","22.045352935791016","15400","15400","15400"
"154049","25.507173538208008","25.507173538208008","25.507173538208008","15404","15404","15404"
"154069","23.616361618041992","23.616361618041992","23.616361618041992","15406","15406","15406"
"154079","18.54206085205078","18.54206085205078","18.54206085205078","15407","15407","15407"
"154099","22.040355682373047","22.040355682373047","22.040355682373047","15409","15409","15409"
"154109","22.913330078125","22.913330078125","22.913330078125","15410","15410","15410"
"154169","29.209415435791016","29.209415435791016","29.209415435791016","15416","15416","15416"
"154179","16.947858810424805","16.947858810424805","16.947858810424805","15417","15417","15417"
"154219","25.279342651367188","25.279342651367188","25.279342651367188","15421","15421","15421"
"154229","18.29217529296875","18.29217529296875","18.29217529296875","15422","15422","15422"
"154239","22.106159210205078","22.106159210205078","22.106159210205078","15423","15423","15423"
"154289","20.311777114868164","20.311777114868164","20.311777114868164","15428","15428","15428"
"154309","19.14071273803711","19.14071273803711","19.14071273803711","15430","15430","15430"
"154319","21.025001525878906","21.025001525878906","21.025001525878906","15431","15431","15431"
"154339","23.310754776000977","23.310754776000977","23.310754776000977","15433","15433","15433"
"154349","19.853830337524414","19.853830337524414","19.853830337524414","15434","15434","15434"
"154389","31.325883865356445","31.325883865356445","31.325883865356445","15438","15438","15438"
"154419","18.94947052001953","18.94947052001953","18.94947052001953","15441","15441","15441"
"154439","24.209514617919922","24.209514617919922","24.209514617919922","15443","15443","15443"
"154449","19.43596839904785","19.43596839904785","19.43596839904785","15444","15444","15444"
"154459","18.7232666015625","18.7232666015625","18.7232666015625","15445","15445","15445"
"154469","20.480810165405273","20.480810165405273","20.480810165405273","15446","15446","15446"
"154489","20.294145584106445","20.294145584106445","20.294145584106445","15448","15448","15448"
"154509","20.35810089111328","20.35810089111328","20.35810089111328","15450","15450","15450"
"154549","23.86536407470703","23.86536407470703","23.86536407470703","15454","15454","15454"
"154559","24.181737899780273","24.181737899780273","24.181737899780273","15455","15455","15455"
"154589","19.996583938598633","19.996583938598633","19.996583938598633","15458","15458","15458"
"154599","19.605262756347656","19.605262756347656","19.605262756347656","15459","15459","15459"
"154629","19.578203201293945","19.578203201293945","19.578203201293945","15462","15462","15462"
"154649","22.543827056884766","22.543827056884766","22.543827056884766","15464","15464","15464"
"154679","20.714107513427734","20.714107513427734","20.714107513427734","15467","15467","15467"
"154689","20.224193572998047","20.224193572998047","20.224193572998047","15468","15468","15468"
"154699","19.745885848999023","19.745885848999023","19.745885848999023","15469","15469","15469"
"154719","21.189563751220703","21.189563751220703","21.189563751220703","15471","15471","15471"
"154729","22.856674194335938","22.856674194335938","22.856674194335938","15472","15472","15472"
"154749","17.407485961914062","17.407485961914062","17.407485961914062","15474","15474","15474"
"154759","20.88580322265625","20.88580322265625","20.88580322265625","15475","15475","15475"
"154769","18.433122634887695","18.433122634887695","18.433122634887695","15476","15476","15476"
"154789","27.0664005279541","27.0664005279541","27.0664005279541","15478","15478","15478"
"154819","21.303028106689453","21.303028106689453","21.303028106689453","15481","15481","15481"
"154869","19.78359603881836","19.78359603881836","19.78359603881836","15486","15486","15486"
"154879","23.204776763916016","23.204776763916016","23.204776763916016","15487","15487","15487"
"154909","17.47176170349121","17.47176170349121","17.47176170349121","15490","15490","15490"
"154919","22.103063583374023","22.103063583374023","22.103063583374023","15491","15491","15491"
"154979","23.841327667236328","23.841327667236328","23.841327667236328","15497","15497","15497"
"155029","21.053096771240234","21.053096771240234","21.053096771240234","15502","15502","15502"
"155049","19.137500762939453","19.137500762939453","19.137500762939453","15504","15504","15504"
"155069","26.566083908081055","26.566083908081055","26.566083908081055","15506","15506","15506"
"155089","22.06549072265625","22.06549072265625","22.06549072265625","15508","15508","15508"
"155109","18.774124145507812","18.774124145507812","18.774124145507812","15510","15510","15510"
"155129","21.889766693115234","21.889766693115234","21.889766693115234","15512","15512","15512"
"155169","20.96765899658203","20.96765899658203","20.96765899658203","15516","15516","15516"
"155209","20.38407325744629","20.38407325744629","20.38407325744629","15520","15520","15520"
"155219","23.216537475585938","23.216537475585938","23.216537475585938","15521","15521","15521"
"155259","20.16288948059082","20.16288948059082","20.16288948059082","15525","15525","15525"
"155309","21.332490921020508","21.332490921020508","21.332490921020508","15530","15530","15530"
"155359","19.71781349182129","19.71781349182129","19.71781349182129","15535","15535","15535"
"155369","21.885128021240234","21.885128021240234","21.885128021240234","15536","15536","15536"
"155459","20.306169509887695","20.306169509887695","20.306169509887695","15545","15545","15545"
"155469","19.912700653076172","19.912700653076172","19.912700653076172","15546","15546","15546"
"155479","21.809606552124023","21.809606552124023","21.809606552124023","15547","15547","15547"
"155499","18.804899215698242","18.804899215698242","18.804899215698242","15549","15549","15549"
"155509","22.96186637878418","22.96186637878418","22.96186637878418","15550","15550","15550"
"155519","24.755128860473633","24.755128860473633","24.755128860473633","15551","15551","15551"
"155529","20.29962921142578","20.29962921142578","20.29962921142578","15552","15552","15552"
"155589","18.5072021484375","18.5072021484375","18.5072021484375","15558","15558","15558"
"155599","22.243629455566406","22.243629455566406","22.243629455566406","15559","15559","15559"
"155639","23.248615264892578","23.248615264892578","23.248615264892578","15563","15563","15563"
"155649","20.4695987701416","20.4695987701416","20.4695987701416","15564","15564","15564"
"155669","24.917871475219727","24.917871475219727","24.917871475219727","15566","15566","15566"
"155679","22.770915985107422","22.770915985107422","22.770915985107422","15567","15567","15567"
"155709","21.819786071777344","21.819786071777344","21.819786071777344","15570","15570","15570"
"155739","16.93795394897461","16.93795394897461","16.93795394897461","15573","15573","15573"
"155769","22.111038208007812","22.111038208007812","22.111038208007812","15576","15576","15576"
"155779","17.82965087890625","17.82965087890625","17.82965087890625","15577","15577","15577"
"155819","19.999544143676758","19.999544143676758","19.999544143676758","15581","15581","15581"
"155839","19.487892150878906","19.487892150878906","19.487892150878906","15583","15583","15583"
"155859","21.355520248413086","21.355520248413086","21.355520248413086","15585","15585","15585"
"155869","22.277963638305664","22.277963638305664","22.277963638305664","15586","15586","15586"
"155939","19.028329849243164","19.028329849243164","19.028329849243164","15593","15593","15593"
"155949","25.635269165039062","25.635269165039062","25.635269165039062","15594","15594","15594"
"155969","26.841651916503906","26.841651916503906","26.841651916503906","15596","15596","15596"
"155999","25.37161636352539","25.37161636352539","25.37161636352539","15599","15599","15599"
"156049","28.781383514404297","28.781383514404297","28.781383514404297","15604","15604","15604"
"156059","22.65154457092285","22.65154457092285","22.65154457092285","15605","15605","15605"
"156069","25.82188606262207","25.82188606262207","25.82188606262207","15606","15606","15606"
"156129","19.82573699951172","19.82573699951172","19.82573699951172","15612","15612","15612"
"156159","18.575775146484375","18.575775146484375","18.575775146484375","15615","15615","15615"
"156199","25.282541275024414","25.282541275024414","25.282541275024414","15619","15619","15619"
"156209","22.874767303466797","22.874767303466797","22.874767303466797","15620","15620","15620"
"156289","25.872648239135742","25.872648239135742","25.872648239135742","15628","15628","15628"
"156309","20.51483726501465","20.51483726501465","20.51483726501465","15630","15630","15630"
"156369","22.53009796142578","22.53009796142578","22.53009796142578","15636","15636","15636"
"156389","25.512075424194336","25.512075424194336","25.512075424194336","15638","15638","15638"
"156409","22.27046012878418","22.27046012878418","22.27046012878418","15640","15640","15640"
"156429","21.400592803955078","21.400592803955078","21.400592803955078","15642","15642","15642"
"156439","24.02762794494629","24.02762794494629","24.02762794494629","15643","15643","15643"
"156449","26.930368423461914","26.930368423461914","26.930368423461914","15644","15644","15644"
"156459","26.49068832397461","26.49068832397461","26.49068832397461","15645","15645","15645"
"156469","19.956083297729492","19.956083297729492","19.956083297729492","15646","15646","15646"
"156559","19.50354766845703","19.50354766845703","19.50354766845703","15655","15655","15655"
"156569","23.11134910583496","23.11134910583496","23.11134910583496","15656","15656","15656"
"156579","21.451217651367188","21.451217651367188","21.451217651367188","15657","15657","15657"
"156609","19.519672393798828","19.519672393798828","19.519672393798828","15660","15660","15660"
"156619","25.638389587402344","25.638389587402344","25.638389587402344","15661","15661","15661"
"156629","21.15766716003418","21.15766716003418","21.15766716003418","15662","15662","15662"
"156639","19.42220687866211","19.42220687866211","19.42220687866211","15663","15663","15663"
"156659","18.379520416259766","18.379520416259766","18.379520416259766","15665","15665","15665"
"156669","26.06671142578125","26.06671142578125","26.06671142578125","15666","15666","15666"
"156679","18.475933074951172","18.475933074951172","18.475933074951172","15667","15667","15667"
"156719","21.924762725830078","21.924762725830078","21.924762725830078","15671","15671","15671"
"156739","29.993701934814453","29.993701934814453","29.993701934814453","15673","15673","15673"
"156769","17.50661849975586","17.50661849975586","17.50661849975586","15676","15676","15676"
"156809","20.262895584106445","20.262895584106445","20.262895584106445","15680","15680","15680"
"156819","23.710174560546875","23.710174560546875","23.710174560546875","15681","15681","15681"
"156839","21.73419952392578","21.73419952392578","21.73419952392578","15683","15683","15683"
"156849","20.005388259887695","20.005388259887695","20.005388259887695","15684","15684","15684"
"156869","23.567825317382812","23.567825317382812","23.567825317382812","15686","15686","15686"
"156879","20.721942901611328","20.721942901611328","20.721942901611328","15687","15687","15687"
"156919","24.20563507080078","24.20563507080078","24.20563507080078","15691","15691","15691"
"156929","18.045116424560547","18.045116424560547","18.045116424560547","15692","15692","15692"
"156959","21.072744369506836","21.072744369506836","21.072744369506836","15695","15695","15695"
"156999","22.65435028076172","22.65435028076172","22.65435028076172","15699","15699","15699"
"157009","22.22949981689453","22.22949981689453","22.22949981689453","15700","15700","15700"
"157019","18.294858932495117","18.294858932495117","18.294858932495117","15701","15701","15701"
"157039","21.263105392456055","21.263105392456055","21.263105392456055","15703","15703","15703"
"157069","19.556528091430664","19.556528091430664","19.556528091430664","15706","15706","15706"
"157109","25.091487884521484","25.091487884521484","25.091487884521484","15710","15710","15710"
"157119","19.87095832824707","19.87095832824707","19.87095832824707","15711","15711","15711"
"157129","19.497406005859375","19.497406005859375","19.497406005859375","15712","15712","15712"
"157139","19.06036376953125","19.06036376953125","19.06036376953125","15713","15713","15713"
"157159","30.691741943359375","30.691741943359375","30.691741943359375","15715","15715","15715"
"157169","26.32049560546875","26.32049560546875","26.32049560546875","15716","15716","15716"
"157209","23.450653076171875","23.450653076171875","23.450653076171875","15720","15720","15720"
"157279","22.169252395629883","22.169252395629883","22.169252395629883","15727","15727","15727"
"157329","22.56978416442871","22.56978416442871","22.56978416442871","15732","15732","15732"
"157359","28.32151985168457","28.32151985168457","28.32151985168457","15735","15735","15735"
"157409","23.40796661376953","23.40796661376953","23.40796661376953","15740","15740","15740"
"157419","25.314788818359375","25.314788818359375","25.314788818359375","15741","15741","15741"
"157429","22.408464431762695","22.408464431762695","22.408464431762695","15742","15742","15742"
"157439","20.088459014892578","20.088459014892578","20.088459014892578","15743","15743","15743"
"157459","23.313602447509766","23.313602447509766","23.313602447509766","15745","15745","15745"
"157469","22.707622528076172","22.707622528076172","22.707622528076172","15746","15746","15746"
"157479","21.181015014648438","21.181015014648438","21.181015014648438","15747","15747","15747"
"157489","18.384113311767578","18.384113311767578","18.384113311767578","15748","15748","15748"
"157499","21.301090240478516","21.301090240478516","21.301090240478516","15749","15749","15749"
"157509","20.098684310913086","20.098684310913086","20.098684310913086","15750","15750","15750"
"157569","23.804264068603516","23.804264068603516","23.804264068603516","15756","15756","15756"
"157599","18.059144973754883","18.059144973754883","18.059144973754883","15759","15759","15759"
"157609","21.509723663330078","21.509723663330078","21.509723663330078","15760","15760","15760"
"157619","20.269481658935547","20.269481658935547","20.269481658935547","15761","15761","15761"
"157629","20.713754653930664","20.713754653930664","20.713754653930664","15762","15762","15762"
"157639","26.418195724487305","26.418195724487305","26.418195724487305","15763","15763","15763"
"157649","20.21363639831543","20.21363639831543","20.21363639831543","15764","15764","15764"
"157659","19.45276641845703","19.45276641845703","19.45276641845703","15765","15765","15765"
"157739","18.240680694580078","18.240680694580078","18.240680694580078","15773","15773","15773"
"157769","22.80980682373047","22.80980682373047","22.80980682373047","15776","15776","15776"
"157799","20.174013137817383","20.174013137817383","20.174013137817383","15779","15779","15779"
"157829","29.13330078125","29.13330078125","29.13330078125","15782","15782","15782"
"157849","21.494346618652344","21.494346618652344","21.494346618652344","15784","15784","15784"
"157879","19.75689125061035","19.75689125061035","19.75689125061035","15787","15787","15787"
"157889","22.857059478759766","22.857059478759766","22.857059478759766","15788","15788","15788"
"157959","21.00168228149414","21.00168228149414","21.00168228149414","15795","15795","15795"
"157969","17.06814193725586","17.06814193725586","17.06814193725586","15796","15796","15796"
"157979","22.829416275024414","22.829416275024414","22.829416275024414","15797","15797","15797"
"157989","20.536407470703125","20.536407470703125","20.536407470703125","15798","15798","15798"
"157999","28.514446258544922","28.514446258544922","28.514446258544922","15799","15799","15799"
"158009","21.57404899597168","21.57404899597168","21.57404899597168","15800","15800","15800"
"158029","23.816261291503906","23.816261291503906","23.816261291503906","15802","15802","15802"
"158039","23.007095336914062","23.007095336914062","23.007095336914062","15803","15803","15803"
"158049","21.715375900268555","21.715375900268555","21.715375900268555","15804","15804","15804"
"158059","18.185850143432617","18.185850143432617","18.185850143432617","15805","15805","15805"
"158069","17.08226203918457","17.08226203918457","17.08226203918457","15806","15806","15806"
"158079","21.854841232299805","21.854841232299805","21.854841232299805","15807","15807","15807"
"158109","31.997730255126953","31.997730255126953","31.997730255126953","15810","15810","15810"
"158159","18.964252471923828","18.964252471923828","18.964252471923828","15815","15815","15815"
"158169","23.35443115234375","23.35443115234375","23.35443115234375","15816","15816","15816"
"158189","24.54574203491211","24.54574203491211","24.54574203491211","15818","15818","15818"
"158199","21.19278907775879","21.19278907775879","21.19278907775879","15819","15819","15819"
"158219","27.091190338134766","27.091190338134766","27.091190338134766","15821","15821","15821"
"158269","21.022377014160156","21.022377014160156","21.022377014160156","15826","15826","15826"
"158289","17.96187400817871","17.96187400817871","17.96187400817871","15828","15828","15828"
"158309","20.30352020263672","20.30352020263672","20.30352020263672","15830","15830","15830"
"158319","21.636634826660156","21.636634826660156","21.636634826660156","15831","15831","15831"
"158329","23.267257690429688","23.267257690429688","23.267257690429688","15832","15832","15832"
"158349","21.654272079467773","21.654272079467773","21.654272079467773","15834","15834","15834"
"158359","18.57834243774414","18.57834243774414","18.57834243774414","15835","15835","15835"
"158369","20.943750381469727","20.943750381469727","20.943750381469727","15836","15836","15836"
"158379","24.718063354492188","24.718063354492188","24.718063354492188","15837","15837","15837"
"158399","20.669700622558594","20.669700622558594","20.669700622558594","15839","15839","15839"
"158429","17.56183624267578","17.56183624267578","17.56183624267578","15842","15842","15842"
"158449","22.8715763092041","22.8715763092041","22.8715763092041","15844","15844","15844"
"158459","19.917667388916016","19.917667388916016","19.917667388916016","15845","15845","15845"
"158469","23.089035034179688","23.089035034179688","23.089035034179688","15846","15846","15846"
"158489","20.70651626586914","20.70651626586914","20.70651626586914","15848","15848","15848"
"158549","19.318607330322266","19.318607330322266","19.318607330322266","15854","15854","15854"
"158569","25.201936721801758","25.201936721801758","25.201936721801758","15856","15856","15856"
"158609","20.553136825561523","20.553136825561523","20.553136825561523","15860","15860","15860"
"158629","24.273273468017578","24.273273468017578","24.273273468017578","15862","15862","15862"
"158639","21.077062606811523","21.077062606811523","21.077062606811523","15863","15863","15863"
"158659","22.095394134521484","22.095394134521484","22.095394134521484","15865","15865","15865"
"158679","20.835926055908203","20.835926055908203","20.835926055908203","15867","15867","15867"
"158699","26.40464973449707","26.40464973449707","26.40464973449707","15869","15869","15869"
"158759","18.989418029785156","18.989418029785156","18.989418029785156","15875","15875","15875"
"158779","16.12818145751953","16.12818145751953","16.12818145751953","15877","15877","15877"
"158789","19.28611183166504","19.28611183166504","19.28611183166504","15878","15878","15878"
"158799","26.303525924682617","26.303525924682617","26.303525924682617","15879","15879","15879"
"158829","19.961238861083984","19.961238861083984","19.961238861083984","15882","15882","15882"
"158889","19.430644989013672","19.430644989013672","19.430644989013672","15888","15888","15888"
"158899","22.063735961914062","22.063735961914062","22.063735961914062","15889","15889","15889"
"158909","20.435863494873047","20.435863494873047","20.435863494873047","15890","15890","15890"
"158979","22.309093475341797","22.309093475341797","22.309093475341797","15897","15897","15897"
"158989","24.273319244384766","24.273319244384766","24.273319244384766","15898","15898","15898"
"158999","22.68021011352539","22.68021011352539","22.68021011352539","15899","15899","15899"
"159009","25.062589645385742","25.062589645385742","25.062589645385742","15900","15900","15900"
"159029","22.024709701538086","22.024709701538086","22.024709701538086","15902","15902","15902"
"159039","28.174495697021484","28.174495697021484","28.174495697021484","15903","15903","15903"
"159069","21.739526748657227","21.739526748657227","21.739526748657227","15906","15906","15906"
"159119","19.376047134399414","19.376047134399414","19.376047134399414","15911","15911","15911"
"159129","19.30656623840332","19.30656623840332","19.30656623840332","15912","15912","15912"
"159169","21.220640182495117","21.220640182495117","21.220640182495117","15916","15916","15916"
"159189","26.303821563720703","26.303821563720703","26.303821563720703","15918","15918","15918"
"159219","20.703012466430664","20.703012466430664","20.703012466430664","15921","15921","15921"
"159229","20.01386833190918","20.01386833190918","20.01386833190918","15922","15922","15922"
"159239","18.54743003845215","18.54743003845215","18.54743003845215","15923","15923","15923"
"159259","23.95901107788086","23.95901107788086","23.95901107788086","15925","15925","15925"
"159269","21.66012191772461","21.66012191772461","21.66012191772461","15926","15926","15926"
"159279","17.69842529296875","17.69842529296875","17.69842529296875","15927","15927","15927"
"159289","23.89160919189453","23.89160919189453","23.89160919189453","15928","15928","15928"
"159299","24.42271614074707","24.42271614074707","24.42271614074707","15929","15929","15929"
"159319","24.53704833984375","24.53704833984375","24.53704833984375","15931","15931","15931"
"159329","23.04210662841797","23.04210662841797","23.04210662841797","15932","15932","15932"
"159379","22.065570831298828","22.065570831298828","22.065570831298828","15937","15937","15937"
"159399","31.440473556518555","31.440473556518555","31.440473556518555","15939","15939","15939"
"159419","21.115144729614258","21.115144729614258","21.115144729614258","15941","15941","15941"
"159449","26.19800567626953","26.19800567626953","26.19800567626953","15944","15944","15944"
"159529","23.0156192779541","23.0156192779541","23.0156192779541","15952","15952","15952"
"159549","27.125343322753906","27.125343322753906","27.125343322753906","15954","15954","15954"
"159559","23.358436584472656","23.358436584472656","23.358436584472656","15955","15955","15955"
"159569","22.92669677734375","22.92669677734375","22.92669677734375","15956","15956","15956"
"159589","20.167133331298828","20.167133331298828","20.167133331298828","15958","15958","15958"
"159609","22.553918838500977","22.553918838500977","22.553918838500977","15960","15960","15960"
"159649","17.544574737548828","17.544574737548828","17.544574737548828","15964","15964","15964"
"159659","19.134183883666992","19.134183883666992","19.134183883666992","15965","15965","15965"
"159679","30.755340576171875","30.755340576171875","30.755340576171875","15967","15967","15967"
"159689","18.862342834472656","18.862342834472656","18.862342834472656","15968","15968","15968"
"159759","27.108871459960938","27.108871459960938","27.108871459960938","15975","15975","15975"
"159809","21.852313995361328","21.852313995361328","21.852313995361328","15980","15980","15980"
"159869","20.720230102539062","20.720230102539062","20.720230102539062","15986","15986","15986"
"159889","24.433303833007812","24.433303833007812","24.433303833007812","15988","15988","15988"
"159919","21.22510528564453","21.22510528564453","21.22510528564453","15991","15991","15991"
"159969","18.35389518737793","18.35389518737793","18.35389518737793","15996","15996","15996"
"159999","21.192359924316406","21.192359924316406","21.192359924316406","15999","15999","15999"
"160009","30.210269927978516","30.210269927978516","30.210269927978516","16000","16000","16000"
"160079","21.5897159576416","21.5897159576416","21.5897159576416","16007","16007","16007"
"160089","20.645261764526367","20.645261764526367","20.645261764526367","16008","16008","16008"
"160099","25.22364044189453","25.22364044189453","25.22364044189453","16009","16009","16009"
"160119","20.58159637451172","20.58159637451172","20.58159637451172","16011","16011","16011"
"160129","19.932167053222656","19.932167053222656","19.932167053222656","16012","16012","16012"
"160169","19.782894134521484","19.782894134521484","19.782894134521484","16016","16016","16016"
"160189","20.832210540771484","20.832210540771484","20.832210540771484","16018","16018","16018"
"160199","22.313030242919922","22.313030242919922","22.313030242919922","16019","16019","16019"
"160229","23.8741455078125","23.8741455078125","23.8741455078125","16022","16022","16022"
"160249","23.686901092529297","23.686901092529297","23.686901092529297","16024","16024","16024"
"160299","37.84770202636719","37.84770202636719","37.84770202636719","16029","16029","16029"
"160319","19.371971130371094","19.371971130371094","19.371971130371094","16031","16031","16031"
"160359","23.497751235961914","23.497751235961914","23.497751235961914","16035","16035","16035"
"160439","22.81777000427246","22.81777000427246","22.81777000427246","16043","16043","16043"
"160509","18.535659790039062","18.535659790039062","18.535659790039062","16050","16050","16050"
"160519","17.221527099609375","17.221527099609375","17.221527099609375","16051","16051","16051"
"160529","18.368854522705078","18.368854522705078","18.368854522705078","16052","16052","16052"
"160539","25.402238845825195","25.402238845825195","25.402238845825195","16053","16053","16053"
"160559","24.539201736450195","24.539201736450195","24.539201736450195","16055","16055","16055"
"160579","18.554346084594727","18.554346084594727","18.554346084594727","16057","16057","16057"
"160589","28.40106201171875","28.40106201171875","28.40106201171875","16058","16058","16058"
"160599","22.528011322021484","22.528011322021484","22.528011322021484","16059","16059","16059"
"160639","19.53544807434082","19.53544807434082","19.53544807434082","16063","16063","16063"
"160679","20.964550018310547","20.964550018310547","20.964550018310547","16067","16067","16067"
"160689","19.252784729003906","19.252784729003906","19.252784729003906","16068","16068","16068"
"160709","22.7473087310791","22.7473087310791","22.7473087310791","16070","16070","16070"
"160739","20.00614356994629","20.00614356994629","20.00614356994629","16073","16073","16073"
"160759","19.100868225097656","19.100868225097656","19.100868225097656","16075","16075","16075"
"160779","24.267534255981445","24.267534255981445","24.267534255981445","16077","16077","16077"
"160789","22.580764770507812","22.580764770507812","22.580764770507812","16078","16078","16078"
"160809","20.677488327026367","20.677488327026367","20.677488327026367","16080","16080","16080"
"160819","25.464340209960938","25.464340209960938","25.464340209960938","16081","16081","16081"
"160839","24.294492721557617","24.294492721557617","24.294492721557617","16083","16083","16083"
"160869","19.90099334716797","19.90099334716797","19.90099334716797","16086","16086","16086"
"160879","17.440364837646484","17.440364837646484","17.440364837646484","16087","16087","16087"
"160889","23.404743194580078","23.404743194580078","23.404743194580078","16088","16088","16088"
"160919","17.440439224243164","17.440439224243164","17.440439224243164","16091","16091","16091"
"160929","20.752429962158203","20.752429962158203","20.752429962158203","16092","16092","16092"
"160959","25.011974334716797","25.011974334716797","25.011974334716797","16095","16095","16095"
"161009","25.282371520996094","25.282371520996094","25.282371520996094","16100","16100","16100"
"161019","23.44759750366211","23.44759750366211","23.44759750366211","16101","16101","16101"
"161039","21.606693267822266","21.606693267822266","21.606693267822266","16103","16103","16103"
"161099","21.92643928527832","21.92643928527832","21.92643928527832","16109","16109","16109"
"161179","21.424901962280273","21.424901962280273","21.424901962280273","16117","16117","16117"
"161199","19.750995635986328","19.750995635986328","19.750995635986328","16119","16119","16119"
"161289","25.37804412841797","25.37804412841797","25.37804412841797","16128","16128","16128"
"161359","20.141273498535156","20.141273498535156","20.141273498535156","16135","16135","16135"
"161369","20.103527069091797","20.103527069091797","20.103527069091797","16136","16136","16136"
"161379","23.158552169799805","23.158552169799805","23.158552169799805","16137","16137","16137"
"161429","22.82569122314453","22.82569122314453","22.82569122314453","16142","16142","16142"
"161439","20.495073318481445","20.495073318481445","20.495073318481445","16143","16143","16143"
"161459","25.34881591796875","25.34881591796875","25.34881591796875","16145","16145","16145"
"161479","22.64089012145996","22.64089012145996","22.64089012145996","16147","16147","16147"
"161489","17.37788963317871","17.37788963317871","17.37788963317871","16148","16148","16148"
"161549","25.834808349609375","25.834808349609375","25.834808349609375","16154","16154","16154"
"161559","27.95893096923828","27.95893096923828","27.95893096923828","16155","16155","16155"
"161579","25.168989181518555","25.168989181518555","25.168989181518555","16157","16157","16157"
"161589","20.640216827392578","20.640216827392578","20.640216827392578","16158","16158","16158"
"161599","18.50429344177246","18.50429344177246","18.50429344177246","16159","16159","16159"
"161619","19.832853317260742","19.832853317260742","19.832853317260742","16161","16161","16161"
"161629","21.26508331298828","21.26508331298828","21.26508331298828","16162","16162","16162"
"161639","22.188812255859375","22.188812255859375","22.188812255859375","16163","16163","16163"
"161649","18.06177520751953","18.06177520751953","18.06177520751953","16164","16164","16164"
"161699","21.092403411865234","21.092403411865234","21.092403411865234","16169","16169","16169"
"161749","23.295738220214844","23.295738220214844","23.295738220214844","16174","16174","16174"
"161759","18.601688385009766","18.601688385009766","18.601688385009766","16175","16175","16175"
"161769","20.867794036865234","20.867794036865234","20.867794036865234","16176","16176","16176"
"161819","17.079320907592773","17.079320907592773","17.079320907592773","16181","16181","16181"
"161839","24.643630981445312","24.643630981445312","24.643630981445312","16183","16183","16183"
"161869","20.11344337463379","20.11344337463379","20.11344337463379","16186","16186","16186"
"161889","21.165115356445312","21.165115356445312","21.165115356445312","16188","16188","16188"
"161899","21.744937896728516","21.744937896728516","21.744937896728516","16189","16189","16189"
"161929","23.172853469848633","23.172853469848633","23.172853469848633","16192","16192","16192"
"161939","20.580759048461914","20.580759048461914","20.580759048461914","16193","16193","16193"
"161949","20.341176986694336","20.341176986694336","20.341176986694336","16194","16194","16194"
"161979","20.453453063964844","20.453453063964844","20.453453063964844","16197","16197","16197"
"161999","21.060691833496094","21.060691833496094","21.060691833496094","16199","16199","16199"
"162029","17.066619873046875","17.066619873046875","17.066619873046875","16202","16202","16202"
"162039","23.140241622924805","23.140241622924805","23.140241622924805","16203","16203","16203"
"162059","24.638118743896484","24.638118743896484","24.638118743896484","16205","16205","16205"
"162079","15.9644136428833","15.9644136428833","15.9644136428833","16207","16207","16207"
"162149","18.468246459960938","18.468246459960938","18.468246459960938","16214","16214","16214"
"162159","16.818376541137695","16.818376541137695","16.818376541137695","16215","16215","16215"
"162189","17.382349014282227","17.382349014282227","17.382349014282227","16218","16218","16218"
"162209","19.44499969482422","19.44499969482422","19.44499969482422","16220","16220","16220"
"162239","28.28675651550293","28.28675651550293","28.28675651550293","16223","16223","16223"
"162259","25.188621520996094","25.188621520996094","25.188621520996094","16225","16225","16225"
"162299","19.029617309570312","19.029617309570312","19.029617309570312","16229","16229","16229"
"162339","21.543481826782227","21.543481826782227","21.543481826782227","16233","16233","16233"
"162369","19.3653564453125","19.3653564453125","19.3653564453125","16236","16236","16236"
"162389","20.544456481933594","20.544456481933594","20.544456481933594","16238","16238","16238"
"162409","16.69155502319336","16.69155502319336","16.69155502319336","16240","16240","16240"
"162429","19.85779571533203","19.85779571533203","19.85779571533203","16242","16242","16242"
"162469","20.403491973876953","20.403491973876953","20.403491973876953","16246","16246","16246"
"162499","20.704017639160156","20.704017639160156","20.704017639160156","16249","16249","16249"
"162519","23.98989486694336","23.98989486694336","23.98989486694336","16251","16251","16251"
"162549","21.497848510742188","21.497848510742188","21.497848510742188","16254","16254","16254"
"162569","25.404022216796875","25.404022216796875","25.404022216796875","16256","16256","16256"
"162579","19.97781753540039","19.97781753540039","19.97781753540039","16257","16257","16257"
"162609","18.69258689880371","18.69258689880371","18.69258689880371","16260","16260","16260"
"162649","21.255531311035156","21.255531311035156","21.255531311035156","16264","16264","16264"
"162659","18.725305557250977","18.725305557250977","18.725305557250977","16265","16265","16265"
"162679","29.341144561767578","29.341144561767578","29.341144561767578","16267","16267","16267"
"162689","23.066152572631836","23.066152572631836","23.066152572631836","16268","16268","16268"
"162719","25.812347412109375","25.812347412109375","25.812347412109375","16271","16271","16271"
"162729","19.404094696044922","19.404094696044922","19.404094696044922","16272","16272","16272"
"162739","24.36155891418457","24.36155891418457","24.36155891418457","16273","16273","16273"
"162749","23.728342056274414","23.728342056274414","23.728342056274414","16274","16274","16274"
"162789","26.161571502685547","26.161571502685547","26.161571502685547","16278","16278","16278"
"162809","19.142742156982422","19.142742156982422","19.142742156982422","16280","16280","16280"
"162819","22.612316131591797","22.612316131591797","22.612316131591797","16281","16281","16281"
"162829","23.68862533569336","23.68862533569336","23.68862533569336","16282","16282","16282"
"162849","17.994632720947266","17.994632720947266","17.994632720947266","16284","16284","16284"
"162879","20.270416259765625","20.270416259765625","20.270416259765625","16287","16287","16287"
"162909","22.604591369628906","22.604591369628906","22.604591369628906","16290","16290","16290"
"162949","17.69346046447754","17.69346046447754","17.69346046447754","16294","16294","16294"
"162959","21.833450317382812","21.833450317382812","21.833450317382812","16295","16295","16295"
"162989","22.69282341003418","22.69282341003418","22.69282341003418","16298","16298","16298"
"162999","22.04470443725586","22.04470443725586","22.04470443725586","16299","16299","16299"
"163069","18.546133041381836","18.546133041381836","18.546133041381836","16306","16306","16306"
"163089","18.69192886352539","18.69192886352539","18.69192886352539","16308","16308","16308"
"163129","22.926158905029297","22.926158905029297","22.926158905029297","16312","16312","16312"
"163139","23.931894302368164","23.931894302368164","23.931894302368164","16313","16313","16313"
"163149","21.99468231201172","21.99468231201172","21.99468231201172","16314","16314","16314"
"163169","22.241783142089844","22.241783142089844","22.241783142089844","16316","16316","16316"
"163189","21.216676712036133","21.216676712036133","21.216676712036133","16318","16318","16318"
"163199","20.846282958984375","20.846282958984375","20.846282958984375","16319","16319","16319"
"163239","20.385629653930664","20.385629653930664","20.385629653930664","16323","16323","16323"
"163259","23.847476959228516","23.847476959228516","23.847476959228516","16325","16325","16325"
"163289","22.00999641418457","22.00999641418457","22.00999641418457","16328","16328","16328"
"163299","21.841760635375977","21.841760635375977","21.841760635375977","16329","16329","16329"
"163339","21.516754150390625","21.516754150390625","21.516754150390625","16333","16333","16333"
"163369","22.767824172973633","22.767824172973633","22.767824172973633","16336","16336","16336"
"163399","19.43572425842285","19.43572425842285","19.43572425842285","16339","16339","16339"
"163419","24.779190063476562","24.779190063476562","24.779190063476562","16341","16341","16341"
"163429","22.233562469482422","22.233562469482422","22.233562469482422","16342","16342","16342"
"163479","16.706035614013672","16.706035614013672","16.706035614013672","16347","16347","16347"
"163489","19.8702449798584","19.8702449798584","19.8702449798584","16348","16348","16348"
"163509","25.659488677978516","25.659488677978516","25.659488677978516","16350","16350","16350"
"163529","18.058311462402344","18.058311462402344","18.058311462402344","16352","16352","16352"
"163569","27.827646255493164","27.827646255493164","27.827646255493164","16356","16356","16356"
"163579","22.029104232788086","22.029104232788086","22.029104232788086","16357","16357","16357"
"163629","21.673538208007812","21.673538208007812","21.673538208007812","16362","16362","16362"
"163659","19.786846160888672","19.786846160888672","19.786846160888672","16365","16365","16365"
"163699","26.318607330322266","26.318607330322266","26.318607330322266","16369","16369","16369"
"163739","31.528451919555664","31.528451919555664","31.528451919555664","16373","16373","16373"
"163759","19.358200073242188","19.358200073242188","19.358200073242188","16375","16375","16375"
"163819","23.640872955322266","23.640872955322266","23.640872955322266","16381","16381","16381"
"163899","21.79370880126953","21.79370880126953","21.79370880126953","16389","16389","16389"
"163909","20.715492248535156","20.715492248535156","20.715492248535156","16390","16390","16390"
"163959","23.189346313476562","23.189346313476562","23.189346313476562","16395","16395","16395"
"163979","26.501081466674805","26.501081466674805","26.501081466674805","16397","16397","16397"
"163999","23.113117218017578","23.113117218017578","23.113117218017578","16399","16399","16399"
"164009","20.29694366455078","20.29694366455078","20.29694366455078","16400","16400","16400"
"164029","20.70805549621582","20.70805549621582","20.70805549621582","16402","16402","16402"
"164079","20.493324279785156","20.493324279785156","20.493324279785156","16407","16407","16407"
"164109","20.37281036376953","20.37281036376953","20.37281036376953","16410","16410","16410"
"164119","19.853458404541016","19.853458404541016","19.853458404541016","16411","16411","16411"
"164139","20.478498458862305","20.478498458862305","20.478498458862305","16413","16413","16413"
"164249","18.350505828857422","18.350505828857422","18.350505828857422","16424","16424","16424"
"164269","22.693897247314453","22.693897247314453","22.693897247314453","16426","16426","16426"
"164289","25.691116333007812","25.691116333007812","25.691116333007812","16428","16428","16428"
"164299","25.420520782470703","25.420520782470703","25.420520782470703","16429","16429","16429"
"164309","21.1643009185791","21.1643009185791","21.1643009185791","16430","16430","16430"
"164319","20.464155197143555","20.464155197143555","20.464155197143555","16431","16431","16431"
"164329","22.817798614501953","22.817798614501953","22.817798614501953","16432","16432","16432"
"164349","21.632431030273438","21.632431030273438","21.632431030273438","16434","16434","16434"
"164359","21.224220275878906","21.224220275878906","21.224220275878906","16435","16435","16435"
"164409","20.000839233398438","20.000839233398438","20.000839233398438","16440","16440","16440"
"164429","18.769929885864258","18.769929885864258","18.769929885864258","16442","16442","16442"
"164439","21.877155303955078","21.877155303955078","21.877155303955078","16443","16443","16443"
"164449","20.507028579711914","20.507028579711914","20.507028579711914","16444","16444","16444"
"164459","21.445884704589844","21.445884704589844","21.445884704589844","16445","16445","16445"
"164469","16.322383880615234","16.322383880615234","16.322383880615234","16446","16446","16446"
"164509","22.25668716430664","22.25668716430664","22.25668716430664","16450","16450","16450"
"164529","25.93977928161621","25.93977928161621","25.93977928161621","16452","16452","16452"
"164539","20.695459365844727","20.695459365844727","20.695459365844727","16453","16453","16453"
"164549","16.48713493347168","16.48713493347168","16.48713493347168","16454","16454","16454"
"164579","20.20900535583496","20.20900535583496","20.20900535583496","16457","16457","16457"
"164589","26.395977020263672","26.395977020263672","26.395977020263672","16458","16458","16458"
"164619","21.560972213745117","21.560972213745117","21.560972213745117","16461","16461","16461"
"164629","17.33106803894043","17.33106803894043","17.33106803894043","16462","16462","16462"
"164669","22.911975860595703","22.911975860595703","22.911975860595703","16466","16466","16466"
"164699","20.065410614013672","20.065410614013672","20.065410614013672","16469","16469","16469"
"164739","27.665027618408203","27.665027618408203","27.665027618408203","16473","16473","16473"
"164839","21.422285079956055","21.422285079956055","21.422285079956055","16483","16483","16483"
"164859","22.001237869262695","22.001237869262695","22.001237869262695","16485","16485","16485"
"164879","18.92386245727539","18.92386245727539","18.92386245727539","16487","16487","16487"
"164889","17.920045852661133","17.920045852661133","17.920045852661133","16488","16488","16488"
"164899","21.65797996520996","21.65797996520996","21.65797996520996","16489","16489","16489"
"164909","24.33301544189453","24.33301544189453","24.33301544189453","16490","16490","16490"
"164919","21.829933166503906","21.829933166503906","21.829933166503906","16491","16491","16491"
"164959","17.63416290283203","17.63416290283203","17.63416290283203","16495","16495","16495"
"164979","19.28314208984375","19.28314208984375","19.28314208984375","16497","16497","16497"
"165019","19.997737884521484","19.997737884521484","19.997737884521484","16501","16501","16501"
"165029","22.616138458251953","22.616138458251953","22.616138458251953","16502","16502","16502"
"165059","21.179882049560547","21.179882049560547","21.179882049560547","16505","16505","16505"
"165069","29.597816467285156","29.597816467285156","29.597816467285156","16506","16506","16506"
"165109","19.306400299072266","19.306400299072266","19.306400299072266","16510","16510","16510"
"165149","19.833507537841797","19.833507537841797","19.833507537841797","16514","16514","16514"
"165169","21.104930877685547","21.104930877685547","21.104930877685547","16516","16516","16516"
"165189","18.306396484375","18.306396484375","18.306396484375","16518","16518","16518"
"165229","18.897258758544922","18.897258758544922","18.897258758544922","16522","16522","16522"
"165279","22.976882934570312","22.976882934570312","22.976882934570312","16527","16527","16527"
"165299","24.33963394165039","24.33963394165039","24.33963394165039","16529","16529","16529"
"165309","20.82642364501953","20.82642364501953","20.82642364501953","16530","16530","16530"
"165319","21.408702850341797","21.408702850341797","21.408702850341797","16531","16531","16531"
"165349","16.643245697021484","16.643245697021484","16.643245697021484","16534","16534","16534"
"165379","19.45454216003418","19.45454216003418","19.45454216003418","16537","16537","16537"
"165409","18.91392707824707","18.91392707824707","18.91392707824707","16540","16540","16540"
"165419","22.345561981201172","22.345561981201172","22.345561981201172","16541","16541","16541"
"165439","22.068252563476562","22.068252563476562","22.068252563476562","16543","16543","16543"
"165449","22.557506561279297","22.557506561279297","22.557506561279297","16544","16544","16544"
"165539","18.668209075927734","18.668209075927734","18.668209075927734","16553","16553","16553"
"165549","17.7694091796875","17.7694091796875","17.7694091796875","16554","16554","16554"
"165569","22.55769157409668","22.55769157409668","22.55769157409668","16556","16556","16556"
"165599","22.16819953918457","22.16819953918457","22.16819953918457","16559","16559","16559"
"165639","25.344959259033203","25.344959259033203","25.344959259033203","16563","16563","16563"
"165679","20.597553253173828","20.597553253173828","20.597553253173828","16567","16567","16567"
"165699","19.86069107055664","19.86069107055664","19.86069107055664","16569","16569","16569"
"165709","23.14850616455078","23.14850616455078","23.14850616455078","16570","16570","16570"
"165719","19.33184814453125","19.33184814453125","19.33184814453125","16571","16571","16571"
"165749","18.68340492248535","18.68340492248535","18.68340492248535","16574","16574","16574"
"165819","22.990327835083008","22.990327835083008","22.990327835083008","16581","16581","16581"
"165829","18.01970100402832","18.01970100402832","18.01970100402832","16582","16582","16582"
"165859","23.088600158691406","23.088600158691406","23.088600158691406","16585","16585","16585"
"165869","21.109821319580078","21.109821319580078","21.109821319580078","16586","16586","16586"
"165879","19.054569244384766","19.054569244384766","19.054569244384766","16587","16587","16587"
"165939","22.974796295166016","22.974796295166016","22.974796295166016","16593","16593","16593"
"165949","25.03609848022461","25.03609848022461","25.03609848022461","16594","16594","16594"
"165969","17.469833374023438","17.469833374023438","17.469833374023438","16596","16596","16596"
"166099","19.57145118713379","19.57145118713379","19.57145118713379","16609","16609","16609"
"166109","25.66545295715332","25.66545295715332","25.66545295715332","16610","16610","16610"
"166129","25.02548599243164","25.02548599243164","25.02548599243164","16612","16612","16612"
"166139","19.297800064086914","19.297800064086914","19.297800064086914","16613","16613","16613"
"166159","30.533367156982422","30.533367156982422","30.533367156982422","16615","16615","16615"
"166169","20.79977035522461","20.79977035522461","20.79977035522461","16616","16616","16616"
"166179","21.779617309570312","21.779617309570312","21.779617309570312","16617","16617","16617"
"166219","28.36376190185547","28.36376190185547","28.36376190185547","16621","16621","16621"
"166229","22.30031967163086","22.30031967163086","22.30031967163086","16622","16622","16622"
"166239","23.522682189941406","23.522682189941406","23.522682189941406","16623","16623","16623"
"166259","25.693632125854492","25.693632125854492","25.693632125854492","16625","16625","16625"
"166289","19.3328800201416","19.3328800201416","19.3328800201416","16628","16628","16628"
"166309","19.755529403686523","19.755529403686523","19.755529403686523","16630","16630","16630"
"166319","17.559356689453125","17.559356689453125","17.559356689453125","16631","16631","16631"
"166349","25.731197357177734","25.731197357177734","25.731197357177734","16634","16634","16634"
"166369","20.331623077392578","20.331623077392578","20.331623077392578","16636","16636","16636"
"166399","19.76800537109375","19.76800537109375","19.76800537109375","16639","16639","16639"
"166419","21.485605239868164","21.485605239868164","21.485605239868164","16641","16641","16641"
"166439","21.834667205810547","21.834667205810547","21.834667205810547","16643","16643","16643"
"166469","23.151241302490234","23.151241302490234","23.151241302490234","16646","16646","16646"
"166489","21.390125274658203","21.390125274658203","21.390125274658203","16648","16648","16648"
"166499","24.812545776367188","24.812545776367188","24.812545776367188","16649","16649","16649"
"166549","20.54433250427246","20.54433250427246","20.54433250427246","16654","16654","16654"
"166559","20.90544319152832","20.90544319152832","20.90544319152832","16655","16655","16655"
"166569","19.958036422729492","19.958036422729492","19.958036422729492","16656","16656","16656"
"166599","22.179615020751953","22.179615020751953","22.179615020751953","16659","16659","16659"
"166669","23.928874969482422","23.928874969482422","23.928874969482422","16666","16666","16666"
"166709","25.134119033813477","25.134119033813477","25.134119033813477","16670","16670","16670"
"166729","20.379972457885742","20.379972457885742","20.379972457885742","16672","16672","16672"
"166739","19.044269561767578","19.044269561767578","19.044269561767578","16673","16673","16673"
"166749","20.871339797973633","20.871339797973633","20.871339797973633","16674","16674","16674"
"166759","25.330827713012695","25.330827713012695","25.330827713012695","16675","16675","16675"
"166779","20.675331115722656","20.675331115722656","20.675331115722656","16677","16677","16677"
"166859","27.96990203857422","27.96990203857422","27.96990203857422","16685","16685","16685"
"166869","20.22006607055664","20.22006607055664","20.22006607055664","16686","16686","16686"
"166899","24.81098747253418","24.81098747253418","24.81098747253418","16689","16689","16689"
"166919","23.02057647705078","23.02057647705078","23.02057647705078","16691","16691","16691"
"166929","18.596023559570312","18.596023559570312","18.596023559570312","16692","16692","16692"
"166939","19.527921676635742","19.527921676635742","19.527921676635742","16693","16693","16693"
"166959","23.55457878112793","23.55457878112793","23.55457878112793","16695","16695","16695"
"166969","19.17744255065918","19.17744255065918","19.17744255065918","16696","16696","16696"
"166979","22.114301681518555","22.114301681518555","22.114301681518555","16697","16697","16697"
"167019","20.62635040283203","20.62635040283203","20.62635040283203","16701","16701","16701"
"167049","20.78908348083496","20.78908348083496","20.78908348083496","16704","16704","16704"
"167059","22.9617919921875","22.9617919921875","22.9617919921875","16705","16705","16705"
"167079","22.64612579345703","22.64612579345703","22.64612579345703","16707","16707","16707"
"167179","27.4046573638916","27.4046573638916","27.4046573638916","16717","16717","16717"
"167189","22.57217788696289","22.57217788696289","22.57217788696289","16718","16718","16718"
"167219","19.76688003540039","19.76688003540039","19.76688003540039","16721","16721","16721"
"167249","19.535484313964844","19.535484313964844","19.535484313964844","16724","16724","16724"
"167259","21.13602066040039","21.13602066040039","21.13602066040039","16725","16725","16725"
"167289","22.980131149291992","22.980131149291992","22.980131149291992","16728","16728","16728"
"167319","26.532440185546875","26.532440185546875","26.532440185546875","16731","16731","16731"
"167329","18.844343185424805","18.844343185424805","18.844343185424805","16732","16732","16732"
"167349","21.757606506347656","21.757606506347656","21.757606506347656","16734","16734","16734"
"167369","20.72382164001465","20.72382164001465","20.72382164001465","16736","16736","16736"
"167399","24.17804718017578","24.17804718017578","24.17804718017578","16739","16739","16739"
"167409","22.235876083374023","22.235876083374023","22.235876083374023","16740","16740","16740"
"167429","25.206310272216797","25.206310272216797","25.206310272216797","16742","16742","16742"
"167449","28.214427947998047","28.214427947998047","28.214427947998047","16744","16744","16744"
"167459","24.111316680908203","24.111316680908203","24.111316680908203","16745","16745","16745"
"167479","18.401391983032227","18.401391983032227","18.401391983032227","16747","16747","16747"
"167529","23.97674560546875","23.97674560546875","23.97674560546875","16752","16752","16752"
"167539","24.27837562561035","24.27837562561035","24.27837562561035","16753","16753","16753"
"167589","26.539962768554688","26.539962768554688","26.539962768554688","16758","16758","16758"
"167599","25.8366641998291","25.8366641998291","25.8366641998291","16759","16759","16759"
"167609","21.62257957458496","21.62257957458496","21.62257957458496","16760","16760","16760"
"167629","19.058929443359375","19.058929443359375","19.058929443359375","16762","16762","16762"
"167639","22.43634796142578","22.43634796142578","22.43634796142578","16763","16763","16763"
"167649","20.40013885498047","20.40013885498047","20.40013885498047","16764","16764","16764"
"167679","20.20519256591797","20.20519256591797","20.20519256591797","16767","16767","16767"
"167699","18.78868865966797","18.78868865966797","18.78868865966797","16769","16769","16769"
"167749","24.892337799072266","24.892337799072266","24.892337799072266","16774","16774","16774"
"167769","21.25456428527832","21.25456428527832","21.25456428527832","16776","16776","16776"
"167789","20.856712341308594","20.856712341308594","20.856712341308594","16778","16778","16778"
"167799","18.38986587524414","18.38986587524414","18.38986587524414","16779","16779","16779"
"167809","22.16487693786621","22.16487693786621","22.16487693786621","16780","16780","16780"
"167839","22.44288444519043","22.44288444519043","22.44288444519043","16783","16783","16783"
"167849","22.388412475585938","22.388412475585938","22.388412475585938","16784","16784","16784"
"167859","19.24425506591797","19.24425506591797","19.24425506591797","16785","16785","16785"
"167869","25.11187171936035","25.11187171936035","25.11187171936035","16786","16786","16786"
"167879","18.36162567138672","18.36162567138672","18.36162567138672","16787","16787","16787"
"167889","18.48051643371582","18.48051643371582","18.48051643371582","16788","16788","16788"
"167899","17.49028205871582","17.49028205871582","17.49028205871582","16789","16789","16789"
"167929","21.39710807800293","21.39710807800293","21.39710807800293","16792","16792","16792"
"167949","20.358478546142578","20.358478546142578","20.358478546142578","16794","16794","16794"
"167959","22.826040267944336","22.826040267944336","22.826040267944336","16795","16795","16795"
"167989","19.942792892456055","19.942792892456055","19.942792892456055","16798","16798","16798"
"168019","18.585407257080078","18.585407257080078","18.585407257080078","16801","16801","16801"
"168049","19.248754501342773","19.248754501342773","19.248754501342773","16804","16804","16804"
"168059","21.182100296020508","21.182100296020508","21.182100296020508","16805","16805","16805"
"168089","23.23346710205078","23.23346710205078","23.23346710205078","16808","16808","16808"
"168119","21.533153533935547","21.533153533935547","21.533153533935547","16811","16811","16811"
"168149","23.544790267944336","23.544790267944336","23.544790267944336","16814","16814","16814"
"168169","21.962736129760742","21.962736129760742","21.962736129760742","16816","16816","16816"
"168179","23.933032989501953","23.933032989501953","23.933032989501953","16817","16817","16817"
"168189","19.84634017944336","19.84634017944336","19.84634017944336","16818","16818","16818"
"168199","21.023208618164062","21.023208618164062","21.023208618164062","16819","16819","16819"
"168209","26.265823364257812","26.265823364257812","26.265823364257812","16820","16820","16820"
"168229","21.241243362426758","21.241243362426758","21.241243362426758","16822","16822","16822"
"168239","19.109039306640625","19.109039306640625","19.109039306640625","16823","16823","16823"
"168259","23.05414581298828","23.05414581298828","23.05414581298828","16825","16825","16825"
"168279","20.8330135345459","20.8330135345459","20.8330135345459","16827","16827","16827"
"168319","20.980525970458984","20.980525970458984","20.980525970458984","16831","16831","16831"
"168329","18.145858764648438","18.145858764648438","18.145858764648438","16832","16832","16832"
"168369","18.3502254486084","18.3502254486084","18.3502254486084","16836","16836","16836"
"168459","22.058107376098633","22.058107376098633","22.058107376098633","16845","16845","16845"
"168479","18.11818504333496","18.11818504333496","18.11818504333496","16847","16847","16847"
"168489","21.893369674682617","21.893369674682617","21.893369674682617","16848","16848","16848"
"168539","27.47799301147461","27.47799301147461","27.47799301147461","16853","16853","16853"
"168569","17.752071380615234","17.752071380615234","17.752071380615234","16856","16856","16856"
"168579","22.769975662231445","22.769975662231445","22.769975662231445","16857","16857","16857"
"168589","19.925132751464844","19.925132751464844","19.925132751464844","16858","16858","16858"
"168599","22.158985137939453","22.158985137939453","22.158985137939453","16859","16859","16859"
"168609","24.011890411376953","24.011890411376953","24.011890411376953","16860","16860","16860"
"168619","21.1451358795166","21.1451358795166","21.1451358795166","16861","16861","16861"
"168649","23.15800666809082","23.15800666809082","23.15800666809082","16864","16864","16864"
"168669","25.446365356445312","25.446365356445312","25.446365356445312","16866","16866","16866"
"168719","19.166799545288086","19.166799545288086","19.166799545288086","16871","16871","16871"
"168739","22.321733474731445","22.321733474731445","22.321733474731445","16873","16873","16873"
"168759","23.212085723876953","23.212085723876953","23.212085723876953","16875","16875","16875"
"168769","23.84998321533203","23.84998321533203","23.84998321533203","16876","16876","16876"
"168779","21.141849517822266","21.141849517822266","21.141849517822266","16877","16877","16877"
"168789","24.74481773376465","24.74481773376465","24.74481773376465","16878","16878","16878"
"168809","25.18536376953125","25.18536376953125","25.18536376953125","16880","16880","16880"
"168819","20.243528366088867","20.243528366088867","20.243528366088867","16881","16881","16881"
"168829","20.099605560302734","20.099605560302734","20.099605560302734","16882","16882","16882"
"168849","20.54474449157715","20.54474449157715","20.54474449157715","16884","16884","16884"
"168859","28.419715881347656","28.419715881347656","28.419715881347656","16885","16885","16885"
"168919","20.85892105102539","20.85892105102539","20.85892105102539","16891","16891","16891"
"168929","21.854610443115234","21.854610443115234","21.854610443115234","16892","16892","16892"
"168939","20.75731086730957","20.75731086730957","20.75731086730957","16893","16893","16893"
"168999","20.503353118896484","20.503353118896484","20.503353118896484","16899","16899","16899"
"169019","19.801979064941406","19.801979064941406","19.801979064941406","16901","16901","16901"
"169049","24.568256378173828","24.568256378173828","24.568256378173828","16904","16904","16904"
"169059","21.271949768066406","21.271949768066406","21.271949768066406","16905","16905","16905"
"169089","21.74994468688965","21.74994468688965","21.74994468688965","16908","16908","16908"
"169139","18.23166275024414","18.23166275024414","18.23166275024414","16913","16913","16913"
"169159","21.319332122802734","21.319332122802734","21.319332122802734","16915","16915","16915"
"169169","21.038795471191406","21.038795471191406","21.038795471191406","16916","16916","16916"
"169189","19.921085357666016","19.921085357666016","19.921085357666016","16918","16918","16918"
"169209","20.865150451660156","20.865150451660156","20.865150451660156","16920","16920","16920"
"169229","22.36526870727539","22.36526870727539","22.36526870727539","16922","16922","16922"
"169239","20.624624252319336","20.624624252319336","20.624624252319336","16923","16923","16923"
"169249","22.40045738220215","22.40045738220215","22.40045738220215","16924","16924","16924"
"169279","20.593544006347656","20.593544006347656","20.593544006347656","16927","16927","16927"
"169319","19.44028663635254","19.44028663635254","19.44028663635254","16931","16931","16931"
"169329","29.38707733154297","29.38707733154297","29.38707733154297","16932","16932","16932"
"169359","19.386566162109375","19.386566162109375","19.386566162109375","16935","16935","16935"
"169369","23.6232852935791","23.6232852935791","23.6232852935791","16936","16936","16936"
"169399","22.872194290161133","22.872194290161133","22.872194290161133","16939","16939","16939"
"169409","29.02530860900879","29.02530860900879","29.02530860900879","16940","16940","16940"
"169449","21.59543228149414","21.59543228149414","21.59543228149414","16944","16944","16944"
"169479","18.023956298828125","18.023956298828125","18.023956298828125","16947","16947","16947"
"169519","19.315820693969727","19.315820693969727","19.315820693969727","16951","16951","16951"
"169549","21.612255096435547","21.612255096435547","21.612255096435547","16954","16954","16954"
"169659","16.895709991455078","16.895709991455078","16.895709991455078","16965","16965","16965"
"169709","20.883028030395508","20.883028030395508","20.883028030395508","16970","16970","16970"
"169729","18.601282119750977","18.601282119750977","18.601282119750977","16972","16972","16972"
"169739","20.353395462036133","20.353395462036133","20.353395462036133","16973","16973","16973"
"169769","23.810394287109375","23.810394287109375","23.810394287109375","16976","16976","16976"
"169809","19.601863861083984","19.601863861083984","19.601863861083984","16980","16980","16980"
"169819","25.069190979003906","25.069190979003906","25.069190979003906","16981","16981","16981"
"169829","23.975116729736328","23.975116729736328","23.975116729736328","16982","16982","16982"
"169839","24.694557189941406","24.694557189941406","24.694557189941406","16983","16983","16983"
"169849","21.159683227539062","21.159683227539062","21.159683227539062","16984","16984","16984"
"169869","23.824241638183594","23.824241638183594","23.824241638183594","16986","16986","16986"
"169879","21.409008026123047","21.409008026123047","21.409008026123047","16987","16987","16987"
"169899","23.478778839111328","23.478778839111328","23.478778839111328","16989","16989","16989"
"169909","23.33304214477539","23.33304214477539","23.33304214477539","16990","16990","16990"
"169919","24.036752700805664","24.036752700805664","24.036752700805664","16991","16991","16991"
"169929","19.84103012084961","19.84103012084961","19.84103012084961","16992","16992","16992"
"169939","23.35655975341797","23.35655975341797","23.35655975341797","16993","16993","16993"
"169989","20.52958869934082","20.52958869934082","20.52958869934082","16998","16998","16998"
"170009","18.534109115600586","18.534109115600586","18.534109115600586","17000","17000","17000"
"170019","19.042173385620117","19.042173385620117","19.042173385620117","17001","17001","17001"
"170049","16.267345428466797","16.267345428466797","16.267345428466797","17004","17004","17004"
"170069","18.216236114501953","18.216236114501953","18.216236114501953","17006","17006","17006"
"170079","24.98043441772461","24.98043441772461","24.98043441772461","17007","17007","17007"
"170099","24.008953094482422","24.008953094482422","24.008953094482422","17009","17009","17009"
"170129","17.403047561645508","17.403047561645508","17.403047561645508","17012","17012","17012"
"170139","26.41202163696289","26.41202163696289","26.41202163696289","17013","17013","17013"
"170229","22.33757972717285","22.33757972717285","22.33757972717285","17022","17022","17022"
"170239","29.0272216796875","29.0272216796875","29.0272216796875","17023","17023","17023"
"170249","16.49073028564453","16.49073028564453","16.49073028564453","17024","17024","17024"
"170259","21.600099563598633","21.600099563598633","21.600099563598633","17025","17025","17025"
"170289","17.901758193969727","17.901758193969727","17.901758193969727","17028","17028","17028"
"170299","21.401630401611328","21.401630401611328","21.401630401611328","17029","17029","17029"
"170309","20.950157165527344","20.950157165527344","20.950157165527344","17030","17030","17030"
"170329","19.78525161743164","19.78525161743164","19.78525161743164","17032","17032","17032"
"170339","23.476858139038086","23.476858139038086","23.476858139038086","17033","17033","17033"
"170349","25.279315948486328","25.279315948486328","25.279315948486328","17034","17034","17034"
"170379","20.442787170410156","20.442787170410156","20.442787170410156","17037","17037","17037"
"170419","22.166778564453125","22.166778564453125","22.166778564453125","17041","17041","17041"
"170439","22.01903533935547","22.01903533935547","22.01903533935547","17043","17043","17043"
"170499","22.251323699951172","22.251323699951172","22.251323699951172","17049","17049","17049"
"170509","21.094581604003906","21.094581604003906","21.094581604003906","17050","17050","17050"
"170539","18.712560653686523","18.712560653686523","18.712560653686523","17053","17053","17053"
"170549","22.107267379760742","22.107267379760742","22.107267379760742","17054","17054","17054"
"170629","22.290721893310547","22.290721893310547","22.290721893310547","17062","17062","17062"
"170639","20.155670166015625","20.155670166015625","20.155670166015625","17063","17063","17063"
"170649","24.25667381286621","24.25667381286621","24.25667381286621","17064","17064","17064"
"170679","22.696456909179688","22.696456909179688","22.696456909179688","17067","17067","17067"
"170689","20.56395721435547","20.56395721435547","20.56395721435547","17068","17068","17068"
"170699","23.691404342651367","23.691404342651367","23.691404342651367","17069","17069","17069"
"170779","19.522768020629883","19.522768020629883","19.522768020629883","17077","17077","17077"
"170829","22.134830474853516","22.134830474853516","22.134830474853516","17082","17082","17082"
"170839","23.37885856628418","23.37885856628418","23.37885856628418","17083","17083","17083"
"170849","23.6246395111084","23.6246395111084","23.6246395111084","17084","17084","17084"
"170859","23.479413986206055","23.479413986206055","23.479413986206055","17085","17085","17085"
"170989","24.91045379638672","24.91045379638672","24.91045379638672","17098","17098","17098"
"171019","22.086931228637695","22.086931228637695","22.086931228637695","17101","17101","17101"
"171039","19.19927215576172","19.19927215576172","19.19927215576172","17103","17103","17103"
"171069","23.794212341308594","23.794212341308594","23.794212341308594","17106","17106","17106"
"171089","20.82863998413086","20.82863998413086","20.82863998413086","17108","17108","17108"
"171109","24.165252685546875","24.165252685546875","24.165252685546875","17110","17110","17110"
"171119","20.038848876953125","20.038848876953125","20.038848876953125","17111","17111","17111"
"171129","18.03195571899414","18.03195571899414","18.03195571899414","17112","17112","17112"
"171139","21.908077239990234","21.908077239990234","21.908077239990234","17113","17113","17113"
"171169","17.40164566040039","17.40164566040039","17.40164566040039","17116","17116","17116"
"171209","22.741291046142578","22.741291046142578","22.741291046142578","17120","17120","17120"
"171219","19.479093551635742","19.479093551635742","19.479093551635742","17121","17121","17121"
"171259","21.660560607910156","21.660560607910156","21.660560607910156","17125","17125","17125"
"171329","19.431045532226562","19.431045532226562","19.431045532226562","17132","17132","17132"
"171379","21.511030197143555","21.511030197143555","21.511030197143555","17137","17137","17137"
"171399","23.920108795166016","23.920108795166016","23.920108795166016","17139","17139","17139"
"171429","23.308408737182617","23.308408737182617","23.308408737182617","17142","17142","17142"
"171459","22.396194458007812","22.396194458007812","22.396194458007812","17145","17145","17145"
"171469","21.814247131347656","21.814247131347656","21.814247131347656","17146","17146","17146"
"171489","17.812366485595703","17.812366485595703","17.812366485595703","17148","17148","17148"
"171509","19.451086044311523","19.451086044311523","19.451086044311523","17150","17150","17150"
"171569","19.736501693725586","19.736501693725586","19.736501693725586","17156","17156","17156"
"171579","22.273284912109375","22.273284912109375","22.273284912109375","17157","17157","17157"
"171599","22.03922462463379","22.03922462463379","22.03922462463379","17159","17159","17159"
"171609","18.775405883789062","18.775405883789062","18.775405883789062","17160","17160","17160"
"171619","21.89388084411621","21.89388084411621","21.89388084411621","17161","17161","17161"
"171629","24.676700592041016","24.676700592041016","24.676700592041016","17162","17162","17162"
"171639","24.101409912109375","24.101409912109375","24.101409912109375","17163","17163","17163"
"171649","20.850797653198242","20.850797653198242","20.850797653198242","17164","17164","17164"
"171659","22.400583267211914","22.400583267211914","22.400583267211914","17165","17165","17165"
"171689","18.92220687866211","18.92220687866211","18.92220687866211","17168","17168","17168"
"171749","21.319625854492188","21.319625854492188","21.319625854492188","17174","17174","17174"
"171769","21.75029754638672","21.75029754638672","21.75029754638672","17176","17176","17176"
"171779","18.61730194091797","18.61730194091797","18.61730194091797","17177","17177","17177"
"171789","28.217323303222656","28.217323303222656","28.217323303222656","17178","17178","17178"
"171919","24.57366371154785","24.57366371154785","24.57366371154785","17191","17191","17191"
"171929","28.43675994873047","28.43675994873047","28.43675994873047","17192","17192","17192"
"171969","22.567825317382812","22.567825317382812","22.567825317382812","17196","17196","17196"
"171989","19.76740837097168","19.76740837097168","19.76740837097168","17198","17198","17198"
"172019","18.883956909179688","18.883956909179688","18.883956909179688","17201","17201","17201"
"172059","19.33229637145996","19.33229637145996","19.33229637145996","17205","17205","17205"
"172069","19.03563690185547","19.03563690185547","19.03563690185547","17206","17206","17206"
"172149","21.730989456176758","21.730989456176758","21.730989456176758","17214","17214","17214"
"172189","17.67198371887207","17.67198371887207","17.67198371887207","17218","17218","17218"
"172239","21.348018646240234","21.348018646240234","21.348018646240234","17223","17223","17223"
"172259","19.698532104492188","19.698532104492188","19.698532104492188","17225","17225","17225"
"172289","20.33220672607422","20.33220672607422","20.33220672607422","17228","17228","17228"
"172299","21.37985610961914","21.37985610961914","21.37985610961914","17229","17229","17229"
"172329","23.207239151000977","23.207239151000977","23.207239151000977","17232","17232","17232"
"172339","19.19753074645996","19.19753074645996","19.19753074645996","17233","17233","17233"
"172359","22.04414939880371","22.04414939880371","22.04414939880371","17235","17235","17235"
"172459","18.3323974609375","18.3323974609375","18.3323974609375","17245","17245","17245"
"172469","18.712162017822266","18.712162017822266","18.712162017822266","17246","17246","17246"
"172479","20.925024032592773","20.925024032592773","20.925024032592773","17247","17247","17247"
"172489","19.302412033081055","19.302412033081055","19.302412033081055","17248","17248","17248"
"172539","22.66374969482422","22.66374969482422","22.66374969482422","17253","17253","17253"
"172559","28.57127571105957","28.57127571105957","28.57127571105957","17255","17255","17255"
"172569","18.102481842041016","18.102481842041016","18.102481842041016","17256","17256","17256"
"172579","20.58473777770996","20.58473777770996","20.58473777770996","17257","17257","17257"
"172599","22.143821716308594","22.143821716308594","22.143821716308594","17259","17259","17259"
"172609","23.690208435058594","23.690208435058594","23.690208435058594","17260","17260","17260"
"172679","23.259502410888672","23.259502410888672","23.259502410888672","17267","17267","17267"
"172689","25.09697151184082","25.09697151184082","25.09697151184082","17268","17268","17268"
"172719","24.512479782104492","24.512479782104492","24.512479782104492","17271","17271","17271"
"172749","20.83942222595215","20.83942222595215","20.83942222595215","17274","17274","17274"
"172759","19.461023330688477","19.461023330688477","19.461023330688477","17275","17275","17275"
"172769","22.5425968170166","22.5425968170166","22.5425968170166","17276","17276","17276"
"172789","24.2226505279541","24.2226505279541","24.2226505279541","17278","17278","17278"
"172809","28.345251083374023","28.345251083374023","28.345251083374023","17280","17280","17280"
"172839","19.495132446289062","19.495132446289062","19.495132446289062","17283","17283","17283"
"172859","19.87873077392578","19.87873077392578","19.87873077392578","17285","17285","17285"
"172919","20.93500518798828","20.93500518798828","20.93500518798828","17291","17291","17291"
"172949","24.887683868408203","24.887683868408203","24.887683868408203","17294","17294","17294"
"172959","37.39124298095703","37.39124298095703","37.39124298095703","17295","17295","17295"
"172989","31.778823852539062","31.778823852539062","31.778823852539062","17298","17298","17298"
"173019","19.76734161376953","19.76734161376953","19.76734161376953","17301","17301","17301"
"173069","20.493432998657227","20.493432998657227","20.493432998657227","17306","17306","17306"
"173089","23.50322151184082","23.50322151184082","23.50322151184082","17308","17308","17308"
"173099","20.32052993774414","20.32052993774414","20.32052993774414","17309","17309","17309"
"173129","23.009525299072266","23.009525299072266","23.009525299072266","17312","17312","17312"
"173139","19.96339225769043","19.96339225769043","19.96339225769043","17313","17313","17313"
"173149","21.408071517944336","21.408071517944336","21.408071517944336","17314","17314","17314"
"173169","24.521072387695312","24.521072387695312","24.521072387695312","17316","17316","17316"
"173189","21.36929702758789","21.36929702758789","21.36929702758789","17318","17318","17318"
"173199","23.089153289794922","23.089153289794922","23.089153289794922","17319","17319","17319"
"173229","22.208959579467773","22.208959579467773","22.208959579467773","17322","17322","17322"
"173239","24.347448348999023","24.347448348999023","24.347448348999023","17323","17323","17323"
"173289","23.260372161865234","23.260372161865234","23.260372161865234","17328","17328","17328"
"173319","19.24588394165039","19.24588394165039","19.24588394165039","17331","17331","17331"
"173349","20.128929138183594","20.128929138183594","20.128929138183594","17334","17334","17334"
"173369","16.016204833984375","16.016204833984375","16.016204833984375","17336","17336","17336"
"173399","30.560802459716797","30.560802459716797","30.560802459716797","17339","17339","17339"
"173419","22.785400390625","22.785400390625","22.785400390625","17341","17341","17341"
"173449","19.858354568481445","19.858354568481445","19.858354568481445","17344","17344","17344"
"173459","22.627674102783203","22.627674102783203","22.627674102783203","17345","17345","17345"
"173479","20.305150985717773","20.305150985717773","20.305150985717773","17347","17347","17347"
"173489","18.253536224365234","18.253536224365234","18.253536224365234","17348","17348","17348"
"173499","22.008678436279297","22.008678436279297","22.008678436279297","17349","17349","17349"
"173539","46.15287780761719","46.15287780761719","46.15287780761719","17353","17353","17353"
"173569","22.067203521728516","22.067203521728516","22.067203521728516","17356","17356","17356"
"173579","21.629302978515625","21.629302978515625","21.629302978515625","17357","17357","17357"
"173609","24.010940551757812","24.010940551757812","24.010940551757812","17360","17360","17360"
"173619","20.49584197998047","20.49584197998047","20.49584197998047","17361","17361","17361"
"173639","22.513652801513672","22.513652801513672","22.513652801513672","17363","17363","17363"
"173689","18.207096099853516","18.207096099853516","18.207096099853516","17368","17368","17368"
"173699","18.2737979888916","18.2737979888916","18.2737979888916","17369","17369","17369"
"173719","21.776805877685547","21.776805877685547","21.776805877685547","17371","17371","17371"
"173729","19.427154541015625","19.427154541015625","19.427154541015625","17372","17372","17372"
"173769","21.277509689331055","21.277509689331055","21.277509689331055","17376","17376","17376"
"173789","23.668933868408203","23.668933868408203","23.668933868408203","17378","17378","17378"
"173819","20.855344772338867","20.855344772338867","20.855344772338867","17381","17381","17381"
"173839","21.224998474121094","21.224998474121094","21.224998474121094","17383","17383","17383"
"173869","20.596546173095703","20.596546173095703","20.596546173095703","17386","17386","17386"
"173879","22.00185203552246","22.00185203552246","22.00185203552246","17387","17387","17387"
"173899","25.33489418029785","25.33489418029785","25.33489418029785","17389","17389","17389"
"173929","20.077913284301758","20.077913284301758","20.077913284301758","17392","17392","17392"
"173959","20.968290328979492","20.968290328979492","20.968290328979492","17395","17395","17395"
"173999","26.032268524169922","26.032268524169922","26.032268524169922","17399","17399","17399"
"174039","23.001018524169922","23.001018524169922","23.001018524169922","17403","17403","17403"
"174049","20.08236312866211","20.08236312866211","20.08236312866211","17404","17404","17404"
"174059","25.176055908203125","25.176055908203125","25.176055908203125","17405","17405","17405"
"174089","19.649009704589844","19.649009704589844","19.649009704589844","17408","17408","17408"
"174109","20.431093215942383","20.431093215942383","20.431093215942383","17410","17410","17410"
"174159","19.956785202026367","19.956785202026367","19.956785202026367","17415","17415","17415"
"174179","22.494707107543945","22.494707107543945","22.494707107543945","17417","17417","17417"
"174189","30.48192024230957","30.48192024230957","30.48192024230957","17418","17418","17418"
"174219","23.773181915283203","23.773181915283203","23.773181915283203","17421","17421","17421"
"174239","25.2097225189209","25.2097225189209","25.2097225189209","17423","17423","17423"
"174249","23.275188446044922","23.275188446044922","23.275188446044922","17424","17424","17424"
"174279","20.861318588256836","20.861318588256836","20.861318588256836","17427","17427","17427"
"174309","21.527015686035156","21.527015686035156","21.527015686035156","17430","17430","17430"
"174349","25.165502548217773","25.165502548217773","25.165502548217773","17434","17434","17434"
"174379","24.183992385864258","24.183992385864258","24.183992385864258","17437","17437","17437"
"174409","19.696727752685547","19.696727752685547","19.696727752685547","17440","17440","17440"
"174419","20.229494094848633","20.229494094848633","20.229494094848633","17441","17441","17441"
"174439","19.20183563232422","19.20183563232422","19.20183563232422","17443","17443","17443"
"174449","20.031240463256836","20.031240463256836","20.031240463256836","17444","17444","17444"
"174469","27.784770965576172","27.784770965576172","27.784770965576172","17446","17446","17446"
"174489","21.469482421875","21.469482421875","21.469482421875","17448","17448","17448"
"174499","18.817304611206055","18.817304611206055","18.817304611206055","17449","17449","17449"
"174509","19.68069839477539","19.68069839477539","19.68069839477539","17450","17450","17450"
"174519","25.66853904724121","25.66853904724121","25.66853904724121","17451","17451","17451"
"174529","22.105777740478516","22.105777740478516","22.105777740478516","17452","17452","17452"
"174539","20.34541893005371","20.34541893005371","20.34541893005371","17453","17453","17453"
"174549","17.72456932067871","17.72456932067871","17.72456932067871","17454","17454","17454"
"174589","20.41912078857422","20.41912078857422","20.41912078857422","17458","17458","17458"
"174619","21.362672805786133","21.362672805786133","21.362672805786133","17461","17461","17461"
"174639","18.777915954589844","18.777915954589844","18.777915954589844","17463","17463","17463"
"174649","20.43307113647461","20.43307113647461","20.43307113647461","17464","17464","17464"
"174659","24.592065811157227","24.592065811157227","24.592065811157227","17465","17465","17465"
"174669","18.72379493713379","18.72379493713379","18.72379493713379","17466","17466","17466"
"174689","19.158546447753906","19.158546447753906","19.158546447753906","17468","17468","17468"
"174719","16.90769386291504","16.90769386291504","16.90769386291504","17471","17471","17471"
"174729","18.773359298706055","18.773359298706055","18.773359298706055","17472","17472","17472"
"174749","33.130550384521484","33.130550384521484","33.130550384521484","17474","17474","17474"
"174799","21.02717399597168","21.02717399597168","21.02717399597168","17479","17479","17479"
"174829","20.753742218017578","20.753742218017578","20.753742218017578","17482","17482","17482"
"174849","24.474824905395508","24.474824905395508","24.474824905395508","17484","17484","17484"
"174889","23.186059951782227","23.186059951782227","23.186059951782227","17488","17488","17488"
"174899","21.388416290283203","21.388416290283203","21.388416290283203","17489","17489","17489"
"174929","20.33053970336914","20.33053970336914","20.33053970336914","17492","17492","17492"
"174999","23.266040802001953","23.266040802001953","23.266040802001953","17499","17499","17499"
"175019","18.04905128479004","18.04905128479004","18.04905128479004","17501","17501","17501"
"175039","20.19921112060547","20.19921112060547","20.19921112060547","17503","17503","17503"
"175129","17.47918128967285","17.47918128967285","17.47918128967285","17512","17512","17512"
"175149","19.18478775024414","19.18478775024414","19.18478775024414","17514","17514","17514"
"175159","21.07558250427246","21.07558250427246","21.07558250427246","17515","17515","17515"
"175179","18.216537475585938","18.216537475585938","18.216537475585938","17517","17517","17517"
"175219","22.68918800354004","22.68918800354004","22.68918800354004","17521","17521","17521"
"175229","20.190820693969727","20.190820693969727","20.190820693969727","17522","17522","17522"
"175259","20.58433723449707","20.58433723449707","20.58433723449707","17525","17525","17525"
"175279","21.270206451416016","21.270206451416016","21.270206451416016","17527","17527","17527"
"175349","21.853849411010742","21.853849411010742","21.853849411010742","17534","17534","17534"
"175359","23.290416717529297","23.290416717529297","23.290416717529297","17535","17535","17535"
"175409","19.4092960357666","19.4092960357666","19.4092960357666","17540","17540","17540"
"175429","19.674530029296875","19.674530029296875","19.674530029296875","17542","17542","17542"
"175439","61.722023010253906","61.722023010253906","61.722023010253906","17543","17543","17543"
"175449","21.519519805908203","21.519519805908203","21.519519805908203","17544","17544","17544"
"175459","19.276744842529297","19.276744842529297","19.276744842529297","17545","17545","17545"
"175479","20.258602142333984","20.258602142333984","20.258602142333984","17547","17547","17547"
"175489","19.11870574951172","19.11870574951172","19.11870574951172","17548","17548","17548"
"175529","23.75152587890625","23.75152587890625","23.75152587890625","17552","17552","17552"
"175539","35.285030364990234","35.285030364990234","35.285030364990234","17553","17553","17553"
"175609","20.224536895751953","20.224536895751953","20.224536895751953","17560","17560","17560"
"175629","20.37535858154297","20.37535858154297","20.37535858154297","17562","17562","17562"
"175649","20.58316993713379","20.58316993713379","20.58316993713379","17564","17564","17564"
"175659","23.716798782348633","23.716798782348633","23.716798782348633","17565","17565","17565"
"175679","21.894773483276367","21.894773483276367","21.894773483276367","17567","17567","17567"
"175709","18.836915969848633","18.836915969848633","18.836915969848633","17570","17570","17570"
"175719","20.16057586669922","20.16057586669922","20.16057586669922","17571","17571","17571"
"175789","19.91936492919922","19.91936492919922","19.91936492919922","17578","17578","17578"
"175799","23.229724884033203","23.229724884033203","23.229724884033203","17579","17579","17579"
"175819","24.637714385986328","24.637714385986328","24.637714385986328","17581","17581","17581"
"175839","22.546815872192383","22.546815872192383","22.546815872192383","17583","17583","17583"
"175869","24.3442440032959","24.3442440032959","24.3442440032959","17586","17586","17586"
"175879","23.98992347717285","23.98992347717285","23.98992347717285","17587","17587","17587"
"175949","18.42774772644043","18.42774772644043","18.42774772644043","17594","17594","17594"
"175999","21.679792404174805","21.679792404174805","21.679792404174805","17599","17599","17599"
"176009","27.523399353027344","27.523399353027344","27.523399353027344","17600","17600","17600"
"176049","22.30198860168457","22.30198860168457","22.30198860168457","17604","17604","17604"
"176069","21.28734016418457","21.28734016418457","21.28734016418457","17606","17606","17606"
"176089","22.56169891357422","22.56169891357422","22.56169891357422","17608","17608","17608"
"176109","20.550945281982422","20.550945281982422","20.550945281982422","17610","17610","17610"
"176149","20.83620834350586","20.83620834350586","20.83620834350586","17614","17614","17614"
"176169","26.372722625732422","26.372722625732422","26.372722625732422","17616","17616","17616"
"176179","24.41097640991211","24.41097640991211","24.41097640991211","17617","17617","17617"
"176189","30.65617561340332","30.65617561340332","30.65617561340332","17618","17618","17618"
"176209","20.604381561279297","20.604381561279297","20.604381561279297","17620","17620","17620"
"176229","18.46945571899414","18.46945571899414","18.46945571899414","17622","17622","17622"
"176239","25.288040161132812","25.288040161132812","25.288040161132812","17623","17623","17623"
"176259","20.34646987915039","20.34646987915039","20.34646987915039","17625","17625","17625"
"176279","20.892406463623047","20.892406463623047","20.892406463623047","17627","17627","17627"
"176309","27.376338958740234","27.376338958740234","27.376338958740234","17630","17630","17630"
"176339","20.60885238647461","20.60885238647461","20.60885238647461","17633","17633","17633"
"176349","19.21762466430664","19.21762466430664","19.21762466430664","17634","17634","17634"
"176389","17.44443702697754","17.44443702697754","17.44443702697754","17638","17638","17638"
"176399","18.13680076599121","18.13680076599121","18.13680076599121","17639","17639","17639"
"176429","25.430572509765625","25.430572509765625","25.430572509765625","17642","17642","17642"
"176469","17.48903465270996","17.48903465270996","17.48903465270996","17646","17646","17646"
"176499","23.665189743041992","23.665189743041992","23.665189743041992","17649","17649","17649"
"176519","23.627023696899414","23.627023696899414","23.627023696899414","17651","17651","17651"
"176539","28.319114685058594","28.319114685058594","28.319114685058594","17653","17653","17653"
"176579","17.96746826171875","17.96746826171875","17.96746826171875","17657","17657","17657"
"176599","23.041778564453125","23.041778564453125","23.041778564453125","17659","17659","17659"
"176619","25.222400665283203","25.222400665283203","25.222400665283203","17661","17661","17661"
"176649","21.45356559753418","21.45356559753418","21.45356559753418","17664","17664","17664"
"176659","20.974834442138672","20.974834442138672","20.974834442138672","17665","17665","17665"
"176679","22.66899871826172","22.66899871826172","22.66899871826172","17667","17667","17667"
"176719","22.229572296142578","22.229572296142578","22.229572296142578","17671","17671","17671"
"176729","25.14510154724121","25.14510154724121","25.14510154724121","17672","17672","17672"
"176749","19.889724731445312","19.889724731445312","19.889724731445312","17674","17674","17674"
"176779","21.58380699157715","21.58380699157715","21.58380699157715","17677","17677","17677"
"176789","22.261310577392578","22.261310577392578","22.261310577392578","17678","17678","17678"
"176809","22.7681941986084","22.7681941986084","22.7681941986084","17680","17680","17680"
"176829","21.933666229248047","21.933666229248047","21.933666229248047","17682","17682","17682"
"176849","18.932769775390625","18.932769775390625","18.932769775390625","17684","17684","17684"
"176889","20.072036743164062","20.072036743164062","20.072036743164062","17688","17688","17688"
"176899","19.005163192749023","19.005163192749023","19.005163192749023","17689","17689","17689"
"176929","20.213790893554688","20.213790893554688","20.213790893554688","17692","17692","17692"
"176949","28.162670135498047","28.162670135498047","28.162670135498047","17694","17694","17694"
"176989","18.307886123657227","18.307886123657227","18.307886123657227","17698","17698","17698"
"177019","26.313446044921875","26.313446044921875","26.313446044921875","17701","17701","17701"
"177029","21.55923843383789","21.55923843383789","21.55923843383789","17702","17702","17702"
"177039","20.37937355041504","20.37937355041504","20.37937355041504","17703","17703","17703"
"177069","22.599714279174805","22.599714279174805","22.599714279174805","17706","17706","17706"
"177149","22.93077850341797","22.93077850341797","22.93077850341797","17714","17714","17714"
"177169","23.978424072265625","23.978424072265625","23.978424072265625","17716","17716","17716"
"177189","25.342557907104492","25.342557907104492","25.342557907104492","17718","17718","17718"
"177239","27.132280349731445","27.132280349731445","27.132280349731445","17723","17723","17723"
"177269","23.148229598999023","23.148229598999023","23.148229598999023","17726","17726","17726"
"177339","19.6876220703125","19.6876220703125","19.6876220703125","17733","17733","17733"
"177349","19.730876922607422","19.730876922607422","19.730876922607422","17734","17734","17734"
"177379","21.05327796936035","21.05327796936035","21.05327796936035","17737","17737","17737"
"177389","18.659496307373047","18.659496307373047","18.659496307373047","17738","17738","17738"
"177419","27.14875030517578","27.14875030517578","27.14875030517578","17741","17741","17741"
"177439","26.606727600097656","26.606727600097656","26.606727600097656","17743","17743","17743"
"177459","19.113327026367188","19.113327026367188","19.113327026367188","17745","17745","17745"
"177469","24.696399688720703","24.696399688720703","24.696399688720703","17746","17746","17746"
"177489","22.287080764770508","22.287080764770508","22.287080764770508","17748","17748","17748"
"177499","20.494848251342773","20.494848251342773","20.494848251342773","17749","17749","17749"
"177569","22.40933609008789","22.40933609008789","22.40933609008789","17756","17756","17756"
"177609","23.928741455078125","23.928741455078125","23.928741455078125","17760","17760","17760"
"177629","21.89640235900879","21.89640235900879","21.89640235900879","17762","17762","17762"
"177649","25.931766510009766","25.931766510009766","25.931766510009766","17764","17764","17764"
"177659","22.14702796936035","22.14702796936035","22.14702796936035","17765","17765","17765"
"177679","24.70307159423828","24.70307159423828","24.70307159423828","17767","17767","17767"
"177689","25.944393157958984","25.944393157958984","25.944393157958984","17768","17768","17768"
"177769","20.08509063720703","20.08509063720703","20.08509063720703","17776","17776","17776"
"177789","20.352272033691406","20.352272033691406","20.352272033691406","17778","17778","17778"
"177819","24.430713653564453","24.430713653564453","24.430713653564453","17781","17781","17781"
"177829","21.902088165283203","21.902088165283203","21.902088165283203","17782","17782","17782"
"177849","19.450244903564453","19.450244903564453","19.450244903564453","17784","17784","17784"
"177859","25.46932029724121","25.46932029724121","25.46932029724121","17785","17785","17785"
"177899","20.24850082397461","20.24850082397461","20.24850082397461","17789","17789","17789"
"177919","23.044837951660156","23.044837951660156","23.044837951660156","17791","17791","17791"
"177959","19.481752395629883","19.481752395629883","19.481752395629883","17795","17795","17795"
"177979","19.987245559692383","19.987245559692383","19.987245559692383","17797","17797","17797"
"177989","23.690658569335938","23.690658569335938","23.690658569335938","17798","17798","17798"
"177999","19.709564208984375","19.709564208984375","19.709564208984375","17799","17799","17799"
"178069","24.166019439697266","24.166019439697266","24.166019439697266","17806","17806","17806"
"178099","19.381046295166016","19.381046295166016","19.381046295166016","17809","17809","17809"
"178199","19.310293197631836","19.310293197631836","19.310293197631836","17819","17819","17819"
"178209","26.12499237060547","26.12499237060547","26.12499237060547","17820","17820","17820"
"178249","22.651100158691406","22.651100158691406","22.651100158691406","17824","17824","17824"
"178339","18.88829803466797","18.88829803466797","18.88829803466797","17833","17833","17833"
"178359","22.2491512298584","22.2491512298584","22.2491512298584","17835","17835","17835"
"178409","19.427648544311523","19.427648544311523","19.427648544311523","17840","17840","17840"
"178439","20.502445220947266","20.502445220947266","20.502445220947266","17843","17843","17843"
"178449","24.4652042388916","24.4652042388916","24.4652042388916","17844","17844","17844"
"178479","24.17475128173828","24.17475128173828","24.17475128173828","17847","17847","17847"
"178499","21.789306640625","21.789306640625","21.789306640625","17849","17849","17849"
"178509","16.28350067138672","16.28350067138672","16.28350067138672","17850","17850","17850"
"178529","19.159120559692383","19.159120559692383","19.159120559692383","17852","17852","17852"
"178549","22.46379280090332","22.46379280090332","22.46379280090332","17854","17854","17854"
"178579","22.073997497558594","22.073997497558594","22.073997497558594","17857","17857","17857"
"178589","18.875505447387695","18.875505447387695","18.875505447387695","17858","17858","17858"
"178609","25.578170776367188","25.578170776367188","25.578170776367188","17860","17860","17860"
"178619","22.914527893066406","22.914527893066406","22.914527893066406","17861","17861","17861"
"178659","23.22831916809082","23.22831916809082","23.22831916809082","17865","17865","17865"
"178669","21.377178192138672","21.377178192138672","21.377178192138672","17866","17866","17866"
"178709","26.542097091674805","26.542097091674805","26.542097091674805","17870","17870","17870"
"178719","22.638532638549805","22.638532638549805","22.638532638549805","17871","17871","17871"
"178729","23.57841682434082","23.57841682434082","23.57841682434082","17872","17872","17872"
"178739","22.337234497070312","22.337234497070312","22.337234497070312","17873","17873","17873"
"178779","18.095958709716797","18.095958709716797","18.095958709716797","17877","17877","17877"
"178799","26.129894256591797","26.129894256591797","26.129894256591797","17879","17879","17879"
"178809","19.905710220336914","19.905710220336914","19.905710220336914","17880","17880","17880"
"178829","24.691410064697266","24.691410064697266","24.691410064697266","17882","17882","17882"
"178839","17.08687400817871","17.08687400817871","17.08687400817871","17883","17883","17883"
"178879","22.59747314453125","22.59747314453125","22.59747314453125","17887","17887","17887"
"178989","19.276229858398438","19.276229858398438","19.276229858398438","17898","17898","17898"
"178999","20.7934627532959","20.7934627532959","20.7934627532959","17899","17899","17899"
"179039","22.103309631347656","22.103309631347656","22.103309631347656","17903","17903","17903"
"179069","22.48021697998047","22.48021697998047","22.48021697998047","17906","17906","17906"
"179089","20.588884353637695","20.588884353637695","20.588884353637695","17908","17908","17908"
"179129","26.24252700805664","26.24252700805664","26.24252700805664","17912","17912","17912"
"179159","19.993860244750977","19.993860244750977","19.993860244750977","17915","17915","17915"
"179189","19.107873916625977","19.107873916625977","19.107873916625977","17918","17918","17918"
"179209","20.830488204956055","20.830488204956055","20.830488204956055","17920","17920","17920"
"179229","22.515830993652344","22.515830993652344","22.515830993652344","17922","17922","17922"
"179259","22.71980857849121","22.71980857849121","22.71980857849121","17925","17925","17925"
"179329","26.78851890563965","26.78851890563965","26.78851890563965","17932","17932","17932"
"179339","21.756446838378906","21.756446838378906","21.756446838378906","17933","17933","17933"
"179369","20.87262725830078","20.87262725830078","20.87262725830078","17936","17936","17936"
"179429","25.893436431884766","25.893436431884766","25.893436431884766","17942","17942","17942"
"179449","21.751821517944336","21.751821517944336","21.751821517944336","17944","17944","17944"
"179499","23.586389541625977","23.586389541625977","23.586389541625977","17949","17949","17949"
"179509","22.633686065673828","22.633686065673828","22.633686065673828","17950","17950","17950"
"179529","22.709749221801758","22.709749221801758","22.709749221801758","17952","17952","17952"
"179539","24.200613021850586","24.200613021850586","24.200613021850586","17953","17953","17953"
"179619","18.670902252197266","18.670902252197266","18.670902252197266","17961","17961","17961"
"179629","23.316293716430664","23.316293716430664","23.316293716430664","17962","17962","17962"
"179639","20.575397491455078","20.575397491455078","20.575397491455078","17963","17963","17963"
"179649","22.301799774169922","22.301799774169922","22.301799774169922","17964","17964","17964"
"179659","25.058231353759766","25.058231353759766","25.058231353759766","17965","17965","17965"
"179709","24.098779678344727","24.098779678344727","24.098779678344727","17970","17970","17970"
"179749","20.750308990478516","20.750308990478516","20.750308990478516","17974","17974","17974"
"179759","17.90836524963379","17.90836524963379","17.90836524963379","17975","17975","17975"
"179819","18.842674255371094","18.842674255371094","18.842674255371094","17981","17981","17981"
"179859","22.871950149536133","22.871950149536133","22.871950149536133","17985","17985","17985"
"179879","16.50035285949707","16.50035285949707","16.50035285949707","17987","17987","17987"
"179899","21.124422073364258","21.124422073364258","21.124422073364258","17989","17989","17989"
"179909","56.967262268066406","56.967262268066406","56.967262268066406","17990","17990","17990"
"179949","18.286441802978516","18.286441802978516","18.286441802978516","17994","17994","17994"
"179959","23.424318313598633","23.424318313598633","23.424318313598633","17995","17995","17995"
"179979","22.343692779541016","22.343692779541016","22.343692779541016","17997","17997","17997"
"179989","23.845626831054688","23.845626831054688","23.845626831054688","17998","17998","17998"
"180009","29.569534301757812","29.569534301757812","29.569534301757812","18000","18000","18000"
"180039","20.904829025268555","20.904829025268555","20.904829025268555","18003","18003","18003"
"180069","20.08454704284668","20.08454704284668","20.08454704284668","18006","18006","18006"
"180129","21.51817512512207","21.51817512512207","21.51817512512207","18012","18012","18012"
"180169","21.76126480102539","21.76126480102539","21.76126480102539","18016","18016","18016"
"180229","19.053321838378906","19.053321838378906","19.053321838378906","18022","18022","18022"
"180249","20.940519332885742","20.940519332885742","20.940519332885742","18024","18024","18024"
"180269","26.575448989868164","26.575448989868164","26.575448989868164","18026","18026","18026"
"180309","23.51237678527832","23.51237678527832","23.51237678527832","18030","18030","18030"
"180319","17.9443302154541","17.9443302154541","17.9443302154541","18031","18031","18031"
"180339","20.856779098510742","20.856779098510742","20.856779098510742","18033","18033","18033"
"180369","20.24535369873047","20.24535369873047","20.24535369873047","18036","18036","18036"
"180379","16.416439056396484","16.416439056396484","16.416439056396484","18037","18037","18037"
"180389","25.801956176757812","25.801956176757812","25.801956176757812","18038","18038","18038"
"180409","25.36768341064453","25.36768341064453","25.36768341064453","18040","18040","18040"
"180459","19.14098358154297","19.14098358154297","19.14098358154297","18045","18045","18045"
"180479","25.754127502441406","25.754127502441406","25.754127502441406","18047","18047","18047"
"180509","19.575599670410156","19.575599670410156","19.575599670410156","18050","18050","18050"
"180529","20.6842041015625","20.6842041015625","20.6842041015625","18052","18052","18052"
"180539","18.118961334228516","18.118961334228516","18.118961334228516","18053","18053","18053"
"180549","20.58800506591797","20.58800506591797","20.58800506591797","18054","18054","18054"
"180599","23.4409236907959","23.4409236907959","23.4409236907959","18059","18059","18059"
"180619","20.689542770385742","20.689542770385742","20.689542770385742","18061","18061","18061"
"180679","20.644969940185547","20.644969940185547","20.644969940185547","18067","18067","18067"
"180689","20.248130798339844","20.248130798339844","20.248130798339844","18068","18068","18068"
"180759","25.71306037902832","25.71306037902832","25.71306037902832","18075","18075","18075"
"180779","20.70414161682129","20.70414161682129","20.70414161682129","18077","18077","18077"
"180789","22.1463623046875","22.1463623046875","22.1463623046875","18078","18078","18078"
"180799","20.8089599609375","20.8089599609375","20.8089599609375","18079","18079","18079"
"180849","21.71208953857422","21.71208953857422","21.71208953857422","18084","18084","18084"
"180859","22.893892288208008","22.893892288208008","22.893892288208008","18085","18085","18085"
"180869","20.921113967895508","20.921113967895508","20.921113967895508","18086","18086","18086"
"180909","21.412246704101562","21.412246704101562","21.412246704101562","18090","18090","18090"
"180919","20.494409561157227","20.494409561157227","20.494409561157227","18091","18091","18091"
"180939","20.62468719482422","20.62468719482422","20.62468719482422","18093","18093","18093"
"180959","29.071245193481445","29.071245193481445","29.071245193481445","18095","18095","18095"
"181019","22.298715591430664","22.298715591430664","22.298715591430664","18101","18101","18101"
"181029","23.96138572692871","23.96138572692871","23.96138572692871","18102","18102","18102"
"181069","21.76133918762207","21.76133918762207","21.76133918762207","18106","18106","18106"
"181079","23.21902847290039","23.21902847290039","23.21902847290039","18107","18107","18107"
"181089","24.834941864013672","24.834941864013672","24.834941864013672","18108","18108","18108"
"181119","23.065162658691406","23.065162658691406","23.065162658691406","18111","18111","18111"
"181149","18.7857666015625","18.7857666015625","18.7857666015625","18114","18114","18114"
"181169","17.687931060791016","17.687931060791016","17.687931060791016","18116","18116","18116"
"181179","22.063018798828125","22.063018798828125","22.063018798828125","18117","18117","18117"
"181189","22.35387420654297","22.35387420654297","22.35387420654297","18118","18118","18118"
"181209","24.691814422607422","24.691814422607422","24.691814422607422","18120","18120","18120"
"181219","21.853878021240234","21.853878021240234","21.853878021240234","18121","18121","18121"
"181239","17.83184051513672","17.83184051513672","17.83184051513672","18123","18123","18123"
"181259","24.941513061523438","24.941513061523438","24.941513061523438","18125","18125","18125"
"181289","21.466598510742188","21.466598510742188","21.466598510742188","18128","18128","18128"
"181299","25.776748657226562","25.776748657226562","25.776748657226562","18129","18129","18129"
"181309","23.052627563476562","23.052627563476562","23.052627563476562","18130","18130","18130"
"181359","22.840251922607422","22.840251922607422","22.840251922607422","18135","18135","18135"
"181369","21.127090454101562","21.127090454101562","21.127090454101562","18136","18136","18136"
"181399","19.839284896850586","19.839284896850586","19.839284896850586","18139","18139","18139"
"181409","20.884578704833984","20.884578704833984","20.884578704833984","18140","18140","18140"
"181439","22.6298828125","22.6298828125","22.6298828125","18143","18143","18143"
"181449","24.174163818359375","24.174163818359375","24.174163818359375","18144","18144","18144"
"181509","23.50788116455078","23.50788116455078","23.50788116455078","18150","18150","18150"
"181529","20.16650390625","20.16650390625","20.16650390625","18152","18152","18152"
"181589","27.244089126586914","27.244089126586914","27.244089126586914","18158","18158","18158"
"181609","23.152149200439453","23.152149200439453","23.152149200439453","18160","18160","18160"
"181619","20.59345245361328","20.59345245361328","20.59345245361328","18161","18161","18161"
"181629","21.149385452270508","21.149385452270508","21.149385452270508","18162","18162","18162"
"181709","18.321216583251953","18.321216583251953","18.321216583251953","18170","18170","18170"
"181719","18.057226181030273","18.057226181030273","18.057226181030273","18171","18171","18171"
"181729","20.727561950683594","20.727561950683594","20.727561950683594","18172","18172","18172"
"181769","34.73442077636719","34.73442077636719","34.73442077636719","18176","18176","18176"
"181809","19.068571090698242","19.068571090698242","19.068571090698242","18180","18180","18180"
"181819","24.64687156677246","24.64687156677246","24.64687156677246","18181","18181","18181"
"181849","20.581077575683594","20.581077575683594","20.581077575683594","18184","18184","18184"
"181859","19.280181884765625","19.280181884765625","19.280181884765625","18185","18185","18185"
"181899","17.12685203552246","17.12685203552246","17.12685203552246","18189","18189","18189"
"181919","24.60844612121582","24.60844612121582","24.60844612121582","18191","18191","18191"
"181929","24.934446334838867","24.934446334838867","24.934446334838867","18192","18192","18192"
"181969","17.86525535583496","17.86525535583496","17.86525535583496","18196","18196","18196"
"182009","20.240373611450195","20.240373611450195","20.240373611450195","18200","18200","18200"
"182029","21.87728500366211","21.87728500366211","21.87728500366211","18202","18202","18202"
"182049","19.34127426147461","19.34127426147461","19.34127426147461","18204","18204","18204"
"182069","25.495872497558594","25.495872497558594","25.495872497558594","18206","18206","18206"
"182169","26.659832000732422","26.659832000732422","26.659832000732422","18216","18216","18216"
"182179","19.775081634521484","19.775081634521484","19.775081634521484","18217","18217","18217"
"182209","23.197284698486328","23.197284698486328","23.197284698486328","18220","18220","18220"
"182249","34.10905838012695","34.10905838012695","34.10905838012695","18224","18224","18224"
"182259","19.319007873535156","19.319007873535156","19.319007873535156","18225","18225","18225"
"182279","23.548816680908203","23.548816680908203","23.548816680908203","18227","18227","18227"
"182359","18.584657669067383","18.584657669067383","18.584657669067383","18235","18235","18235"
"182389","25.011518478393555","25.011518478393555","25.011518478393555","18238","18238","18238"
"182429","21.84946060180664","21.84946060180664","21.84946060180664","18242","18242","18242"
"182459","21.416893005371094","21.416893005371094","21.416893005371094","18245","18245","18245"
"182469","22.303178787231445","22.303178787231445","22.303178787231445","18246","18246","18246"
"182539","21.972911834716797","21.972911834716797","21.972911834716797","18253","18253","18253"
"182559","21.357833862304688","21.357833862304688","21.357833862304688","18255","18255","18255"
"182569","17.33094024658203","17.33094024658203","17.33094024658203","18256","18256","18256"
"182599","23.808509826660156","23.808509826660156","23.808509826660156","18259","18259","18259"
"182619","23.166227340698242","23.166227340698242","23.166227340698242","18261","18261","18261"
"182649","22.237703323364258","22.237703323364258","22.237703323364258","18264","18264","18264"
"182659","20.028911590576172","20.028911590576172","20.028911590576172","18265","18265","18265"
"182679","21.799821853637695","21.799821853637695","21.799821853637695","18267","18267","18267"
"182749","23.261518478393555","23.261518478393555","23.261518478393555","18274","18274","18274"
"182769","26.766357421875","26.766357421875","26.766357421875","18276","18276","18276"
"182789","29.40105438232422","29.40105438232422","29.40105438232422","18278","18278","18278"
"182809","24.343019485473633","24.343019485473633","24.343019485473633","18280","18280","18280"
"182839","23.562911987304688","23.562911987304688","23.562911987304688","18283","18283","18283"
"182879","25.303104400634766","25.303104400634766","25.303104400634766","18287","18287","18287"
"182889","19.404705047607422","19.404705047607422","19.404705047607422","18288","18288","18288"
"182899","24.622989654541016","24.622989654541016","24.622989654541016","18289","18289","18289"
"182909","15.679143905639648","15.679143905639648","15.679143905639648","18290","18290","18290"
"182929","21.578392028808594","21.578392028808594","21.578392028808594","18292","18292","18292"
"182939","21.7333984375","21.7333984375","21.7333984375","18293","18293","18293"
"182999","20.749422073364258","20.749422073364258","20.749422073364258","18299","18299","18299"
"183009","21.083911895751953","21.083911895751953","21.083911895751953","18300","18300","18300"
"183019","23.169965744018555","23.169965744018555","23.169965744018555","18301","18301","18301"
"183039","20.500152587890625","20.500152587890625","20.500152587890625","18303","18303","18303"
"183069","20.643693923950195","20.643693923950195","20.643693923950195","18306","18306","18306"
"183079","20.530715942382812","20.530715942382812","20.530715942382812","18307","18307","18307"
"183119","17.26346206665039","17.26346206665039","17.26346206665039","18311","18311","18311"
"183129","25.0548038482666","25.0548038482666","25.0548038482666","18312","18312","18312"
"183189","20.918668746948242","20.918668746948242","20.918668746948242","18318","18318","18318"
"183219","20.690914154052734","20.690914154052734","20.690914154052734","18321","18321","18321"
"183239","21.060993194580078","21.060993194580078","21.060993194580078","18323","18323","18323"
"183289","24.80093765258789","24.80093765258789","24.80093765258789","18328","18328","18328"
"183299","22.018409729003906","22.018409729003906","22.018409729003906","18329","18329","18329"
"183319","21.412565231323242","21.412565231323242","21.412565231323242","18331","18331","18331"
"183339","25.535701751708984","25.535701751708984","25.535701751708984","18333","18333","18333"
"183369","19.819650650024414","19.819650650024414","19.819650650024414","18336","18336","18336"
"183399","23.179000854492188","23.179000854492188","23.179000854492188","18339","18339","18339"
"183469","22.27580451965332","22.27580451965332","22.27580451965332","18346","18346","18346"
"183489","20.457368850708008","20.457368850708008","20.457368850708008","18348","18348","18348"
"183509","18.18513298034668","18.18513298034668","18.18513298034668","18350","18350","18350"
"183569","19.124374389648438","19.124374389648438","19.124374389648438","18356","18356","18356"
"183629","23.339975357055664","23.339975357055664","23.339975357055664","18362","18362","18362"
"183639","18.260746002197266","18.260746002197266","18.260746002197266","18363","18363","18363"
"183649","23.571027755737305","23.571027755737305","23.571027755737305","18364","18364","18364"
"183699","23.282752990722656","23.282752990722656","23.282752990722656","18369","18369","18369"
"183719","19.084041595458984","19.084041595458984","19.084041595458984","18371","18371","18371"
"183729","26.179380416870117","26.179380416870117","26.179380416870117","18372","18372","18372"
"183749","21.003429412841797","21.003429412841797","21.003429412841797","18374","18374","18374"
"183809","21.907119750976562","21.907119750976562","21.907119750976562","18380","18380","18380"
"183849","24.920135498046875","24.920135498046875","24.920135498046875","18384","18384","18384"
"183879","21.807933807373047","21.807933807373047","21.807933807373047","18387","18387","18387"
"183909","23.576263427734375","23.576263427734375","23.576263427734375","18390","18390","18390"
"183949","22.723176956176758","22.723176956176758","22.723176956176758","18394","18394","18394"
"183969","23.086105346679688","23.086105346679688","23.086105346679688","18396","18396","18396"
"183979","22.401412963867188","22.401412963867188","22.401412963867188","18397","18397","18397"
"184049","17.462608337402344","17.462608337402344","17.462608337402344","18404","18404","18404"
"184069","28.42169761657715","28.42169761657715","28.42169761657715","18406","18406","18406"
"184089","19.677080154418945","19.677080154418945","19.677080154418945","18408","18408","18408"
"184099","22.273441314697266","22.273441314697266","22.273441314697266","18409","18409","18409"
"184129","22.317413330078125","22.317413330078125","22.317413330078125","18412","18412","18412"
"184149","31.695606231689453","31.695606231689453","31.695606231689453","18414","18414","18414"
"184159","22.058429718017578","22.058429718017578","22.058429718017578","18415","18415","18415"
"184169","21.397541046142578","21.397541046142578","21.397541046142578","18416","18416","18416"
"184179","28.962512969970703","28.962512969970703","28.962512969970703","18417","18417","18417"
"184199","22.819316864013672","22.819316864013672","22.819316864013672","18419","18419","18419"
"184229","19.57692527770996","19.57692527770996","19.57692527770996","18422","18422","18422"
"184259","23.253562927246094","23.253562927246094","23.253562927246094","18425","18425","18425"
"184269","19.270488739013672","19.270488739013672","19.270488739013672","18426","18426","18426"
"184289","17.112056732177734","17.112056732177734","17.112056732177734","18428","18428","18428"
"184299","21.733043670654297","21.733043670654297","21.733043670654297","18429","18429","18429"
"184309","24.10955810546875","24.10955810546875","24.10955810546875","18430","18430","18430"
"184319","22.495426177978516","22.495426177978516","22.495426177978516","18431","18431","18431"
"184359","24.274654388427734","24.274654388427734","24.274654388427734","18435","18435","18435"
"184369","19.210159301757812","19.210159301757812","19.210159301757812","18436","18436","18436"
"184379","19.268875122070312","19.268875122070312","19.268875122070312","18437","18437","18437"
"184399","23.202787399291992","23.202787399291992","23.202787399291992","18439","18439","18439"
"184409","21.511188507080078","21.511188507080078","21.511188507080078","18440","18440","18440"
"184419","21.989824295043945","21.989824295043945","21.989824295043945","18441","18441","18441"
"184469","20.068721771240234","20.068721771240234","20.068721771240234","18446","18446","18446"
"184489","21.058910369873047","21.058910369873047","21.058910369873047","18448","18448","18448"
"184499","23.734012603759766","23.734012603759766","23.734012603759766","18449","18449","18449"
"184509","21.4892635345459","21.4892635345459","21.4892635345459","18450","18450","18450"
"184519","29.11831283569336","29.11831283569336","29.11831283569336","18451","18451","18451"
"184529","24.391618728637695","24.391618728637695","24.391618728637695","18452","18452","18452"
"184539","20.08315658569336","20.08315658569336","20.08315658569336","18453","18453","18453"
"184559","22.980165481567383","22.980165481567383","22.980165481567383","18455","18455","18455"
"184579","19.754898071289062","19.754898071289062","19.754898071289062","18457","18457","18457"
"184589","21.895442962646484","21.895442962646484","21.895442962646484","18458","18458","18458"
"184659","16.568965911865234","16.568965911865234","16.568965911865234","18465","18465","18465"
"184689","22.607152938842773","22.607152938842773","22.607152938842773","18468","18468","18468"
"184709","20.342823028564453","20.342823028564453","20.342823028564453","18470","18470","18470"
"184739","20.914947509765625","20.914947509765625","20.914947509765625","18473","18473","18473"
"184769","20.711095809936523","20.711095809936523","20.711095809936523","18476","18476","18476"
"184789","21.802438735961914","21.802438735961914","21.802438735961914","18478","18478","18478"
"184829","22.47640609741211","22.47640609741211","22.47640609741211","18482","18482","18482"
"184839","18.68254280090332","18.68254280090332","18.68254280090332","18483","18483","18483"
"184869","18.075420379638672","18.075420379638672","18.075420379638672","18486","18486","18486"
"184889","19.973773956298828","19.973773956298828","19.973773956298828","18488","18488","18488"
"184919","19.385643005371094","19.385643005371094","19.385643005371094","18491","18491","18491"
"184939","19.592512130737305","19.592512130737305","19.592512130737305","18493","18493","18493"
"184979","22.403284072875977","22.403284072875977","22.403284072875977","18497","18497","18497"
"184999","17.89124298095703","17.89124298095703","17.89124298095703","18499","18499","18499"
"185029","22.213233947753906","22.213233947753906","22.213233947753906","18502","18502","18502"
"185059","20.89551544189453","20.89551544189453","20.89551544189453","18505","18505","18505"
"185069","20.567304611206055","20.567304611206055","20.567304611206055","18506","18506","18506"
"185099","23.10114288330078","23.10114288330078","23.10114288330078","18509","18509","18509"
"185169","23.322410583496094","23.322410583496094","23.322410583496094","18516","18516","18516"
"185179","20.8902530670166","20.8902530670166","20.8902530670166","18517","18517","18517"
"185199","22.255855560302734","22.255855560302734","22.255855560302734","18519","18519","18519"
"185209","21.712696075439453","21.712696075439453","21.712696075439453","18520","18520","18520"
"185219","20.734893798828125","20.734893798828125","20.734893798828125","18521","18521","18521"
"185249","23.245895385742188","23.245895385742188","23.245895385742188","18524","18524","18524"
"185289","19.86407470703125","19.86407470703125","19.86407470703125","18528","18528","18528"
"185309","26.94251823425293","26.94251823425293","26.94251823425293","18530","18530","18530"
"185319","20.045021057128906","20.045021057128906","20.045021057128906","18531","18531","18531"
"185329","22.533647537231445","22.533647537231445","22.533647537231445","18532","18532","18532"
"185359","22.11749267578125","22.11749267578125","22.11749267578125","18535","18535","18535"
"185419","20.149681091308594","20.149681091308594","20.149681091308594","18541","18541","18541"
"185429","20.76627540588379","20.76627540588379","20.76627540588379","18542","18542","18542"
"185449","24.451641082763672","24.451641082763672","24.451641082763672","18544","18544","18544"
"185499","20.463621139526367","20.463621139526367","20.463621139526367","18549","18549","18549"
"185509","18.8695011138916","18.8695011138916","18.8695011138916","18550","18550","18550"
"185529","21.951072692871094","21.951072692871094","21.951072692871094","18552","18552","18552"
"185669","28.89827537536621","28.89827537536621","28.89827537536621","18566","18566","18566"
"185679","17.799850463867188","17.799850463867188","17.799850463867188","18567","18567","18567"
"185709","21.069561004638672","21.069561004638672","21.069561004638672","18570","18570","18570"
"185739","21.26318359375","21.26318359375","21.26318359375","18573","18573","18573"
"185769","18.187143325805664","18.187143325805664","18.187143325805664","18576","18576","18576"
"185789","19.03925132751465","19.03925132751465","19.03925132751465","18578","18578","18578"
"185799","24.070621490478516","24.070621490478516","24.070621490478516","18579","18579","18579"
"185809","17.905683517456055","17.905683517456055","17.905683517456055","18580","18580","18580"
"185839","20.567550659179688","20.567550659179688","20.567550659179688","18583","18583","18583"
"185849","21.050941467285156","21.050941467285156","21.050941467285156","18584","18584","18584"
"185879","22.782487869262695","22.782487869262695","22.782487869262695","18587","18587","18587"
"185899","21.174583435058594","21.174583435058594","21.174583435058594","18589","18589","18589"
"185939","24.57322883605957","24.57322883605957","24.57322883605957","18593","18593","18593"
"185999","25.733121871948242","25.733121871948242","25.733121871948242","18599","18599","18599"
"186049","21.804834365844727","21.804834365844727","21.804834365844727","18604","18604","18604"
"186059","18.199005126953125","18.199005126953125","18.199005126953125","18605","18605","18605"
"186109","21.74260902404785","21.74260902404785","21.74260902404785","18610","18610","18610"
"186129","18.78862190246582","18.78862190246582","18.78862190246582","18612","18612","18612"
"186199","19.977968215942383","19.977968215942383","19.977968215942383","18619","18619","18619"
"186279","41.70051574707031","41.70051574707031","41.70051574707031","18627","18627","18627"
"186299","20.4123477935791","20.4123477935791","20.4123477935791","18629","18629","18629"
"186319","22.696880340576172","22.696880340576172","22.696880340576172","18631","18631","18631"
"186349","19.3301944732666","19.3301944732666","19.3301944732666","18634","18634","18634"
"186359","20.100910186767578","20.100910186767578","20.100910186767578","18635","18635","18635"
"186369","19.409130096435547","19.409130096435547","19.409130096435547","18636","18636","18636"
"186389","27.075542449951172","27.075542449951172","27.075542449951172","18638","18638","18638"
"186479","22.153228759765625","22.153228759765625","22.153228759765625","18647","18647","18647"
"186509","20.120073318481445","20.120073318481445","20.120073318481445","18650","18650","18650"
"186529","21.140840530395508","21.140840530395508","21.140840530395508","18652","18652","18652"
"186569","25.964588165283203","25.964588165283203","25.964588165283203","18656","18656","18656"
"186609","18.36170196533203","18.36170196533203","18.36170196533203","18660","18660","18660"
"186639","20.388694763183594","20.388694763183594","20.388694763183594","18663","18663","18663"
"186669","26.481414794921875","26.481414794921875","26.481414794921875","18666","18666","18666"
"186679","18.53783416748047","18.53783416748047","18.53783416748047","18667","18667","18667"
"186689","22.034393310546875","22.034393310546875","22.034393310546875","18668","18668","18668"
"186699","19.546985626220703","19.546985626220703","19.546985626220703","18669","18669","18669"
"186719","19.095008850097656","19.095008850097656","19.095008850097656","18671","18671","18671"
"186729","22.347211837768555","22.347211837768555","22.347211837768555","18672","18672","18672"
"186779","22.052766799926758","22.052766799926758","22.052766799926758","18677","18677","18677"
"186829","21.82383918762207","21.82383918762207","21.82383918762207","18682","18682","18682"
"186849","19.913333892822266","19.913333892822266","19.913333892822266","18684","18684","18684"
"186889","18.59967613220215","18.59967613220215","18.59967613220215","18688","18688","18688"
"186919","17.68498992919922","17.68498992919922","17.68498992919922","18691","18691","18691"
"186929","23.411802291870117","23.411802291870117","23.411802291870117","18692","18692","18692"
"186949","19.405750274658203","19.405750274658203","19.405750274658203","18694","18694","18694"
"186989","24.027973175048828","24.027973175048828","24.027973175048828","18698","18698","18698"
"187009","19.846405029296875","19.846405029296875","19.846405029296875","18700","18700","18700"
"187049","17.284509658813477","17.284509658813477","17.284509658813477","18704","18704","18704"
"187069","21.508098602294922","21.508098602294922","21.508098602294922","18706","18706","18706"
"187079","17.849925994873047","17.849925994873047","17.849925994873047","18707","18707","18707"
"187099","23.601699829101562","23.601699829101562","23.601699829101562","18709","18709","18709"
"187109","20.810436248779297","20.810436248779297","20.810436248779297","18710","18710","18710"
"187139","21.956850051879883","21.956850051879883","21.956850051879883","18713","18713","18713"
"187159","23.385820388793945","23.385820388793945","23.385820388793945","18715","18715","18715"
"187169","19.718229293823242","19.718229293823242","19.718229293823242","18716","18716","18716"
"187209","17.02522087097168","17.02522087097168","17.02522087097168","18720","18720","18720"
"187219","17.299121856689453","17.299121856689453","17.299121856689453","18721","18721","18721"
"187249","17.41765594482422","17.41765594482422","17.41765594482422","18724","18724","18724"
"187279","23.72581672668457","23.72581672668457","23.72581672668457","18727","18727","18727"
"187299","27.28897476196289","27.28897476196289","27.28897476196289","18729","18729","18729"
"187339","20.645538330078125","20.645538330078125","20.645538330078125","18733","18733","18733"
"187389","20.616029739379883","20.616029739379883","20.616029739379883","18738","18738","18738"
"187399","23.01424789428711","23.01424789428711","23.01424789428711","18739","18739","18739"
"187429","23.10538101196289","23.10538101196289","23.10538101196289","18742","18742","18742"
"187539","20.915292739868164","20.915292739868164","20.915292739868164","18753","18753","18753"
"187549","22.08942222595215","22.08942222595215","22.08942222595215","18754","18754","18754"
"187629","18.58562660217285","18.58562660217285","18.58562660217285","18762","18762","18762"
"187689","24.723417282104492","24.723417282104492","24.723417282104492","18768","18768","18768"
"187709","22.014493942260742","22.014493942260742","22.014493942260742","18770","18770","18770"
"187729","20.733158111572266","20.733158111572266","20.733158111572266","18772","18772","18772"
"187759","20.321063995361328","20.321063995361328","20.321063995361328","18775","18775","18775"
"187799","20.50107765197754","20.50107765197754","20.50107765197754","18779","18779","18779"
"187809","19.27977752685547","19.27977752685547","19.27977752685547","18780","18780","18780"
"187819","16.97345542907715","16.97345542907715","16.97345542907715","18781","18781","18781"
"187879","22.21650505065918","22.21650505065918","22.21650505065918","18787","18787","18787"
"187899","24.42047882080078","24.42047882080078","24.42047882080078","18789","18789","18789"
"187909","25.29008674621582","25.29008674621582","25.29008674621582","18790","18790","18790"
"187929","20.17513656616211","20.17513656616211","20.17513656616211","18792","18792","18792"
"187949","20.124902725219727","20.124902725219727","20.124902725219727","18794","18794","18794"
"187959","20.656593322753906","20.656593322753906","20.656593322753906","18795","18795","18795"
"187969","25.42897605895996","25.42897605895996","25.42897605895996","18796","18796","18796"
"187989","20.1290283203125","20.1290283203125","20.1290283203125","18798","18798","18798"
"187999","22.71881675720215","22.71881675720215","22.71881675720215","18799","18799","18799"
"188029","27.507814407348633","27.507814407348633","27.507814407348633","18802","18802","18802"
"188059","23.11931037902832","23.11931037902832","23.11931037902832","18805","18805","18805"
"188069","19.807144165039062","19.807144165039062","19.807144165039062","18806","18806","18806"
"188109","26.067209243774414","26.067209243774414","26.067209243774414","18810","18810","18810"
"188179","18.38985824584961","18.38985824584961","18.38985824584961","18817","18817","18817"
"188189","21.455842971801758","21.455842971801758","21.455842971801758","18818","18818","18818"
"188199","20.41937255859375","20.41937255859375","20.41937255859375","18819","18819","18819"
"188209","25.185253143310547","25.185253143310547","25.185253143310547","18820","18820","18820"
"188219","26.347246170043945","26.347246170043945","26.347246170043945","18821","18821","18821"
"188249","23.166973114013672","23.166973114013672","23.166973114013672","18824","18824","18824"
"188259","23.035987854003906","23.035987854003906","23.035987854003906","18825","18825","18825"
"188299","18.002418518066406","18.002418518066406","18.002418518066406","18829","18829","18829"
"188349","16.28326416015625","16.28326416015625","16.28326416015625","18834","18834","18834"
"188399","18.726354598999023","18.726354598999023","18.726354598999023","18839","18839","18839"
"188409","22.19158363342285","22.19158363342285","22.19158363342285","18840","18840","18840"
"188419","24.584768295288086","24.584768295288086","24.584768295288086","18841","18841","18841"
"188439","20.00371742248535","20.00371742248535","20.00371742248535","18843","18843","18843"
"188479","21.12849235534668","21.12849235534668","21.12849235534668","18847","18847","18847"
"188489","21.80459213256836","21.80459213256836","21.80459213256836","18848","18848","18848"
"188579","21.043607711791992","21.043607711791992","21.043607711791992","18857","18857","18857"
"188639","20.38778305053711","20.38778305053711","20.38778305053711","18863","18863","18863"
"188649","20.681215286254883","20.681215286254883","20.681215286254883","18864","18864","18864"
"188659","19.654817581176758","19.654817581176758","19.654817581176758","18865","18865","18865"
"188669","22.5765323638916","22.5765323638916","22.5765323638916","18866","18866","18866"
"188679","21.808443069458008","21.808443069458008","21.808443069458008","18867","18867","18867"
"188699","33.8269157409668","33.8269157409668","33.8269157409668","18869","18869","18869"
"188719","26.06920623779297","26.06920623779297","26.06920623779297","18871","18871","18871"
"188739","20.104602813720703","20.104602813720703","20.104602813720703","18873","18873","18873"
"188749","24.135433197021484","24.135433197021484","24.135433197021484","18874","18874","18874"
"188759","18.843385696411133","18.843385696411133","18.843385696411133","18875","18875","18875"
"188779","26.330806732177734","26.330806732177734","26.330806732177734","18877","18877","18877"
"188789","24.60558319091797","24.60558319091797","24.60558319091797","18878","18878","18878"
"188809","21.186508178710938","21.186508178710938","21.186508178710938","18880","18880","18880"
"188829","24.41183090209961","24.41183090209961","24.41183090209961","18882","18882","18882"
"188879","24.061107635498047","24.061107635498047","24.061107635498047","18887","18887","18887"
"188889","20.379180908203125","20.379180908203125","20.379180908203125","18888","18888","18888"
"188909","18.096193313598633","18.096193313598633","18.096193313598633","18890","18890","18890"
"188929","24.42465591430664","24.42465591430664","24.42465591430664","18892","18892","18892"
"188939","23.292274475097656","23.292274475097656","23.292274475097656","18893","18893","18893"
"188969","18.938020706176758","18.938020706176758","18.938020706176758","18896","18896","18896"
"188979","25.76201820373535","25.76201820373535","25.76201820373535","18897","18897","18897"
"189009","19.471172332763672","19.471172332763672","19.471172332763672","18900","18900","18900"
"189039","21.193958282470703","21.193958282470703","21.193958282470703","18903","18903","18903"
"189079","21.463027954101562","21.463027954101562","21.463027954101562","18907","18907","18907"
"189089","19.422452926635742","19.422452926635742","19.422452926635742","18908","18908","18908"
"189129","18.66764259338379","18.66764259338379","18.66764259338379","18912","18912","18912"
"189179","18.37668228149414","18.37668228149414","18.37668228149414","18917","18917","18917"
"189189","21.722681045532227","21.722681045532227","21.722681045532227","18918","18918","18918"
"189199","28.66345977783203","28.66345977783203","28.66345977783203","18919","18919","18919"
"189229","22.963380813598633","22.963380813598633","22.963380813598633","18922","18922","18922"
"189239","26.299528121948242","26.299528121948242","26.299528121948242","18923","18923","18923"
"189249","25.73558235168457","25.73558235168457","25.73558235168457","18924","18924","18924"
"189259","19.43521499633789","19.43521499633789","19.43521499633789","18925","18925","18925"
"189339","25.998031616210938","25.998031616210938","25.998031616210938","18933","18933","18933"
"189349","19.213747024536133","19.213747024536133","19.213747024536133","18934","18934","18934"
"189379","22.052474975585938","22.052474975585938","22.052474975585938","18937","18937","18937"
"189419","22.525928497314453","22.525928497314453","22.525928497314453","18941","18941","18941"
"189449","23.300373077392578","23.300373077392578","23.300373077392578","18944","18944","18944"
"189459","19.434490203857422","19.434490203857422","19.434490203857422","18945","18945","18945"
"189469","23.394140243530273","23.394140243530273","23.394140243530273","18946","18946","18946"
"189489","18.593114852905273","18.593114852905273","18.593114852905273","18948","18948","18948"
"189499","16.468128204345703","16.468128204345703","16.468128204345703","18949","18949","18949"
"189509","21.76429557800293","21.76429557800293","21.76429557800293","18950","18950","18950"
"189539","22.240175247192383","22.240175247192383","22.240175247192383","18953","18953","18953"
"189629","20.267864227294922","20.267864227294922","20.267864227294922","18962","18962","18962"
"189669","18.705629348754883","18.705629348754883","18.705629348754883","18966","18966","18966"
"189729","22.542186737060547","22.542186737060547","22.542186737060547","18972","18972","18972"
"189749","20.252504348754883","20.252504348754883","20.252504348754883","18974","18974","18974"
"189759","23.37206268310547","23.37206268310547","23.37206268310547","18975","18975","18975"
"189809","17.659467697143555","17.659467697143555","17.659467697143555","18980","18980","18980"
"189829","23.490739822387695","23.490739822387695","23.490739822387695","18982","18982","18982"
"189839","23.619569778442383","23.619569778442383","23.619569778442383","18983","18983","18983"
"189849","23.002941131591797","23.002941131591797","23.002941131591797","18984","18984","18984"
"189869","18.78522491455078","18.78522491455078","18.78522491455078","18986","18986","18986"
"189899","19.354259490966797","19.354259490966797","19.354259490966797","18989","18989","18989"
"189959","22.098522186279297","22.098522186279297","22.098522186279297","18995","18995","18995"
"189979","20.41663932800293","20.41663932800293","20.41663932800293","18997","18997","18997"
"189989","26.46868133544922","26.46868133544922","26.46868133544922","18998","18998","18998"
"190029","24.68536949157715","24.68536949157715","24.68536949157715","19002","19002","19002"
"190059","17.861854553222656","17.861854553222656","17.861854553222656","19005","19005","19005"
"190069","21.762069702148438","21.762069702148438","21.762069702148438","19006","19006","19006"
"190099","25.845630645751953","25.845630645751953","25.845630645751953","19009","19009","19009"
"190219","19.841354370117188","19.841354370117188","19.841354370117188","19021","19021","19021"
"190259","20.533191680908203","20.533191680908203","20.533191680908203","19025","19025","19025"
"190269","21.361900329589844","21.361900329589844","21.361900329589844","19026","19026","19026"
"190299","24.056106567382812","24.056106567382812","24.056106567382812","19029","19029","19029"
"190319","22.52469825744629","22.52469825744629","22.52469825744629","19031","19031","19031"
"190369","22.891780853271484","22.891780853271484","22.891780853271484","19036","19036","19036"
"190399","24.965869903564453","24.965869903564453","24.965869903564453","19039","19039","19039"
"190419","19.546255111694336","19.546255111694336","19.546255111694336","19041","19041","19041"
"190439","17.178674697875977","17.178674697875977","17.178674697875977","19043","19043","19043"
"190459","21.654478073120117","21.654478073120117","21.654478073120117","19045","19045","19045"
"190509","18.623491287231445","18.623491287231445","18.623491287231445","19050","19050","19050"
"190569","20.278045654296875","20.278045654296875","20.278045654296875","19056","19056","19056"
"190579","25.613346099853516","25.613346099853516","25.613346099853516","19057","19057","19057"
"190609","24.054264068603516","24.054264068603516","24.054264068603516","19060","19060","19060"
"190619","22.572772979736328","22.572772979736328","22.572772979736328","19061","19061","19061"
"190689","25.777606964111328","25.777606964111328","25.777606964111328","19068","19068","19068"
"190729","20.642053604125977","20.642053604125977","20.642053604125977","19072","19072","19072"
"190759","18.757810592651367","18.757810592651367","18.757810592651367","19075","19075","19075"
"190799","21.950237274169922","21.950237274169922","21.950237274169922","19079","19079","19079"
"190869","21.000574111938477","21.000574111938477","21.000574111938477","19086","19086","19086"
"190909","22.99584197998047","22.99584197998047","22.99584197998047","19090","19090","19090"
"190929","21.450223922729492","21.450223922729492","21.450223922729492","19092","19092","19092"
"190949","20.316444396972656","20.316444396972656","20.316444396972656","19094","19094","19094"
"190979","18.8637638092041","18.8637638092041","18.8637638092041","19097","19097","19097"
"190989","23.148418426513672","23.148418426513672","23.148418426513672","19098","19098","19098"
"191089","19.488643646240234","19.488643646240234","19.488643646240234","19108","19108","19108"
"191109","19.865047454833984","19.865047454833984","19.865047454833984","19110","19110","19110"
"191139","19.712797164916992","19.712797164916992","19.712797164916992","19113","19113","19113"
"191149","20.459619522094727","20.459619522094727","20.459619522094727","19114","19114","19114"
"191159","21.241670608520508","21.241670608520508","21.241670608520508","19115","19115","19115"
"191189","23.93498992919922","23.93498992919922","23.93498992919922","19118","19118","19118"
"191239","18.215932846069336","18.215932846069336","18.215932846069336","19123","19123","19123"
"191249","24.395126342773438","24.395126342773438","24.395126342773438","19124","19124","19124"
"191259","25.30474090576172","25.30474090576172","25.30474090576172","19125","19125","19125"
"191269","19.642948150634766","19.642948150634766","19.642948150634766","19126","19126","19126"
"191279","21.613426208496094","21.613426208496094","21.613426208496094","19127","19127","19127"
"191309","25.126079559326172","25.126079559326172","25.126079559326172","19130","19130","19130"
"191339","25.23499298095703","25.23499298095703","25.23499298095703","19133","19133","19133"
"191349","18.747211456298828","18.747211456298828","18.747211456298828","19134","19134","19134"
"191359","22.432893753051758","22.432893753051758","22.432893753051758","19135","19135","19135"
"191369","24.376201629638672","24.376201629638672","24.376201629638672","19136","19136","19136"
"191389","19.483442306518555","19.483442306518555","19.483442306518555","19138","19138","19138"
"191399","23.20619773864746","23.20619773864746","23.20619773864746","19139","19139","19139"
"191409","25.090576171875","25.090576171875","25.090576171875","19140","19140","19140"
"191419","28.297340393066406","28.297340393066406","28.297340393066406","19141","19141","19141"
"191449","22.912593841552734","22.912593841552734","22.912593841552734","19144","19144","19144"
"191479","24.93840789794922","24.93840789794922","24.93840789794922","19147","19147","19147"
"191509","25.159992218017578","25.159992218017578","25.159992218017578","19150","19150","19150"
"191589","21.46617889404297","21.46617889404297","21.46617889404297","19158","19158","19158"
"191599","22.10439682006836","22.10439682006836","22.10439682006836","19159","19159","19159"
"191609","21.465484619140625","21.465484619140625","21.465484619140625","19160","19160","19160"
"191669","19.856945037841797","19.856945037841797","19.856945037841797","19166","19166","19166"
"191679","22.93246841430664","22.93246841430664","22.93246841430664","19167","19167","19167"
"191699","20.274028778076172","20.274028778076172","20.274028778076172","19169","19169","19169"
"191759","19.041627883911133","19.041627883911133","19.041627883911133","19175","19175","19175"
"191769","23.083236694335938","23.083236694335938","23.083236694335938","19176","19176","19176"
"191779","21.300275802612305","21.300275802612305","21.300275802612305","19177","19177","19177"
"191799","21.311620712280273","21.311620712280273","21.311620712280273","19179","19179","19179"
"191809","21.32333755493164","21.32333755493164","21.32333755493164","19180","19180","19180"
"191869","19.797481536865234","19.797481536865234","19.797481536865234","19186","19186","19186"
"191949","20.66794776916504","20.66794776916504","20.66794776916504","19194","19194","19194"
"191969","19.871292114257812","19.871292114257812","19.871292114257812","19196","19196","19196"
"191979","19.105005264282227","19.105005264282227","19.105005264282227","19197","19197","19197"
"191989","25.126144409179688","25.126144409179688","25.126144409179688","19198","19198","19198"
"192009","19.53885841369629","19.53885841369629","19.53885841369629","19200","19200","19200"
"192039","17.055049896240234","17.055049896240234","17.055049896240234","19203","19203","19203"
"192049","21.25932502746582","21.25932502746582","21.25932502746582","19204","19204","19204"
"192059","24.1724910736084","24.1724910736084","24.1724910736084","19205","19205","19205"
"192079","19.75381088256836","19.75381088256836","19.75381088256836","19207","19207","19207"
"192089","28.753263473510742","28.753263473510742","28.753263473510742","19208","19208","19208"
"192099","18.952993392944336","18.952993392944336","18.952993392944336","19209","19209","19209"
"192129","25.358074188232422","25.358074188232422","25.358074188232422","19212","19212","19212"
"192159","22.137094497680664","22.137094497680664","22.137094497680664","19215","19215","19215"
"192199","23.80501937866211","23.80501937866211","23.80501937866211","19219","19219","19219"
"192219","18.819921493530273","18.819921493530273","18.819921493530273","19221","19221","19221"
"192239","23.080747604370117","23.080747604370117","23.080747604370117","19223","19223","19223"
"192249","25.066665649414062","25.066665649414062","25.066665649414062","19224","19224","19224"
"192259","21.07089614868164","21.07089614868164","21.07089614868164","19225","19225","19225"
"192299","23.039199829101562","23.039199829101562","23.039199829101562","19229","19229","19229"
"192319","18.892208099365234","18.892208099365234","18.892208099365234","19231","19231","19231"
"192339","24.221065521240234","24.221065521240234","24.221065521240234","19233","19233","19233"
"192349","20.116256713867188","20.116256713867188","20.116256713867188","19234","19234","19234"
"192359","20.565093994140625","20.565093994140625","20.565093994140625","19235","19235","19235"
"192429","25.765777587890625","25.765777587890625","25.765777587890625","19242","19242","19242"
"192509","21.29949951171875","21.29949951171875","21.29949951171875","19250","19250","19250"
"192529","19.660303115844727","19.660303115844727","19.660303115844727","19252","19252","19252"
"192559","19.66983985900879","19.66983985900879","19.66983985900879","19255","19255","19255"
"192579","19.28272247314453","19.28272247314453","19.28272247314453","19257","19257","19257"
"192609","21.353145599365234","21.353145599365234","21.353145599365234","19260","19260","19260"
"192629","25.308958053588867","25.308958053588867","25.308958053588867","19262","19262","19262"
"192639","18.30006217956543","18.30006217956543","18.30006217956543","19263","19263","19263"
"192649","17.60153579711914","17.60153579711914","17.60153579711914","19264","19264","19264"
"192659","20.824661254882812","20.824661254882812","20.824661254882812","19265","19265","19265"
"192669","25.57855224609375","25.57855224609375","25.57855224609375","19266","19266","19266"
"192689","24.78485870361328","24.78485870361328","24.78485870361328","19268","19268","19268"
"192749","23.821178436279297","23.821178436279297","23.821178436279297","19274","19274","19274"
"192769","23.5208683013916","23.5208683013916","23.5208683013916","19276","19276","19276"
"192779","17.732011795043945","17.732011795043945","17.732011795043945","19277","19277","19277"
"192809","22.17285919189453","22.17285919189453","22.17285919189453","19280","19280","19280"
"192839","18.85420036315918","18.85420036315918","18.85420036315918","19283","19283","19283"
"192849","19.086986541748047","19.086986541748047","19.086986541748047","19284","19284","19284"
"192869","20.83129119873047","20.83129119873047","20.83129119873047","19286","19286","19286"
"192879","22.655704498291016","22.655704498291016","22.655704498291016","19287","19287","19287"
"192889","20.755653381347656","20.755653381347656","20.755653381347656","19288","19288","19288"
"192899","20.36422348022461","20.36422348022461","20.36422348022461","19289","19289","19289"
"192959","27.538999557495117","27.538999557495117","27.538999557495117","19295","19295","19295"
"192969","18.256084442138672","18.256084442138672","18.256084442138672","19296","19296","19296"
"192979","24.577377319335938","24.577377319335938","24.577377319335938","19297","19297","19297"
"192999","21.894323348999023","21.894323348999023","21.894323348999023","19299","19299","19299"
"193029","20.800537109375","20.800537109375","20.800537109375","19302","19302","19302"
"193039","25.020254135131836","25.020254135131836","25.020254135131836","19303","19303","19303"
"193069","17.561965942382812","17.561965942382812","17.561965942382812","19306","19306","19306"
"193109","16.94387435913086","16.94387435913086","16.94387435913086","19310","19310","19310"
"193129","27.575550079345703","27.575550079345703","27.575550079345703","19312","19312","19312"
"193149","20.900609970092773","20.900609970092773","20.900609970092773","19314","19314","19314"
"193179","19.695838928222656","19.695838928222656","19.695838928222656","19317","19317","19317"
"193199","23.459341049194336","23.459341049194336","23.459341049194336","19319","19319","19319"
"193259","20.949251174926758","20.949251174926758","20.949251174926758","19325","19325","19325"
"193299","17.26642417907715","17.26642417907715","17.26642417907715","19329","19329","19329"
"193309","19.13539695739746","19.13539695739746","19.13539695739746","19330","19330","19330"
"193429","22.379316329956055","22.379316329956055","22.379316329956055","19342","19342","19342"
"193489","21.552370071411133","21.552370071411133","21.552370071411133","19348","19348","19348"
"193499","22.000381469726562","22.000381469726562","22.000381469726562","19349","19349","19349"
"193519","25.2559814453125","25.2559814453125","25.2559814453125","19351","19351","19351"
"193559","22.28200912475586","22.28200912475586","22.28200912475586","19355","19355","19355"
"193589","22.49504280090332","22.49504280090332","22.49504280090332","19358","19358","19358"
"193599","21.85332489013672","21.85332489013672","21.85332489013672","19359","19359","19359"
"193609","23.121736526489258","23.121736526489258","23.121736526489258","19360","19360","19360"
"193629","23.054386138916016","23.054386138916016","23.054386138916016","19362","19362","19362"
"193639","22.520597457885742","22.520597457885742","22.520597457885742","19363","19363","19363"
"193699","21.549163818359375","21.549163818359375","21.549163818359375","19369","19369","19369"
"193709","18.443729400634766","18.443729400634766","18.443729400634766","19370","19370","19370"
"193719","19.45082664489746","19.45082664489746","19.45082664489746","19371","19371","19371"
"193769","21.74231719970703","21.74231719970703","21.74231719970703","19376","19376","19376"
"193779","22.670639038085938","22.670639038085938","22.670639038085938","19377","19377","19377"
"193809","18.940998077392578","18.940998077392578","18.940998077392578","19380","19380","19380"
"193829","19.804903030395508","19.804903030395508","19.804903030395508","19382","19382","19382"
"193879","20.27981948852539","20.27981948852539","20.27981948852539","19387","19387","19387"
"193889","20.076251983642578","20.076251983642578","20.076251983642578","19388","19388","19388"
"193939","21.8408203125","21.8408203125","21.8408203125","19393","19393","19393"
"193949","20.72884750366211","20.72884750366211","20.72884750366211","19394","19394","19394"
"193959","28.512182235717773","28.512182235717773","28.512182235717773","19395","19395","19395"
"194019","22.00155258178711","22.00155258178711","22.00155258178711","19401","19401","19401"
"194049","26.653133392333984","26.653133392333984","26.653133392333984","19404","19404","19404"
"194059","26.425642013549805","26.425642013549805","26.425642013549805","19405","19405","19405"
"194069","21.00695037841797","21.00695037841797","21.00695037841797","19406","19406","19406"
"194079","18.136255264282227","18.136255264282227","18.136255264282227","19407","19407","19407"
"194089","19.060640335083008","19.060640335083008","19.060640335083008","19408","19408","19408"
"194109","20.139820098876953","20.139820098876953","20.139820098876953","19410","19410","19410"
"194129","21.82234001159668","21.82234001159668","21.82234001159668","19412","19412","19412"
"194139","19.39202880859375","19.39202880859375","19.39202880859375","19413","19413","19413"
"194159","22.11261558532715","22.11261558532715","22.11261558532715","19415","19415","19415"
"194209","21.784530639648438","21.784530639648438","21.784530639648438","19420","19420","19420"
"194229","18.048030853271484","18.048030853271484","18.048030853271484","19422","19422","19422"
"194289","18.908370971679688","18.908370971679688","18.908370971679688","19428","19428","19428"
"194349","20.81125831604004","20.81125831604004","20.81125831604004","19434","19434","19434"
"194359","23.90213394165039","23.90213394165039","23.90213394165039","19435","19435","19435"
"194369","40.0870246887207","40.0870246887207","40.0870246887207","19436","19436","19436"
"194379","20.729936599731445","20.729936599731445","20.729936599731445","19437","19437","19437"
"194409","19.78186798095703","19.78186798095703","19.78186798095703","19440","19440","19440"
"194439","20.711400985717773","20.711400985717773","20.711400985717773","19443","19443","19443"
"194459","20.28660774230957","20.28660774230957","20.28660774230957","19445","19445","19445"
"194469","21.982223510742188","21.982223510742188","21.982223510742188","19446","19446","19446"
"194489","25.406618118286133","25.406618118286133","25.406618118286133","19448","19448","19448"
"194499","19.19852066040039","19.19852066040039","19.19852066040039","19449","19449","19449"
"194529","26.75775909423828","26.75775909423828","26.75775909423828","19452","19452","19452"
"194599","25.210046768188477","25.210046768188477","25.210046768188477","19459","19459","19459"
"194609","21.42853355407715","21.42853355407715","21.42853355407715","19460","19460","19460"
"194639","20.88467025756836","20.88467025756836","20.88467025756836","19463","19463","19463"
"194679","21.963830947875977","21.963830947875977","21.963830947875977","19467","19467","19467"
"194709","18.61990737915039","18.61990737915039","18.61990737915039","19470","19470","19470"
"194779","19.528743743896484","19.528743743896484","19.528743743896484","19477","19477","19477"
"194799","19.089597702026367","19.089597702026367","19.089597702026367","19479","19479","19479"
"194809","25.158329010009766","25.158329010009766","25.158329010009766","19480","19480","19480"
"194849","21.323604583740234","21.323604583740234","21.323604583740234","19484","19484","19484"
"194859","20.164575576782227","20.164575576782227","20.164575576782227","19485","19485","19485"
"194869","18.115692138671875","18.115692138671875","18.115692138671875","19486","19486","19486"
"194889","21.53638458251953","21.53638458251953","21.53638458251953","19488","19488","19488"
"194899","19.224241256713867","19.224241256713867","19.224241256713867","19489","19489","19489"
"194909","23.74813461303711","23.74813461303711","23.74813461303711","19490","19490","19490"
"194929","19.78634262084961","19.78634262084961","19.78634262084961","19492","19492","19492"
"194939","20.141630172729492","20.141630172729492","20.141630172729492","19493","19493","19493"
"194989","18.224872589111328","18.224872589111328","18.224872589111328","19498","19498","19498"
"194999","25.558650970458984","25.558650970458984","25.558650970458984","19499","19499","19499"
"195019","25.07358169555664","25.07358169555664","25.07358169555664","19501","19501","19501"
"195059","21.94719696044922","21.94719696044922","21.94719696044922","19505","19505","19505"
"195069","20.63400650024414","20.63400650024414","20.63400650024414","19506","19506","19506"
"195079","20.481971740722656","20.481971740722656","20.481971740722656","19507","19507","19507"
"195099","24.297130584716797","24.297130584716797","24.297130584716797","19509","19509","19509"
"195109","23.384355545043945","23.384355545043945","23.384355545043945","19510","19510","19510"
"195159","21.326366424560547","21.326366424560547","21.326366424560547","19515","19515","19515"
"195179","44.235443115234375","44.235443115234375","44.235443115234375","19517","19517","19517"
"195189","20.265838623046875","20.265838623046875","20.265838623046875","19518","19518","19518"
"195199","19.15038299560547","19.15038299560547","19.15038299560547","19519","19519","19519"
"195209","21.120203018188477","21.120203018188477","21.120203018188477","19520","19520","19520"
"195219","22.458541870117188","22.458541870117188","22.458541870117188","19521","19521","19521"
"195229","20.050403594970703","20.050403594970703","20.050403594970703","19522","19522","19522"
"195249","21.59290313720703","21.59290313720703","21.59290313720703","19524","19524","19524"
"195289","42.757049560546875","42.757049560546875","42.757049560546875","19528","19528","19528"
"195299","20.28580665588379","20.28580665588379","20.28580665588379","19529","19529","19529"
"195329","21.345096588134766","21.345096588134766","21.345096588134766","19532","19532","19532"
"195339","23.044178009033203","23.044178009033203","23.044178009033203","19533","19533","19533"
"195439","24.33656883239746","24.33656883239746","24.33656883239746","19543","19543","19543"
"195449","22.849365234375","22.849365234375","22.849365234375","19544","19544","19544"
"195459","20.913604736328125","20.913604736328125","20.913604736328125","19545","19545","19545"
"195479","20.887165069580078","20.887165069580078","20.887165069580078","19547","19547","19547"
"195569","23.233104705810547","23.233104705810547","23.233104705810547","19556","19556","19556"
"195619","21.464378356933594","21.464378356933594","21.464378356933594","19561","19561","19561"
"195629","17.512569427490234","17.512569427490234","17.512569427490234","19562","19562","19562"
"195639","20.557878494262695","20.557878494262695","20.557878494262695","19563","19563","19563"
"195649","29.434947967529297","29.434947967529297","29.434947967529297","19564","19564","19564"
"195669","20.888946533203125","20.888946533203125","20.888946533203125","19566","19566","19566"
"195699","21.008573532104492","21.008573532104492","21.008573532104492","19569","19569","19569"
"195709","20.58940887451172","20.58940887451172","20.58940887451172","19570","19570","19570"
"195719","20.871002197265625","20.871002197265625","20.871002197265625","19571","19571","19571"
"195729","21.143159866333008","21.143159866333008","21.143159866333008","19572","19572","19572"
"195809","25.62568473815918","25.62568473815918","25.62568473815918","19580","19580","19580"
"195819","21.62203598022461","21.62203598022461","21.62203598022461","19581","19581","19581"
"195849","20.18775177001953","20.18775177001953","20.18775177001953","19584","19584","19584"
"195879","19.49273681640625","19.49273681640625","19.49273681640625","19587","19587","19587"
"195919","22.183765411376953","22.183765411376953","22.183765411376953","19591","19591","19591"
"195929","19.746118545532227","19.746118545532227","19.746118545532227","19592","19592","19592"
"195939","20.203006744384766","20.203006744384766","20.203006744384766","19593","19593","19593"
"195949","22.75570297241211","22.75570297241211","22.75570297241211","19594","19594","19594"
"195979","24.595035552978516","24.595035552978516","24.595035552978516","19597","19597","19597"
"196019","21.039430618286133","21.039430618286133","21.039430618286133","19601","19601","19601"
"196029","19.68204116821289","19.68204116821289","19.68204116821289","19602","19602","19602"
"196039","18.17601203918457","18.17601203918457","18.17601203918457","19603","19603","19603"
"196049","22.890869140625","22.890869140625","22.890869140625","19604","19604","19604"
"196179","26.062917709350586","26.062917709350586","26.062917709350586","19617","19617","19617"
"196199","22.614471435546875","22.614471435546875","22.614471435546875","19619","19619","19619"
"196209","23.818233489990234","23.818233489990234","23.818233489990234","19620","19620","19620"
"196229","20.66139793395996","20.66139793395996","20.66139793395996","19622","19622","19622"
"196269","20.321523666381836","20.321523666381836","20.321523666381836","19626","19626","19626"
"196279","18.812232971191406","18.812232971191406","18.812232971191406","19627","19627","19627"
"196339","20.925426483154297","20.925426483154297","20.925426483154297","19633","19633","19633"
"196409","22.141868591308594","22.141868591308594","22.141868591308594","19640","19640","19640"
"196439","22.58132553100586","22.58132553100586","22.58132553100586","19643","19643","19643"
"196479","19.169065475463867","19.169065475463867","19.169065475463867","19647","19647","19647"
"196499","26.078025817871094","26.078025817871094","26.078025817871094","19649","19649","19649"
"196509","21.14110565185547","21.14110565185547","21.14110565185547","19650","19650","19650"
"196519","18.72870445251465","18.72870445251465","18.72870445251465","19651","19651","19651"
"196529","20.131811141967773","20.131811141967773","20.131811141967773","19652","19652","19652"
"196539","21.018558502197266","21.018558502197266","21.018558502197266","19653","19653","19653"
"196559","18.53350257873535","18.53350257873535","18.53350257873535","19655","19655","19655"
"196569","22.298908233642578","22.298908233642578","22.298908233642578","19656","19656","19656"
"196589","19.9897403717041","19.9897403717041","19.9897403717041","19658","19658","19658"
"196599","28.650047302246094","28.650047302246094","28.650047302246094","19659","19659","19659"
"196639","18.597145080566406","18.597145080566406","18.597145080566406","19663","19663","19663"
"196659","24.533159255981445","24.533159255981445","24.533159255981445","19665","19665","19665"
"196709","22.400699615478516","22.400699615478516","22.400699615478516","19670","19670","19670"
"196729","22.872028350830078","22.872028350830078","22.872028350830078","19672","19672","19672"
"196739","25.552227020263672","25.552227020263672","25.552227020263672","19673","19673","19673"
"196749","20.093006134033203","20.093006134033203","20.093006134033203","19674","19674","19674"
"196759","21.01325225830078","21.01325225830078","21.01325225830078","19675","19675","19675"
"196789","27.54319953918457","27.54319953918457","27.54319953918457","19678","19678","19678"
"196799","22.881139755249023","22.881139755249023","22.881139755249023","19679","19679","19679"
"196809","20.27829933166504","20.27829933166504","20.27829933166504","19680","19680","19680"
"196819","25.612462997436523","25.612462997436523","25.612462997436523","19681","19681","19681"
"196829","21.1522216796875","21.1522216796875","21.1522216796875","19682","19682","19682"
"196859","25.590740203857422","25.590740203857422","25.590740203857422","19685","19685","19685"
"196889","18.038314819335938","18.038314819335938","18.038314819335938","19688","19688","19688"
"196949","19.34817886352539","19.34817886352539","19.34817886352539","19694","19694","19694"
"196959","19.14606475830078","19.14606475830078","19.14606475830078","19695","19695","19695"
"197039","23.884319305419922","23.884319305419922","23.884319305419922","19703","19703","19703"
"197089","17.055950164794922","17.055950164794922","17.055950164794922","19708","19708","19708"
"197109","19.319438934326172","19.319438934326172","19.319438934326172","19710","19710","19710"
"197119","23.568824768066406","23.568824768066406","23.568824768066406","19711","19711","19711"
"197149","27.14881706237793","27.14881706237793","27.14881706237793","19714","19714","19714"
"197159","27.852989196777344","27.852989196777344","27.852989196777344","19715","19715","19715"
"197179","17.67919921875","17.67919921875","17.67919921875","19717","19717","19717"
"197189","20.954490661621094","20.954490661621094","20.954490661621094","19718","19718","19718"
"197229","21.771404266357422","21.771404266357422","21.771404266357422","19722","19722","19722"
"197249","17.134246826171875","17.134246826171875","17.134246826171875","19724","19724","19724"
"197259","26.867111206054688","26.867111206054688","26.867111206054688","19725","19725","19725"
"197299","21.415477752685547","21.415477752685547","21.415477752685547","19729","19729","19729"
"197319","23.051055908203125","23.051055908203125","23.051055908203125","19731","19731","19731"
"197399","21.190956115722656","21.190956115722656","21.190956115722656","19739","19739","19739"
"197439","23.504615783691406","23.504615783691406","23.504615783691406","19743","19743","19743"
"197519","21.658161163330078","21.658161163330078","21.658161163330078","19751","19751","19751"
"197579","21.394405364990234","21.394405364990234","21.394405364990234","19757","19757","19757"
"197609","22.642501831054688","22.642501831054688","22.642501831054688","19760","19760","19760"
"197629","20.569923400878906","20.569923400878906","20.569923400878906","19762","19762","19762"
"197639","19.563159942626953","19.563159942626953","19.563159942626953","19763","19763","19763"
"197679","19.54198455810547","19.54198455810547","19.54198455810547","19767","19767","19767"
"197699","20.38566017150879","20.38566017150879","20.38566017150879","19769","19769","19769"
"197709","21.552242279052734","21.552242279052734","21.552242279052734","19770","19770","19770"
"197739","21.777355194091797","21.777355194091797","21.777355194091797","19773","19773","19773"
"197769","25.259248733520508","25.259248733520508","25.259248733520508","19776","19776","19776"
"197839","18.95146942138672","18.95146942138672","18.95146942138672","19783","19783","19783"
"197869","18.807268142700195","18.807268142700195","18.807268142700195","19786","19786","19786"
"197879","20.46590232849121","20.46590232849121","20.46590232849121","19787","19787","19787"
"197889","23.459064483642578","23.459064483642578","23.459064483642578","19788","19788","19788"
"197919","27.095796585083008","27.095796585083008","27.095796585083008","19791","19791","19791"
"197949","21.917911529541016","21.917911529541016","21.917911529541016","19794","19794","19794"
"197969","35.128822326660156","35.128822326660156","35.128822326660156","19796","19796","19796"
"198009","18.309009552001953","18.309009552001953","18.309009552001953","19800","19800","19800"
"198049","22.163103103637695","22.163103103637695","22.163103103637695","19804","19804","19804"
"198059","44.42373275756836","44.42373275756836","44.42373275756836","19805","19805","19805"
"198069","21.754497528076172","21.754497528076172","21.754497528076172","19806","19806","19806"
"198079","34.18017578125","34.18017578125","34.18017578125","19807","19807","19807"
"198089","22.432579040527344","22.432579040527344","22.432579040527344","19808","19808","19808"
"198179","22.625812530517578","22.625812530517578","22.625812530517578","19817","19817","19817"
"198189","29.75640296936035","29.75640296936035","29.75640296936035","19818","19818","19818"
"198199","21.316247940063477","21.316247940063477","21.316247940063477","19819","19819","19819"
"198249","18.409591674804688","18.409591674804688","18.409591674804688","19824","19824","19824"
"198269","22.777488708496094","22.777488708496094","22.777488708496094","19826","19826","19826"
"198289","22.15042495727539","22.15042495727539","22.15042495727539","19828","19828","19828"
"198359","23.840993881225586","23.840993881225586","23.840993881225586","19835","19835","19835"
"198379","24.781904220581055","24.781904220581055","24.781904220581055","19837","19837","19837"
"198389","21.916404724121094","21.916404724121094","21.916404724121094","19838","19838","19838"
"198409","19.707294464111328","19.707294464111328","19.707294464111328","19840","19840","19840"
"198429","19.373563766479492","19.373563766479492","19.373563766479492","19842","19842","19842"
"198469","22.80291175842285","22.80291175842285","22.80291175842285","19846","19846","19846"
"198519","17.715923309326172","17.715923309326172","17.715923309326172","19851","19851","19851"
"198629","20.509061813354492","20.509061813354492","20.509061813354492","19862","19862","19862"
"198639","21.477035522460938","21.477035522460938","21.477035522460938","19863","19863","19863"
"198649","18.600732803344727","18.600732803344727","18.600732803344727","19864","19864","19864"
"198669","18.14833641052246","18.14833641052246","18.14833641052246","19866","19866","19866"
"198679","21.62432098388672","21.62432098388672","21.62432098388672","19867","19867","19867"
"198709","24.67019271850586","24.67019271850586","24.67019271850586","19870","19870","19870"
"198729","20.73058319091797","20.73058319091797","20.73058319091797","19872","19872","19872"
"198779","22.4688720703125","22.4688720703125","22.4688720703125","19877","19877","19877"
"198789","25.476919174194336","25.476919174194336","25.476919174194336","19878","19878","19878"
"198799","16.179561614990234","16.179561614990234","16.179561614990234","19879","19879","19879"
"198829","19.449356079101562","19.449356079101562","19.449356079101562","19882","19882","19882"
"198879","19.061853408813477","19.061853408813477","19.061853408813477","19887","19887","19887"
"198909","17.3524169921875","17.3524169921875","17.3524169921875","19890","19890","19890"
"198939","19.424922943115234","19.424922943115234","19.424922943115234","19893","19893","19893"
"198989","20.09663963317871","20.09663963317871","20.09663963317871","19898","19898","19898"
"198999","22.249202728271484","22.249202728271484","22.249202728271484","19899","19899","19899"
"199009","20.459379196166992","20.459379196166992","20.459379196166992","19900","19900","19900"
"199019","19.229381561279297","19.229381561279297","19.229381561279297","19901","19901","19901"
"199059","30.4367733001709","30.4367733001709","30.4367733001709","19905","19905","19905"
"199069","19.116756439208984","19.116756439208984","19.116756439208984","19906","19906","19906"
"199079","20.733646392822266","20.733646392822266","20.733646392822266","19907","19907","19907"
"199089","23.096899032592773","23.096899032592773","23.096899032592773","19908","19908","19908"
"199109","22.19264793395996","22.19264793395996","22.19264793395996","19910","19910","19910"
"199119","21.600324630737305","21.600324630737305","21.600324630737305","19911","19911","19911"
"199159","41.59288024902344","41.59288024902344","41.59288024902344","19915","19915","19915"
"199179","21.56001091003418","21.56001091003418","21.56001091003418","19917","19917","19917"
"199209","19.4453182220459","19.4453182220459","19.4453182220459","19920","19920","19920"
"199219","21.47189712524414","21.47189712524414","21.47189712524414","19921","19921","19921"
"199239","21.80785369873047","21.80785369873047","21.80785369873047","19923","19923","19923"
"199289","18.112159729003906","18.112159729003906","18.112159729003906","19928","19928","19928"
"199299","20.818191528320312","20.818191528320312","20.818191528320312","19929","19929","19929"
"199309","22.58892250061035","22.58892250061035","22.58892250061035","19930","19930","19930"
"199319","28.310285568237305","28.310285568237305","28.310285568237305","19931","19931","19931"
"199339","26.595945358276367","26.595945358276367","26.595945358276367","19933","19933","19933"
"199349","21.401996612548828","21.401996612548828","21.401996612548828","19934","19934","19934"
"199369","19.54930877685547","19.54930877685547","19.54930877685547","19936","19936","19936"
"199379","17.155620574951172","17.155620574951172","17.155620574951172","19937","19937","19937"
"199389","22.180633544921875","22.180633544921875","22.180633544921875","19938","19938","19938"
"199409","21.981582641601562","21.981582641601562","21.981582641601562","19940","19940","19940"
"199429","18.917787551879883","18.917787551879883","18.917787551879883","19942","19942","19942"
"199449","21.317909240722656","21.317909240722656","21.317909240722656","19944","19944","19944"
"199459","19.293203353881836","19.293203353881836","19.293203353881836","19945","19945","19945"
"199489","18.456165313720703","18.456165313720703","18.456165313720703","19948","19948","19948"
"199499","27.409852981567383","27.409852981567383","27.409852981567383","19949","19949","19949"
"199539","23.38653564453125","23.38653564453125","23.38653564453125","19953","19953","19953"
"199569","19.59758186340332","19.59758186340332","19.59758186340332","19956","19956","19956"
"199589","18.838356018066406","18.838356018066406","18.838356018066406","19958","19958","19958"
"199639","40.874794006347656","40.874794006347656","40.874794006347656","19963","19963","19963"
"199679","21.981910705566406","21.981910705566406","21.981910705566406","19967","19967","19967"
"199729","23.71489715576172","23.71489715576172","23.71489715576172","19972","19972","19972"
"199759","25.23589324951172","25.23589324951172","25.23589324951172","19975","19975","19975"
"199809","21.046218872070312","21.046218872070312","21.046218872070312","19980","19980","19980"
"199859","23.67167854309082","23.67167854309082","23.67167854309082","19985","19985","19985"
"199879","18.327781677246094","18.327781677246094","18.327781677246094","19987","19987","19987"
"199919","23.38266372680664","23.38266372680664","23.38266372680664","19991","19991","19991"
"199959","19.4896183013916","19.4896183013916","19.4896183013916","19995","19995","19995"
"200009","25.4340877532959","25.4340877532959","25.4340877532959","20000","20000","20000"
"200059","20.191068649291992","20.191068649291992","20.191068649291992","20005","20005","20005"
"200079","25.002483367919922","25.002483367919922","25.002483367919922","20007","20007","20007"
"200089","22.681671142578125","22.681671142578125","22.681671142578125","20008","20008","20008"
"200099","19.694093704223633","19.694093704223633","19.694093704223633","20009","20009","20009"
"200109","22.62120246887207","22.62120246887207","22.62120246887207","20010","20010","20010"
"200139","26.718090057373047","26.718090057373047","26.718090057373047","20013","20013","20013"
"200179","18.596588134765625","18.596588134765625","18.596588134765625","20017","20017","20017"
"200189","23.06827735900879","23.06827735900879","23.06827735900879","20018","20018","20018"
"200229","21.186662673950195","21.186662673950195","21.186662673950195","20022","20022","20022"
"200259","18.42626190185547","18.42626190185547","18.42626190185547","20025","20025","20025"
"200269","20.064085006713867","20.064085006713867","20.064085006713867","20026","20026","20026"
"200289","19.405176162719727","19.405176162719727","19.405176162719727","20028","20028","20028"
"200319","17.853864669799805","17.853864669799805","17.853864669799805","20031","20031","20031"
"200329","20.664226531982422","20.664226531982422","20.664226531982422","20032","20032","20032"
"200359","20.90586280822754","20.90586280822754","20.90586280822754","20035","20035","20035"
"200409","19.916555404663086","19.916555404663086","19.916555404663086","20040","20040","20040"
"200429","20.039886474609375","20.039886474609375","20.039886474609375","20042","20042","20042"
"200439","27.676301956176758","27.676301956176758","27.676301956176758","20043","20043","20043"
"200459","18.30710220336914","18.30710220336914","18.30710220336914","20045","20045","20045"
"200489","21.855592727661133","21.855592727661133","21.855592727661133","20048","20048","20048"
"200519","23.735713958740234","23.735713958740234","23.735713958740234","20051","20051","20051"
"200539","26.591901779174805","26.591901779174805","26.591901779174805","20053","20053","20053"
"200549","23.68362045288086","23.68362045288086","23.68362045288086","20054","20054","20054"
"200619","30.119552612304688","30.119552612304688","30.119552612304688","20061","20061","20061"
"200639","24.725980758666992","24.725980758666992","24.725980758666992","20063","20063","20063"
"200659","18.79727554321289","18.79727554321289","18.79727554321289","20065","20065","20065"
"200689","23.458953857421875","23.458953857421875","23.458953857421875","20068","20068","20068"
"200699","29.215951919555664","29.215951919555664","29.215951919555664","20069","20069","20069"
"200719","27.169479370117188","27.169479370117188","27.169479370117188","20071","20071","20071"
"200749","22.62527847290039","22.62527847290039","22.62527847290039","20074","20074","20074"
"200789","19.807659149169922","19.807659149169922","19.807659149169922","20078","20078","20078"
"200809","22.24781036376953","22.24781036376953","22.24781036376953","20080","20080","20080"
"200839","25.85432243347168","25.85432243347168","25.85432243347168","20083","20083","20083"
"200849","19.89960479736328","19.89960479736328","19.89960479736328","20084","20084","20084"
"200879","25.411771774291992","25.411771774291992","25.411771774291992","20087","20087","20087"
"200919","21.5350284576416","21.5350284576416","21.5350284576416","20091","20091","20091"
"200949","19.754810333251953","19.754810333251953","19.754810333251953","20094","20094","20094"
"200969","21.58517074584961","21.58517074584961","21.58517074584961","20096","20096","20096"
"201009","22.334922790527344","22.334922790527344","22.334922790527344","20100","20100","20100"
"201059","21.3199520111084","21.3199520111084","21.3199520111084","20105","20105","20105"
"201099","21.390527725219727","21.390527725219727","21.390527725219727","20109","20109","20109"
"201149","23.748199462890625","23.748199462890625","23.748199462890625","20114","20114","20114"
"201179","26.874004364013672","26.874004364013672","26.874004364013672","20117","20117","20117"
"201199","21.343521118164062","21.343521118164062","21.343521118164062","20119","20119","20119"
"201209","21.18245506286621","21.18245506286621","21.18245506286621","20120","20120","20120"
"201219","24.178428649902344","24.178428649902344","24.178428649902344","20121","20121","20121"
"201289","19.518009185791016","19.518009185791016","19.518009185791016","20128","20128","20128"
"201299","19.53424072265625","19.53424072265625","19.53424072265625","20129","20129","20129"
"201309","20.103288650512695","20.103288650512695","20.103288650512695","20130","20130","20130"
"201329","22.751541137695312","22.751541137695312","22.751541137695312","20132","20132","20132"
"201349","22.1507511138916","22.1507511138916","22.1507511138916","20134","20134","20134"
"201369","22.729576110839844","22.729576110839844","22.729576110839844","20136","20136","20136"
"201429","21.302881240844727","21.302881240844727","21.302881240844727","20142","20142","20142"
"201469","23.065635681152344","23.065635681152344","23.065635681152344","20146","20146","20146"
"201519","22.746601104736328","22.746601104736328","22.746601104736328","20151","20151","20151"
"201529","22.654895782470703","22.654895782470703","22.654895782470703","20152","20152","20152"
"201559","24.470138549804688","24.470138549804688","24.470138549804688","20155","20155","20155"
"201569","20.34219741821289","20.34219741821289","20.34219741821289","20156","20156","20156"
"201599","19.297164916992188","19.297164916992188","19.297164916992188","20159","20159","20159"
"201649","19.16252899169922","19.16252899169922","19.16252899169922","20164","20164","20164"
"201659","20.819164276123047","20.819164276123047","20.819164276123047","20165","20165","20165"
"201689","21.949424743652344","21.949424743652344","21.949424743652344","20168","20168","20168"
"201699","19.079391479492188","19.079391479492188","19.079391479492188","20169","20169","20169"
"201709","24.58971405029297","24.58971405029297","24.58971405029297","20170","20170","20170"
"201729","20.029693603515625","20.029693603515625","20.029693603515625","20172","20172","20172"
"201749","20.2091064453125","20.2091064453125","20.2091064453125","20174","20174","20174"
"201759","19.188945770263672","19.188945770263672","19.188945770263672","20175","20175","20175"
"201769","18.42757797241211","18.42757797241211","18.42757797241211","20176","20176","20176"
"201779","22.569747924804688","22.569747924804688","22.569747924804688","20177","20177","20177"
"201789","20.941495895385742","20.941495895385742","20.941495895385742","20178","20178","20178"
"201819","18.2071533203125","18.2071533203125","18.2071533203125","20181","20181","20181"
"201829","21.435354232788086","21.435354232788086","21.435354232788086","20182","20182","20182"
"201839","22.696083068847656","22.696083068847656","22.696083068847656","20183","20183","20183"
"201909","17.555286407470703","17.555286407470703","17.555286407470703","20190","20190","20190"
"201919","21.9954776763916","21.9954776763916","21.9954776763916","20191","20191","20191"
"201979","21.10383415222168","21.10383415222168","21.10383415222168","20197","20197","20197"
"201989","22.42998504638672","22.42998504638672","22.42998504638672","20198","20198","20198"
"202019","19.246204376220703","19.246204376220703","19.246204376220703","20201","20201","20201"
"202049","23.766990661621094","23.766990661621094","23.766990661621094","20204","20204","20204"
"202079","22.197294235229492","22.197294235229492","22.197294235229492","20207","20207","20207"
"202089","16.884302139282227","16.884302139282227","16.884302139282227","20208","20208","20208"
"202109","19.52178382873535","19.52178382873535","19.52178382873535","20210","20210","20210"
"202129","19.343027114868164","19.343027114868164","19.343027114868164","20212","20212","20212"
"202209","20.558250427246094","20.558250427246094","20.558250427246094","20220","20220","20220"
"202229","20.185474395751953","20.185474395751953","20.185474395751953","20222","20222","20222"
"202249","17.61720085144043","17.61720085144043","17.61720085144043","20224","20224","20224"
"202259","20.3741455078125","20.3741455078125","20.3741455078125","20225","20225","20225"
"202279","20.663209915161133","20.663209915161133","20.663209915161133","20227","20227","20227"
"202289","21.022071838378906","21.022071838378906","21.022071838378906","20228","20228","20228"
"202309","19.719642639160156","19.719642639160156","19.719642639160156","20230","20230","20230"
"202319","21.121673583984375","21.121673583984375","21.121673583984375","20231","20231","20231"
"202329","23.428199768066406","23.428199768066406","23.428199768066406","20232","20232","20232"
"202339","18.07027244567871","18.07027244567871","18.07027244567871","20233","20233","20233"
"202349","21.274425506591797","21.274425506591797","21.274425506591797","20234","20234","20234"
"202369","18.813888549804688","18.813888549804688","18.813888549804688","20236","20236","20236"
"202389","18.791751861572266","18.791751861572266","18.791751861572266","20238","20238","20238"
"202409","20.738162994384766","20.738162994384766","20.738162994384766","20240","20240","20240"
"202429","20.623254776000977","20.623254776000977","20.623254776000977","20242","20242","20242"
"202489","25.530019760131836","25.530019760131836","25.530019760131836","20248","20248","20248"
"202519","23.053388595581055","23.053388595581055","23.053388595581055","20251","20251","20251"
"202529","22.374284744262695","22.374284744262695","22.374284744262695","20252","20252","20252"
"202569","20.610332489013672","20.610332489013672","20.610332489013672","20256","20256","20256"
"202589","18.794963836669922","18.794963836669922","18.794963836669922","20258","20258","20258"
"202619","19.49074935913086","19.49074935913086","19.49074935913086","20261","20261","20261"
"202649","20.781940460205078","20.781940460205078","20.781940460205078","20264","20264","20264"
"202659","29.570886611938477","29.570886611938477","29.570886611938477","20265","20265","20265"
"202679","17.759178161621094","17.759178161621094","17.759178161621094","20267","20267","20267"
"202689","19.03410530090332","19.03410530090332","19.03410530090332","20268","20268","20268"
"202699","21.160429000854492","21.160429000854492","21.160429000854492","20269","20269","20269"
"202709","21.921533584594727","21.921533584594727","21.921533584594727","20270","20270","20270"
"202729","20.288646697998047","20.288646697998047","20.288646697998047","20272","20272","20272"
"202739","20.845989227294922","20.845989227294922","20.845989227294922","20273","20273","20273"
"202759","22.84066390991211","22.84066390991211","22.84066390991211","20275","20275","20275"
"202769","20.783472061157227","20.783472061157227","20.783472061157227","20276","20276","20276"
"202779","18.752012252807617","18.752012252807617","18.752012252807617","20277","20277","20277"
"202799","19.154977798461914","19.154977798461914","19.154977798461914","20279","20279","20279"
"202849","29.615970611572266","29.615970611572266","29.615970611572266","20284","20284","20284"
"202859","29.37920570373535","29.37920570373535","29.37920570373535","20285","20285","20285"
"202879","21.697708129882812","21.697708129882812","21.697708129882812","20287","20287","20287"
"202889","18.583839416503906","18.583839416503906","18.583839416503906","20288","20288","20288"
"202899","21.34680938720703","21.34680938720703","21.34680938720703","20289","20289","20289"
"202909","18.9244441986084","18.9244441986084","18.9244441986084","20290","20290","20290"
"202919","18.947879791259766","18.947879791259766","18.947879791259766","20291","20291","20291"
"202939","40.97946548461914","40.97946548461914","40.97946548461914","20293","20293","20293"
"202969","21.13759994506836","21.13759994506836","21.13759994506836","20296","20296","20296"
"202979","23.124713897705078","23.124713897705078","23.124713897705078","20297","20297","20297"
"203019","20.206748962402344","20.206748962402344","20.206748962402344","20301","20301","20301"
"203049","20.572154998779297","20.572154998779297","20.572154998779297","20304","20304","20304"
"203059","24.155057907104492","24.155057907104492","24.155057907104492","20305","20305","20305"
"203079","24.99843978881836","24.99843978881836","24.99843978881836","20307","20307","20307"
"203109","27.41857147216797","27.41857147216797","27.41857147216797","20310","20310","20310"
"203149","30.868181228637695","30.868181228637695","30.868181228637695","20314","20314","20314"
"203169","22.234086990356445","22.234086990356445","22.234086990356445","20316","20316","20316"
"203179","20.214385986328125","20.214385986328125","20.214385986328125","20317","20317","20317"
"203199","17.448139190673828","17.448139190673828","17.448139190673828","20319","20319","20319"
"203339","20.656679153442383","20.656679153442383","20.656679153442383","20333","20333","20333"
"203369","20.127349853515625","20.127349853515625","20.127349853515625","20336","20336","20336"
"203379","25.151010513305664","25.151010513305664","25.151010513305664","20337","20337","20337"
"203409","21.214263916015625","21.214263916015625","21.214263916015625","20340","20340","20340"
"203439","25.678218841552734","25.678218841552734","25.678218841552734","20343","20343","20343"
"203449","22.435834884643555","22.435834884643555","22.435834884643555","20344","20344","20344"
"203489","28.025352478027344","28.025352478027344","28.025352478027344","20348","20348","20348"
"203499","24.880258560180664","24.880258560180664","24.880258560180664","20349","20349","20349"
"203549","18.027055740356445","18.027055740356445","18.027055740356445","20354","20354","20354"
"203629","21.469234466552734","21.469234466552734","21.469234466552734","20362","20362","20362"
"203649","23.82935905456543","23.82935905456543","23.82935905456543","20364","20364","20364"
"203689","16.10416603088379","16.10416603088379","16.10416603088379","20368","20368","20368"
"203719","18.859975814819336","18.859975814819336","18.859975814819336","20371","20371","20371"
"203729","22.604764938354492","22.604764938354492","22.604764938354492","20372","20372","20372"
"203759","19.04245376586914","19.04245376586914","19.04245376586914","20375","20375","20375"
"203789","22.880407333374023","22.880407333374023","22.880407333374023","20378","20378","20378"
"203809","22.950239181518555","22.950239181518555","22.950239181518555","20380","20380","20380"
"203839","19.651439666748047","19.651439666748047","19.651439666748047","20383","20383","20383"
"203849","17.755647659301758","17.755647659301758","17.755647659301758","20384","20384","20384"
"203859","36.43274688720703","36.43274688720703","36.43274688720703","20385","20385","20385"
"203869","18.519466400146484","18.519466400146484","18.519466400146484","20386","20386","20386"
"203899","21.033397674560547","21.033397674560547","21.033397674560547","20389","20389","20389"
"203909","22.795597076416016","22.795597076416016","22.795597076416016","20390","20390","20390"
"203919","20.078176498413086","20.078176498413086","20.078176498413086","20391","20391","20391"
"203929","25.906414031982422","25.906414031982422","25.906414031982422","20392","20392","20392"
"203959","23.36198616027832","23.36198616027832","23.36198616027832","20395","20395","20395"
"203969","20.559146881103516","20.559146881103516","20.559146881103516","20396","20396","20396"
"203989","21.27122688293457","21.27122688293457","21.27122688293457","20398","20398","20398"
"204009","19.534433364868164","19.534433364868164","19.534433364868164","20400","20400","20400"
"204069","24.89201545715332","24.89201545715332","24.89201545715332","20406","20406","20406"
"204089","20.408592224121094","20.408592224121094","20.408592224121094","20408","20408","20408"
"204109","16.822071075439453","16.822071075439453","16.822071075439453","20410","20410","20410"
"204119","18.54776954650879","18.54776954650879","18.54776954650879","20411","20411","20411"
"204159","22.83936882019043","22.83936882019043","22.83936882019043","20415","20415","20415"
"204179","21.63361930847168","21.63361930847168","21.63361930847168","20417","20417","20417"
"204209","35.81884765625","35.81884765625","35.81884765625","20420","20420","20420"
"204229","20.240755081176758","20.240755081176758","20.240755081176758","20422","20422","20422"
"204249","24.240379333496094","24.240379333496094","24.240379333496094","20424","20424","20424"
"204269","20.248046875","20.248046875","20.248046875","20426","20426","20426"
"204309","21.29218292236328","21.29218292236328","21.29218292236328","20430","20430","20430"
"204339","20.880142211914062","20.880142211914062","20.880142211914062","20433","20433","20433"
"204349","21.972803115844727","21.972803115844727","21.972803115844727","20434","20434","20434"
"204369","31.368608474731445","31.368608474731445","31.368608474731445","20436","20436","20436"
"204379","20.384159088134766","20.384159088134766","20.384159088134766","20437","20437","20437"
"204409","22.422183990478516","22.422183990478516","22.422183990478516","20440","20440","20440"
"204419","19.578704833984375","19.578704833984375","19.578704833984375","20441","20441","20441"
"204479","21.29855728149414","21.29855728149414","21.29855728149414","20447","20447","20447"
"204499","21.375225067138672","21.375225067138672","21.375225067138672","20449","20449","20449"
"204509","21.774017333984375","21.774017333984375","21.774017333984375","20450","20450","20450"
"204519","18.02078628540039","18.02078628540039","18.02078628540039","20451","20451","20451"
"204539","23.35240936279297","23.35240936279297","23.35240936279297","20453","20453","20453"
"204589","19.35027313232422","19.35027313232422","19.35027313232422","20458","20458","20458"
"204619","20.893875122070312","20.893875122070312","20.893875122070312","20461","20461","20461"
"204629","22.468843460083008","22.468843460083008","22.468843460083008","20462","20462","20462"
"204759","20.484134674072266","20.484134674072266","20.484134674072266","20475","20475","20475"
"204769","24.020116806030273","24.020116806030273","24.020116806030273","20476","20476","20476"
"204839","20.104602813720703","20.104602813720703","20.104602813720703","20483","20483","20483"
"204859","19.687210083007812","19.687210083007812","19.687210083007812","20485","20485","20485"
"204889","21.488523483276367","21.488523483276367","21.488523483276367","20488","20488","20488"
"204899","21.64218521118164","21.64218521118164","21.64218521118164","20489","20489","20489"
"204909","21.673568725585938","21.673568725585938","21.673568725585938","20490","20490","20490"
"204919","26.387737274169922","26.387737274169922","26.387737274169922","20491","20491","20491"
"204929","20.751548767089844","20.751548767089844","20.751548767089844","20492","20492","20492"
"204939","17.440481185913086","17.440481185913086","17.440481185913086","20493","20493","20493"
"205009","18.69351577758789","18.69351577758789","18.69351577758789","20500","20500","20500"
"205109","23.541048049926758","23.541048049926758","23.541048049926758","20510","20510","20510"
"205149","23.40692710876465","23.40692710876465","23.40692710876465","20514","20514","20514"
"205189","24.267276763916016","24.267276763916016","24.267276763916016","20518","20518","20518"
"205219","20.396888732910156","20.396888732910156","20.396888732910156","20521","20521","20521"
"205239","20.914146423339844","20.914146423339844","20.914146423339844","20523","20523","20523"
"205249","20.122440338134766","20.122440338134766","20.122440338134766","20524","20524","20524"
"205319","19.192569732666016","19.192569732666016","19.192569732666016","20531","20531","20531"
"205339","20.673479080200195","20.673479080200195","20.673479080200195","20533","20533","20533"
"205349","17.814044952392578","17.814044952392578","17.814044952392578","20534","20534","20534"
"205379","19.279157638549805","19.279157638549805","19.279157638549805","20537","20537","20537"
"205389","18.65070343017578","18.65070343017578","18.65070343017578","20538","20538","20538"
"205479","18.814186096191406","18.814186096191406","18.814186096191406","20547","20547","20547"
"205499","19.457948684692383","19.457948684692383","19.457948684692383","20549","20549","20549"
"205509","18.46224594116211","18.46224594116211","18.46224594116211","20550","20550","20550"
"205539","21.773555755615234","21.773555755615234","21.773555755615234","20553","20553","20553"
"205569","25.525447845458984","25.525447845458984","25.525447845458984","20556","20556","20556"
"205599","22.757858276367188","22.757858276367188","22.757858276367188","20559","20559","20559"
"205639","23.137828826904297","23.137828826904297","23.137828826904297","20563","20563","20563"
"205679","18.522567749023438","18.522567749023438","18.522567749023438","20567","20567","20567"
"205689","18.81613540649414","18.81613540649414","18.81613540649414","20568","20568","20568"
"205699","20.977352142333984","20.977352142333984","20.977352142333984","20569","20569","20569"
"205729","25.023120880126953","25.023120880126953","25.023120880126953","20572","20572","20572"
"205739","24.426733016967773","24.426733016967773","24.426733016967773","20573","20573","20573"
"205769","24.30746078491211","24.30746078491211","24.30746078491211","20576","20576","20576"
"205789","24.4599552154541","24.4599552154541","24.4599552154541","20578","20578","20578"
"205859","19.8659725189209","19.8659725189209","19.8659725189209","20585","20585","20585"
"205869","22.393985748291016","22.393985748291016","22.393985748291016","20586","20586","20586"
"205879","20.96138572692871","20.96138572692871","20.96138572692871","20587","20587","20587"
"205909","20.374624252319336","20.374624252319336","20.374624252319336","20590","20590","20590"
"205929","18.868818283081055","18.868818283081055","18.868818283081055","20592","20592","20592"
"205939","21.28553009033203","21.28553009033203","21.28553009033203","20593","20593","20593"
"205959","20.318981170654297","20.318981170654297","20.318981170654297","20595","20595","20595"
"205969","20.732099533081055","20.732099533081055","20.732099533081055","20596","20596","20596"
"206019","21.33246612548828","21.33246612548828","21.33246612548828","20601","20601","20601"
"206069","20.10480499267578","20.10480499267578","20.10480499267578","20606","20606","20606"
"206089","23.477550506591797","23.477550506591797","23.477550506591797","20608","20608","20608"
"206109","19.063926696777344","19.063926696777344","19.063926696777344","20610","20610","20610"
"206119","18.94333267211914","18.94333267211914","18.94333267211914","20611","20611","20611"
"206129","22.106605529785156","22.106605529785156","22.106605529785156","20612","20612","20612"
"206159","24.868194580078125","24.868194580078125","24.868194580078125","20615","20615","20615"
"206169","24.89969253540039","24.89969253540039","24.89969253540039","20616","20616","20616"
"206179","19.358234405517578","19.358234405517578","19.358234405517578","20617","20617","20617"
"206209","18.49980354309082","18.49980354309082","18.49980354309082","20620","20620","20620"
"206239","22.08466148376465","22.08466148376465","22.08466148376465","20623","20623","20623"
"206249","21.936506271362305","21.936506271362305","21.936506271362305","20624","20624","20624"
"206259","23.111268997192383","23.111268997192383","23.111268997192383","20625","20625","20625"
"206269","20.392555236816406","20.392555236816406","20.392555236816406","20626","20626","20626"
"206279","27.178842544555664","27.178842544555664","27.178842544555664","20627","20627","20627"
"206329","25.53008270263672","25.53008270263672","25.53008270263672","20632","20632","20632"
"206359","20.07826042175293","20.07826042175293","20.07826042175293","20635","20635","20635"
"206369","18.04768180847168","18.04768180847168","18.04768180847168","20636","20636","20636"
"206419","22.212770462036133","22.212770462036133","22.212770462036133","20641","20641","20641"
"206439","22.14824676513672","22.14824676513672","22.14824676513672","20643","20643","20643"
"206519","18.713577270507812","18.713577270507812","18.713577270507812","20651","20651","20651"
"206529","18.995410919189453","18.995410919189453","18.995410919189453","20652","20652","20652"
"206549","21.48968505859375","21.48968505859375","21.48968505859375","20654","20654","20654"
"206569","21.542682647705078","21.542682647705078","21.542682647705078","20656","20656","20656"
"206589","20.70829963684082","20.70829963684082","20.70829963684082","20658","20658","20658"
"206619","18.595285415649414","18.595285415649414","18.595285415649414","20661","20661","20661"
"206669","29.580228805541992","29.580228805541992","29.580228805541992","20666","20666","20666"
"206679","19.8232479095459","19.8232479095459","19.8232479095459","20667","20667","20667"
"206689","26.7581787109375","26.7581787109375","26.7581787109375","20668","20668","20668"
"206719","25.16440773010254","25.16440773010254","25.16440773010254","20671","20671","20671"
"206739","21.421283721923828","21.421283721923828","21.421283721923828","20673","20673","20673"
"206769","15.651573181152344","15.651573181152344","15.651573181152344","20676","20676","20676"
"206789","24.380287170410156","24.380287170410156","24.380287170410156","20678","20678","20678"
"206799","17.55910873413086","17.55910873413086","17.55910873413086","20679","20679","20679"
"206829","25.74159812927246","25.74159812927246","25.74159812927246","20682","20682","20682"
"206899","20.790870666503906","20.790870666503906","20.790870666503906","20689","20689","20689"
"206929","22.13422393798828","22.13422393798828","22.13422393798828","20692","20692","20692"
"206949","22.198410034179688","22.198410034179688","22.198410034179688","20694","20694","20694"
"207059","20.323043823242188","20.323043823242188","20.323043823242188","20705","20705","20705"
"207069","20.324983596801758","20.324983596801758","20.324983596801758","20706","20706","20706"
"207079","21.66449737548828","21.66449737548828","21.66449737548828","20707","20707","20707"
"207089","24.739076614379883","24.739076614379883","24.739076614379883","20708","20708","20708"
"207129","25.334497451782227","25.334497451782227","25.334497451782227","20712","20712","20712"
"207169","22.560428619384766","22.560428619384766","22.560428619384766","20716","20716","20716"
"207179","19.08728790283203","19.08728790283203","19.08728790283203","20717","20717","20717"
"207209","18.540496826171875","18.540496826171875","18.540496826171875","20720","20720","20720"
"207219","21.062772750854492","21.062772750854492","21.062772750854492","20721","20721","20721"
"207229","25.192302703857422","25.192302703857422","25.192302703857422","20722","20722","20722"
"207249","18.16388511657715","18.16388511657715","18.16388511657715","20724","20724","20724"
"207279","22.413249969482422","22.413249969482422","22.413249969482422","20727","20727","20727"
"207309","20.41534996032715","20.41534996032715","20.41534996032715","20730","20730","20730"
"207479","21.191936492919922","21.191936492919922","21.191936492919922","20747","20747","20747"
"207499","21.16939926147461","21.16939926147461","21.16939926147461","20749","20749","20749"
"207509","19.844589233398438","19.844589233398438","19.844589233398438","20750","20750","20750"
"207529","24.607799530029297","24.607799530029297","24.607799530029297","20752","20752","20752"
"207559","23.980037689208984","23.980037689208984","23.980037689208984","20755","20755","20755"
"207619","21.345317840576172","21.345317840576172","21.345317840576172","20761","20761","20761"
"207629","21.001617431640625","21.001617431640625","21.001617431640625","20762","20762","20762"
"207649","19.612831115722656","19.612831115722656","19.612831115722656","20764","20764","20764"
"207659","20.109220504760742","20.109220504760742","20.109220504760742","20765","20765","20765"
"207669","19.486618041992188","19.486618041992188","19.486618041992188","20766","20766","20766"
"207709","21.78638458251953","21.78638458251953","21.78638458251953","20770","20770","20770"
"207719","18.289587020874023","18.289587020874023","18.289587020874023","20771","20771","20771"
"207729","18.75641632080078","18.75641632080078","18.75641632080078","20772","20772","20772"
"207739","22.569416046142578","22.569416046142578","22.569416046142578","20773","20773","20773"
"207809","27.020526885986328","27.020526885986328","27.020526885986328","20780","20780","20780"
"207899","22.74640655517578","22.74640655517578","22.74640655517578","20789","20789","20789"
"207909","18.25646209716797","18.25646209716797","18.25646209716797","20790","20790","20790"
"207919","19.518966674804688","19.518966674804688","19.518966674804688","20791","20791","20791"
"207949","20.64552879333496","20.64552879333496","20.64552879333496","20794","20794","20794"
"207969","23.875537872314453","23.875537872314453","23.875537872314453","20796","20796","20796"
"208099","20.007394790649414","20.007394790649414","20.007394790649414","20809","20809","20809"
"208139","17.42144012451172","17.42144012451172","17.42144012451172","20813","20813","20813"
"208169","27.1151065826416","27.1151065826416","27.1151065826416","20816","20816","20816"
"208199","24.60304069519043","24.60304069519043","24.60304069519043","20819","20819","20819"
"208279","19.82270622253418","19.82270622253418","19.82270622253418","20827","20827","20827"
"208309","20.072301864624023","20.072301864624023","20.072301864624023","20830","20830","20830"
"208329","22.53575897216797","22.53575897216797","22.53575897216797","20832","20832","20832"
"208349","19.342575073242188","19.342575073242188","19.342575073242188","20834","20834","20834"
"208399","20.499835968017578","20.499835968017578","20.499835968017578","20839","20839","20839"
"208419","23.665748596191406","23.665748596191406","23.665748596191406","20841","20841","20841"
"208439","23.52528953552246","23.52528953552246","23.52528953552246","20843","20843","20843"
"208459","17.745677947998047","17.745677947998047","17.745677947998047","20845","20845","20845"
"208469","20.618637084960938","20.618637084960938","20.618637084960938","20846","20846","20846"
"208479","23.264741897583008","23.264741897583008","23.264741897583008","20847","20847","20847"
"208509","26.533292770385742","26.533292770385742","26.533292770385742","20850","20850","20850"
"208519","21.551301956176758","21.551301956176758","21.551301956176758","20851","20851","20851"
"208529","21.16646957397461","21.16646957397461","21.16646957397461","20852","20852","20852"
"208539","19.676280975341797","19.676280975341797","19.676280975341797","20853","20853","20853"
"208549","15.978653907775879","15.978653907775879","15.978653907775879","20854","20854","20854"
"208579","21.319316864013672","21.319316864013672","21.319316864013672","20857","20857","20857"
"208639","23.148448944091797","23.148448944091797","23.148448944091797","20863","20863","20863"
"208649","21.008012771606445","21.008012771606445","21.008012771606445","20864","20864","20864"
"208659","23.8796443939209","23.8796443939209","23.8796443939209","20865","20865","20865"
"208679","22.776926040649414","22.776926040649414","22.776926040649414","20867","20867","20867"
"208689","28.501602172851562","28.501602172851562","28.501602172851562","20868","20868","20868"
"208699","20.46648597717285","20.46648597717285","20.46648597717285","20869","20869","20869"
"208709","19.471010208129883","19.471010208129883","19.471010208129883","20870","20870","20870"
"208719","16.32190704345703","16.32190704345703","16.32190704345703","20871","20871","20871"
"208729","22.9403076171875","22.9403076171875","22.9403076171875","20872","20872","20872"
"208749","18.012903213500977","18.012903213500977","18.012903213500977","20874","20874","20874"
"208759","23.965456008911133","23.965456008911133","23.965456008911133","20875","20875","20875"
"208779","23.809436798095703","23.809436798095703","23.809436798095703","20877","20877","20877"
"208799","16.720306396484375","16.720306396484375","16.720306396484375","20879","20879","20879"
"208809","19.664569854736328","19.664569854736328","19.664569854736328","20880","20880","20880"
"208829","18.992807388305664","18.992807388305664","18.992807388305664","20882","20882","20882"
"208839","17.48698616027832","17.48698616027832","17.48698616027832","20883","20883","20883"
"208849","19.977188110351562","19.977188110351562","19.977188110351562","20884","20884","20884"
"208869","19.185976028442383","19.185976028442383","19.185976028442383","20886","20886","20886"
"208909","18.920852661132812","18.920852661132812","18.920852661132812","20890","20890","20890"
"208929","18.434856414794922","18.434856414794922","18.434856414794922","20892","20892","20892"
"208949","18.42000389099121","18.42000389099121","18.42000389099121","20894","20894","20894"
"208959","20.362825393676758","20.362825393676758","20.362825393676758","20895","20895","20895"
"208969","20.254920959472656","20.254920959472656","20.254920959472656","20896","20896","20896"
"208989","18.80377960205078","18.80377960205078","18.80377960205078","20898","20898","20898"
"209039","24.66875648498535","24.66875648498535","24.66875648498535","20903","20903","20903"
"209089","25.94464111328125","25.94464111328125","25.94464111328125","20908","20908","20908"
"209099","19.400653839111328","19.400653839111328","19.400653839111328","20909","20909","20909"
"209149","20.835834503173828","20.835834503173828","20.835834503173828","20914","20914","20914"
"209179","24.970413208007812","24.970413208007812","24.970413208007812","20917","20917","20917"
"209219","20.134801864624023","20.134801864624023","20.134801864624023","20921","20921","20921"
"209259","18.63066291809082","18.63066291809082","18.63066291809082","20925","20925","20925"
"209269","20.936845779418945","20.936845779418945","20.936845779418945","20926","20926","20926"
"209299","20.825462341308594","20.825462341308594","20.825462341308594","20929","20929","20929"
"209339","25.292028427124023","25.292028427124023","25.292028427124023","20933","20933","20933"
"209409","21.706188201904297","21.706188201904297","21.706188201904297","20940","20940","20940"
"209439","27.360275268554688","27.360275268554688","27.360275268554688","20943","20943","20943"
"209459","22.210660934448242","22.210660934448242","22.210660934448242","20945","20945","20945"
"209499","20.282819747924805","20.282819747924805","20.282819747924805","20949","20949","20949"
"209539","20.740299224853516","20.740299224853516","20.740299224853516","20953","20953","20953"
"209549","20.688840866088867","20.688840866088867","20.688840866088867","20954","20954","20954"
"209559","23.67728042602539","23.67728042602539","23.67728042602539","20955","20955","20955"
"209589","19.80906867980957","19.80906867980957","19.80906867980957","20958","20958","20958"
"209649","17.27535057067871","17.27535057067871","17.27535057067871","20964","20964","20964"
"209659","18.302879333496094","18.302879333496094","18.302879333496094","20965","20965","20965"
"209699","22.624134063720703","22.624134063720703","22.624134063720703","20969","20969","20969"
"209709","19.686649322509766","19.686649322509766","19.686649322509766","20970","20970","20970"
"209719","23.40420150756836","23.40420150756836","23.40420150756836","20971","20971","20971"
"209729","19.905397415161133","19.905397415161133","19.905397415161133","20972","20972","20972"
"209749","20.868122100830078","20.868122100830078","20.868122100830078","20974","20974","20974"
"209779","19.345134735107422","19.345134735107422","19.345134735107422","20977","20977","20977"
"209789","23.749980926513672","23.749980926513672","23.749980926513672","20978","20978","20978"
"209819","22.413074493408203","22.413074493408203","22.413074493408203","20981","20981","20981"
"209839","17.742095947265625","17.742095947265625","17.742095947265625","20983","20983","20983"
"209869","22.028968811035156","22.028968811035156","22.028968811035156","20986","20986","20986"
"209899","23.89084243774414","23.89084243774414","23.89084243774414","20989","20989","20989"
"209929","22.73815155029297","22.73815155029297","22.73815155029297","20992","20992","20992"
"209949","24.446596145629883","24.446596145629883","24.446596145629883","20994","20994","20994"
"209969","25.079116821289062","25.079116821289062","25.079116821289062","20996","20996","20996"
"210009","23.415283203125","23.415283203125","23.415283203125","21000","21000","21000"
"210059","19.483766555786133","19.483766555786133","19.483766555786133","21005","21005","21005"
"210089","20.74346923828125","20.74346923828125","20.74346923828125","21008","21008","21008"
"210109","24.349220275878906","24.349220275878906","24.349220275878906","21010","21010","21010"
"210149","17.512653350830078","17.512653350830078","17.512653350830078","21014","21014","21014"
"210159","23.86261749267578","23.86261749267578","23.86261749267578","21015","21015","21015"
"210179","17.826576232910156","17.826576232910156","17.826576232910156","21017","21017","21017"
"210189","18.7027530670166","18.7027530670166","18.7027530670166","21018","21018","21018"
"210219","20.669029235839844","20.669029235839844","20.669029235839844","21021","21021","21021"
"210259","18.262022018432617","18.262022018432617","18.262022018432617","21025","21025","21025"
"210369","19.239831924438477","19.239831924438477","19.239831924438477","21036","21036","21036"
"210389","20.905853271484375","20.905853271484375","20.905853271484375","21038","21038","21038"
"210399","19.648693084716797","19.648693084716797","19.648693084716797","21039","21039","21039"
"210459","20.389976501464844","20.389976501464844","20.389976501464844","21045","21045","21045"
"210469","20.36297607421875","20.36297607421875","20.36297607421875","21046","21046","21046"
"210479","18.848217010498047","18.848217010498047","18.848217010498047","21047","21047","21047"
"210489","20.996307373046875","20.996307373046875","20.996307373046875","21048","21048","21048"
"210509","20.422401428222656","20.422401428222656","20.422401428222656","21050","21050","21050"
"210529","19.938819885253906","19.938819885253906","19.938819885253906","21052","21052","21052"
"210559","19.049842834472656","19.049842834472656","19.049842834472656","21055","21055","21055"
"210589","19.09747314453125","19.09747314453125","19.09747314453125","21058","21058","21058"
"210599","23.232715606689453","23.232715606689453","23.232715606689453","21059","21059","21059"
"210609","18.959178924560547","18.959178924560547","18.959178924560547","21060","21060","21060"
"210619","20.490283966064453","20.490283966064453","20.490283966064453","21061","21061","21061"
"210629","20.197467803955078","20.197467803955078","20.197467803955078","21062","21062","21062"
"210689","21.3967227935791","21.3967227935791","21.3967227935791","21068","21068","21068"
"210709","21.929088592529297","21.929088592529297","21.929088592529297","21070","21070","21070"
"210729","21.5275936126709","21.5275936126709","21.5275936126709","21072","21072","21072"
"210749","17.877002716064453","17.877002716064453","17.877002716064453","21074","21074","21074"
"210769","22.404376983642578","22.404376983642578","22.404376983642578","21076","21076","21076"
"210789","20.15607452392578","20.15607452392578","20.15607452392578","21078","21078","21078"
"210829","19.96691131591797","19.96691131591797","19.96691131591797","21082","21082","21082"
"210839","22.501296997070312","22.501296997070312","22.501296997070312","21083","21083","21083"
"210889","24.27446937561035","24.27446937561035","24.27446937561035","21088","21088","21088"
"210919","24.18646812438965","24.18646812438965","24.18646812438965","21091","21091","21091"
"210929","16.98723793029785","16.98723793029785","16.98723793029785","21092","21092","21092"
"210949","18.68546485900879","18.68546485900879","18.68546485900879","21094","21094","21094"
"210959","19.27867317199707","19.27867317199707","19.27867317199707","21095","21095","21095"
"210979","24.602283477783203","24.602283477783203","24.602283477783203","21097","21097","21097"
"210999","22.780101776123047","22.780101776123047","22.780101776123047","21099","21099","21099"
"211019","22.527538299560547","22.527538299560547","22.527538299560547","21101","21101","21101"
"211039","20.0711727142334","20.0711727142334","20.0711727142334","21103","21103","21103"
"211069","23.11281394958496","23.11281394958496","23.11281394958496","21106","21106","21106"
"211149","20.82769775390625","20.82769775390625","20.82769775390625","21114","21114","21114"
"211159","20.3452091217041","20.3452091217041","20.3452091217041","21115","21115","21115"
"211179","22.2564697265625","22.2564697265625","22.2564697265625","21117","21117","21117"
"211199","23.471416473388672","23.471416473388672","23.471416473388672","21119","21119","21119"
"211219","22.85214614868164","22.85214614868164","22.85214614868164","21121","21121","21121"
"211229","19.9412841796875","19.9412841796875","19.9412841796875","21122","21122","21122"
"211279","19.554950714111328","19.554950714111328","19.554950714111328","21127","21127","21127"
"211289","23.98716926574707","23.98716926574707","23.98716926574707","21128","21128","21128"
"211319","20.600929260253906","20.600929260253906","20.600929260253906","21131","21131","21131"
"211349","19.584346771240234","19.584346771240234","19.584346771240234","21134","21134","21134"
"211369","19.520158767700195","19.520158767700195","19.520158767700195","21136","21136","21136"
"211399","24.114431381225586","24.114431381225586","24.114431381225586","21139","21139","21139"
"211409","24.141700744628906","24.141700744628906","24.141700744628906","21140","21140","21140"
"211429","24.982389450073242","24.982389450073242","24.982389450073242","21142","21142","21142"
"211439","21.312854766845703","21.312854766845703","21.312854766845703","21143","21143","21143"
"211449","20.5028076171875","20.5028076171875","20.5028076171875","21144","21144","21144"
"211489","21.627395629882812","21.627395629882812","21.627395629882812","21148","21148","21148"
"211509","19.77215576171875","19.77215576171875","19.77215576171875","21150","21150","21150"
"211519","24.09136962890625","24.09136962890625","24.09136962890625","21151","21151","21151"
"211529","23.326274871826172","23.326274871826172","23.326274871826172","21152","21152","21152"
"211549","19.286924362182617","19.286924362182617","19.286924362182617","21154","21154","21154"
"211569","20.985986709594727","20.985986709594727","20.985986709594727","21156","21156","21156"
"211599","18.254886627197266","18.254886627197266","18.254886627197266","21159","21159","21159"
"211639","21.71068572998047","21.71068572998047","21.71068572998047","21163","21163","21163"
"211669","23.906177520751953","23.906177520751953","23.906177520751953","21166","21166","21166"
"211699","21.809032440185547","21.809032440185547","21.809032440185547","21169","21169","21169"
"211709","21.439979553222656","21.439979553222656","21.439979553222656","21170","21170","21170"
"211719","24.170894622802734","24.170894622802734","24.170894622802734","21171","21171","21171"
"211729","15.590482711791992","15.590482711791992","15.590482711791992","21172","21172","21172"
"211759","16.784868240356445","16.784868240356445","16.784868240356445","21175","21175","21175"
"211789","17.712411880493164","17.712411880493164","17.712411880493164","21178","21178","21178"
"211879","20.690401077270508","20.690401077270508","20.690401077270508","21187","21187","21187"
"211909","24.442527770996094","24.442527770996094","24.442527770996094","21190","21190","21190"
"211939","23.215831756591797","23.215831756591797","23.215831756591797","21193","21193","21193"
"211959","23.61349868774414","23.61349868774414","23.61349868774414","21195","21195","21195"
"211979","22.686100006103516","22.686100006103516","22.686100006103516","21197","21197","21197"
"212009","19.064058303833008","19.064058303833008","19.064058303833008","21200","21200","21200"
"212019","21.207794189453125","21.207794189453125","21.207794189453125","21201","21201","21201"
"212049","23.407724380493164","23.407724380493164","23.407724380493164","21204","21204","21204"
"212069","20.355382919311523","20.355382919311523","20.355382919311523","21206","21206","21206"
"212079","18.73910903930664","18.73910903930664","18.73910903930664","21207","21207","21207"
"212089","26.556194305419922","26.556194305419922","26.556194305419922","21208","21208","21208"
"212099","19.100744247436523","19.100744247436523","19.100744247436523","21209","21209","21209"
"212109","21.877178192138672","21.877178192138672","21.877178192138672","21210","21210","21210"
"212179","22.394432067871094","22.394432067871094","22.394432067871094","21217","21217","21217"
"212209","25.57958984375","25.57958984375","25.57958984375","21220","21220","21220"
"212259","18.947233200073242","18.947233200073242","18.947233200073242","21225","21225","21225"
"212279","19.453460693359375","19.453460693359375","19.453460693359375","21227","21227","21227"
"212299","21.27863121032715","21.27863121032715","21.27863121032715","21229","21229","21229"
"212319","23.159011840820312","23.159011840820312","23.159011840820312","21231","21231","21231"
"212389","21.87285614013672","21.87285614013672","21.87285614013672","21238","21238","21238"
"212399","26.089664459228516","26.089664459228516","26.089664459228516","21239","21239","21239"
"212429","19.584171295166016","19.584171295166016","19.584171295166016","21242","21242","21242"
"212479","19.29377555847168","19.29377555847168","19.29377555847168","21247","21247","21247"
"212539","19.706092834472656","19.706092834472656","19.706092834472656","21253","21253","21253"
"212559","24.27979278564453","24.27979278564453","24.27979278564453","21255","21255","21255"
"212649","25.32044219970703","25.32044219970703","25.32044219970703","21264","21264","21264"
"212679","20.324634552001953","20.324634552001953","20.324634552001953","21267","21267","21267"
"212709","18.44316864013672","18.44316864013672","18.44316864013672","21270","21270","21270"
"212719","20.106651306152344","20.106651306152344","20.106651306152344","21271","21271","21271"
"212739","21.239910125732422","21.239910125732422","21.239910125732422","21273","21273","21273"
"212759","18.76715850830078","18.76715850830078","18.76715850830078","21275","21275","21275"
"212779","20.85131072998047","20.85131072998047","20.85131072998047","21277","21277","21277"
"212789","19.75737762451172","19.75737762451172","19.75737762451172","21278","21278","21278"
"212819","18.414920806884766","18.414920806884766","18.414920806884766","21281","21281","21281"
"212839","19.181713104248047","19.181713104248047","19.181713104248047","21283","21283","21283"
"212849","20.74056625366211","20.74056625366211","20.74056625366211","21284","21284","21284"
"212899","19.03873634338379","19.03873634338379","19.03873634338379","21289","21289","21289"
"212949","21.54393196105957","21.54393196105957","21.54393196105957","21294","21294","21294"
"212979","22.37205696105957","22.37205696105957","22.37205696105957","21297","21297","21297"
"213049","20.81035041809082","20.81035041809082","20.81035041809082","21304","21304","21304"
"213059","23.71944808959961","23.71944808959961","23.71944808959961","21305","21305","21305"
"213099","20.434419631958008","20.434419631958008","20.434419631958008","21309","21309","21309"
"213109","20.623422622680664","20.623422622680664","20.623422622680664","21310","21310","21310"
"213119","22.692424774169922","22.692424774169922","22.692424774169922","21311","21311","21311"
"213129","18.71527099609375","18.71527099609375","18.71527099609375","21312","21312","21312"
"213139","20.53553581237793","20.53553581237793","20.53553581237793","21313","21313","21313"
"213179","24.299840927124023","24.299840927124023","24.299840927124023","21317","21317","21317"
"213229","42.39694595336914","42.39694595336914","42.39694595336914","21322","21322","21322"
"213239","17.211673736572266","17.211673736572266","17.211673736572266","21323","21323","21323"
"213269","22.858991622924805","22.858991622924805","22.858991622924805","21326","21326","21326"
"213279","20.095073699951172","20.095073699951172","20.095073699951172","21327","21327","21327"
"213299","17.914682388305664","17.914682388305664","17.914682388305664","21329","21329","21329"
"213339","20.09922218322754","20.09922218322754","20.09922218322754","21333","21333","21333"
"213379","25.664518356323242","25.664518356323242","25.664518356323242","21337","21337","21337"
"213389","19.857784271240234","19.857784271240234","19.857784271240234","21338","21338","21338"
"213409","20.904640197753906","20.904640197753906","20.904640197753906","21340","21340","21340"
"213449","20.645000457763672","20.645000457763672","20.645000457763672","21344","21344","21344"
"213509","24.52179718017578","24.52179718017578","24.52179718017578","21350","21350","21350"
"213519","23.249374389648438","23.249374389648438","23.249374389648438","21351","21351","21351"
"213529","25.241378784179688","25.241378784179688","25.241378784179688","21352","21352","21352"
"213539","20.664432525634766","20.664432525634766","20.664432525634766","21353","21353","21353"
"213549","23.610790252685547","23.610790252685547","23.610790252685547","21354","21354","21354"
"213559","17.678258895874023","17.678258895874023","17.678258895874023","21355","21355","21355"
"213569","22.018028259277344","22.018028259277344","22.018028259277344","21356","21356","21356"
"213599","22.093202590942383","22.093202590942383","22.093202590942383","21359","21359","21359"
"213629","19.133098602294922","19.133098602294922","19.133098602294922","21362","21362","21362"
"213639","18.644479751586914","18.644479751586914","18.644479751586914","21363","21363","21363"
"213679","22.057161331176758","22.057161331176758","22.057161331176758","21367","21367","21367"
"213699","24.334121704101562","24.334121704101562","24.334121704101562","21369","21369","21369"
"213749","20.921775817871094","20.921775817871094","20.921775817871094","21374","21374","21374"
"213759","21.734453201293945","21.734453201293945","21.734453201293945","21375","21375","21375"
"213819","19.406597137451172","19.406597137451172","19.406597137451172","21381","21381","21381"
"213829","25.381000518798828","25.381000518798828","25.381000518798828","21382","21382","21382"
"213879","19.947967529296875","19.947967529296875","19.947967529296875","21387","21387","21387"
"213919","20.369537353515625","20.369537353515625","20.369537353515625","21391","21391","21391"
"213949","27.435222625732422","27.435222625732422","27.435222625732422","21394","21394","21394"
"213989","22.278032302856445","22.278032302856445","22.278032302856445","21398","21398","21398"
"214019","21.709970474243164","21.709970474243164","21.709970474243164","21401","21401","21401"
"214039","17.833171844482422","17.833171844482422","17.833171844482422","21403","21403","21403"
"214059","22.94083595275879","22.94083595275879","22.94083595275879","21405","21405","21405"
"214069","21.531272888183594","21.531272888183594","21.531272888183594","21406","21406","21406"
"214079","22.912593841552734","22.912593841552734","22.912593841552734","21407","21407","21407"
"214099","19.949443817138672","19.949443817138672","19.949443817138672","21409","21409","21409"
"214139","23.18796157836914","23.18796157836914","23.18796157836914","21413","21413","21413"
"214279","21.241544723510742","21.241544723510742","21.241544723510742","21427","21427","21427"
"214289","20.359704971313477","20.359704971313477","20.359704971313477","21428","21428","21428"
"214349","20.183958053588867","20.183958053588867","20.183958053588867","21434","21434","21434"
"214409","22.71463394165039","22.71463394165039","22.71463394165039","21440","21440","21440"
"214439","22.38131332397461","22.38131332397461","22.38131332397461","21443","21443","21443"
"214469","18.94143295288086","18.94143295288086","18.94143295288086","21446","21446","21446"
"214489","21.984275817871094","21.984275817871094","21.984275817871094","21448","21448","21448"
"214499","23.844951629638672","23.844951629638672","23.844951629638672","21449","21449","21449"
"214529","22.329864501953125","22.329864501953125","22.329864501953125","21452","21452","21452"
"214559","23.269229888916016","23.269229888916016","23.269229888916016","21455","21455","21455"
"214579","20.044370651245117","20.044370651245117","20.044370651245117","21457","21457","21457"
"214589","18.720869064331055","18.720869064331055","18.720869064331055","21458","21458","21458"
"214649","18.80536651611328","18.80536651611328","18.80536651611328","21464","21464","21464"
"214669","22.805234909057617","22.805234909057617","22.805234909057617","21466","21466","21466"
"214689","22.68103790283203","22.68103790283203","22.68103790283203","21468","21468","21468"
"214719","18.173954010009766","18.173954010009766","18.173954010009766","21471","21471","21471"
"214739","19.28693389892578","19.28693389892578","19.28693389892578","21473","21473","21473"
"214769","22.014202117919922","22.014202117919922","22.014202117919922","21476","21476","21476"
"214779","19.819665908813477","19.819665908813477","19.819665908813477","21477","21477","21477"
"214799","24.53097915649414","24.53097915649414","24.53097915649414","21479","21479","21479"
"214809","20.273347854614258","20.273347854614258","20.273347854614258","21480","21480","21480"
"214819","25.26127815246582","25.26127815246582","25.26127815246582","21481","21481","21481"
"214869","26.4141788482666","26.4141788482666","26.4141788482666","21486","21486","21486"
"214909","20.813873291015625","20.813873291015625","20.813873291015625","21490","21490","21490"
"214919","18.66065788269043","18.66065788269043","18.66065788269043","21491","21491","21491"
"214929","21.764854431152344","21.764854431152344","21.764854431152344","21492","21492","21492"
"214949","27.67578887939453","27.67578887939453","27.67578887939453","21494","21494","21494"
"214959","25.542936325073242","25.542936325073242","25.542936325073242","21495","21495","21495"
"214969","20.243488311767578","20.243488311767578","20.243488311767578","21496","21496","21496"
"214979","24.31691551208496","24.31691551208496","24.31691551208496","21497","21497","21497"
"214999","20.587610244750977","20.587610244750977","20.587610244750977","21499","21499","21499"
"215039","23.664371490478516","23.664371490478516","23.664371490478516","21503","21503","21503"
"215049","26.921236038208008","26.921236038208008","26.921236038208008","21504","21504","21504"
"215129","22.705503463745117","22.705503463745117","22.705503463745117","21512","21512","21512"
"215219","20.319921493530273","20.319921493530273","20.319921493530273","21521","21521","21521"
"215229","16.069448471069336","16.069448471069336","16.069448471069336","21522","21522","21522"
"215279","18.683658599853516","18.683658599853516","18.683658599853516","21527","21527","21527"
"215299","22.505695343017578","22.505695343017578","22.505695343017578","21529","21529","21529"
"215309","18.044321060180664","18.044321060180664","18.044321060180664","21530","21530","21530"
"215329","23.32892608642578","23.32892608642578","23.32892608642578","21532","21532","21532"
"215339","20.176321029663086","20.176321029663086","20.176321029663086","21533","21533","21533"
"215429","22.453996658325195","22.453996658325195","22.453996658325195","21542","21542","21542"
"215459","19.72371482849121","19.72371482849121","19.72371482849121","21545","21545","21545"
"215469","25.46179962158203","25.46179962158203","25.46179962158203","21546","21546","21546"
"215489","17.312124252319336","17.312124252319336","17.312124252319336","21548","21548","21548"
"215619","25.22859764099121","25.22859764099121","25.22859764099121","21561","21561","21561"
"215649","23.44662094116211","23.44662094116211","23.44662094116211","21564","21564","21564"
"215729","21.735925674438477","21.735925674438477","21.735925674438477","21572","21572","21572"
"215739","19.36186981201172","19.36186981201172","19.36186981201172","21573","21573","21573"
"215819","18.02825927734375","18.02825927734375","18.02825927734375","21581","21581","21581"
"215869","18.870037078857422","18.870037078857422","18.870037078857422","21586","21586","21586"
"215879","18.251737594604492","18.251737594604492","18.251737594604492","21587","21587","21587"
"215899","23.988637924194336","23.988637924194336","23.988637924194336","21589","21589","21589"
"215929","21.632553100585938","21.632553100585938","21.632553100585938","21592","21592","21592"
"215939","20.32943344116211","20.32943344116211","20.32943344116211","21593","21593","21593"
"215969","24.159643173217773","24.159643173217773","24.159643173217773","21596","21596","21596"
"215979","25.709909439086914","25.709909439086914","25.709909439086914","21597","21597","21597"
"216029","19.64466094970703","19.64466094970703","19.64466094970703","21602","21602","21602"
"216039","25.22808837890625","25.22808837890625","25.22808837890625","21603","21603","21603"
"216049","21.275676727294922","21.275676727294922","21.275676727294922","21604","21604","21604"
"216139","17.019577026367188","17.019577026367188","17.019577026367188","21613","21613","21613"
"216209","20.38381004333496","20.38381004333496","20.38381004333496","21620","21620","21620"
"216219","19.040142059326172","19.040142059326172","19.040142059326172","21621","21621","21621"
"216229","19.811079025268555","19.811079025268555","19.811079025268555","21622","21622","21622"
"216249","22.154111862182617","22.154111862182617","22.154111862182617","21624","21624","21624"
"216299","20.00246238708496","20.00246238708496","20.00246238708496","21629","21629","21629"
"216309","22.774660110473633","22.774660110473633","22.774660110473633","21630","21630","21630"
"216329","22.228389739990234","22.228389739990234","22.228389739990234","21632","21632","21632"
"216369","24.499290466308594","24.499290466308594","24.499290466308594","21636","21636","21636"
"216379","20.299205780029297","20.299205780029297","20.299205780029297","21637","21637","21637"
"216389","21.25936508178711","21.25936508178711","21.25936508178711","21638","21638","21638"
"216409","23.52469825744629","23.52469825744629","23.52469825744629","21640","21640","21640"
"216509","20.413387298583984","20.413387298583984","20.413387298583984","21650","21650","21650"
"216569","22.87786865234375","22.87786865234375","22.87786865234375","21656","21656","21656"
"216579","20.20539093017578","20.20539093017578","20.20539093017578","21657","21657","21657"
"216599","26.041736602783203","26.041736602783203","26.041736602783203","21659","21659","21659"
"216629","21.804718017578125","21.804718017578125","21.804718017578125","21662","21662","21662"
"216639","22.91192054748535","22.91192054748535","22.91192054748535","21663","21663","21663"
"216659","20.575693130493164","20.575693130493164","20.575693130493164","21665","21665","21665"
"216669","22.546146392822266","22.546146392822266","22.546146392822266","21666","21666","21666"
"216699","21.072811126708984","21.072811126708984","21.072811126708984","21669","21669","21669"
"216709","20.63973045349121","20.63973045349121","20.63973045349121","21670","21670","21670"
"216739","25.818233489990234","25.818233489990234","25.818233489990234","21673","21673","21673"
"216759","22.560787200927734","22.560787200927734","22.560787200927734","21675","21675","21675"
"216769","25.974315643310547","25.974315643310547","25.974315643310547","21676","21676","21676"
"216779","26.803747177124023","26.803747177124023","26.803747177124023","21677","21677","21677"
"216809","17.762022018432617","17.762022018432617","17.762022018432617","21680","21680","21680"
"216819","23.8106632232666","23.8106632232666","23.8106632232666","21681","21681","21681"
"216839","17.827302932739258","17.827302932739258","17.827302932739258","21683","21683","21683"
"216899","19.701120376586914","19.701120376586914","19.701120376586914","21689","21689","21689"
"216929","20.93007469177246","20.93007469177246","20.93007469177246","21692","21692","21692"
"216949","22.183002471923828","22.183002471923828","22.183002471923828","21694","21694","21694"
"216959","16.52060890197754","16.52060890197754","16.52060890197754","21695","21695","21695"
"216969","17.363611221313477","17.363611221313477","17.363611221313477","21696","21696","21696"
"216979","35.276222229003906","35.276222229003906","35.276222229003906","21697","21697","21697"
"217029","24.377010345458984","24.377010345458984","24.377010345458984","21702","21702","21702"
"217069","17.57703971862793","17.57703971862793","17.57703971862793","21706","21706","21706"
"217079","16.22509765625","16.22509765625","16.22509765625","21707","21707","21707"
"217119","22.64620590209961","22.64620590209961","22.64620590209961","21711","21711","21711"
"217129","24.753074645996094","24.753074645996094","24.753074645996094","21712","21712","21712"
"217139","24.017501831054688","24.017501831054688","24.017501831054688","21713","21713","21713"
"217159","19.371431350708008","19.371431350708008","19.371431350708008","21715","21715","21715"
"217189","22.29697036743164","22.29697036743164","22.29697036743164","21718","21718","21718"
"217209","19.58931541442871","19.58931541442871","19.58931541442871","21720","21720","21720"
"217229","16.2299747467041","16.2299747467041","16.2299747467041","21722","21722","21722"
"217259","20.00029754638672","20.00029754638672","20.00029754638672","21725","21725","21725"
"217289","25.723247528076172","25.723247528076172","25.723247528076172","21728","21728","21728"
"217299","26.733238220214844","26.733238220214844","26.733238220214844","21729","21729","21729"
"217329","22.601341247558594","22.601341247558594","22.601341247558594","21732","21732","21732"
"217369","21.200031280517578","21.200031280517578","21.200031280517578","21736","21736","21736"
"217379","20.82918357849121","20.82918357849121","20.82918357849121","21737","21737","21737"
"217399","24.846067428588867","24.846067428588867","24.846067428588867","21739","21739","21739"
"217439","17.692691802978516","17.692691802978516","17.692691802978516","21743","21743","21743"
"217469","24.67031478881836","24.67031478881836","24.67031478881836","21746","21746","21746"
"217479","22.0825252532959","22.0825252532959","22.0825252532959","21747","21747","21747"
"217489","24.189599990844727","24.189599990844727","24.189599990844727","21748","21748","21748"
"217529","20.763240814208984","20.763240814208984","20.763240814208984","21752","21752","21752"
"217569","21.52686309814453","21.52686309814453","21.52686309814453","21756","21756","21756"
"217589","22.488767623901367","22.488767623901367","22.488767623901367","21758","21758","21758"
"217619","23.182777404785156","23.182777404785156","23.182777404785156","21761","21761","21761"
"217649","23.90483856201172","23.90483856201172","23.90483856201172","21764","21764","21764"
"217699","21.572467803955078","21.572467803955078","21.572467803955078","21769","21769","21769"
"217739","16.467239379882812","16.467239379882812","16.467239379882812","21773","21773","21773"
"217779","26.21249771118164","26.21249771118164","26.21249771118164","21777","21777","21777"
"217809","19.879724502563477","19.879724502563477","19.879724502563477","21780","21780","21780"
"217829","26.06689453125","26.06689453125","26.06689453125","21782","21782","21782"
"217839","24.78731918334961","24.78731918334961","24.78731918334961","21783","21783","21783"
"217849","20.608375549316406","20.608375549316406","20.608375549316406","21784","21784","21784"
"217859","18.1064453125","18.1064453125","18.1064453125","21785","21785","21785"
"217869","20.575639724731445","20.575639724731445","20.575639724731445","21786","21786","21786"
"217879","20.62259292602539","20.62259292602539","20.62259292602539","21787","21787","21787"
"217899","24.718902587890625","24.718902587890625","24.718902587890625","21789","21789","21789"
"217929","18.6685791015625","18.6685791015625","18.6685791015625","21792","21792","21792"
"218009","19.507240295410156","19.507240295410156","19.507240295410156","21800","21800","21800"
"218059","20.04087257385254","20.04087257385254","20.04087257385254","21805","21805","21805"
"218089","23.13510513305664","23.13510513305664","23.13510513305664","21808","21808","21808"
"218119","18.887760162353516","18.887760162353516","18.887760162353516","21811","21811","21811"
"218149","15.853052139282227","15.853052139282227","15.853052139282227","21814","21814","21814"
"218159","17.753070831298828","17.753070831298828","17.753070831298828","21815","21815","21815"
"218199","22.586191177368164","22.586191177368164","22.586191177368164","21819","21819","21819"
"218229","18.921348571777344","18.921348571777344","18.921348571777344","21822","21822","21822"
"218249","23.026195526123047","23.026195526123047","23.026195526123047","21824","21824","21824"
"218259","17.586383819580078","17.586383819580078","17.586383819580078","21825","21825","21825"
"218289","27.32543182373047","27.32543182373047","27.32543182373047","21828","21828","21828"
"218309","22.54253387451172","22.54253387451172","22.54253387451172","21830","21830","21830"
"218319","20.603425979614258","20.603425979614258","20.603425979614258","21831","21831","21831"
"218329","23.845508575439453","23.845508575439453","23.845508575439453","21832","21832","21832"
"218359","20.485254287719727","20.485254287719727","20.485254287719727","21835","21835","21835"
"218389","20.89208984375","20.89208984375","20.89208984375","21838","21838","21838"
"218399","23.376514434814453","23.376514434814453","23.376514434814453","21839","21839","21839"
"218409","22.928485870361328","22.928485870361328","22.928485870361328","21840","21840","21840"
"218439","21.89458656311035","21.89458656311035","21.89458656311035","21843","21843","21843"
"218529","19.03647232055664","19.03647232055664","19.03647232055664","21852","21852","21852"
"218549","21.80162811279297","21.80162811279297","21.80162811279297","21854","21854","21854"
"218559","19.533096313476562","19.533096313476562","19.533096313476562","21855","21855","21855"
"218579","17.675113677978516","17.675113677978516","17.675113677978516","21857","21857","21857"
"218609","22.192949295043945","22.192949295043945","22.192949295043945","21860","21860","21860"
"218659","24.516847610473633","24.516847610473633","24.516847610473633","21865","21865","21865"
"218679","25.738548278808594","25.738548278808594","25.738548278808594","21867","21867","21867"
"218719","18.313642501831055","18.313642501831055","18.313642501831055","21871","21871","21871"
"218729","20.702810287475586","20.702810287475586","20.702810287475586","21872","21872","21872"
"218759","21.365585327148438","21.365585327148438","21.365585327148438","21875","21875","21875"
"218799","18.355121612548828","18.355121612548828","18.355121612548828","21879","21879","21879"
"218809","18.13507080078125","18.13507080078125","18.13507080078125","21880","21880","21880"
"218819","19.58488655090332","19.58488655090332","19.58488655090332","21881","21881","21881"
"218839","17.04865264892578","17.04865264892578","17.04865264892578","21883","21883","21883"
"218859","24.43067741394043","24.43067741394043","24.43067741394043","21885","21885","21885"
"218869","21.628389358520508","21.628389358520508","21.628389358520508","21886","21886","21886"
"218889","20.724458694458008","20.724458694458008","20.724458694458008","21888","21888","21888"
"218899","21.406539916992188","21.406539916992188","21.406539916992188","21889","21889","21889"
"218919","21.618932723999023","21.618932723999023","21.618932723999023","21891","21891","21891"
"218929","25.474937438964844","25.474937438964844","25.474937438964844","21892","21892","21892"
"218949","19.325761795043945","19.325761795043945","19.325761795043945","21894","21894","21894"
"218979","22.533695220947266","22.533695220947266","22.533695220947266","21897","21897","21897"
"218989","22.16286277770996","22.16286277770996","22.16286277770996","21898","21898","21898"
"218999","22.761137008666992","22.761137008666992","22.761137008666992","21899","21899","21899"
"219009","22.079870223999023","22.079870223999023","22.079870223999023","21900","21900","21900"
"219019","18.45903778076172","18.45903778076172","18.45903778076172","21901","21901","21901"
"219069","21.76375961303711","21.76375961303711","21.76375961303711","21906","21906","21906"
"219079","21.69736099243164","21.69736099243164","21.69736099243164","21907","21907","21907"
"219109","19.3070011138916","19.3070011138916","19.3070011138916","21910","21910","21910"
"219129","18.43604850769043","18.43604850769043","18.43604850769043","21912","21912","21912"
"219149","21.091087341308594","21.091087341308594","21.091087341308594","21914","21914","21914"
"219169","24.25987434387207","24.25987434387207","24.25987434387207","21916","21916","21916"
"219179","19.627532958984375","19.627532958984375","19.627532958984375","21917","21917","21917"
"219199","20.29841423034668","20.29841423034668","20.29841423034668","21919","21919","21919"
"219229","22.93479347229004","22.93479347229004","22.93479347229004","21922","21922","21922"
"219249","20.476058959960938","20.476058959960938","20.476058959960938","21924","21924","21924"
"219279","19.359725952148438","19.359725952148438","19.359725952148438","21927","21927","21927"
"219309","20.785011291503906","20.785011291503906","20.785011291503906","21930","21930","21930"
"219319","28.94290542602539","28.94290542602539","28.94290542602539","21931","21931","21931"
"219329","20.692716598510742","20.692716598510742","20.692716598510742","21932","21932","21932"
"219349","21.605510711669922","21.605510711669922","21.605510711669922","21934","21934","21934"
"219369","19.72006607055664","19.72006607055664","19.72006607055664","21936","21936","21936"
"219409","20.794078826904297","20.794078826904297","20.794078826904297","21940","21940","21940"
"219469","19.44123649597168","19.44123649597168","19.44123649597168","21946","21946","21946"
"219499","21.463459014892578","21.463459014892578","21.463459014892578","21949","21949","21949"
"219509","21.002939224243164","21.002939224243164","21.002939224243164","21950","21950","21950"
"219529","15.978337287902832","15.978337287902832","15.978337287902832","21952","21952","21952"
"219549","23.892549514770508","23.892549514770508","23.892549514770508","21954","21954","21954"
"219559","21.193511962890625","21.193511962890625","21.193511962890625","21955","21955","21955"
"219569","22.890363693237305","22.890363693237305","22.890363693237305","21956","21956","21956"
"219579","22.749038696289062","22.749038696289062","22.749038696289062","21957","21957","21957"
"219619","22.34334945678711","22.34334945678711","22.34334945678711","21961","21961","21961"
"219699","24.417320251464844","24.417320251464844","24.417320251464844","21969","21969","21969"
"219709","23.333389282226562","23.333389282226562","23.333389282226562","21970","21970","21970"
"219719","21.11408805847168","21.11408805847168","21.11408805847168","21971","21971","21971"
"219759","23.017641067504883","23.017641067504883","23.017641067504883","21975","21975","21975"
"219779","21.86704444885254","21.86704444885254","21.86704444885254","21977","21977","21977"
"219829","20.174800872802734","20.174800872802734","20.174800872802734","21982","21982","21982"
"219849","20.620683670043945","20.620683670043945","20.620683670043945","21984","21984","21984"
"219859","20.130340576171875","20.130340576171875","20.130340576171875","21985","21985","21985"
"219879","20.609580993652344","20.609580993652344","20.609580993652344","21987","21987","21987"
"219979","17.800800323486328","17.800800323486328","17.800800323486328","21997","21997","21997"
"219999","21.885189056396484","21.885189056396484","21.885189056396484","21999","21999","21999"
"220029","21.893150329589844","21.893150329589844","21.893150329589844","22002","22002","22002"
"220039","19.00828742980957","19.00828742980957","19.00828742980957","22003","22003","22003"
"220049","19.962242126464844","19.962242126464844","19.962242126464844","22004","22004","22004"
"220059","20.482168197631836","20.482168197631836","20.482168197631836","22005","22005","22005"
"220069","23.3192195892334","23.3192195892334","23.3192195892334","22006","22006","22006"
"220099","19.29330062866211","19.29330062866211","19.29330062866211","22009","22009","22009"
"220109","19.630924224853516","19.630924224853516","19.630924224853516","22010","22010","22010"
"220159","24.257646560668945","24.257646560668945","24.257646560668945","22015","22015","22015"
"220169","18.178186416625977","18.178186416625977","18.178186416625977","22016","22016","22016"
"220219","23.777103424072266","23.777103424072266","23.777103424072266","22021","22021","22021"
"220229","22.174407958984375","22.174407958984375","22.174407958984375","22022","22022","22022"
"220239","22.28989028930664","22.28989028930664","22.28989028930664","22023","22023","22023"
"220259","20.83081817626953","20.83081817626953","20.83081817626953","22025","22025","22025"
"220279","25.209495544433594","25.209495544433594","25.209495544433594","22027","22027","22027"
"220319","20.00885772705078","20.00885772705078","20.00885772705078","22031","22031","22031"
"220329","18.9586181640625","18.9586181640625","18.9586181640625","22032","22032","22032"
"220399","19.851804733276367","19.851804733276367","19.851804733276367","22039","22039","22039"
"220409","22.35284423828125","22.35284423828125","22.35284423828125","22040","22040","22040"
"220479","21.73980712890625","21.73980712890625","21.73980712890625","22047","22047","22047"
"220499","21.38904571533203","21.38904571533203","21.38904571533203","22049","22049","22049"
"220529","19.548980712890625","19.548980712890625","19.548980712890625","22052","22052","22052"
"220539","22.307449340820312","22.307449340820312","22.307449340820312","22053","22053","22053"
"220599","24.672710418701172","24.672710418701172","24.672710418701172","22059","22059","22059"
"220629","27.877227783203125","27.877227783203125","27.877227783203125","22062","22062","22062"
"220639","20.268911361694336","20.268911361694336","20.268911361694336","22063","22063","22063"
"220649","22.599681854248047","22.599681854248047","22.599681854248047","22064","22064","22064"
"220659","21.71076011657715","21.71076011657715","21.71076011657715","22065","22065","22065"
"220709","22.38759994506836","22.38759994506836","22.38759994506836","22070","22070","22070"
"220759","21.297250747680664","21.297250747680664","21.297250747680664","22075","22075","22075"
"220799","22.508949279785156","22.508949279785156","22.508949279785156","22079","22079","22079"
"220809","26.11033058166504","26.11033058166504","26.11033058166504","22080","22080","22080"
"220819","20.10914421081543","20.10914421081543","20.10914421081543","22081","22081","22081"
"220829","19.070711135864258","19.070711135864258","19.070711135864258","22082","22082","22082"
"220839","20.80170440673828","20.80170440673828","20.80170440673828","22083","22083","22083"
"220869","24.422237396240234","24.422237396240234","24.422237396240234","22086","22086","22086"
"220879","16.832656860351562","16.832656860351562","16.832656860351562","22087","22087","22087"
"220889","20.223220825195312","20.223220825195312","20.223220825195312","22088","22088","22088"
"220909","20.21937370300293","20.21937370300293","20.21937370300293","22090","22090","22090"
"220969","18.522565841674805","18.522565841674805","18.522565841674805","22096","22096","22096"
"221049","25.17410659790039","25.17410659790039","25.17410659790039","22104","22104","22104"
"221059","19.854347229003906","19.854347229003906","19.854347229003906","22105","22105","22105"
"221069","23.886032104492188","23.886032104492188","23.886032104492188","22106","22106","22106"
"221079","19.6092472076416","19.6092472076416","19.6092472076416","22107","22107","22107"
"221089","21.175565719604492","21.175565719604492","21.175565719604492","22108","22108","22108"
"221099","21.83259391784668","21.83259391784668","21.83259391784668","22109","22109","22109"
"221139","22.321460723876953","22.321460723876953","22.321460723876953","22113","22113","22113"
"221169","20.537654876708984","20.537654876708984","20.537654876708984","22116","22116","22116"
"221179","24.357999801635742","24.357999801635742","24.357999801635742","22117","22117","22117"
"221199","27.796663284301758","27.796663284301758","27.796663284301758","22119","22119","22119"
"221239","19.603933334350586","19.603933334350586","19.603933334350586","22123","22123","22123"
"221249","22.887935638427734","22.887935638427734","22.887935638427734","22124","22124","22124"
"221279","22.208332061767578","22.208332061767578","22.208332061767578","22127","22127","22127"
"221289","16.812232971191406","16.812232971191406","16.812232971191406","22128","22128","22128"
"221329","26.493656158447266","26.493656158447266","26.493656158447266","22132","22132","22132"
"221339","20.36187171936035","20.36187171936035","20.36187171936035","22133","22133","22133"
"221379","21.545366287231445","21.545366287231445","21.545366287231445","22137","22137","22137"
"221389","18.569686889648438","18.569686889648438","18.569686889648438","22138","22138","22138"
"221409","18.826854705810547","18.826854705810547","18.826854705810547","22140","22140","22140"
"221419","21.603370666503906","21.603370666503906","21.603370666503906","22141","22141","22141"
"221449","18.15573501586914","18.15573501586914","18.15573501586914","22144","22144","22144"
"221469","17.006271362304688","17.006271362304688","17.006271362304688","22146","22146","22146"
"221519","22.021404266357422","22.021404266357422","22.021404266357422","22151","22151","22151"
"221529","18.361515045166016","18.361515045166016","18.361515045166016","22152","22152","22152"
"221589","26.956356048583984","26.956356048583984","26.956356048583984","22158","22158","22158"
"221599","22.753826141357422","22.753826141357422","22.753826141357422","22159","22159","22159"
"221609","18.30921173095703","18.30921173095703","18.30921173095703","22160","22160","22160"
"221689","16.37500762939453","16.37500762939453","16.37500762939453","22168","22168","22168"
"221699","22.896169662475586","22.896169662475586","22.896169662475586","22169","22169","22169"
"221729","20.264617919921875","20.264617919921875","20.264617919921875","22172","22172","22172"
"221739","16.321550369262695","16.321550369262695","16.321550369262695","22173","22173","22173"
"221759","16.996376037597656","16.996376037597656","16.996376037597656","22175","22175","22175"
"221769","20.92638397216797","20.92638397216797","20.92638397216797","22176","22176","22176"
"221829","17.093990325927734","17.093990325927734","17.093990325927734","22182","22182","22182"
"221849","23.45297622680664","23.45297622680664","23.45297622680664","22184","22184","22184"
"221899","21.537731170654297","21.537731170654297","21.537731170654297","22189","22189","22189"
"221909","19.086772918701172","19.086772918701172","19.086772918701172","22190","22190","22190"
"221939","19.227542877197266","19.227542877197266","19.227542877197266","22193","22193","22193"
"221949","19.82111358642578","19.82111358642578","19.82111358642578","22194","22194","22194"
"221969","19.30054473876953","19.30054473876953","19.30054473876953","22196","22196","22196"
"221999","19.63216781616211","19.63216781616211","19.63216781616211","22199","22199","22199"
"222009","24.558685302734375","24.558685302734375","24.558685302734375","22200","22200","22200"
"222049","18.912418365478516","18.912418365478516","18.912418365478516","22204","22204","22204"
"222059","19.122562408447266","19.122562408447266","19.122562408447266","22205","22205","22205"
"222079","20.168039321899414","20.168039321899414","20.168039321899414","22207","22207","22207"
"222139","19.008237838745117","19.008237838745117","19.008237838745117","22213","22213","22213"
"222159","21.228811264038086","21.228811264038086","21.228811264038086","22215","22215","22215"
"222179","22.78479766845703","22.78479766845703","22.78479766845703","22217","22217","22217"
"222219","22.19249725341797","22.19249725341797","22.19249725341797","22221","22221","22221"
"222229","19.241239547729492","19.241239547729492","19.241239547729492","22222","22222","22222"
"222259","18.801048278808594","18.801048278808594","18.801048278808594","22225","22225","22225"
"222279","21.446279525756836","21.446279525756836","21.446279525756836","22227","22227","22227"
"222289","16.934696197509766","16.934696197509766","16.934696197509766","22228","22228","22228"
"222339","19.779571533203125","19.779571533203125","19.779571533203125","22233","22233","22233"
"222349","18.949203491210938","18.949203491210938","18.949203491210938","22234","22234","22234"
"222379","19.292011260986328","19.292011260986328","19.292011260986328","22237","22237","22237"
"222399","19.965988159179688","19.965988159179688","19.965988159179688","22239","22239","22239"
"222449","17.673648834228516","17.673648834228516","17.673648834228516","22244","22244","22244"
"222559","21.505645751953125","21.505645751953125","21.505645751953125","22255","22255","22255"
"222579","24.48899269104004","24.48899269104004","24.48899269104004","22257","22257","22257"
"222669","20.67831039428711","20.67831039428711","20.67831039428711","22266","22266","22266"
"222689","22.802162170410156","22.802162170410156","22.802162170410156","22268","22268","22268"
"222719","22.606367111206055","22.606367111206055","22.606367111206055","22271","22271","22271"
"222749","21.666976928710938","21.666976928710938","21.666976928710938","22274","22274","22274"
"222789","20.134309768676758","20.134309768676758","20.134309768676758","22278","22278","22278"
"222839","23.069067001342773","23.069067001342773","23.069067001342773","22283","22283","22283"
"222849","23.763158798217773","23.763158798217773","23.763158798217773","22284","22284","22284"
"222879","26.42212677001953","26.42212677001953","26.42212677001953","22287","22287","22287"
"222889","21.46686553955078","21.46686553955078","21.46686553955078","22288","22288","22288"
"222909","22.726940155029297","22.726940155029297","22.726940155029297","22290","22290","22290"
"222999","21.992778778076172","21.992778778076172","21.992778778076172","22299","22299","22299"
"223009","25.88892364501953","25.88892364501953","25.88892364501953","22300","22300","22300"
"223069","25.70145034790039","25.70145034790039","25.70145034790039","22306","22306","22306"
"223089","21.02938461303711","21.02938461303711","21.02938461303711","22308","22308","22308"
"223119","19.57553482055664","19.57553482055664","19.57553482055664","22311","22311","22311"
"223129","20.788875579833984","20.788875579833984","20.788875579833984","22312","22312","22312"
"223159","24.970661163330078","24.970661163330078","24.970661163330078","22315","22315","22315"
"223169","17.067262649536133","17.067262649536133","17.067262649536133","22316","22316","22316"
"223179","22.936485290527344","22.936485290527344","22.936485290527344","22317","22317","22317"
"223209","18.752330780029297","18.752330780029297","18.752330780029297","22320","22320","22320"
"223229","20.17337417602539","20.17337417602539","20.17337417602539","22322","22322","22322"
"223239","21.88787269592285","21.88787269592285","21.88787269592285","22323","22323","22323"
"223329","19.046798706054688","19.046798706054688","19.046798706054688","22332","22332","22332"
"223349","20.22749900817871","20.22749900817871","20.22749900817871","22334","22334","22334"
"223369","21.886184692382812","21.886184692382812","21.886184692382812","22336","22336","22336"
"223379","22.60193634033203","22.60193634033203","22.60193634033203","22337","22337","22337"
"223399","30.30862808227539","30.30862808227539","30.30862808227539","22339","22339","22339"
"223429","20.568603515625","20.568603515625","20.568603515625","22342","22342","22342"
"223439","17.908252716064453","17.908252716064453","17.908252716064453","22343","22343","22343"
"223449","20.723085403442383","20.723085403442383","20.723085403442383","22344","22344","22344"
"223499","23.090576171875","23.090576171875","23.090576171875","22349","22349","22349"
"223519","23.624553680419922","23.624553680419922","23.624553680419922","22351","22351","22351"
"223569","22.129844665527344","22.129844665527344","22.129844665527344","22356","22356","22356"
"223579","25.993555068969727","25.993555068969727","25.993555068969727","22357","22357","22357"
"223589","18.251502990722656","18.251502990722656","18.251502990722656","22358","22358","22358"
"223599","25.345151901245117","25.345151901245117","25.345151901245117","22359","22359","22359"
"223609","19.405582427978516","19.405582427978516","19.405582427978516","22360","22360","22360"
"223629","24.074203491210938","24.074203491210938","24.074203491210938","22362","22362","22362"
"223649","21.735828399658203","21.735828399658203","21.735828399658203","22364","22364","22364"
"223659","22.449003219604492","22.449003219604492","22.449003219604492","22365","22365","22365"
"223749","21.997220993041992","21.997220993041992","21.997220993041992","22374","22374","22374"
"223789","24.92628288269043","24.92628288269043","24.92628288269043","22378","22378","22378"
"223799","24.048145294189453","24.048145294189453","24.048145294189453","22379","22379","22379"
"223839","21.932025909423828","21.932025909423828","21.932025909423828","22383","22383","22383"
"223869","23.51164436340332","23.51164436340332","23.51164436340332","22386","22386","22386"
"223879","20.779855728149414","20.779855728149414","20.779855728149414","22387","22387","22387"
"223899","22.935279846191406","22.935279846191406","22.935279846191406","22389","22389","22389"
"223909","23.753955841064453","23.753955841064453","23.753955841064453","22390","22390","22390"
"223919","20.737289428710938","20.737289428710938","20.737289428710938","22391","22391","22391"
"223929","21.697099685668945","21.697099685668945","21.697099685668945","22392","22392","22392"
"223939","21.136436462402344","21.136436462402344","21.136436462402344","22393","22393","22393"
"223969","20.425762176513672","20.425762176513672","20.425762176513672","22396","22396","22396"
"224009","20.736434936523438","20.736434936523438","20.736434936523438","22400","22400","22400"
"224059","18.839162826538086","18.839162826538086","18.839162826538086","22405","22405","22405"
"224089","22.88530731201172","22.88530731201172","22.88530731201172","22408","22408","22408"
"224209","25.173254013061523","25.173254013061523","25.173254013061523","22420","22420","22420"
"224249","19.37868881225586","19.37868881225586","19.37868881225586","22424","22424","22424"
"224259","20.568618774414062","20.568618774414062","20.568618774414062","22425","22425","22425"
"224269","22.48016357421875","22.48016357421875","22.48016357421875","22426","22426","22426"
"224289","20.81035804748535","20.81035804748535","20.81035804748535","22428","22428","22428"
"224299","20.145889282226562","20.145889282226562","20.145889282226562","22429","22429","22429"
"224309","19.254436492919922","19.254436492919922","19.254436492919922","22430","22430","22430"
"224329","22.366186141967773","22.366186141967773","22.366186141967773","22432","22432","22432"
"224339","24.78761863708496","24.78761863708496","24.78761863708496","22433","22433","22433"
"224349","22.34092140197754","22.34092140197754","22.34092140197754","22434","22434","22434"
"224379","19.859989166259766","19.859989166259766","19.859989166259766","22437","22437","22437"
"224419","22.032028198242188","22.032028198242188","22.032028198242188","22441","22441","22441"
"224459","19.956859588623047","19.956859588623047","19.956859588623047","22445","22445","22445"
"224469","23.47125816345215","23.47125816345215","23.47125816345215","22446","22446","22446"
"224509","20.158607482910156","20.158607482910156","20.158607482910156","22450","22450","22450"
"224519","21.179012298583984","21.179012298583984","21.179012298583984","22451","22451","22451"
"224569","19.105958938598633","19.105958938598633","19.105958938598633","22456","22456","22456"
"224579","22.515647888183594","22.515647888183594","22.515647888183594","22457","22457","22457"
"224669","20.776161193847656","20.776161193847656","20.776161193847656","22466","22466","22466"
"224689","22.41010093688965","22.41010093688965","22.41010093688965","22468","22468","22468"
"224739","24.47344207763672","24.47344207763672","24.47344207763672","22473","22473","22473"
"224759","25.84375762939453","25.84375762939453","25.84375762939453","22475","22475","22475"
"224809","20.42718505859375","20.42718505859375","20.42718505859375","22480","22480","22480"
"224839","19.2049503326416","19.2049503326416","19.2049503326416","22483","22483","22483"
"224859","23.604557037353516","23.604557037353516","23.604557037353516","22485","22485","22485"
"224869","20.311664581298828","20.311664581298828","20.311664581298828","22486","22486","22486"
"224929","16.63864517211914","16.63864517211914","16.63864517211914","22492","22492","22492"
"224939","22.130970001220703","22.130970001220703","22.130970001220703","22493","22493","22493"
"224959","20.649431228637695","20.649431228637695","20.649431228637695","22495","22495","22495"
"225019","20.20244598388672","20.20244598388672","20.20244598388672","22501","22501","22501"
"225029","20.465030670166016","20.465030670166016","20.465030670166016","22502","22502","22502"
"225099","24.036710739135742","24.036710739135742","24.036710739135742","22509","22509","22509"
"225109","21.654550552368164","21.654550552368164","21.654550552368164","22510","22510","22510"
"225139","19.934715270996094","19.934715270996094","19.934715270996094","22513","22513","22513"
"225149","20.709196090698242","20.709196090698242","20.709196090698242","22514","22514","22514"
"225159","22.60247802734375","22.60247802734375","22.60247802734375","22515","22515","22515"
"225189","19.958736419677734","19.958736419677734","19.958736419677734","22518","22518","22518"
"225219","23.467037200927734","23.467037200927734","23.467037200927734","22521","22521","22521"
"225239","23.118650436401367","23.118650436401367","23.118650436401367","22523","22523","22523"
"225269","19.79279327392578","19.79279327392578","19.79279327392578","22526","22526","22526"
"225309","25.160236358642578","25.160236358642578","25.160236358642578","22530","22530","22530"
"225319","15.870692253112793","15.870692253112793","15.870692253112793","22531","22531","22531"
"225349","21.03945541381836","21.03945541381836","21.03945541381836","22534","22534","22534"
"225359","22.18838119506836","22.18838119506836","22.18838119506836","22535","22535","22535"
"225379","19.6529541015625","19.6529541015625","19.6529541015625","22537","22537","22537"
"225419","21.184951782226562","21.184951782226562","21.184951782226562","22541","22541","22541"
"225439","20.062896728515625","20.062896728515625","20.062896728515625","22543","22543","22543"
"225479","19.61469078063965","19.61469078063965","19.61469078063965","22547","22547","22547"
"225489","21.011531829833984","21.011531829833984","21.011531829833984","22548","22548","22548"
"225499","21.840112686157227","21.840112686157227","21.840112686157227","22549","22549","22549"
"225519","18.190780639648438","18.190780639648438","18.190780639648438","22551","22551","22551"
"225559","21.033456802368164","21.033456802368164","21.033456802368164","22555","22555","22555"
"225569","20.04784393310547","20.04784393310547","20.04784393310547","22556","22556","22556"
"225609","18.808818817138672","18.808818817138672","18.808818817138672","22560","22560","22560"
"225649","20.407522201538086","20.407522201538086","20.407522201538086","22564","22564","22564"
"225659","19.89712142944336","19.89712142944336","19.89712142944336","22565","22565","22565"
"225739","27.903785705566406","27.903785705566406","27.903785705566406","22573","22573","22573"
"225769","22.21229362487793","22.21229362487793","22.21229362487793","22576","22576","22576"
"225779","29.91768455505371","29.91768455505371","29.91768455505371","22577","22577","22577"
"225809","23.25124740600586","23.25124740600586","23.25124740600586","22580","22580","22580"
"225839","20.449886322021484","20.449886322021484","20.449886322021484","22583","22583","22583"
"225879","21.83915901184082","21.83915901184082","21.83915901184082","22587","22587","22587"
"225929","18.35723876953125","18.35723876953125","18.35723876953125","22592","22592","22592"
"225939","21.84396743774414","21.84396743774414","21.84396743774414","22593","22593","22593"
"225979","19.868497848510742","19.868497848510742","19.868497848510742","22597","22597","22597"
"225989","21.089672088623047","21.089672088623047","21.089672088623047","22598","22598","22598"
"225999","30.01767349243164","30.01767349243164","30.01767349243164","22599","22599","22599"
"226049","20.952877044677734","20.952877044677734","20.952877044677734","22604","22604","22604"
"226059","19.491043090820312","19.491043090820312","19.491043090820312","22605","22605","22605"
"226079","19.44424057006836","19.44424057006836","19.44424057006836","22607","22607","22607"
"226089","20.750347137451172","20.750347137451172","20.750347137451172","22608","22608","22608"
"226099","16.2130069732666","16.2130069732666","16.2130069732666","22609","22609","22609"
"226109","19.49654769897461","19.49654769897461","19.49654769897461","22610","22610","22610"
"226129","18.965486526489258","18.965486526489258","18.965486526489258","22612","22612","22612"
"226149","20.694337844848633","20.694337844848633","20.694337844848633","22614","22614","22614"
"226179","17.76579475402832","17.76579475402832","17.76579475402832","22617","22617","22617"
"226239","20.22694969177246","20.22694969177246","20.22694969177246","22623","22623","22623"
"226319","22.262380599975586","22.262380599975586","22.262380599975586","22631","22631","22631"
"226349","22.757919311523438","22.757919311523438","22.757919311523438","22634","22634","22634"
"226369","21.542919158935547","21.542919158935547","21.542919158935547","22636","22636","22636"
"226379","20.409561157226562","20.409561157226562","20.409561157226562","22637","22637","22637"
"226439","17.61221694946289","17.61221694946289","17.61221694946289","22643","22643","22643"
"226449","19.059417724609375","19.059417724609375","19.059417724609375","22644","22644","22644"
"226469","20.809717178344727","20.809717178344727","20.809717178344727","22646","22646","22646"
"226479","22.208112716674805","22.208112716674805","22.208112716674805","22647","22647","22647"
"226489","24.087562561035156","24.087562561035156","24.087562561035156","22648","22648","22648"
"226499","20.014698028564453","20.014698028564453","20.014698028564453","22649","22649","22649"
"226509","19.314884185791016","19.314884185791016","19.314884185791016","22650","22650","22650"
"226529","19.313430786132812","19.313430786132812","19.313430786132812","22652","22652","22652"
"226549","23.955745697021484","23.955745697021484","23.955745697021484","22654","22654","22654"
"226589","24.250932693481445","24.250932693481445","24.250932693481445","22658","22658","22658"
"226609","19.9959716796875","19.9959716796875","19.9959716796875","22660","22660","22660"
"226669","18.711044311523438","18.711044311523438","18.711044311523438","22666","22666","22666"
"226699","22.291488647460938","22.291488647460938","22.291488647460938","22669","22669","22669"
"226719","21.82356834411621","21.82356834411621","21.82356834411621","22671","22671","22671"
"226729","19.157920837402344","19.157920837402344","19.157920837402344","22672","22672","22672"
"226779","21.29280662536621","21.29280662536621","21.29280662536621","22677","22677","22677"
"226829","22.22623634338379","22.22623634338379","22.22623634338379","22682","22682","22682"
"226889","21.429943084716797","21.429943084716797","21.429943084716797","22688","22688","22688"
"226899","20.503734588623047","20.503734588623047","20.503734588623047","22689","22689","22689"
"226939","25.117130279541016","25.117130279541016","25.117130279541016","22693","22693","22693"
"226969","18.023195266723633","18.023195266723633","18.023195266723633","22696","22696","22696"
"227049","16.193904876708984","16.193904876708984","16.193904876708984","22704","22704","22704"
"227059","19.790752410888672","19.790752410888672","19.790752410888672","22705","22705","22705"
"227069","19.346323013305664","19.346323013305664","19.346323013305664","22706","22706","22706"
"227079","18.35501480102539","18.35501480102539","18.35501480102539","22707","22707","22707"
"227089","20.69451332092285","20.69451332092285","20.69451332092285","22708","22708","22708"
"227119","19.4696044921875","19.4696044921875","19.4696044921875","22711","22711","22711"
"227139","20.186721801757812","20.186721801757812","20.186721801757812","22713","22713","22713"
"227159","22.908498764038086","22.908498764038086","22.908498764038086","22715","22715","22715"
"227179","23.586811065673828","23.586811065673828","23.586811065673828","22717","22717","22717"
"227209","23.239805221557617","23.239805221557617","23.239805221557617","22720","22720","22720"
"227219","20.429672241210938","20.429672241210938","20.429672241210938","22721","22721","22721"
"227229","26.413272857666016","26.413272857666016","26.413272857666016","22722","22722","22722"
"227239","19.617324829101562","19.617324829101562","19.617324829101562","22723","22723","22723"
"227279","20.282873153686523","20.282873153686523","20.282873153686523","22727","22727","22727"
"227289","23.92160987854004","23.92160987854004","23.92160987854004","22728","22728","22728"
"227299","18.03040313720703","18.03040313720703","18.03040313720703","22729","22729","22729"
"227319","21.21901512145996","21.21901512145996","21.21901512145996","22731","22731","22731"
"227359","21.758207321166992","21.758207321166992","21.758207321166992","22735","22735","22735"
"227389","23.9240779876709","23.9240779876709","23.9240779876709","22738","22738","22738"
"227469","27.187715530395508","27.187715530395508","27.187715530395508","22746","22746","22746"
"227529","20.32841682434082","20.32841682434082","20.32841682434082","22752","22752","22752"
"227589","20.96035385131836","20.96035385131836","20.96035385131836","22758","22758","22758"
"227669","19.038759231567383","19.038759231567383","19.038759231567383","22766","22766","22766"
"227689","23.308626174926758","23.308626174926758","23.308626174926758","22768","22768","22768"
"227719","18.590835571289062","18.590835571289062","18.590835571289062","22771","22771","22771"
"227769","19.75649642944336","19.75649642944336","19.75649642944336","22776","22776","22776"
"227799","20.92303466796875","20.92303466796875","20.92303466796875","22779","22779","22779"
"227809","19.1174373626709","19.1174373626709","19.1174373626709","22780","22780","22780"
"227899","19.088022232055664","19.088022232055664","19.088022232055664","22789","22789","22789"
"227949","19.91036605834961","19.91036605834961","19.91036605834961","22794","22794","22794"
"227999","22.363990783691406","22.363990783691406","22.363990783691406","22799","22799","22799"
"228029","22.4053897857666","22.4053897857666","22.4053897857666","22802","22802","22802"
"228049","35.977333068847656","35.977333068847656","35.977333068847656","22804","22804","22804"
"228069","24.279438018798828","24.279438018798828","24.279438018798828","22806","22806","22806"
"228119","22.685768127441406","22.685768127441406","22.685768127441406","22811","22811","22811"
"228139","22.183704376220703","22.183704376220703","22.183704376220703","22813","22813","22813"
"228149","21.206886291503906","21.206886291503906","21.206886291503906","22814","22814","22814"
"228169","18.498157501220703","18.498157501220703","18.498157501220703","22816","22816","22816"
"228189","21.409820556640625","21.409820556640625","21.409820556640625","22818","22818","22818"
"228199","24.386306762695312","24.386306762695312","24.386306762695312","22819","22819","22819"
"228209","22.24584197998047","22.24584197998047","22.24584197998047","22820","22820","22820"
"228229","20.40408706665039","20.40408706665039","20.40408706665039","22822","22822","22822"
"228239","24.858028411865234","24.858028411865234","24.858028411865234","22823","22823","22823"
"228249","21.84308624267578","21.84308624267578","21.84308624267578","22824","22824","22824"
"228269","19.63067054748535","19.63067054748535","19.63067054748535","22826","22826","22826"
"228279","19.51192283630371","19.51192283630371","19.51192283630371","22827","22827","22827"
"228309","20.95389747619629","20.95389747619629","20.95389747619629","22830","22830","22830"
"228319","19.823335647583008","19.823335647583008","19.823335647583008","22831","22831","22831"
"228329","26.827205657958984","26.827205657958984","26.827205657958984","22832","22832","22832"
"228339","25.79979133605957","25.79979133605957","25.79979133605957","22833","22833","22833"
"228359","19.175193786621094","19.175193786621094","19.175193786621094","22835","22835","22835"
"228369","20.063461303710938","20.063461303710938","20.063461303710938","22836","22836","22836"
"228379","19.055328369140625","19.055328369140625","19.055328369140625","22837","22837","22837"
"228439","22.20431900024414","22.20431900024414","22.20431900024414","22843","22843","22843"
"228449","17.387271881103516","17.387271881103516","17.387271881103516","22844","22844","22844"
"228469","26.76032066345215","26.76032066345215","26.76032066345215","22846","22846","22846"
"228489","54.96162414550781","54.96162414550781","54.96162414550781","22848","22848","22848"
"228519","21.117748260498047","21.117748260498047","21.117748260498047","22851","22851","22851"
"228529","23.302488327026367","23.302488327026367","23.302488327026367","22852","22852","22852"
"228539","21.87584686279297","21.87584686279297","21.87584686279297","22853","22853","22853"
"228609","19.215177536010742","19.215177536010742","19.215177536010742","22860","22860","22860"
"228619","19.622783660888672","19.622783660888672","19.622783660888672","22861","22861","22861"
"228659","19.479209899902344","19.479209899902344","19.479209899902344","22865","22865","22865"
"228669","20.939014434814453","20.939014434814453","20.939014434814453","22866","22866","22866"
"228689","17.087636947631836","17.087636947631836","17.087636947631836","22868","22868","22868"
"228699","21.02206802368164","21.02206802368164","21.02206802368164","22869","22869","22869"
"228799","22.16672706604004","22.16672706604004","22.16672706604004","22879","22879","22879"
"228819","20.112613677978516","20.112613677978516","20.112613677978516","22881","22881","22881"
"228859","22.175107955932617","22.175107955932617","22.175107955932617","22885","22885","22885"
"228909","18.995317459106445","18.995317459106445","18.995317459106445","22890","22890","22890"
"228919","24.84551239013672","24.84551239013672","24.84551239013672","22891","22891","22891"
"228929","19.770099639892578","19.770099639892578","19.770099639892578","22892","22892","22892"
"228959","22.897846221923828","22.897846221923828","22.897846221923828","22895","22895","22895"
"228969","19.022438049316406","19.022438049316406","19.022438049316406","22896","22896","22896"
"228979","20.04957389831543","20.04957389831543","20.04957389831543","22897","22897","22897"
"228989","17.972190856933594","17.972190856933594","17.972190856933594","22898","22898","22898"
"228999","18.76923370361328","18.76923370361328","18.76923370361328","22899","22899","22899"
"229009","17.306438446044922","17.306438446044922","17.306438446044922","22900","22900","22900"
"229069","22.21227264404297","22.21227264404297","22.21227264404297","22906","22906","22906"
"229099","29.833955764770508","29.833955764770508","29.833955764770508","22909","22909","22909"
"229169","22.60650634765625","22.60650634765625","22.60650634765625","22916","22916","22916"
"229199","17.374866485595703","17.374866485595703","17.374866485595703","22919","22919","22919"
"229219","23.219715118408203","23.219715118408203","23.219715118408203","22921","22921","22921"
"229239","21.200483322143555","21.200483322143555","21.200483322143555","22923","22923","22923"
"229269","22.06794548034668","22.06794548034668","22.06794548034668","22926","22926","22926"
"229289","24.367834091186523","24.367834091186523","24.367834091186523","22928","22928","22928"
"229299","25.54947853088379","25.54947853088379","25.54947853088379","22929","22929","22929"
"229309","36.15713882446289","36.15713882446289","36.15713882446289","22930","22930","22930"
"229359","20.602235794067383","20.602235794067383","20.602235794067383","22935","22935","22935"
"229369","18.139238357543945","18.139238357543945","18.139238357543945","22936","22936","22936"
"229379","21.177288055419922","21.177288055419922","21.177288055419922","22937","22937","22937"
"229389","20.818511962890625","20.818511962890625","20.818511962890625","22938","22938","22938"
"229409","23.51961326599121","23.51961326599121","23.51961326599121","22940","22940","22940"
"229459","20.709522247314453","20.709522247314453","20.709522247314453","22945","22945","22945"
"229509","21.425045013427734","21.425045013427734","21.425045013427734","22950","22950","22950"
"229549","20.709680557250977","20.709680557250977","20.709680557250977","22954","22954","22954"
"229569","20.22040557861328","20.22040557861328","20.22040557861328","22956","22956","22956"
"229589","19.134056091308594","19.134056091308594","19.134056091308594","22958","22958","22958"
"229599","19.0595703125","19.0595703125","19.0595703125","22959","22959","22959"
"229609","22.995763778686523","22.995763778686523","22.995763778686523","22960","22960","22960"
"229619","18.166553497314453","18.166553497314453","18.166553497314453","22961","22961","22961"
"229659","18.669422149658203","18.669422149658203","18.669422149658203","22965","22965","22965"
"229669","20.380611419677734","20.380611419677734","20.380611419677734","22966","22966","22966"
"229699","21.37305450439453","21.37305450439453","21.37305450439453","22969","22969","22969"
"229719","17.228105545043945","17.228105545043945","17.228105545043945","22971","22971","22971"
"229739","17.596832275390625","17.596832275390625","17.596832275390625","22973","22973","22973"
"229759","19.45992660522461","19.45992660522461","19.45992660522461","22975","22975","22975"
"229769","20.8935546875","20.8935546875","20.8935546875","22976","22976","22976"
"229779","22.19457244873047","22.19457244873047","22.19457244873047","22977","22977","22977"
"229879","23.49536895751953","23.49536895751953","23.49536895751953","22987","22987","22987"
"229889","22.594995498657227","22.594995498657227","22.594995498657227","22988","22988","22988"
"229939","23.815414428710938","23.815414428710938","23.815414428710938","22993","22993","22993"
"229979","26.584165573120117","26.584165573120117","26.584165573120117","22997","22997","22997"
"229999","18.098278045654297","18.098278045654297","18.098278045654297","22999","22999","22999"
"230009","25.350807189941406","25.350807189941406","25.350807189941406","23000","23000","23000"
"230029","23.08802032470703","23.08802032470703","23.08802032470703","23002","23002","23002"
"230049","29.53786277770996","29.53786277770996","29.53786277770996","23004","23004","23004"
"230059","19.889019012451172","19.889019012451172","19.889019012451172","23005","23005","23005"
"230099","23.458677291870117","23.458677291870117","23.458677291870117","23009","23009","23009"
"230109","24.752944946289062","24.752944946289062","24.752944946289062","23010","23010","23010"
"230119","18.92437171936035","18.92437171936035","18.92437171936035","23011","23011","23011"
"230139","25.033527374267578","25.033527374267578","25.033527374267578","23013","23013","23013"
"230159","21.50589942932129","21.50589942932129","21.50589942932129","23015","23015","23015"
"230179","18.400508880615234","18.400508880615234","18.400508880615234","23017","23017","23017"
"230199","20.93441390991211","20.93441390991211","20.93441390991211","23019","23019","23019"
"230209","19.909271240234375","19.909271240234375","19.909271240234375","23020","23020","23020"
"230239","38.72105026245117","38.72105026245117","38.72105026245117","23023","23023","23023"
"230289","21.43451690673828","21.43451690673828","21.43451690673828","23028","23028","23028"
"230299","19.981830596923828","19.981830596923828","19.981830596923828","23029","23029","23029"
"230309","21.770912170410156","21.770912170410156","21.770912170410156","23030","23030","23030"
"230339","23.329856872558594","23.329856872558594","23.329856872558594","23033","23033","23033"
"230359","22.139936447143555","22.139936447143555","22.139936447143555","23035","23035","23035"
"230389","24.848983764648438","24.848983764648438","24.848983764648438","23038","23038","23038"
"230419","21.069820404052734","21.069820404052734","21.069820404052734","23041","23041","23041"
"230429","24.06171417236328","24.06171417236328","24.06171417236328","23042","23042","23042"
"230459","22.2260799407959","22.2260799407959","22.2260799407959","23045","23045","23045"
"230479","22.212749481201172","22.212749481201172","22.212749481201172","23047","23047","23047"
"230499","20.471336364746094","20.471336364746094","20.471336364746094","23049","23049","23049"
"230549","21.306621551513672","21.306621551513672","21.306621551513672","23054","23054","23054"
"230559","22.202198028564453","22.202198028564453","22.202198028564453","23055","23055","23055"
"230589","20.216712951660156","20.216712951660156","20.216712951660156","23058","23058","23058"
"230629","27.289142608642578","27.289142608642578","27.289142608642578","23062","23062","23062"
"230639","20.73516845703125","20.73516845703125","20.73516845703125","23063","23063","23063"
"230649","25.869367599487305","25.869367599487305","25.869367599487305","23064","23064","23064"
"230659","19.31021499633789","19.31021499633789","19.31021499633789","23065","23065","23065"
"230669","24.540618896484375","24.540618896484375","24.540618896484375","23066","23066","23066"
"230679","23.21617317199707","23.21617317199707","23.21617317199707","23067","23067","23067"
"230729","24.306114196777344","24.306114196777344","24.306114196777344","23072","23072","23072"
"230739","43.68532180786133","43.68532180786133","43.68532180786133","23073","23073","23073"
"230769","22.10284996032715","22.10284996032715","22.10284996032715","23076","23076","23076"
"230789","23.978160858154297","23.978160858154297","23.978160858154297","23078","23078","23078"
"230799","17.383787155151367","17.383787155151367","17.383787155151367","23079","23079","23079"
"230839","21.734935760498047","21.734935760498047","21.734935760498047","23083","23083","23083"
"230869","22.691246032714844","22.691246032714844","22.691246032714844","23086","23086","23086"
"230899","45.7199592590332","45.7199592590332","45.7199592590332","23089","23089","23089"
"230909","19.457530975341797","19.457530975341797","19.457530975341797","23090","23090","23090"
"230929","20.560752868652344","20.560752868652344","20.560752868652344","23092","23092","23092"
"230939","23.686077117919922","23.686077117919922","23.686077117919922","23093","23093","23093"
"230959","19.582719802856445","19.582719802856445","19.582719802856445","23095","23095","23095"
"230969","20.746553421020508","20.746553421020508","20.746553421020508","23096","23096","23096"
"230989","21.513187408447266","21.513187408447266","21.513187408447266","23098","23098","23098"
"230999","23.576595306396484","23.576595306396484","23.576595306396484","23099","23099","23099"
"231009","18.993881225585938","18.993881225585938","18.993881225585938","23100","23100","23100"
"231039","19.115291595458984","19.115291595458984","19.115291595458984","23103","23103","23103"
"231049","21.22698211669922","21.22698211669922","21.22698211669922","23104","23104","23104"
"231059","17.422691345214844","17.422691345214844","17.422691345214844","23105","23105","23105"
"231099","18.169198989868164","18.169198989868164","18.169198989868164","23109","23109","23109"
"231119","22.728984832763672","22.728984832763672","22.728984832763672","23111","23111","23111"
"231199","18.782222747802734","18.782222747802734","18.782222747802734","23119","23119","23119"
"231249","23.548192977905273","23.548192977905273","23.548192977905273","23124","23124","23124"
"231259","27.953115463256836","27.953115463256836","27.953115463256836","23125","23125","23125"
"231289","18.40287971496582","18.40287971496582","18.40287971496582","23128","23128","23128"
"231299","22.456518173217773","22.456518173217773","22.456518173217773","23129","23129","23129"
"231319","17.984996795654297","17.984996795654297","17.984996795654297","23131","23131","23131"
"231349","21.98578643798828","21.98578643798828","21.98578643798828","23134","23134","23134"
"231359","20.665576934814453","20.665576934814453","20.665576934814453","23135","23135","23135"
"231389","19.593482971191406","19.593482971191406","19.593482971191406","23138","23138","23138"
"231399","24.5006103515625","24.5006103515625","24.5006103515625","23139","23139","23139"
"231419","24.47055435180664","24.47055435180664","24.47055435180664","23141","23141","23141"
"231429","19.029809951782227","19.029809951782227","19.029809951782227","23142","23142","23142"
"231439","21.130477905273438","21.130477905273438","21.130477905273438","23143","23143","23143"
"231449","26.379444122314453","26.379444122314453","26.379444122314453","23144","23144","23144"
"231459","28.596755981445312","28.596755981445312","28.596755981445312","23145","23145","23145"
"231479","16.409725189208984","16.409725189208984","16.409725189208984","23147","23147","23147"
"231499","20.024490356445312","20.024490356445312","20.024490356445312","23149","23149","23149"
"231539","20.315324783325195","20.315324783325195","20.315324783325195","23153","23153","23153"
"231559","20.031110763549805","20.031110763549805","20.031110763549805","23155","23155","23155"
"231589","21.45598030090332","21.45598030090332","21.45598030090332","23158","23158","23158"
"231629","22.513635635375977","22.513635635375977","22.513635635375977","23162","23162","23162"
"231639","21.443790435791016","21.443790435791016","21.443790435791016","23163","23163","23163"
"231649","23.68939971923828","23.68939971923828","23.68939971923828","23164","23164","23164"
"231709","20.04497528076172","20.04497528076172","20.04497528076172","23170","23170","23170"
"231749","20.244674682617188","20.244674682617188","20.244674682617188","23174","23174","23174"
"231759","18.03339385986328","18.03339385986328","18.03339385986328","23175","23175","23175"
"231769","20.6274471282959","20.6274471282959","20.6274471282959","23176","23176","23176"
"231789","19.021888732910156","19.021888732910156","19.021888732910156","23178","23178","23178"
"231809","22.488630294799805","22.488630294799805","22.488630294799805","23180","23180","23180"
"231819","22.253482818603516","22.253482818603516","22.253482818603516","23181","23181","23181"
"231849","17.31934928894043","17.31934928894043","17.31934928894043","23184","23184","23184"
"231889","20.567138671875","20.567138671875","20.567138671875","23188","23188","23188"
"231899","19.029518127441406","19.029518127441406","19.029518127441406","23189","23189","23189"
"231919","19.96371841430664","19.96371841430664","19.96371841430664","23191","23191","23191"
"231949","20.679759979248047","20.679759979248047","20.679759979248047","23194","23194","23194"
"231989","22.219589233398438","22.219589233398438","22.219589233398438","23198","23198","23198"
"232009","24.81586456298828","24.81586456298828","24.81586456298828","23200","23200","23200"
"232049","19.374937057495117","19.374937057495117","19.374937057495117","23204","23204","23204"
"232069","20.988975524902344","20.988975524902344","20.988975524902344","23206","23206","23206"
"232099","24.093372344970703","24.093372344970703","24.093372344970703","23209","23209","23209"
"232109","18.696308135986328","18.696308135986328","18.696308135986328","23210","23210","23210"
"232149","22.46198081970215","22.46198081970215","22.46198081970215","23214","23214","23214"
"232169","41.81407165527344","41.81407165527344","41.81407165527344","23216","23216","23216"
"232179","19.921600341796875","19.921600341796875","19.921600341796875","23217","23217","23217"
"232189","23.171621322631836","23.171621322631836","23.171621322631836","23218","23218","23218"
"232199","21.41353416442871","21.41353416442871","21.41353416442871","23219","23219","23219"
"232229","29.34900665283203","29.34900665283203","29.34900665283203","23222","23222","23222"
"232239","21.01827049255371","21.01827049255371","21.01827049255371","23223","23223","23223"
"232259","20.339717864990234","20.339717864990234","20.339717864990234","23225","23225","23225"
"232269","25.727951049804688","25.727951049804688","25.727951049804688","23226","23226","23226"
"232279","21.592514038085938","21.592514038085938","21.592514038085938","23227","23227","23227"
"232309","18.309246063232422","18.309246063232422","18.309246063232422","23230","23230","23230"
"232319","23.54487419128418","23.54487419128418","23.54487419128418","23231","23231","23231"
"232339","17.546836853027344","17.546836853027344","17.546836853027344","23233","23233","23233"
"232359","25.662181854248047","25.662181854248047","25.662181854248047","23235","23235","23235"
"232379","18.89008331298828","18.89008331298828","18.89008331298828","23237","23237","23237"
"232389","21.726755142211914","21.726755142211914","21.726755142211914","23238","23238","23238"
"232459","22.91692543029785","22.91692543029785","22.91692543029785","23245","23245","23245"
"232479","19.374534606933594","19.374534606933594","19.374534606933594","23247","23247","23247"
"232489","18.94723129272461","18.94723129272461","18.94723129272461","23248","23248","23248"
"232539","25.72325325012207","25.72325325012207","25.72325325012207","23253","23253","23253"
"232549","24.809772491455078","24.809772491455078","24.809772491455078","23254","23254","23254"
"232589","22.28945541381836","22.28945541381836","22.28945541381836","23258","23258","23258"
"232599","15.990816116333008","15.990816116333008","15.990816116333008","23259","23259","23259"
"232609","18.663959503173828","18.663959503173828","18.663959503173828","23260","23260","23260"
"232629","18.869586944580078","18.869586944580078","18.869586944580078","23262","23262","23262"
"232669","22.510425567626953","22.510425567626953","22.510425567626953","23266","23266","23266"
"232679","22.178667068481445","22.178667068481445","22.178667068481445","23267","23267","23267"
"232699","21.839244842529297","21.839244842529297","21.839244842529297","23269","23269","23269"
"232709","22.02141571044922","22.02141571044922","22.02141571044922","23270","23270","23270"
"232739","19.07010841369629","19.07010841369629","19.07010841369629","23273","23273","23273"
"232769","20.513891220092773","20.513891220092773","20.513891220092773","23276","23276","23276"
"232779","25.106327056884766","25.106327056884766","25.106327056884766","23277","23277","23277"
"232819","24.56644058227539","24.56644058227539","24.56644058227539","23281","23281","23281"
"232829","19.490943908691406","19.490943908691406","19.490943908691406","23282","23282","23282"
"232849","22.859891891479492","22.859891891479492","22.859891891479492","23284","23284","23284"
"232859","22.191326141357422","22.191326141357422","22.191326141357422","23285","23285","23285"
"232949","21.157987594604492","21.157987594604492","21.157987594604492","23294","23294","23294"
"232989","21.023176193237305","21.023176193237305","21.023176193237305","23298","23298","23298"
"232999","21.389013290405273","21.389013290405273","21.389013290405273","23299","23299","23299"
"233029","23.087711334228516","23.087711334228516","23.087711334228516","23302","23302","23302"
"233039","20.99757957458496","20.99757957458496","20.99757957458496","23303","23303","23303"
"233049","21.357267379760742","21.357267379760742","21.357267379760742","23304","23304","23304"
"233079","21.426362991333008","21.426362991333008","21.426362991333008","23307","23307","23307"
"233089","40.6165885925293","40.6165885925293","40.6165885925293","23308","23308","23308"
"233119","18.481590270996094","18.481590270996094","18.481590270996094","23311","23311","23311"
"233159","21.050457000732422","21.050457000732422","21.050457000732422","23315","23315","23315"
"233179","22.03516387939453","22.03516387939453","22.03516387939453","23317","23317","23317"
"233189","20.89746856689453","20.89746856689453","20.89746856689453","23318","23318","23318"
"233229","19.904268264770508","19.904268264770508","19.904268264770508","23322","23322","23322"
"233249","27.482820510864258","27.482820510864258","27.482820510864258","23324","23324","23324"
"233259","22.267404556274414","22.267404556274414","22.267404556274414","23325","23325","23325"
"233289","20.387710571289062","20.387710571289062","20.387710571289062","23328","23328","23328"
"233319","21.7156982421875","21.7156982421875","21.7156982421875","23331","23331","23331"
"233349","22.03512954711914","22.03512954711914","22.03512954711914","23334","23334","23334"
"233359","21.00751304626465","21.00751304626465","21.00751304626465","23335","23335","23335"
"233369","20.867538452148438","20.867538452148438","20.867538452148438","23336","23336","23336"
"233399","19.109394073486328","19.109394073486328","19.109394073486328","23339","23339","23339"
"233419","29.869775772094727","29.869775772094727","29.869775772094727","23341","23341","23341"
"233459","19.67337417602539","19.67337417602539","19.67337417602539","23345","23345","23345"
"233469","25.0191707611084","25.0191707611084","25.0191707611084","23346","23346","23346"
"233479","22.96971893310547","22.96971893310547","22.96971893310547","23347","23347","23347"
"233529","21.117637634277344","21.117637634277344","21.117637634277344","23352","23352","23352"
"233549","32.569915771484375","32.569915771484375","32.569915771484375","23354","23354","23354"
"233559","22.123821258544922","22.123821258544922","22.123821258544922","23355","23355","23355"
"233609","23.477615356445312","23.477615356445312","23.477615356445312","23360","23360","23360"
"233619","19.699798583984375","19.699798583984375","19.699798583984375","23361","23361","23361"
"233639","22.91634750366211","22.91634750366211","22.91634750366211","23363","23363","23363"
"233659","22.259746551513672","22.259746551513672","22.259746551513672","23365","23365","23365"
"233759","23.02498435974121","23.02498435974121","23.02498435974121","23375","23375","23375"
"233839","20.973587036132812","20.973587036132812","20.973587036132812","23383","23383","23383"
"233849","21.98038673400879","21.98038673400879","21.98038673400879","23384","23384","23384"
"233939","20.535646438598633","20.535646438598633","20.535646438598633","23393","23393","23393"
"233949","20.187694549560547","20.187694549560547","20.187694549560547","23394","23394","23394"
"234019","24.26886749267578","24.26886749267578","24.26886749267578","23401","23401","23401"
"234029","20.902259826660156","20.902259826660156","20.902259826660156","23402","23402","23402"
"234039","17.90866470336914","17.90866470336914","17.90866470336914","23403","23403","23403"
"234089","18.79907989501953","18.79907989501953","18.79907989501953","23408","23408","23408"
"234099","21.425289154052734","21.425289154052734","21.425289154052734","23409","23409","23409"
"234109","23.44313621520996","23.44313621520996","23.44313621520996","23410","23410","23410"
"234139","18.713071823120117","18.713071823120117","18.713071823120117","23413","23413","23413"
"234149","23.23409652709961","23.23409652709961","23.23409652709961","23414","23414","23414"
"234189","19.37415313720703","19.37415313720703","19.37415313720703","23418","23418","23418"
"234209","18.910903930664062","18.910903930664062","18.910903930664062","23420","23420","23420"
"234249","19.067134857177734","19.067134857177734","19.067134857177734","23424","23424","23424"
"234269","21.77581024169922","21.77581024169922","21.77581024169922","23426","23426","23426"
"234299","16.265869140625","16.265869140625","16.265869140625","23429","23429","23429"
"234339","20.632604598999023","20.632604598999023","20.632604598999023","23433","23433","23433"
"234349","17.639814376831055","17.639814376831055","17.639814376831055","23434","23434","23434"
"234369","17.987966537475586","17.987966537475586","17.987966537475586","23436","23436","23436"
"234399","18.793363571166992","18.793363571166992","18.793363571166992","23439","23439","23439"
"234409","26.90041732788086","26.90041732788086","26.90041732788086","23440","23440","23440"
"234419","26.342206954956055","26.342206954956055","26.342206954956055","23441","23441","23441"
"234429","21.930522918701172","21.930522918701172","21.930522918701172","23442","23442","23442"
"234479","18.221433639526367","18.221433639526367","18.221433639526367","23447","23447","23447"
"234499","21.833389282226562","21.833389282226562","21.833389282226562","23449","23449","23449"
"234519","20.193452835083008","20.193452835083008","20.193452835083008","23451","23451","23451"
"234529","17.35195541381836","17.35195541381836","17.35195541381836","23452","23452","23452"
"234549","27.43210220336914","27.43210220336914","27.43210220336914","23454","23454","23454"
"234609","20.842029571533203","20.842029571533203","20.842029571533203","23460","23460","23460"
"234619","16.366451263427734","16.366451263427734","16.366451263427734","23461","23461","23461"
"234629","26.911054611206055","26.911054611206055","26.911054611206055","23462","23462","23462"
"234639","20.482646942138672","20.482646942138672","20.482646942138672","23463","23463","23463"
"234679","23.072614669799805","23.072614669799805","23.072614669799805","23467","23467","23467"
"234739","25.203243255615234","25.203243255615234","25.203243255615234","23473","23473","23473"
"234769","28.887775421142578","28.887775421142578","28.887775421142578","23476","23476","23476"
"234789","21.392038345336914","21.392038345336914","21.392038345336914","23478","23478","23478"
"234799","25.675437927246094","25.675437927246094","25.675437927246094","23479","23479","23479"
"234809","22.96702766418457","22.96702766418457","22.96702766418457","23480","23480","23480"
"234819","19.926950454711914","19.926950454711914","19.926950454711914","23481","23481","23481"
"234839","21.480669021606445","21.480669021606445","21.480669021606445","23483","23483","23483"
"234849","22.594675064086914","22.594675064086914","22.594675064086914","23484","23484","23484"
"234889","17.680089950561523","17.680089950561523","17.680089950561523","23488","23488","23488"
"234909","20.77912712097168","20.77912712097168","20.77912712097168","23490","23490","23490"
"234979","19.654584884643555","19.654584884643555","19.654584884643555","23497","23497","23497"
"235019","19.652008056640625","19.652008056640625","19.652008056640625","23501","23501","23501"
"235029","24.899492263793945","24.899492263793945","24.899492263793945","23502","23502","23502"
"235089","18.978546142578125","18.978546142578125","18.978546142578125","23508","23508","23508"
"235109","19.403337478637695","19.403337478637695","19.403337478637695","23510","23510","23510"
"235139","19.081298828125","19.081298828125","19.081298828125","23513","23513","23513"
"235159","26.95013427734375","26.95013427734375","26.95013427734375","23515","23515","23515"
"235209","18.731821060180664","18.731821060180664","18.731821060180664","23520","23520","23520"
"235229","21.054405212402344","21.054405212402344","21.054405212402344","23522","23522","23522"
"235269","20.646907806396484","20.646907806396484","20.646907806396484","23526","23526","23526"
"235279","19.31406021118164","19.31406021118164","19.31406021118164","23527","23527","23527"
"235319","19.05412483215332","19.05412483215332","19.05412483215332","23531","23531","23531"
"235329","18.577388763427734","18.577388763427734","18.577388763427734","23532","23532","23532"
"235419","21.902950286865234","21.902950286865234","21.902950286865234","23541","23541","23541"
"235429","20.9866943359375","20.9866943359375","20.9866943359375","23542","23542","23542"
"235449","23.605010986328125","23.605010986328125","23.605010986328125","23544","23544","23544"
"235479","16.984275817871094","16.984275817871094","16.984275817871094","23547","23547","23547"
"235489","19.956464767456055","19.956464767456055","19.956464767456055","23548","23548","23548"
"235539","20.039037704467773","20.039037704467773","20.039037704467773","23553","23553","23553"
"235549","22.411684036254883","22.411684036254883","22.411684036254883","23554","23554","23554"
"235609","20.687891006469727","20.687891006469727","20.687891006469727","23560","23560","23560"
"235649","21.574295043945312","21.574295043945312","21.574295043945312","23564","23564","23564"
"235669","22.362337112426758","22.362337112426758","22.362337112426758","23566","23566","23566"
"235729","21.357675552368164","21.357675552368164","21.357675552368164","23572","23572","23572"
"235739","24.38178253173828","24.38178253173828","24.38178253173828","23573","23573","23573"
"235749","21.4400577545166","21.4400577545166","21.4400577545166","23574","23574","23574"
"235759","19.46566390991211","19.46566390991211","19.46566390991211","23575","23575","23575"
"235769","17.511417388916016","17.511417388916016","17.511417388916016","23576","23576","23576"
"235789","18.8490047454834","18.8490047454834","18.8490047454834","23578","23578","23578"
"235799","21.359214782714844","21.359214782714844","21.359214782714844","23579","23579","23579"
"235859","17.65423583984375","17.65423583984375","17.65423583984375","23585","23585","23585"
"235889","19.795284271240234","19.795284271240234","19.795284271240234","23588","23588","23588"
"235899","17.36357879638672","17.36357879638672","17.36357879638672","23589","23589","23589"
"235909","27.18659019470215","27.18659019470215","27.18659019470215","23590","23590","23590"
"235939","20.66335678100586","20.66335678100586","20.66335678100586","23593","23593","23593"
"235949","22.542400360107422","22.542400360107422","22.542400360107422","23594","23594","23594"
"235969","20.937082290649414","20.937082290649414","20.937082290649414","23596","23596","23596"
"235979","18.39421844482422","18.39421844482422","18.39421844482422","23597","23597","23597"
"236009","20.00818634033203","20.00818634033203","20.00818634033203","23600","23600","23600"
"236019","26.109302520751953","26.109302520751953","26.109302520751953","23601","23601","23601"
"236039","19.109832763671875","19.109832763671875","19.109832763671875","23603","23603","23603"
"236059","20.722427368164062","20.722427368164062","20.722427368164062","23605","23605","23605"
"236099","17.804670333862305","17.804670333862305","17.804670333862305","23609","23609","23609"
"236109","21.295482635498047","21.295482635498047","21.295482635498047","23610","23610","23610"
"236129","22.758281707763672","22.758281707763672","22.758281707763672","23612","23612","23612"
"236169","22.605745315551758","22.605745315551758","22.605745315551758","23616","23616","23616"
"236189","20.368125915527344","20.368125915527344","20.368125915527344","23618","23618","23618"
"236199","25.042116165161133","25.042116165161133","25.042116165161133","23619","23619","23619"
"236209","22.259876251220703","22.259876251220703","22.259876251220703","23620","23620","23620"
"236249","18.653789520263672","18.653789520263672","18.653789520263672","23624","23624","23624"
"236359","21.895469665527344","21.895469665527344","21.895469665527344","23635","23635","23635"
"236409","22.064533233642578","22.064533233642578","22.064533233642578","23640","23640","23640"
"236449","17.028018951416016","17.028018951416016","17.028018951416016","23644","23644","23644"
"236459","24.228225708007812","24.228225708007812","24.228225708007812","23645","23645","23645"
"236499","21.41925621032715","21.41925621032715","21.41925621032715","23649","23649","23649"
"236519","20.052980422973633","20.052980422973633","20.052980422973633","23651","23651","23651"
"236539","20.383596420288086","20.383596420288086","20.383596420288086","23653","23653","23653"
"236549","21.81768035888672","21.81768035888672","21.81768035888672","23654","23654","23654"
"236599","19.470605850219727","19.470605850219727","19.470605850219727","23659","23659","23659"
"236619","21.178749084472656","21.178749084472656","21.178749084472656","23661","23661","23661"
"236639","22.040050506591797","22.040050506591797","22.040050506591797","23663","23663","23663"
"236659","21.341785430908203","21.341785430908203","21.341785430908203","23665","23665","23665"
"236679","20.799684524536133","20.799684524536133","20.799684524536133","23667","23667","23667"
"236699","22.65147590637207","22.65147590637207","22.65147590637207","23669","23669","23669"
"236739","22.19586181640625","22.19586181640625","22.19586181640625","23673","23673","23673"
"236749","18.968414306640625","18.968414306640625","18.968414306640625","23674","23674","23674"
"236799","20.23899269104004","20.23899269104004","20.23899269104004","23679","23679","23679"
"236809","18.135480880737305","18.135480880737305","18.135480880737305","23680","23680","23680"
"236819","23.593137741088867","23.593137741088867","23.593137741088867","23681","23681","23681"
"236859","19.712251663208008","19.712251663208008","19.712251663208008","23685","23685","23685"
"236989","17.633955001831055","17.633955001831055","17.633955001831055","23698","23698","23698"
"237059","20.555034637451172","20.555034637451172","20.555034637451172","23705","23705","23705"
"237069","21.891738891601562","21.891738891601562","21.891738891601562","23706","23706","23706"
"237079","22.742210388183594","22.742210388183594","22.742210388183594","23707","23707","23707"
"237119","20.863197326660156","20.863197326660156","20.863197326660156","23711","23711","23711"
"237129","26.991168975830078","26.991168975830078","26.991168975830078","23712","23712","23712"
"237139","28.278125762939453","28.278125762939453","28.278125762939453","23713","23713","23713"
"237209","20.686260223388672","20.686260223388672","20.686260223388672","23720","23720","23720"
"237229","22.80061149597168","22.80061149597168","22.80061149597168","23722","23722","23722"
"237239","15.800172805786133","15.800172805786133","15.800172805786133","23723","23723","23723"
"237249","18.970741271972656","18.970741271972656","18.970741271972656","23724","23724","23724"
"237269","19.237022399902344","19.237022399902344","19.237022399902344","23726","23726","23726"
"237339","19.98782730102539","19.98782730102539","19.98782730102539","23733","23733","23733"
"237359","23.622180938720703","23.622180938720703","23.622180938720703","23735","23735","23735"
"237369","22.264076232910156","22.264076232910156","22.264076232910156","23736","23736","23736"
"237379","21.341930389404297","21.341930389404297","21.341930389404297","23737","23737","23737"
"237389","19.325138092041016","19.325138092041016","19.325138092041016","23738","23738","23738"
"237439","21.35868263244629","21.35868263244629","21.35868263244629","23743","23743","23743"
"237469","18.439651489257812","18.439651489257812","18.439651489257812","23746","23746","23746"
"237479","20.027549743652344","20.027549743652344","20.027549743652344","23747","23747","23747"
"237529","24.571914672851562","24.571914672851562","24.571914672851562","23752","23752","23752"
"237549","22.640825271606445","22.640825271606445","22.640825271606445","23754","23754","23754"
"237629","17.473520278930664","17.473520278930664","17.473520278930664","23762","23762","23762"
"237639","24.32415008544922","24.32415008544922","24.32415008544922","23763","23763","23763"
"237659","23.97057342529297","23.97057342529297","23.97057342529297","23765","23765","23765"
"237669","20.585561752319336","20.585561752319336","20.585561752319336","23766","23766","23766"
"237699","21.472623825073242","21.472623825073242","21.472623825073242","23769","23769","23769"
"237719","27.467248916625977","27.467248916625977","27.467248916625977","23771","23771","23771"
"237739","18.299779891967773","18.299779891967773","18.299779891967773","23773","23773","23773"
"237839","18.291675567626953","18.291675567626953","18.291675567626953","23783","23783","23783"
"237869","21.27342987060547","21.27342987060547","21.27342987060547","23786","23786","23786"
"237919","23.694583892822266","23.694583892822266","23.694583892822266","23791","23791","23791"
"237959","21.82041358947754","21.82041358947754","21.82041358947754","23795","23795","23795"
"237969","21.491294860839844","21.491294860839844","21.491294860839844","23796","23796","23796"
"237999","18.45836067199707","18.45836067199707","18.45836067199707","23799","23799","23799"
"238009","24.933002471923828","24.933002471923828","24.933002471923828","23800","23800","23800"
"238029","34.352596282958984","34.352596282958984","34.352596282958984","23802","23802","23802"
"238079","22.019283294677734","22.019283294677734","22.019283294677734","23807","23807","23807"
"238099","17.98503875732422","17.98503875732422","17.98503875732422","23809","23809","23809"
"238139","22.38401222229004","22.38401222229004","22.38401222229004","23813","23813","23813"
"238149","20.0184268951416","20.0184268951416","20.0184268951416","23814","23814","23814"
"238189","20.47433090209961","20.47433090209961","20.47433090209961","23818","23818","23818"
"238219","20.320592880249023","20.320592880249023","20.320592880249023","23821","23821","23821"
"238229","18.393131256103516","18.393131256103516","18.393131256103516","23822","23822","23822"
"238239","19.237794876098633","19.237794876098633","19.237794876098633","23823","23823","23823"
"238269","22.928972244262695","22.928972244262695","22.928972244262695","23826","23826","23826"
"238289","23.05436897277832","23.05436897277832","23.05436897277832","23828","23828","23828"
"238299","21.629608154296875","21.629608154296875","21.629608154296875","23829","23829","23829"
"238329","18.43264389038086","18.43264389038086","18.43264389038086","23832","23832","23832"
"238369","20.77126693725586","20.77126693725586","20.77126693725586","23836","23836","23836"
"238399","21.402999877929688","21.402999877929688","21.402999877929688","23839","23839","23839"
"238409","23.74640655517578","23.74640655517578","23.74640655517578","23840","23840","23840"
"238439","17.75261688232422","17.75261688232422","17.75261688232422","23843","23843","23843"
"238499","18.65790557861328","18.65790557861328","18.65790557861328","23849","23849","23849"
"238519","17.60741424560547","17.60741424560547","17.60741424560547","23851","23851","23851"
"238569","26.026512145996094","26.026512145996094","26.026512145996094","23856","23856","23856"
"238579","19.211101531982422","19.211101531982422","19.211101531982422","23857","23857","23857"
"238589","22.26319122314453","22.26319122314453","22.26319122314453","23858","23858","23858"
"238649","24.801162719726562","24.801162719726562","24.801162719726562","23864","23864","23864"
"238669","23.297149658203125","23.297149658203125","23.297149658203125","23866","23866","23866"
"238719","47.31538391113281","47.31538391113281","47.31538391113281","23871","23871","23871"
"238729","20.77518081665039","20.77518081665039","20.77518081665039","23872","23872","23872"
"238759","21.763830184936523","21.763830184936523","21.763830184936523","23875","23875","23875"
"238769","54.30302047729492","54.30302047729492","54.30302047729492","23876","23876","23876"
"238779","24.799100875854492","24.799100875854492","24.799100875854492","23877","23877","23877"
"238799","22.825223922729492","22.825223922729492","22.825223922729492","23879","23879","23879"
"238829","21.17030906677246","21.17030906677246","21.17030906677246","23882","23882","23882"
"238849","24.59589385986328","24.59589385986328","24.59589385986328","23884","23884","23884"
"238869","20.807035446166992","20.807035446166992","20.807035446166992","23886","23886","23886"
"238879","19.67900848388672","19.67900848388672","19.67900848388672","23887","23887","23887"
"238889","24.234344482421875","24.234344482421875","24.234344482421875","23888","23888","23888"
"238899","21.86908721923828","21.86908721923828","21.86908721923828","23889","23889","23889"
"238919","20.831037521362305","20.831037521362305","20.831037521362305","23891","23891","23891"
"238939","17.870805740356445","17.870805740356445","17.870805740356445","23893","23893","23893"
"238949","22.578325271606445","22.578325271606445","22.578325271606445","23894","23894","23894"
"238979","27.89298439025879","27.89298439025879","27.89298439025879","23897","23897","23897"
"239029","20.567270278930664","20.567270278930664","20.567270278930664","23902","23902","23902"
"239039","19.376197814941406","19.376197814941406","19.376197814941406","23903","23903","23903"
"239069","18.602046966552734","18.602046966552734","18.602046966552734","23906","23906","23906"
"239099","18.13836097717285","18.13836097717285","18.13836097717285","23909","23909","23909"
"239109","23.58148956298828","23.58148956298828","23.58148956298828","23910","23910","23910"
"239129","20.313873291015625","20.313873291015625","20.313873291015625","23912","23912","23912"
"239139","24.568626403808594","24.568626403808594","24.568626403808594","23913","23913","23913"
"239169","22.616561889648438","22.616561889648438","22.616561889648438","23916","23916","23916"
"239189","23.54810333251953","23.54810333251953","23.54810333251953","23918","23918","23918"
"239209","21.4197998046875","21.4197998046875","21.4197998046875","23920","23920","23920"
"239219","20.6777400970459","20.6777400970459","20.6777400970459","23921","23921","23921"
"239249","26.42639923095703","26.42639923095703","26.42639923095703","23924","23924","23924"
"239259","23.6483097076416","23.6483097076416","23.6483097076416","23925","23925","23925"
"239359","18.469038009643555","18.469038009643555","18.469038009643555","23935","23935","23935"
"239419","21.687925338745117","21.687925338745117","21.687925338745117","23941","23941","23941"
"239429","21.675884246826172","21.675884246826172","21.675884246826172","23942","23942","23942"
"239449","19.002582550048828","19.002582550048828","19.002582550048828","23944","23944","23944"
"239459","20.657094955444336","20.657094955444336","20.657094955444336","23945","23945","23945"
"239479","18.65963363647461","18.65963363647461","18.65963363647461","23947","23947","23947"
"239489","17.909820556640625","17.909820556640625","17.909820556640625","23948","23948","23948"
"239499","17.524930953979492","17.524930953979492","17.524930953979492","23949","23949","23949"
"239519","20.31926727294922","20.31926727294922","20.31926727294922","23951","23951","23951"
"239529","18.783584594726562","18.783584594726562","18.783584594726562","23952","23952","23952"
"239539","20.479021072387695","20.479021072387695","20.479021072387695","23953","23953","23953"
"239559","30.405895233154297","30.405895233154297","30.405895233154297","23955","23955","23955"
"239609","25.23046875","25.23046875","25.23046875","23960","23960","23960"
"239619","22.94796371459961","22.94796371459961","22.94796371459961","23961","23961","23961"
"239629","19.92169189453125","19.92169189453125","19.92169189453125","23962","23962","23962"
"239689","25.9031982421875","25.9031982421875","25.9031982421875","23968","23968","23968"
"239699","19.915164947509766","19.915164947509766","19.915164947509766","23969","23969","23969"
"239729","23.981082916259766","23.981082916259766","23.981082916259766","23972","23972","23972"
"239739","21.60780143737793","21.60780143737793","21.60780143737793","23973","23973","23973"
"239769","29.088993072509766","29.088993072509766","29.088993072509766","23976","23976","23976"
"239849","17.5026798248291","17.5026798248291","17.5026798248291","23984","23984","23984"
"239859","23.257614135742188","23.257614135742188","23.257614135742188","23985","23985","23985"
"239869","18.538616180419922","18.538616180419922","18.538616180419922","23986","23986","23986"
"239879","21.29909896850586","21.29909896850586","21.29909896850586","23987","23987","23987"
"239889","20.234176635742188","20.234176635742188","20.234176635742188","23988","23988","23988"
"239929","21.205820083618164","21.205820083618164","21.205820083618164","23992","23992","23992"
"239959","22.502973556518555","22.502973556518555","22.502973556518555","23995","23995","23995"
"239969","23.21155548095703","23.21155548095703","23.21155548095703","23996","23996","23996"
"239999","23.545940399169922","23.545940399169922","23.545940399169922","23999","23999","23999"
"240029","20.629108428955078","20.629108428955078","20.629108428955078","24002","24002","24002"
"240099","19.4328556060791","19.4328556060791","19.4328556060791","24009","24009","24009"
"240149","18.974639892578125","18.974639892578125","18.974639892578125","24014","24014","24014"
"240179","23.107118606567383","23.107118606567383","23.107118606567383","24017","24017","24017"
"240199","21.506216049194336","21.506216049194336","21.506216049194336","24019","24019","24019"
"240249","20.178009033203125","20.178009033203125","20.178009033203125","24024","24024","24024"
"240309","22.400663375854492","22.400663375854492","22.400663375854492","24030","24030","24030"
"240319","22.92144203186035","22.92144203186035","22.92144203186035","24031","24031","24031"
"240329","20.889524459838867","20.889524459838867","20.889524459838867","24032","24032","24032"
"240359","19.589271545410156","19.589271545410156","19.589271545410156","24035","24035","24035"
"240369","19.449344635009766","19.449344635009766","19.449344635009766","24036","24036","24036"
"240409","22.706562042236328","22.706562042236328","22.706562042236328","24040","24040","24040"
"240419","19.847169876098633","19.847169876098633","19.847169876098633","24041","24041","24041"
"240449","20.022462844848633","20.022462844848633","20.022462844848633","24044","24044","24044"
"240469","19.807008743286133","19.807008743286133","19.807008743286133","24046","24046","24046"
"240549","23.575153350830078","23.575153350830078","23.575153350830078","24054","24054","24054"
"240559","23.212995529174805","23.212995529174805","23.212995529174805","24055","24055","24055"
"240589","19.398155212402344","19.398155212402344","19.398155212402344","24058","24058","24058"
"240609","19.504880905151367","19.504880905151367","19.504880905151367","24060","24060","24060"
"240639","20.59326934814453","20.59326934814453","20.59326934814453","24063","24063","24063"
"240659","23.763900756835938","23.763900756835938","23.763900756835938","24065","24065","24065"
"240689","17.99347686767578","17.99347686767578","17.99347686767578","24068","24068","24068"
"240699","25.96616554260254","25.96616554260254","25.96616554260254","24069","24069","24069"
"240729","23.626663208007812","23.626663208007812","23.626663208007812","24072","24072","24072"
"240769","22.932584762573242","22.932584762573242","22.932584762573242","24076","24076","24076"
"240779","18.777111053466797","18.777111053466797","18.777111053466797","24077","24077","24077"
"240789","20.661327362060547","20.661327362060547","20.661327362060547","24078","24078","24078"
"240819","20.14676284790039","20.14676284790039","20.14676284790039","24081","24081","24081"
"240869","19.89284324645996","19.89284324645996","19.89284324645996","24086","24086","24086"
"240899","21.649085998535156","21.649085998535156","21.649085998535156","24089","24089","24089"
"240919","23.12299156188965","23.12299156188965","23.12299156188965","24091","24091","24091"
"240959","23.60369110107422","23.60369110107422","23.60369110107422","24095","24095","24095"
"240999","24.943218231201172","24.943218231201172","24.943218231201172","24099","24099","24099"
"241009","19.85913848876953","19.85913848876953","19.85913848876953","24100","24100","24100"
"241019","24.39246940612793","24.39246940612793","24.39246940612793","24101","24101","24101"
"241029","20.718473434448242","20.718473434448242","20.718473434448242","24102","24102","24102"
"241049","22.396270751953125","22.396270751953125","22.396270751953125","24104","24104","24104"
"241169","25.521602630615234","25.521602630615234","25.521602630615234","24116","24116","24116"
"241189","20.712156295776367","20.712156295776367","20.712156295776367","24118","24118","24118"
"241199","21.973772048950195","21.973772048950195","21.973772048950195","24119","24119","24119"
"241209","21.457326889038086","21.457326889038086","21.457326889038086","24120","24120","24120"
"241219","18.245468139648438","18.245468139648438","18.245468139648438","24121","24121","24121"
"241239","18.133590698242188","18.133590698242188","18.133590698242188","24123","24123","24123"
"241249","25.470600128173828","25.470600128173828","25.470600128173828","24124","24124","24124"
"241279","24.590167999267578","24.590167999267578","24.590167999267578","24127","24127","24127"
"241289","19.349559783935547","19.349559783935547","19.349559783935547","24128","24128","24128"
"241299","19.10647964477539","19.10647964477539","19.10647964477539","24129","24129","24129"
"241319","19.813661575317383","19.813661575317383","19.813661575317383","24131","24131","24131"
"241329","21.913314819335938","21.913314819335938","21.913314819335938","24132","24132","24132"
"241389","23.91796875","23.91796875","23.91796875","24138","24138","24138"
"241399","17.95020294189453","17.95020294189453","17.95020294189453","24139","24139","24139"
"241459","19.906103134155273","19.906103134155273","19.906103134155273","24145","24145","24145"
"241469","22.347270965576172","22.347270965576172","22.347270965576172","24146","24146","24146"
"241479","22.490108489990234","22.490108489990234","22.490108489990234","24147","24147","24147"
"241509","23.835512161254883","23.835512161254883","23.835512161254883","24150","24150","24150"
"241559","19.396068572998047","19.396068572998047","19.396068572998047","24155","24155","24155"
"241579","15.547974586486816","15.547974586486816","15.547974586486816","24157","24157","24157"
"241599","22.55223846435547","22.55223846435547","22.55223846435547","24159","24159","24159"
"241649","19.01085090637207","19.01085090637207","19.01085090637207","24164","24164","24164"
"241659","18.53359031677246","18.53359031677246","18.53359031677246","24165","24165","24165"
"241669","25.9071044921875","25.9071044921875","25.9071044921875","24166","24166","24166"
"241689","18.186471939086914","18.186471939086914","18.186471939086914","24168","24168","24168"
"241699","22.262842178344727","22.262842178344727","22.262842178344727","24169","24169","24169"
"241709","20.832748413085938","20.832748413085938","20.832748413085938","24170","24170","24170"
"241739","21.700042724609375","21.700042724609375","21.700042724609375","24173","24173","24173"
"241799","19.004074096679688","19.004074096679688","19.004074096679688","24179","24179","24179"
"241809","21.850814819335938","21.850814819335938","21.850814819335938","24180","24180","24180"
"241819","21.63351058959961","21.63351058959961","21.63351058959961","24181","24181","24181"
"241899","25.866350173950195","25.866350173950195","25.866350173950195","24189","24189","24189"
"241909","23.32381820678711","23.32381820678711","23.32381820678711","24190","24190","24190"
"241939","25.97184181213379","25.97184181213379","25.97184181213379","24193","24193","24193"
"241949","19.44729232788086","19.44729232788086","19.44729232788086","24194","24194","24194"
"241969","20.79900360107422","20.79900360107422","20.79900360107422","24196","24196","24196"
"241989","27.188112258911133","27.188112258911133","27.188112258911133","24198","24198","24198"
"241999","22.341022491455078","22.341022491455078","22.341022491455078","24199","24199","24199"
"242019","22.46221923828125","22.46221923828125","22.46221923828125","24201","24201","24201"
"242029","21.38966178894043","21.38966178894043","21.38966178894043","24202","24202","24202"
"242039","23.01007080078125","23.01007080078125","23.01007080078125","24203","24203","24203"
"242059","19.289979934692383","19.289979934692383","19.289979934692383","24205","24205","24205"
"242069","21.692108154296875","21.692108154296875","21.692108154296875","24206","24206","24206"
"242089","19.272075653076172","19.272075653076172","19.272075653076172","24208","24208","24208"
"242159","22.0078182220459","22.0078182220459","22.0078182220459","24215","24215","24215"
"242169","25.676036834716797","25.676036834716797","25.676036834716797","24216","24216","24216"
"242179","23.872880935668945","23.872880935668945","23.872880935668945","24217","24217","24217"
"242199","24.3999080657959","24.3999080657959","24.3999080657959","24219","24219","24219"
"242229","20.84352684020996","20.84352684020996","20.84352684020996","24222","24222","24222"
"242239","24.02104949951172","24.02104949951172","24.02104949951172","24223","24223","24223"
"242309","21.611278533935547","21.611278533935547","21.611278533935547","24230","24230","24230"
"242329","20.648666381835938","20.648666381835938","20.648666381835938","24232","24232","24232"
"242369","17.383460998535156","17.383460998535156","17.383460998535156","24236","24236","24236"
"242379","23.047813415527344","23.047813415527344","23.047813415527344","24237","24237","24237"
"242399","23.058685302734375","23.058685302734375","23.058685302734375","24239","24239","24239"
"242409","21.4064884185791","21.4064884185791","21.4064884185791","24240","24240","24240"
"242419","21.11245346069336","21.11245346069336","21.11245346069336","24241","24241","24241"
"242459","23.531360626220703","23.531360626220703","23.531360626220703","24245","24245","24245"
"242489","21.750076293945312","21.750076293945312","21.750076293945312","24248","24248","24248"
"242509","17.57608985900879","17.57608985900879","17.57608985900879","24250","24250","24250"
"242519","21.983413696289062","21.983413696289062","21.983413696289062","24251","24251","24251"
"242549","32.66679382324219","32.66679382324219","32.66679382324219","24254","24254","24254"
"242569","19.233732223510742","19.233732223510742","19.233732223510742","24256","24256","24256"
"242669","16.869470596313477","16.869470596313477","16.869470596313477","24266","24266","24266"
"242679","21.446502685546875","21.446502685546875","21.446502685546875","24267","24267","24267"
"242699","19.459041595458984","19.459041595458984","19.459041595458984","24269","24269","24269"
"242749","32.70178985595703","32.70178985595703","32.70178985595703","24274","24274","24274"
"242769","24.26569175720215","24.26569175720215","24.26569175720215","24276","24276","24276"
"242839","18.30228614807129","18.30228614807129","18.30228614807129","24283","24283","24283"
"242879","20.723617553710938","20.723617553710938","20.723617553710938","24287","24287","24287"
"242899","19.770893096923828","19.770893096923828","19.770893096923828","24289","24289","24289"
"242909","22.9930419921875","22.9930419921875","22.9930419921875","24290","24290","24290"
"242939","18.808332443237305","18.808332443237305","18.808332443237305","24293","24293","24293"
"242949","24.60661506652832","24.60661506652832","24.60661506652832","24294","24294","24294"
"242969","21.605815887451172","21.605815887451172","21.605815887451172","24296","24296","24296"
"242979","19.503650665283203","19.503650665283203","19.503650665283203","24297","24297","24297"
"242989","20.959747314453125","20.959747314453125","20.959747314453125","24298","24298","24298"
"243039","26.63773536682129","26.63773536682129","26.63773536682129","24303","24303","24303"
"243109","20.142017364501953","20.142017364501953","20.142017364501953","24310","24310","24310"
"243119","18.193889617919922","18.193889617919922","18.193889617919922","24311","24311","24311"
"243149","22.103532791137695","22.103532791137695","22.103532791137695","24314","24314","24314"
"243209","17.211280822753906","17.211280822753906","17.211280822753906","24320","24320","24320"
"243229","21.239564895629883","21.239564895629883","21.239564895629883","24322","24322","24322"
"243259","19.336063385009766","19.336063385009766","19.336063385009766","24325","24325","24325"
"243269","22.220561981201172","22.220561981201172","22.220561981201172","24326","24326","24326"
"243289","17.982248306274414","17.982248306274414","17.982248306274414","24328","24328","24328"
"243299","19.811561584472656","19.811561584472656","19.811561584472656","24329","24329","24329"
"243309","22.231616973876953","22.231616973876953","22.231616973876953","24330","24330","24330"
"243339","27.107227325439453","27.107227325439453","27.107227325439453","24333","24333","24333"
"243429","18.208158493041992","18.208158493041992","18.208158493041992","24342","24342","24342"
"243439","23.807876586914062","23.807876586914062","23.807876586914062","24343","24343","24343"
"243449","18.036771774291992","18.036771774291992","18.036771774291992","24344","24344","24344"
"243479","22.283742904663086","22.283742904663086","22.283742904663086","24347","24347","24347"
"243489","26.685848236083984","26.685848236083984","26.685848236083984","24348","24348","24348"
"243499","21.051944732666016","21.051944732666016","21.051944732666016","24349","24349","24349"
"243529","19.993148803710938","19.993148803710938","19.993148803710938","24352","24352","24352"
"243539","20.153656005859375","20.153656005859375","20.153656005859375","24353","24353","24353"
"243569","19.5824031829834","19.5824031829834","19.5824031829834","24356","24356","24356"
"243589","24.241220474243164","24.241220474243164","24.241220474243164","24358","24358","24358"
"243659","24.905540466308594","24.905540466308594","24.905540466308594","24365","24365","24365"
"243669","18.587013244628906","18.587013244628906","18.587013244628906","24366","24366","24366"
"243679","22.30347442626953","22.30347442626953","22.30347442626953","24367","24367","24367"
"243689","17.91680335998535","17.91680335998535","17.91680335998535","24368","24368","24368"
"243719","19.70610237121582","19.70610237121582","19.70610237121582","24371","24371","24371"
"243729","21.21734619140625","21.21734619140625","21.21734619140625","24372","24372","24372"
"243749","28.157730102539062","28.157730102539062","28.157730102539062","24374","24374","24374"
"243789","20.807727813720703","20.807727813720703","20.807727813720703","24378","24378","24378"
"243799","19.075376510620117","19.075376510620117","19.075376510620117","24379","24379","24379"
"243819","19.9881591796875","19.9881591796875","19.9881591796875","24381","24381","24381"
"243839","21.27535629272461","21.27535629272461","21.27535629272461","24383","24383","24383"
"243869","22.22134780883789","22.22134780883789","22.22134780883789","24386","24386","24386"
"243879","26.84157943725586","26.84157943725586","26.84157943725586","24387","24387","24387"
"243889","19.934694290161133","19.934694290161133","19.934694290161133","24388","24388","24388"
"243909","24.104324340820312","24.104324340820312","24.104324340820312","24390","24390","24390"
"243919","22.015697479248047","22.015697479248047","22.015697479248047","24391","24391","24391"
"243949","17.97223663330078","17.97223663330078","17.97223663330078","24394","24394","24394"
"243959","22.58222007751465","22.58222007751465","22.58222007751465","24395","24395","24395"
"243969","19.6894474029541","19.6894474029541","19.6894474029541","24396","24396","24396"
"243979","21.664613723754883","21.664613723754883","21.664613723754883","24397","24397","24397"
"243999","19.999500274658203","19.999500274658203","19.999500274658203","24399","24399","24399"
"244019","22.967905044555664","22.967905044555664","22.967905044555664","24401","24401","24401"
"244029","20.5329647064209","20.5329647064209","20.5329647064209","24402","24402","24402"
"244039","18.498714447021484","18.498714447021484","18.498714447021484","24403","24403","24403"
"244079","22.668909072875977","22.668909072875977","22.668909072875977","24407","24407","24407"
"244109","19.073902130126953","19.073902130126953","19.073902130126953","24410","24410","24410"
"244139","18.9947566986084","18.9947566986084","18.9947566986084","24413","24413","24413"
"244159","20.478923797607422","20.478923797607422","20.478923797607422","24415","24415","24415"
"244169","21.9314022064209","21.9314022064209","21.9314022064209","24416","24416","24416"
"244219","21.275535583496094","21.275535583496094","21.275535583496094","24421","24421","24421"
"244229","17.917221069335938","17.917221069335938","17.917221069335938","24422","24422","24422"
"244249","19.500465393066406","19.500465393066406","19.500465393066406","24424","24424","24424"
"244279","19.805042266845703","19.805042266845703","19.805042266845703","24427","24427","24427"
"244289","21.17880630493164","21.17880630493164","21.17880630493164","24428","24428","24428"
"244299","22.7031192779541","22.7031192779541","22.7031192779541","24429","24429","24429"
"244309","20.270187377929688","20.270187377929688","20.270187377929688","24430","24430","24430"
"244319","18.731494903564453","18.731494903564453","18.731494903564453","24431","24431","24431"
"244339","20.089021682739258","20.089021682739258","20.089021682739258","24433","24433","24433"
"244349","23.73369026184082","23.73369026184082","23.73369026184082","24434","24434","24434"
"244389","20.126008987426758","20.126008987426758","20.126008987426758","24438","24438","24438"
"244429","21.89146614074707","21.89146614074707","21.89146614074707","24442","24442","24442"
"244439","23.663841247558594","23.663841247558594","23.663841247558594","24443","24443","24443"
"244449","20.509788513183594","20.509788513183594","20.509788513183594","24444","24444","24444"
"244479","20.196250915527344","20.196250915527344","20.196250915527344","24447","24447","24447"
"244499","17.164813995361328","17.164813995361328","17.164813995361328","24449","24449","24449"
"244509","18.862754821777344","18.862754821777344","18.862754821777344","24450","24450","24450"
"244519","20.411418914794922","20.411418914794922","20.411418914794922","24451","24451","24451"
"244539","20.28466796875","20.28466796875","20.28466796875","24453","24453","24453"
"244559","20.039676666259766","20.039676666259766","20.039676666259766","24455","24455","24455"
"244589","19.912120819091797","19.912120819091797","19.912120819091797","24458","24458","24458"
"244609","21.638309478759766","21.638309478759766","21.638309478759766","24460","24460","24460"
"244629","21.481609344482422","21.481609344482422","21.481609344482422","24462","24462","24462"
"244639","18.841259002685547","18.841259002685547","18.841259002685547","24463","24463","24463"
"244649","19.740121841430664","19.740121841430664","19.740121841430664","24464","24464","24464"
"244689","23.949459075927734","23.949459075927734","23.949459075927734","24468","24468","24468"
"244709","22.441669464111328","22.441669464111328","22.441669464111328","24470","24470","24470"
"244729","24.15865707397461","24.15865707397461","24.15865707397461","24472","24472","24472"
"244759","19.943946838378906","19.943946838378906","19.943946838378906","24475","24475","24475"
"244799","20.937274932861328","20.937274932861328","20.937274932861328","24479","24479","24479"
"244809","19.450525283813477","19.450525283813477","19.450525283813477","24480","24480","24480"
"244819","23.30752944946289","23.30752944946289","23.30752944946289","24481","24481","24481"
"244839","20.867902755737305","20.867902755737305","20.867902755737305","24483","24483","24483"
"244859","22.06161117553711","22.06161117553711","22.06161117553711","24485","24485","24485"
"244869","21.38089370727539","21.38089370727539","21.38089370727539","24486","24486","24486"
"244879","22.450408935546875","22.450408935546875","22.450408935546875","24487","24487","24487"
"244989","22.032005310058594","22.032005310058594","22.032005310058594","24498","24498","24498"
"244999","21.187057495117188","21.187057495117188","21.187057495117188","24499","24499","24499"
"245009","23.230144500732422","23.230144500732422","23.230144500732422","24500","24500","24500"
"245029","24.144227981567383","24.144227981567383","24.144227981567383","24502","24502","24502"
"245039","19.630741119384766","19.630741119384766","19.630741119384766","24503","24503","24503"
"245059","29.746383666992188","29.746383666992188","29.746383666992188","24505","24505","24505"
"245089","19.873615264892578","19.873615264892578","19.873615264892578","24508","24508","24508"
"245119","24.90985679626465","24.90985679626465","24.90985679626465","24511","24511","24511"
"245129","20.697219848632812","20.697219848632812","20.697219848632812","24512","24512","24512"
"245139","19.63627815246582","19.63627815246582","19.63627815246582","24513","24513","24513"
"245149","24.056928634643555","24.056928634643555","24.056928634643555","24514","24514","24514"
"245169","18.517818450927734","18.517818450927734","18.517818450927734","24516","24516","24516"
"245179","17.842309951782227","17.842309951782227","17.842309951782227","24517","24517","24517"
"245189","21.522083282470703","21.522083282470703","21.522083282470703","24518","24518","24518"
"245199","23.54021453857422","23.54021453857422","23.54021453857422","24519","24519","24519"
"245219","19.064559936523438","19.064559936523438","19.064559936523438","24521","24521","24521"
"245229","21.87892723083496","21.87892723083496","21.87892723083496","24522","24522","24522"
"245239","16.373891830444336","16.373891830444336","16.373891830444336","24523","24523","24523"
"245259","22.912721633911133","22.912721633911133","22.912721633911133","24525","24525","24525"
"245289","24.17243003845215","24.17243003845215","24.17243003845215","24528","24528","24528"
"245319","20.606454849243164","20.606454849243164","20.606454849243164","24531","24531","24531"
"245329","22.867061614990234","22.867061614990234","22.867061614990234","24532","24532","24532"
"245339","21.13511085510254","21.13511085510254","21.13511085510254","24533","24533","24533"
"245379","23.69534683227539","23.69534683227539","23.69534683227539","24537","24537","24537"
"245389","28.47815704345703","28.47815704345703","28.47815704345703","24538","24538","24538"
"245399","16.833526611328125","16.833526611328125","16.833526611328125","24539","24539","24539"
"245439","18.876209259033203","18.876209259033203","18.876209259033203","24543","24543","24543"
"245469","21.197824478149414","21.197824478149414","21.197824478149414","24546","24546","24546"
"245499","19.194299697875977","19.194299697875977","19.194299697875977","24549","24549","24549"
"245519","17.681535720825195","17.681535720825195","17.681535720825195","24551","24551","24551"
"245539","24.447874069213867","24.447874069213867","24.447874069213867","24553","24553","24553"
"245549","23.150699615478516","23.150699615478516","23.150699615478516","24554","24554","24554"
"245559","26.12342643737793","26.12342643737793","26.12342643737793","24555","24555","24555"
"245579","20.399887084960938","20.399887084960938","20.399887084960938","24557","24557","24557"
"245609","18.079673767089844","18.079673767089844","18.079673767089844","24560","24560","24560"
"245659","21.985891342163086","21.985891342163086","21.985891342163086","24565","24565","24565"
"245669","20.274723052978516","20.274723052978516","20.274723052978516","24566","24566","24566"
"245729","16.372024536132812","16.372024536132812","16.372024536132812","24572","24572","24572"
"245749","19.091983795166016","19.091983795166016","19.091983795166016","24574","24574","24574"
"245769","22.275737762451172","22.275737762451172","22.275737762451172","24576","24576","24576"
"245829","19.575836181640625","19.575836181640625","19.575836181640625","24582","24582","24582"
"245839","20.290197372436523","20.290197372436523","20.290197372436523","24583","24583","24583"
"245849","21.991044998168945","21.991044998168945","21.991044998168945","24584","24584","24584"
"245889","20.66047477722168","20.66047477722168","20.66047477722168","24588","24588","24588"
"245899","21.752750396728516","21.752750396728516","21.752750396728516","24589","24589","24589"
"245919","22.217315673828125","22.217315673828125","22.217315673828125","24591","24591","24591"
"245949","18.855253219604492","18.855253219604492","18.855253219604492","24594","24594","24594"
"245979","21.41259765625","21.41259765625","21.41259765625","24597","24597","24597"
"245989","20.038022994995117","20.038022994995117","20.038022994995117","24598","24598","24598"
"245999","24.01461410522461","24.01461410522461","24.01461410522461","24599","24599","24599"
"246009","20.475337982177734","20.475337982177734","20.475337982177734","24600","24600","24600"
"246069","18.599964141845703","18.599964141845703","18.599964141845703","24606","24606","24606"
"246079","19.690078735351562","19.690078735351562","19.690078735351562","24607","24607","24607"
"246099","22.222410202026367","22.222410202026367","22.222410202026367","24609","24609","24609"
"246139","19.094940185546875","19.094940185546875","19.094940185546875","24613","24613","24613"
"246149","22.236425399780273","22.236425399780273","22.236425399780273","24614","24614","24614"
"246209","25.44009017944336","25.44009017944336","25.44009017944336","24620","24620","24620"
"246229","16.382152557373047","16.382152557373047","16.382152557373047","24622","24622","24622"
"246279","18.341140747070312","18.341140747070312","18.341140747070312","24627","24627","24627"
"246289","23.898706436157227","23.898706436157227","23.898706436157227","24628","24628","24628"
"246309","24.494314193725586","24.494314193725586","24.494314193725586","24630","24630","24630"
"246349","19.711078643798828","19.711078643798828","19.711078643798828","24634","24634","24634"
"246389","22.23879623413086","22.23879623413086","22.23879623413086","24638","24638","24638"
"246409","22.034008026123047","22.034008026123047","22.034008026123047","24640","24640","24640"
"246439","21.677711486816406","21.677711486816406","21.677711486816406","24643","24643","24643"
"246449","22.540403366088867","22.540403366088867","22.540403366088867","24644","24644","24644"
"246499","17.88245964050293","17.88245964050293","17.88245964050293","24649","24649","24649"
"246529","21.90151596069336","21.90151596069336","21.90151596069336","24652","24652","24652"
"246539","19.41012954711914","19.41012954711914","19.41012954711914","24653","24653","24653"
"246589","22.940658569335938","22.940658569335938","22.940658569335938","24658","24658","24658"
"246599","20.631114959716797","20.631114959716797","20.631114959716797","24659","24659","24659"
"246619","28.213340759277344","28.213340759277344","28.213340759277344","24661","24661","24661"
"246729","18.844846725463867","18.844846725463867","18.844846725463867","24672","24672","24672"
"246739","21.034765243530273","21.034765243530273","21.034765243530273","24673","24673","24673"
"246779","17.802568435668945","17.802568435668945","17.802568435668945","24677","24677","24677"
"246789","16.460838317871094","16.460838317871094","16.460838317871094","24678","24678","24678"
"246809","20.203611373901367","20.203611373901367","20.203611373901367","24680","24680","24680"
"246819","16.943161010742188","16.943161010742188","16.943161010742188","24681","24681","24681"
"246829","18.738170623779297","18.738170623779297","18.738170623779297","24682","24682","24682"
"246849","19.874778747558594","19.874778747558594","19.874778747558594","24684","24684","24684"
"246859","21.65042495727539","21.65042495727539","21.65042495727539","24685","24685","24685"
"246899","19.02129364013672","19.02129364013672","19.02129364013672","24689","24689","24689"
"246929","20.70072364807129","20.70072364807129","20.70072364807129","24692","24692","24692"
"246949","18.835535049438477","18.835535049438477","18.835535049438477","24694","24694","24694"
"246959","18.828292846679688","18.828292846679688","18.828292846679688","24695","24695","24695"
"246969","17.184324264526367","17.184324264526367","17.184324264526367","24696","24696","24696"
"247009","23.856060028076172","23.856060028076172","23.856060028076172","24700","24700","24700"
"247089","19.27202606201172","19.27202606201172","19.27202606201172","24708","24708","24708"
"247099","20.234058380126953","20.234058380126953","20.234058380126953","24709","24709","24709"
"247119","19.62738800048828","19.62738800048828","19.62738800048828","24711","24711","24711"
"247129","18.116756439208984","18.116756439208984","18.116756439208984","24712","24712","24712"
"247149","25.234594345092773","25.234594345092773","25.234594345092773","24714","24714","24714"
"247159","19.703048706054688","19.703048706054688","19.703048706054688","24715","24715","24715"
"247189","18.26949119567871","18.26949119567871","18.26949119567871","24718","24718","24718"
"247199","21.890392303466797","21.890392303466797","21.890392303466797","24719","24719","24719"
"247229","19.337871551513672","19.337871551513672","19.337871551513672","24722","24722","24722"
"247289","21.02406120300293","21.02406120300293","21.02406120300293","24728","24728","24728"
"247309","19.48729133605957","19.48729133605957","19.48729133605957","24730","24730","24730"
"247349","21.198131561279297","21.198131561279297","21.198131561279297","24734","24734","24734"
"247359","25.657365798950195","25.657365798950195","25.657365798950195","24735","24735","24735"
"247369","23.58211326599121","23.58211326599121","23.58211326599121","24736","24736","24736"
"247379","17.691394805908203","17.691394805908203","17.691394805908203","24737","24737","24737"
"247399","18.721281051635742","18.721281051635742","18.721281051635742","24739","24739","24739"
"247409","19.948835372924805","19.948835372924805","19.948835372924805","24740","24740","24740"
"247459","19.68714714050293","19.68714714050293","19.68714714050293","24745","24745","24745"
"247469","17.066171646118164","17.066171646118164","17.066171646118164","24746","24746","24746"
"247559","21.303634643554688","21.303634643554688","21.303634643554688","24755","24755","24755"
"247589","22.155136108398438","22.155136108398438","22.155136108398438","24758","24758","24758"
"247599","20.786052703857422","20.786052703857422","20.786052703857422","24759","24759","24759"
"247619","21.43836784362793","21.43836784362793","21.43836784362793","24761","24761","24761"
"247629","24.039215087890625","24.039215087890625","24.039215087890625","24762","24762","24762"
"247639","21.509090423583984","21.509090423583984","21.509090423583984","24763","24763","24763"
"247679","34.53554916381836","34.53554916381836","34.53554916381836","24767","24767","24767"
"247749","21.149444580078125","21.149444580078125","21.149444580078125","24774","24774","24774"
"247759","18.640966415405273","18.640966415405273","18.640966415405273","24775","24775","24775"
"247769","22.97936248779297","22.97936248779297","22.97936248779297","24776","24776","24776"
"247789","24.19524383544922","24.19524383544922","24.19524383544922","24778","24778","24778"
"247809","20.37720489501953","20.37720489501953","20.37720489501953","24780","24780","24780"
"247819","21.030424118041992","21.030424118041992","21.030424118041992","24781","24781","24781"
"247839","20.672229766845703","20.672229766845703","20.672229766845703","24783","24783","24783"
"247949","17.8182373046875","17.8182373046875","17.8182373046875","24794","24794","24794"
"247959","20.225448608398438","20.225448608398438","20.225448608398438","24795","24795","24795"
"247999","21.34925651550293","21.34925651550293","21.34925651550293","24799","24799","24799"
"248019","19.797128677368164","19.797128677368164","19.797128677368164","24801","24801","24801"
"248029","21.624534606933594","21.624534606933594","21.624534606933594","24802","24802","24802"
"248039","20.03812026977539","20.03812026977539","20.03812026977539","24803","24803","24803"
"248079","17.773284912109375","17.773284912109375","17.773284912109375","24807","24807","24807"
"248099","19.372817993164062","19.372817993164062","19.372817993164062","24809","24809","24809"
"248109","20.424938201904297","20.424938201904297","20.424938201904297","24810","24810","24810"
"248119","19.819313049316406","19.819313049316406","19.819313049316406","24811","24811","24811"
"248149","23.639720916748047","23.639720916748047","23.639720916748047","24814","24814","24814"
"248159","20.880998611450195","20.880998611450195","20.880998611450195","24815","24815","24815"
"248169","20.848039627075195","20.848039627075195","20.848039627075195","24816","24816","24816"
"248189","23.68145179748535","23.68145179748535","23.68145179748535","24818","24818","24818"
"248199","19.868160247802734","19.868160247802734","19.868160247802734","24819","24819","24819"
"248239","25.272340774536133","25.272340774536133","25.272340774536133","24823","24823","24823"
"248259","22.50670051574707","22.50670051574707","22.50670051574707","24825","24825","24825"
"248289","18.35886001586914","18.35886001586914","18.35886001586914","24828","24828","24828"
"248309","22.86565399169922","22.86565399169922","22.86565399169922","24830","24830","24830"
"248339","22.205047607421875","22.205047607421875","22.205047607421875","24833","24833","24833"
"248359","20.340499877929688","20.340499877929688","20.340499877929688","24835","24835","24835"
"248389","19.4281005859375","19.4281005859375","19.4281005859375","24838","24838","24838"
"248419","19.892757415771484","19.892757415771484","19.892757415771484","24841","24841","24841"
"248429","21.470958709716797","21.470958709716797","21.470958709716797","24842","24842","24842"
"248439","18.478317260742188","18.478317260742188","18.478317260742188","24843","24843","24843"
"248459","20.811628341674805","20.811628341674805","20.811628341674805","24845","24845","24845"
"248469","19.123950958251953","19.123950958251953","19.123950958251953","24846","24846","24846"
"248489","18.928905487060547","18.928905487060547","18.928905487060547","24848","24848","24848"
"248499","22.373462677001953","22.373462677001953","22.373462677001953","24849","24849","24849"
"248519","19.22039794921875","19.22039794921875","19.22039794921875","24851","24851","24851"
"248539","19.812286376953125","19.812286376953125","19.812286376953125","24853","24853","24853"
"248549","21.28206443786621","21.28206443786621","21.28206443786621","24854","24854","24854"
"248559","18.543277740478516","18.543277740478516","18.543277740478516","24855","24855","24855"
"248569","21.30042266845703","21.30042266845703","21.30042266845703","24856","24856","24856"
"248579","17.287139892578125","17.287139892578125","17.287139892578125","24857","24857","24857"
"248589","18.675453186035156","18.675453186035156","18.675453186035156","24858","24858","24858"
"248609","21.954439163208008","21.954439163208008","21.954439163208008","24860","24860","24860"
"248639","20.990312576293945","20.990312576293945","20.990312576293945","24863","24863","24863"
"248679","23.090389251708984","23.090389251708984","23.090389251708984","24867","24867","24867"
"248689","20.404191970825195","20.404191970825195","20.404191970825195","24868","24868","24868"
"248709","18.18951988220215","18.18951988220215","18.18951988220215","24870","24870","24870"
"248749","18.168909072875977","18.168909072875977","18.168909072875977","24874","24874","24874"
"248759","24.464956283569336","24.464956283569336","24.464956283569336","24875","24875","24875"
"248779","20.559467315673828","20.559467315673828","20.559467315673828","24877","24877","24877"
"248799","19.966524124145508","19.966524124145508","19.966524124145508","24879","24879","24879"
"248809","22.29755210876465","22.29755210876465","22.29755210876465","24880","24880","24880"
"248819","23.067028045654297","23.067028045654297","23.067028045654297","24881","24881","24881"
"248859","20.467571258544922","20.467571258544922","20.467571258544922","24885","24885","24885"
"248869","18.33857536315918","18.33857536315918","18.33857536315918","24886","24886","24886"
"248879","23.522010803222656","23.522010803222656","23.522010803222656","24887","24887","24887"
"248899","27.139909744262695","27.139909744262695","27.139909744262695","24889","24889","24889"
"248939","19.538150787353516","19.538150787353516","19.538150787353516","24893","24893","24893"
"248959","19.088857650756836","19.088857650756836","19.088857650756836","24895","24895","24895"
"248969","24.408397674560547","24.408397674560547","24.408397674560547","24896","24896","24896"
"248979","25.31037712097168","25.31037712097168","25.31037712097168","24897","24897","24897"
"248989","18.687231063842773","18.687231063842773","18.687231063842773","24898","24898","24898"
"249009","20.293670654296875","20.293670654296875","20.293670654296875","24900","24900","24900"
"249039","20.11023712158203","20.11023712158203","20.11023712158203","24903","24903","24903"
"249069","26.79588508605957","26.79588508605957","26.79588508605957","24906","24906","24906"
"249099","19.517250061035156","19.517250061035156","19.517250061035156","24909","24909","24909"
"249139","19.689550399780273","19.689550399780273","19.689550399780273","24913","24913","24913"
"249159","20.237937927246094","20.237937927246094","20.237937927246094","24915","24915","24915"
"249169","20.707290649414062","20.707290649414062","20.707290649414062","24916","24916","24916"
"249179","27.624412536621094","27.624412536621094","27.624412536621094","24917","24917","24917"
"249199","17.33456802368164","17.33456802368164","17.33456802368164","24919","24919","24919"
"249239","19.02465057373047","19.02465057373047","19.02465057373047","24923","24923","24923"
"249259","19.36311912536621","19.36311912536621","19.36311912536621","24925","24925","24925"
"249269","22.769031524658203","22.769031524658203","22.769031524658203","24926","24926","24926"
"249279","18.641069412231445","18.641069412231445","18.641069412231445","24927","24927","24927"
"249319","18.944730758666992","18.944730758666992","18.944730758666992","24931","24931","24931"
"249339","21.926780700683594","21.926780700683594","21.926780700683594","24933","24933","24933"
"249349","20.18484878540039","20.18484878540039","20.18484878540039","24934","24934","24934"
"249419","26.054149627685547","26.054149627685547","26.054149627685547","24941","24941","24941"
"249429","18.468524932861328","18.468524932861328","18.468524932861328","24942","24942","24942"
"249439","20.23103141784668","20.23103141784668","20.23103141784668","24943","24943","24943"
"249459","18.120330810546875","18.120330810546875","18.120330810546875","24945","24945","24945"
"249559","21.586685180664062","21.586685180664062","21.586685180664062","24955","24955","24955"
"249599","17.419696807861328","17.419696807861328","17.419696807861328","24959","24959","24959"
"249609","17.883588790893555","17.883588790893555","17.883588790893555","24960","24960","24960"
"249639","21.790515899658203","21.790515899658203","21.790515899658203","24963","24963","24963"
"249669","20.84372329711914","20.84372329711914","20.84372329711914","24966","24966","24966"
"249699","18.02245330810547","18.02245330810547","18.02245330810547","24969","24969","24969"
"249749","19.354969024658203","19.354969024658203","19.354969024658203","24974","24974","24974"
"249769","20.70783233642578","20.70783233642578","20.70783233642578","24976","24976","24976"
"249799","22.739925384521484","22.739925384521484","22.739925384521484","24979","24979","24979"
"249839","21.1558780670166","21.1558780670166","21.1558780670166","24983","24983","24983"
"249869","22.61595916748047","22.61595916748047","22.61595916748047","24986","24986","24986"
"249879","21.432191848754883","21.432191848754883","21.432191848754883","24987","24987","24987"
"249919","20.62242317199707","20.62242317199707","20.62242317199707","24991","24991","24991"
"249949","24.59512710571289","24.59512710571289","24.59512710571289","24994","24994","24994"
"249989","23.145950317382812","23.145950317382812","23.145950317382812","24998","24998","24998"
"250009","23.832012176513672","23.832012176513672","23.832012176513672","25000","25000","25000"
"250039","19.003719329833984","19.003719329833984","19.003719329833984","25003","25003","25003"
"250049","21.673946380615234","21.673946380615234","21.673946380615234","25004","25004","25004"
"250059","23.514522552490234","23.514522552490234","23.514522552490234","25005","25005","25005"
"250079","18.255477905273438","18.255477905273438","18.255477905273438","25007","25007","25007"
"250089","19.614896774291992","19.614896774291992","19.614896774291992","25008","25008","25008"
"250149","28.634204864501953","28.634204864501953","28.634204864501953","25014","25014","25014"
"250159","19.340423583984375","19.340423583984375","19.340423583984375","25015","25015","25015"
"250169","26.223941802978516","26.223941802978516","26.223941802978516","25016","25016","25016"
"250189","19.759042739868164","19.759042739868164","19.759042739868164","25018","25018","25018"
"250209","21.58249282836914","21.58249282836914","21.58249282836914","25020","25020","25020"
"250259","20.059968948364258","20.059968948364258","20.059968948364258","25025","25025","25025"
"250269","22.409072875976562","22.409072875976562","22.409072875976562","25026","25026","25026"
"250279","18.160472869873047","18.160472869873047","18.160472869873047","25027","25027","25027"
"250309","21.664222717285156","21.664222717285156","21.664222717285156","25030","25030","25030"
"250319","29.67915916442871","29.67915916442871","29.67915916442871","25031","25031","25031"
"250329","21.484130859375","21.484130859375","21.484130859375","25032","25032","25032"
"250349","24.560070037841797","24.560070037841797","24.560070037841797","25034","25034","25034"
"250379","22.816078186035156","22.816078186035156","22.816078186035156","25037","25037","25037"
"250389","19.425464630126953","19.425464630126953","19.425464630126953","25038","25038","25038"
"250409","20.450143814086914","20.450143814086914","20.450143814086914","25040","25040","25040"
"250439","23.382408142089844","23.382408142089844","23.382408142089844","25043","25043","25043"
"250509","18.98395347595215","18.98395347595215","18.98395347595215","25050","25050","25050"
"250529","17.456552505493164","17.456552505493164","17.456552505493164","25052","25052","25052"
"250549","19.806354522705078","19.806354522705078","19.806354522705078","25054","25054","25054"
"250559","18.341596603393555","18.341596603393555","18.341596603393555","25055","25055","25055"
"250579","24.44858169555664","24.44858169555664","24.44858169555664","25057","25057","25057"
"250599","29.380905151367188","29.380905151367188","29.380905151367188","25059","25059","25059"
"250609","20.370716094970703","20.370716094970703","20.370716094970703","25060","25060","25060"
"250619","22.202007293701172","22.202007293701172","22.202007293701172","25061","25061","25061"
"250669","17.4468994140625","17.4468994140625","17.4468994140625","25066","25066","25066"
"250679","22.862329483032227","22.862329483032227","22.862329483032227","25067","25067","25067"
"250699","27.224140167236328","27.224140167236328","27.224140167236328","25069","25069","25069"
"250769","19.48472785949707","19.48472785949707","19.48472785949707","25076","25076","25076"
"250849","19.857656478881836","19.857656478881836","19.857656478881836","25084","25084","25084"
"250859","19.397014617919922","19.397014617919922","19.397014617919922","25085","25085","25085"
"250899","24.015024185180664","24.015024185180664","24.015024185180664","25089","25089","25089"
"250919","19.91769027709961","19.91769027709961","19.91769027709961","25091","25091","25091"
"250959","23.1142635345459","23.1142635345459","23.1142635345459","25095","25095","25095"
"250979","22.413732528686523","22.413732528686523","22.413732528686523","25097","25097","25097"
"251049","22.16788673400879","22.16788673400879","22.16788673400879","25104","25104","25104"
"251059","20.6951904296875","20.6951904296875","20.6951904296875","25105","25105","25105"
"251079","19.161808013916016","19.161808013916016","19.161808013916016","25107","25107","25107"
"251139","19.80120086669922","19.80120086669922","19.80120086669922","25113","25113","25113"
"251209","18.037029266357422","18.037029266357422","18.037029266357422","25120","25120","25120"
"251219","21.16001319885254","21.16001319885254","21.16001319885254","25121","25121","25121"
"251229","20.58712387084961","20.58712387084961","20.58712387084961","25122","25122","25122"
"251259","20.76345443725586","20.76345443725586","20.76345443725586","25125","25125","25125"
"251269","19.731882095336914","19.731882095336914","19.731882095336914","25126","25126","25126"
"251299","25.54845428466797","25.54845428466797","25.54845428466797","25129","25129","25129"
"251309","25.54292869567871","25.54292869567871","25.54292869567871","25130","25130","25130"
"251369","21.92517852783203","21.92517852783203","21.92517852783203","25136","25136","25136"
"251399","21.245494842529297","21.245494842529297","21.245494842529297","25139","25139","25139"
"251409","27.221622467041016","27.221622467041016","27.221622467041016","25140","25140","25140"
"251419","23.837158203125","23.837158203125","23.837158203125","25141","25141","25141"
"251449","20.881010055541992","20.881010055541992","20.881010055541992","25144","25144","25144"
"251609","16.64915657043457","16.64915657043457","16.64915657043457","25160","25160","25160"
"251619","23.064334869384766","23.064334869384766","23.064334869384766","25161","25161","25161"
"251659","20.86489486694336","20.86489486694336","20.86489486694336","25165","25165","25165"
"251679","21.507631301879883","21.507631301879883","21.507631301879883","25167","25167","25167"
"251719","19.811195373535156","19.811195373535156","19.811195373535156","25171","25171","25171"
"251769","21.11354637145996","21.11354637145996","21.11354637145996","25176","25176","25176"
"251789","18.147762298583984","18.147762298583984","18.147762298583984","25178","25178","25178"
"251799","18.83899688720703","18.83899688720703","18.83899688720703","25179","25179","25179"
"251809","25.53466796875","25.53466796875","25.53466796875","25180","25180","25180"
"251819","19.858402252197266","19.858402252197266","19.858402252197266","25181","25181","25181"
"251829","22.395172119140625","22.395172119140625","22.395172119140625","25182","25182","25182"
"251889","18.755367279052734","18.755367279052734","18.755367279052734","25188","25188","25188"
"251899","19.4685001373291","19.4685001373291","19.4685001373291","25189","25189","25189"
"251959","19.80326271057129","19.80326271057129","19.80326271057129","25195","25195","25195"
"252009","22.880859375","22.880859375","22.880859375","25200","25200","25200"
"252029","19.060392379760742","19.060392379760742","19.060392379760742","25202","25202","25202"
"252059","18.634105682373047","18.634105682373047","18.634105682373047","25205","25205","25205"
"252069","22.07888412475586","22.07888412475586","22.07888412475586","25206","25206","25206"
"252089","18.266826629638672","18.266826629638672","18.266826629638672","25208","25208","25208"
"252129","23.895957946777344","23.895957946777344","23.895957946777344","25212","25212","25212"
"252159","22.6802921295166","22.6802921295166","22.6802921295166","25215","25215","25215"
"252169","20.140535354614258","20.140535354614258","20.140535354614258","25216","25216","25216"
"252179","19.66495132446289","19.66495132446289","19.66495132446289","25217","25217","25217"
"252199","25.255708694458008","25.255708694458008","25.255708694458008","25219","25219","25219"
"252239","24.00812530517578","24.00812530517578","24.00812530517578","25223","25223","25223"
"252269","21.806869506835938","21.806869506835938","21.806869506835938","25226","25226","25226"
"252279","19.74501609802246","19.74501609802246","19.74501609802246","25227","25227","25227"
"252299","23.855424880981445","23.855424880981445","23.855424880981445","25229","25229","25229"
"252309","32.705013275146484","32.705013275146484","32.705013275146484","25230","25230","25230"
"252319","24.160625457763672","24.160625457763672","24.160625457763672","25231","25231","25231"
"252349","23.15151596069336","23.15151596069336","23.15151596069336","25234","25234","25234"
"252379","18.43417739868164","18.43417739868164","18.43417739868164","25237","25237","25237"
"252389","20.103187561035156","20.103187561035156","20.103187561035156","25238","25238","25238"
"252429","19.843257904052734","19.843257904052734","19.843257904052734","25242","25242","25242"
"252469","19.662195205688477","19.662195205688477","19.662195205688477","25246","25246","25246"
"252479","21.47109603881836","21.47109603881836","21.47109603881836","25247","25247","25247"
"252499","20.404903411865234","20.404903411865234","20.404903411865234","25249","25249","25249"
"252509","24.335784912109375","24.335784912109375","24.335784912109375","25250","25250","25250"
"252519","25.075042724609375","25.075042724609375","25.075042724609375","25251","25251","25251"
"252529","22.6276912689209","22.6276912689209","22.6276912689209","25252","25252","25252"
"252559","19.332599639892578","19.332599639892578","19.332599639892578","25255","25255","25255"
"252579","23.195016860961914","23.195016860961914","23.195016860961914","25257","25257","25257"
"252619","22.70184898376465","22.70184898376465","22.70184898376465","25261","25261","25261"
"252649","20.855777740478516","20.855777740478516","20.855777740478516","25264","25264","25264"
"252679","20.5876522064209","20.5876522064209","20.5876522064209","25267","25267","25267"
"252689","20.307941436767578","20.307941436767578","20.307941436767578","25268","25268","25268"
"252749","27.200082778930664","27.200082778930664","27.200082778930664","25274","25274","25274"
"252769","24.648792266845703","24.648792266845703","24.648792266845703","25276","25276","25276"
"252799","29.482391357421875","29.482391357421875","29.482391357421875","25279","25279","25279"
"252829","21.843639373779297","21.843639373779297","21.843639373779297","25282","25282","25282"
"252869","21.82626724243164","21.82626724243164","21.82626724243164","25286","25286","25286"
"252879","22.020780563354492","22.020780563354492","22.020780563354492","25287","25287","25287"
"252889","26.40758514404297","26.40758514404297","26.40758514404297","25288","25288","25288"
"252899","20.782663345336914","20.782663345336914","20.782663345336914","25289","25289","25289"
"252929","20.27448272705078","20.27448272705078","20.27448272705078","25292","25292","25292"
"252989","18.538299560546875","18.538299560546875","18.538299560546875","25298","25298","25298"
"252999","19.893402099609375","19.893402099609375","19.893402099609375","25299","25299","25299"
"253009","25.864320755004883","25.864320755004883","25.864320755004883","25300","25300","25300"
"253019","20.745941162109375","20.745941162109375","20.745941162109375","25301","25301","25301"
"253039","21.145254135131836","21.145254135131836","21.145254135131836","25303","25303","25303"
"253069","25.954212188720703","25.954212188720703","25.954212188720703","25306","25306","25306"
"253079","20.361600875854492","20.361600875854492","20.361600875854492","25307","25307","25307"
"253099","18.29383087158203","18.29383087158203","18.29383087158203","25309","25309","25309"
"253109","20.795005798339844","20.795005798339844","20.795005798339844","25310","25310","25310"
"253119","21.271732330322266","21.271732330322266","21.271732330322266","25311","25311","25311"
"253169","21.04583740234375","21.04583740234375","21.04583740234375","25316","25316","25316"
"253189","26.86651611328125","26.86651611328125","26.86651611328125","25318","25318","25318"
"253199","19.733875274658203","19.733875274658203","19.733875274658203","25319","25319","25319"
"253209","17.025794982910156","17.025794982910156","17.025794982910156","25320","25320","25320"
"253219","23.947704315185547","23.947704315185547","23.947704315185547","25321","25321","25321"
"253249","19.26001739501953","19.26001739501953","19.26001739501953","25324","25324","25324"
"253279","23.13380241394043","23.13380241394043","23.13380241394043","25327","25327","25327"
"253289","22.976463317871094","22.976463317871094","22.976463317871094","25328","25328","25328"
"253299","19.400632858276367","19.400632858276367","19.400632858276367","25329","25329","25329"
"253349","20.376338958740234","20.376338958740234","20.376338958740234","25334","25334","25334"
"253369","19.023056030273438","19.023056030273438","19.023056030273438","25336","25336","25336"
"253389","25.099966049194336","25.099966049194336","25.099966049194336","25338","25338","25338"
"253399","21.553627014160156","21.553627014160156","21.553627014160156","25339","25339","25339"
"253409","20.69443130493164","20.69443130493164","20.69443130493164","25340","25340","25340"
"253439","21.455900192260742","21.455900192260742","21.455900192260742","25343","25343","25343"
"253459","18.488460540771484","18.488460540771484","18.488460540771484","25345","25345","25345"
"253469","20.652057647705078","20.652057647705078","20.652057647705078","25346","25346","25346"
"253489","19.926712036132812","19.926712036132812","19.926712036132812","25348","25348","25348"
"253499","17.054189682006836","17.054189682006836","17.054189682006836","25349","25349","25349"
"253509","22.77676010131836","22.77676010131836","22.77676010131836","25350","25350","25350"
"253519","19.12925910949707","19.12925910949707","19.12925910949707","25351","25351","25351"
"253539","21.930362701416016","21.930362701416016","21.930362701416016","25353","25353","25353"
"253549","22.296546936035156","22.296546936035156","22.296546936035156","25354","25354","25354"
"253579","19.340219497680664","19.340219497680664","19.340219497680664","25357","25357","25357"
"253589","19.804637908935547","19.804637908935547","19.804637908935547","25358","25358","25358"
"253619","20.95507049560547","20.95507049560547","20.95507049560547","25361","25361","25361"
"253639","25.641681671142578","25.641681671142578","25.641681671142578","25363","25363","25363"
"253649","21.76294708251953","21.76294708251953","21.76294708251953","25364","25364","25364"
"253679","17.636384963989258","17.636384963989258","17.636384963989258","25367","25367","25367"
"253699","19.246511459350586","19.246511459350586","19.246511459350586","25369","25369","25369"
"253709","22.166820526123047","22.166820526123047","22.166820526123047","25370","25370","25370"
"253719","21.660160064697266","21.660160064697266","21.660160064697266","25371","25371","25371"
"253739","22.006080627441406","22.006080627441406","22.006080627441406","25373","25373","25373"
"253779","22.42140007019043","22.42140007019043","22.42140007019043","25377","25377","25377"
"253799","18.776470184326172","18.776470184326172","18.776470184326172","25379","25379","25379"
"253809","20.504047393798828","20.504047393798828","20.504047393798828","25380","25380","25380"
"253819","24.289878845214844","24.289878845214844","24.289878845214844","25381","25381","25381"
"253829","20.930341720581055","20.930341720581055","20.930341720581055","25382","25382","25382"
"253849","20.756248474121094","20.756248474121094","20.756248474121094","25384","25384","25384"
"253859","22.162296295166016","22.162296295166016","22.162296295166016","25385","25385","25385"
"253879","20.238027572631836","20.238027572631836","20.238027572631836","25387","25387","25387"
"253889","23.118671417236328","23.118671417236328","23.118671417236328","25388","25388","25388"
"253909","20.13144874572754","20.13144874572754","20.13144874572754","25390","25390","25390"
"253989","23.889659881591797","23.889659881591797","23.889659881591797","25398","25398","25398"
"254009","22.01834487915039","22.01834487915039","22.01834487915039","25400","25400","25400"
"254049","19.6036376953125","19.6036376953125","19.6036376953125","25404","25404","25404"
"254089","28.505844116210938","28.505844116210938","28.505844116210938","25408","25408","25408"
"254149","23.025876998901367","23.025876998901367","23.025876998901367","25414","25414","25414"
"254179","25.220996856689453","25.220996856689453","25.220996856689453","25417","25417","25417"
"254199","20.832111358642578","20.832111358642578","20.832111358642578","25419","25419","25419"
"254219","21.41058349609375","21.41058349609375","21.41058349609375","25421","25421","25421"
"254229","21.45366096496582","21.45366096496582","21.45366096496582","25422","25422","25422"
"254259","19.61773109436035","19.61773109436035","19.61773109436035","25425","25425","25425"
"254289","21.06426239013672","21.06426239013672","21.06426239013672","25428","25428","25428"
"254319","19.245101928710938","19.245101928710938","19.245101928710938","25431","25431","25431"
"254359","24.601980209350586","24.601980209350586","24.601980209350586","25435","25435","25435"
"254369","18.208900451660156","18.208900451660156","18.208900451660156","25436","25436","25436"
"254399","22.84708023071289","22.84708023071289","22.84708023071289","25439","25439","25439"
"254419","21.658103942871094","21.658103942871094","21.658103942871094","25441","25441","25441"
"254439","16.824949264526367","16.824949264526367","16.824949264526367","25443","25443","25443"
"254469","20.400720596313477","20.400720596313477","20.400720596313477","25446","25446","25446"
"254549","21.578628540039062","21.578628540039062","21.578628540039062","25454","25454","25454"
"254559","17.91619873046875","17.91619873046875","17.91619873046875","25455","25455","25455"
"254569","18.478755950927734","18.478755950927734","18.478755950927734","25456","25456","25456"
"254619","22.150035858154297","22.150035858154297","22.150035858154297","25461","25461","25461"
"254649","20.393476486206055","20.393476486206055","20.393476486206055","25464","25464","25464"
"254659","16.952716827392578","16.952716827392578","16.952716827392578","25465","25465","25465"
"254679","20.835752487182617","20.835752487182617","20.835752487182617","25467","25467","25467"
"254689","20.719356536865234","20.719356536865234","20.719356536865234","25468","25468","25468"
"254699","19.29925537109375","19.29925537109375","19.29925537109375","25469","25469","25469"
"254739","21.201984405517578","21.201984405517578","21.201984405517578","25473","25473","25473"
"254789","23.40755844116211","23.40755844116211","23.40755844116211","25478","25478","25478"
"254799","19.099590301513672","19.099590301513672","19.099590301513672","25479","25479","25479"
"254809","19.46001625061035","19.46001625061035","19.46001625061035","25480","25480","25480"
"254819","19.975360870361328","19.975360870361328","19.975360870361328","25481","25481","25481"
"254839","20.340288162231445","20.340288162231445","20.340288162231445","25483","25483","25483"
"254859","23.601848602294922","23.601848602294922","23.601848602294922","25485","25485","25485"
"254869","17.508625030517578","17.508625030517578","17.508625030517578","25486","25486","25486"
"254879","20.036420822143555","20.036420822143555","20.036420822143555","25487","25487","25487"
"254899","18.962108612060547","18.962108612060547","18.962108612060547","25489","25489","25489"
"254939","23.393115997314453","23.393115997314453","23.393115997314453","25493","25493","25493"
"254959","24.01251792907715","24.01251792907715","24.01251792907715","25495","25495","25495"
"254999","21.632225036621094","21.632225036621094","21.632225036621094","25499","25499","25499"
"255019","23.828758239746094","23.828758239746094","23.828758239746094","25501","25501","25501"
"255029","25.622045516967773","25.622045516967773","25.622045516967773","25502","25502","25502"
"255039","21.156696319580078","21.156696319580078","21.156696319580078","25503","25503","25503"
"255099","18.356224060058594","18.356224060058594","18.356224060058594","25509","25509","25509"
"255139","22.588619232177734","22.588619232177734","22.588619232177734","25513","25513","25513"
"255149","20.014413833618164","20.014413833618164","20.014413833618164","25514","25514","25514"
"255169","20.494068145751953","20.494068145751953","20.494068145751953","25516","25516","25516"
"255209","19.40411376953125","19.40411376953125","19.40411376953125","25520","25520","25520"
"255229","19.87177085876465","19.87177085876465","19.87177085876465","25522","25522","25522"
"255279","27.635074615478516","27.635074615478516","27.635074615478516","25527","25527","25527"
"255289","20.72418785095215","20.72418785095215","20.72418785095215","25528","25528","25528"
"255299","22.401813507080078","22.401813507080078","22.401813507080078","25529","25529","25529"
"255309","19.600811004638672","19.600811004638672","19.600811004638672","25530","25530","25530"
"255329","23.695545196533203","23.695545196533203","23.695545196533203","25532","25532","25532"
"255359","26.833160400390625","26.833160400390625","26.833160400390625","25535","25535","25535"
"255389","19.32927131652832","19.32927131652832","19.32927131652832","25538","25538","25538"
"255399","22.15233039855957","22.15233039855957","22.15233039855957","25539","25539","25539"
"255419","20.248287200927734","20.248287200927734","20.248287200927734","25541","25541","25541"
"255429","22.648744583129883","22.648744583129883","22.648744583129883","25542","25542","25542"
"255459","21.06081771850586","21.06081771850586","21.06081771850586","25545","25545","25545"
"255489","18.854795455932617","18.854795455932617","18.854795455932617","25548","25548","25548"
"255529","22.186914443969727","22.186914443969727","22.186914443969727","25552","25552","25552"
"255559","29.749691009521484","29.749691009521484","29.749691009521484","25555","25555","25555"
"255659","19.319183349609375","19.319183349609375","19.319183349609375","25565","25565","25565"
"255669","19.72146987915039","19.72146987915039","19.72146987915039","25566","25566","25566"
"255679","21.75592803955078","21.75592803955078","21.75592803955078","25567","25567","25567"
"255729","20.994924545288086","20.994924545288086","20.994924545288086","25572","25572","25572"
"255749","28.345335006713867","28.345335006713867","28.345335006713867","25574","25574","25574"
"255769","22.780250549316406","22.780250549316406","22.780250549316406","25576","25576","25576"
"255789","19.87179183959961","19.87179183959961","19.87179183959961","25578","25578","25578"
"255799","20.059280395507812","20.059280395507812","20.059280395507812","25579","25579","25579"
"255809","15.293428421020508","15.293428421020508","15.293428421020508","25580","25580","25580"
"255819","20.655853271484375","20.655853271484375","20.655853271484375","25581","25581","25581"
"255909","19.1554012298584","19.1554012298584","19.1554012298584","25590","25590","25590"
"255919","26.07993507385254","26.07993507385254","26.07993507385254","25591","25591","25591"
"255929","20.495058059692383","20.495058059692383","20.495058059692383","25592","25592","25592"
"255939","22.525665283203125","22.525665283203125","22.525665283203125","25593","25593","25593"
"255959","24.481321334838867","24.481321334838867","24.481321334838867","25595","25595","25595"
"255969","20.410348892211914","20.410348892211914","20.410348892211914","25596","25596","25596"
"256049","21.064247131347656","21.064247131347656","21.064247131347656","25604","25604","25604"
"256069","21.06593132019043","21.06593132019043","21.06593132019043","25606","25606","25606"
"256139","19.27153778076172","19.27153778076172","19.27153778076172","25613","25613","25613"
"256169","24.007551193237305","24.007551193237305","24.007551193237305","25616","25616","25616"
"256209","20.42068099975586","20.42068099975586","20.42068099975586","25620","25620","25620"
"256259","21.03883171081543","21.03883171081543","21.03883171081543","25625","25625","25625"
"256269","18.583332061767578","18.583332061767578","18.583332061767578","25626","25626","25626"
"256279","21.37321662902832","21.37321662902832","21.37321662902832","25627","25627","25627"
"256329","19.778539657592773","19.778539657592773","19.778539657592773","25632","25632","25632"
"256349","19.459463119506836","19.459463119506836","19.459463119506836","25634","25634","25634"
"256399","18.90055274963379","18.90055274963379","18.90055274963379","25639","25639","25639"
"256429","26.191089630126953","26.191089630126953","26.191089630126953","25642","25642","25642"
"256459","20.21108055114746","20.21108055114746","20.21108055114746","25645","25645","25645"
"256479","18.46076202392578","18.46076202392578","18.46076202392578","25647","25647","25647"
"256529","26.901777267456055","26.901777267456055","26.901777267456055","25652","25652","25652"
"256539","18.428720474243164","18.428720474243164","18.428720474243164","25653","25653","25653"
"256589","20.53070831298828","20.53070831298828","20.53070831298828","25658","25658","25658"
"256619","21.988170623779297","21.988170623779297","21.988170623779297","25661","25661","25661"
"256639","22.002456665039062","22.002456665039062","22.002456665039062","25663","25663","25663"
"256649","19.012022018432617","19.012022018432617","19.012022018432617","25664","25664","25664"
"256679","22.04436492919922","22.04436492919922","22.04436492919922","25667","25667","25667"
"256699","20.923492431640625","20.923492431640625","20.923492431640625","25669","25669","25669"
"256749","19.969898223876953","19.969898223876953","19.969898223876953","25674","25674","25674"
"256779","23.213241577148438","23.213241577148438","23.213241577148438","25677","25677","25677"
"256789","18.67989730834961","18.67989730834961","18.67989730834961","25678","25678","25678"
"256799","22.97138023376465","22.97138023376465","22.97138023376465","25679","25679","25679"
"256829","18.612163543701172","18.612163543701172","18.612163543701172","25682","25682","25682"
"256869","20.431602478027344","20.431602478027344","20.431602478027344","25686","25686","25686"
"256889","18.852272033691406","18.852272033691406","18.852272033691406","25688","25688","25688"
"256899","25.21756935119629","25.21756935119629","25.21756935119629","25689","25689","25689"
"256929","20.794086456298828","20.794086456298828","20.794086456298828","25692","25692","25692"
"256949","21.024423599243164","21.024423599243164","21.024423599243164","25694","25694","25694"
"256979","25.899723052978516","25.899723052978516","25.899723052978516","25697","25697","25697"
"256999","18.5196475982666","18.5196475982666","18.5196475982666","25699","25699","25699"
"257019","25.987693786621094","25.987693786621094","25.987693786621094","25701","25701","25701"
"257029","24.582395553588867","24.582395553588867","24.582395553588867","25702","25702","25702"
"257039","17.163114547729492","17.163114547729492","17.163114547729492","25703","25703","25703"
"257049","20.261280059814453","20.261280059814453","20.261280059814453","25704","25704","25704"
"257059","20.1857967376709","20.1857967376709","20.1857967376709","25705","25705","25705"
"257089","25.122743606567383","25.122743606567383","25.122743606567383","25708","25708","25708"
"257099","20.388477325439453","20.388477325439453","20.388477325439453","25709","25709","25709"
"257169","20.565595626831055","20.565595626831055","20.565595626831055","25716","25716","25716"
"257219","18.917203903198242","18.917203903198242","18.917203903198242","25721","25721","25721"
"257249","21.127790451049805","21.127790451049805","21.127790451049805","25724","25724","25724"
"257259","16.961952209472656","16.961952209472656","16.961952209472656","25725","25725","25725"
"257269","19.82657241821289","19.82657241821289","19.82657241821289","25726","25726","25726"
"257279","19.026029586791992","19.026029586791992","19.026029586791992","25727","25727","25727"
"257299","21.100921630859375","21.100921630859375","21.100921630859375","25729","25729","25729"
"257309","25.624357223510742","25.624357223510742","25.624357223510742","25730","25730","25730"
"257329","22.501708984375","22.501708984375","22.501708984375","25732","25732","25732"
"257339","19.259885787963867","19.259885787963867","19.259885787963867","25733","25733","25733"
"257379","20.171483993530273","20.171483993530273","20.171483993530273","25737","25737","25737"
"257399","19.05259895324707","19.05259895324707","19.05259895324707","25739","25739","25739"
"257409","23.86699104309082","23.86699104309082","23.86699104309082","25740","25740","25740"
"257479","24.160152435302734","24.160152435302734","24.160152435302734","25747","25747","25747"
"257489","21.20130729675293","21.20130729675293","21.20130729675293","25748","25748","25748"
"257509","19.27846336364746","19.27846336364746","19.27846336364746","25750","25750","25750"
"257519","21.56596565246582","21.56596565246582","21.56596565246582","25751","25751","25751"
"257569","18.774595260620117","18.774595260620117","18.774595260620117","25756","25756","25756"
"257579","23.071083068847656","23.071083068847656","23.071083068847656","25757","25757","25757"
"257589","18.477752685546875","18.477752685546875","18.477752685546875","25758","25758","25758"
"257639","24.153087615966797","24.153087615966797","24.153087615966797","25763","25763","25763"
"257649","22.059663772583008","22.059663772583008","22.059663772583008","25764","25764","25764"
"257659","18.88517189025879","18.88517189025879","18.88517189025879","25765","25765","25765"
"257669","25.01177978515625","25.01177978515625","25.01177978515625","25766","25766","25766"
"257679","26.844972610473633","26.844972610473633","26.844972610473633","25767","25767","25767"
"257709","21.81147003173828","21.81147003173828","21.81147003173828","25770","25770","25770"
"257729","18.959644317626953","18.959644317626953","18.959644317626953","25772","25772","25772"
"257739","17.376529693603516","17.376529693603516","17.376529693603516","25773","25773","25773"
"257749","23.34954071044922","23.34954071044922","23.34954071044922","25774","25774","25774"
"257769","16.772876739501953","16.772876739501953","16.772876739501953","25776","25776","25776"
"257789","17.9067440032959","17.9067440032959","17.9067440032959","25778","25778","25778"
"257799","24.17451286315918","24.17451286315918","24.17451286315918","25779","25779","25779"
"257809","18.004465103149414","18.004465103149414","18.004465103149414","25780","25780","25780"
"257819","21.85845947265625","21.85845947265625","21.85845947265625","25781","25781","25781"
"257839","23.53978157043457","23.53978157043457","23.53978157043457","25783","25783","25783"
"257849","23.7689208984375","23.7689208984375","23.7689208984375","25784","25784","25784"
"257859","27.790735244750977","27.790735244750977","27.790735244750977","25785","25785","25785"
"257879","22.202470779418945","22.202470779418945","22.202470779418945","25787","25787","25787"
"257909","18.2985897064209","18.2985897064209","18.2985897064209","25790","25790","25790"
"257939","22.388187408447266","22.388187408447266","22.388187408447266","25793","25793","25793"
"257949","19.589773178100586","19.589773178100586","19.589773178100586","25794","25794","25794"
"257969","22.190711975097656","22.190711975097656","22.190711975097656","25796","25796","25796"
"258039","19.543352127075195","19.543352127075195","19.543352127075195","25803","25803","25803"
"258049","24.078060150146484","24.078060150146484","24.078060150146484","25804","25804","25804"
"258059","21.162307739257812","21.162307739257812","21.162307739257812","25805","25805","25805"
"258119","19.009775161743164","19.009775161743164","19.009775161743164","25811","25811","25811"
"258129","22.31612777709961","22.31612777709961","22.31612777709961","25812","25812","25812"
"258149","18.500316619873047","18.500316619873047","18.500316619873047","25814","25814","25814"
"258179","20.022897720336914","20.022897720336914","20.022897720336914","25817","25817","25817"
"258199","29.822813034057617","29.822813034057617","29.822813034057617","25819","25819","25819"
"258219","17.334239959716797","17.334239959716797","17.334239959716797","25821","25821","25821"
"258229","19.95743179321289","19.95743179321289","19.95743179321289","25822","25822","25822"
"258269","22.230064392089844","22.230064392089844","22.230064392089844","25826","25826","25826"